Responsibilities,Role,UNIQUE ID,Avg_SkillScore,Cluster,ROLE,LAMA KERJA BERJALAN,GRADE,Durasi Bulan,Technical Score,Personal Evaluation Score ,Discipline Score ,Development Score,Expert Judgement,Capability Score,scoring_eval,job_count,d,finalscore,finalscore_scaled
Analyze structured and unstructured data,Data Scientist,0000ECE6,2.5,2,DATA ANALYST,4 tahun 10 bulan,JUNIOR,58,,,,,,,,9.0,,,
Analyze structured and unstructured data,Data Scientist,0001741A,4.5,3,DATA SCIENTIST,4 tahun 11 bulan,JUNIOR,59,88.75,89.5,96.4930913886,12.6845989445,1.0,78.1787671463,78.1787671463,3.0,43.549746587539005,43.549746587539005,0.4436734966987382
Analyze structured and unstructured data,Data Scientist,00017D8B,5.0,3,DATA ENGINEER,3 tahun 9 bulan,SENIOR,45,86.02941176,94.0,88.8888888889,14.482615467,1.2,95.2346475844,95.2346475844,0.0,52.824363219732,52.824363219732,0.8925799683548958
Analyze structured and unstructured data,Data Scientist,00049B4B,2.5,0,DATA ANALYST,3 tahun 9 bulan,MIDDLE,45,76.66666667,,99.4152046784,13.616265803,1.0,62.6570672707,62.6570672707,8.0,34.383245653471,34.383245653471,0.0
Analyze structured and unstructured data,Data Scientist,0004E1C5,2.5,1,AI ENGINEER,1 tahun 0 bulan,MIDDLE,12,98.68421053,,85.4256716671,27.4434510067,1.2,94.462392646,94.462392646,3.0,51.24006810238,51.24006810238,0.8158975178130667
Analyze structured and unstructured data,Data Scientist,00050DC9,3.0,2,DATA ANALYST,3 tahun 6 bulan,MIDDLE,42,73.27586207,90.0,93.7469277057,9.2877346217,1.1,80.5550616974,80.5550616974,9.0,44.104182699622,44.104182699622,0.4705091028164096
Analyze structured and unstructured data,Data Scientist,00055602,4.0,0,DATA SCIENTIST,0 tahun 9 bulan,JUNIOR,9,80.27777778,84.0,0.0,0.0,1.2,77.5622022708,77.5622022708,1.0,42.98796720352401,42.98796720352401,0.4164824643220488
Analyze structured and unstructured data,Data Scientist,0006B570,4.5,3,DATA ANALYST,4 tahun 11 bulan,JUNIOR,59,75.86206897,86.0,98.469149928,0.8603355751,1.0,71.0634376852,71.0634376852,4.0,39.77862197315601,39.77862197315601,0.26114495541734234
Analyze structured and unstructured data,Data Scientist,0006F238,3.0,1,DATA SCIENTIST,4 tahun 8 bulan,MIDDLE,56,97.22222222,,98.9522417154,54.9046621779,1.1,95.020460512,95.020460512,7.0,51.770844071359996,51.770844071359996,0.8415879346705826
Analyze structured and unstructured data,Data Scientist,0008CEE3,4.5,3,DATA ENGINEER,8 tahun 3 bulan,SENIOR,99,88.23529412,93.0,81.2753036437,0.0,1.3,99.8654925819,99.8654925819,21.0,55.043711068407006,55.043711068407006,1.0
Analyze structured and unstructured data,Data Scientist,0008DB3D,3.5,3,AI ENGINEER,4 tahun 5 bulan,MIDDLE,53,78.94736842,95.5,97.9135943724,2.0205144715,1.3,99.7997608046,99.7997608046,26.0,54.53887322643801,54.53887322643801,0.9755650305145576
Analyze structured and unstructured data,Data Scientist,0008EF5A,3.0,0,DATA SCIENTIST,3 tahun 9 bulan,JUNIOR,45,87.5,70.0,98.9522417154,0.0,1.0,66.4806914307,66.4806914307,2.0,36.644766458271,36.644766458271,0.10946127104983248
Analyze structured and unstructured data,Data Scientist,00093BBA,2.0,2,MGT,4 tahun 11 bulan,-,59,,,,,,,,1.0,,,
Analyze structured and unstructured data,Data Scientist,000BC56E,4.0,1,DATA ANALYST,3 tahun 2 bulan,JUNIOR,38,77.67241379,89.0,95.0048732943,0.4301677875,1.0,72.7677924824,72.7677924824,2.0,40.446930015672,40.446930015672,0.29349214746234137
Analyze structured and unstructured data,Data Scientist,000BE0C5,5.0,3,DATA ANALYST,3 tahun 0 bulan,MIDDLE,36,79.13793103,90.5,96.8024832613,9.3020121433,1.0,75.3882483655,75.3882483655,0.0,42.305771633715004,42.305771633715004,0.38346309345560997
Analyze structured and unstructured data,Data Scientist,000BF13A,3.0,2,DATA ANALYST,4 tahun 11 bulan,JUNIOR,59,85.34482759,84.0,76.9401195515,0.4301677875,1.0,71.3283335517,71.3283335517,2.0,39.214016782400996,39.214016782400996,0.23381714941608728
Analyze structured and unstructured data,Data Scientist,000C7109,3.0,1,DATA SCIENTIST,6 tahun 6 bulan,MIDDLE,78,,,,,,,,9.0,,,
Analyze structured and unstructured data,Data Scientist,000C72E4,4.5,1,DATA ENGINEER,5 tahun 0 bulan,MIDDLE,60,76.47058824,91.5,89.9596364099,0.0,1.2,87.8939523114,87.8939523114,3.0,48.698794725042006,48.698794725042006,0.6928957689995653
Analyze structured and unstructured data,Data Scientist,000CEE2B,3.0,0,DATA ANALYST,3 tahun 11 bulan,MIDDLE,47,74.48275862,90.0,98.9522417154,10.5359979556,1.0,74.1194724896,74.1194724896,4.0,40.693320419487996,40.693320419487996,0.30541784220675267
Analyze structured and unstructured data,Data Scientist,000FCFC2,4.5,3,AI ENGINEER,1 tahun 10 bulan,JUNIOR,22,80.52631579,95.0,98.9522417154,34.6152175938,1.0,81.9618884287,81.9618884287,16.0,45.554800867211,45.554800867211,0.5407213724074087
Analyze structured and unstructured data,Data Scientist,00101A0D,3.5,0,DATA SCIENTIST,4 tahun 0 bulan,JUNIOR,48,82.5,94.0,39.414983165,7.0665492569,1.0,73.9040356956,73.9040356956,2.0,40.81413891866801,40.81413891866801,0.3112656533162095
Analyze structured and unstructured data,Data Scientist,00103C57,3.5,1,DATA ANALYST,4 tahun 11 bulan,JUNIOR,59,80.60344828,81.5,80.2615189223,5.8627640301,1.0,69.7620596418,69.7620596418,15.0,38.618891610154,38.618891610154,0.20501212686239578
Analyze structured and unstructured data,Data Scientist,00104933,1.5,2,MGT,3 tahun 11 bulan,-,47,89.65517241,,98.469149928,8.7007929068,1.0,69.5023814571,69.5023814571,1.0,37.541262172263,37.541262172263,0.15285311610206942
Analyze structured and unstructured data,Data Scientist,001356B3,2.5,1,DATA SCIENTIST,1 tahun 10 bulan,JUNIOR,22,98.61111111,,98.9522417154,37.4823489904,1.0,82.7234066868,82.7234066868,7.0,45.018405544004004,45.018405544004004,0.5147589697008742
Analyze structured and unstructured data,Data Scientist,0013A32D,1.0,2,MGT,5 tahun 9 bulan,-,69,79.13793103,99.0,88.8109161793,8.7722486646,1.0,78.9526210358,78.9526210358,1.0,42.314889148974,42.314889148974,0.3839043959662689
Analyze structured and unstructured data,Data Scientist,0013D24E,3.5,1,DATA SCIENTIST,4 tahun 9 bulan,JUNIOR,57,66.25,92.0,97.9135943724,0.0,1.1,78.1589269578,78.1589269578,0.0,43.06923128763401,43.06923128763401,0.4204157776563774
Analyze structured and unstructured data,Data Scientist,0014B046,3.0,1,DATA SCIENTIST,7 tahun 8 bulan,SENIOR,92,84.72222222,87.0,0.0,0.0,1.0,67.4019777006,67.4019777006,6.0,37.133048181317996,37.133048181317996,0.1330948975553614
Analyze structured and unstructured data,Data Scientist,0014CA34,3.0,0,DATA SCIENTIST,4 tahun 1 bulan,JUNIOR,49,82.5,95.0,99.537037037,30.4375931247,1.0,81.9453180716,81.9453180716,1.0,44.841018577948,44.841018577948,0.5061731531428519
Analyze structured and unstructured data,Data Scientist,0014EEF4,4.5,1,DATA ENGINEER,2 tahun 11 bulan,MIDDLE,35,85.0,93.5,80.9809654856,9.0371304039,1.2,92.960313373,92.960313373,8.0,51.383966087690006,51.383966087690006,0.82286241344441
Analyze structured and unstructured data,Data Scientist,0014F3E9,4.5,3,DATA ANALYST,3 tahun 1 bulan,JUNIOR,37,75.86206897,,98.257797271,12.7921561676,1.0,61.80993377,61.80993377,2.0,34.8742648981,34.8742648981,0.02376612698540809
Analyze structured and unstructured data,Data Scientist,001ABDF5,3.5,1,DATA ANALYST,3 tahun 4 bulan,MIDDLE,40,82.24137931,98.5,98.9522417154,50.3029972195,1.0,86.5446547165,86.5446547165,8.0,47.513666999745006,47.513666999745006,0.6355336669609423
Analyze structured and unstructured data,Data Scientist,001AE6FC,3.5,0,DATA ANALYST,3 tahun 4 bulan,JUNIOR,40,82.24137931,84.5,98.469149928,0.4301677875,,72.1149630886,72.1149630886,2.0,39.86593043695801,39.86593043695801,0.2653708265218183
Analyze structured and unstructured data,Data Scientist,001F9B47,4.5,1,DATA ENGINEER,3 tahun 1 bulan,JUNIOR,37,58.75,87.0,96.1884481736,8.6577453183,1.2,81.1247503422,81.1247503422,1.0,45.111117681366004,45.111117681366004,0.5192463873606418
Analyze structured and unstructured data,Data Scientist,002018BB,4.0,0,DATA SCIENTIST,10 tahun 10 bulan,SENIOR,130,97.22222222,98.0,50.5555555556,43.7450704533,1.0,86.4214334385,86.4214334385,18.0,47.68335972240501,47.68335972240501,0.6437470696724478
Analyze structured and unstructured data,Data Scientist,0020C6B5,4.0,3,DATA ANALYST,2 tahun 10 bulan,MIDDLE,34,75.86206897,88.5,98.3674463938,3.3392709766,1.0,72.659385698,72.659385698,3.0,40.38947441994,40.38947441994,0.29071120353982616
Analyze structured and unstructured data,Data Scientist,002201AD,3.0,0,DATA ANALYST,4 tahun 10 bulan,MIDDLE,58,91.37931034,95.0,99.537037037,0.4301677875,1.0,80.0052980974,80.0052980974,2.0,43.812807991622,43.812807991622,0.45640609486629075
Analyze structured and unstructured data,Data Scientist,00270615,4.0,0,DATA ANALYST,3 tahun 9 bulan,JUNIOR,45,93.10344828,75.0,98.9814814815,29.9520058526,1.0,75.0818725109,75.0818725109,1.0,41.67339243077701,41.67339243077701,0.3528549154577981
Analyze structured and unstructured data,Data Scientist,00277DF9,3.5,0,AI ENGINEER,0 tahun 5 bulan,MIDDLE,5,,,,,,,,4.0,,,
Analyze structured and unstructured data,Data Scientist,002D5AC9,4.0,3,DATA SCIENTIST,3 tahun 8 bulan,MIDDLE,44,78.88888889,92.0,97.4707602339,57.4757263933,1.0,83.3553945397,83.3553945397,3.0,46.058359106041,46.058359106041,0.5650944070277211
Analyze structured and unstructured data,Data Scientist,002DF96D,4.0,3,DATA SCIENTIST,5 tahun 0 bulan,MIDDLE,60,78.88888889,91.0,46.8542261807,5.4541409456,1.1,78.7985129608,78.7985129608,15.0,43.643211869224004,43.643211869224004,0.4481973677639771
Analyze structured and unstructured data,Data Scientist,002E9001,4.5,1,DATA ENGINEER,7 tahun 8 bulan,SENIOR,92,,,,,,,,10.0,,,
Analyze structured and unstructured data,Data Scientist,002EC9F6,2.0,2,DATA SCIENTIST,4 tahun 7 bulan,MIDDLE,55,97.22222222,96.5,83.7230473171,43.7450704533,1.1,96.6970538768,96.6970538768,0.0,52.189438554704,52.189438554704,0.8618485858677908
Analyze structured and unstructured data,Data Scientist,00302AE1,4.0,1,DATA ENGINEER,2 tahun 5 bulan,MIDDLE,29,84.70588235,89.0,97.8411306043,0.4301677875,1.2,90.0022582512,90.0022582512,2.0,49.58119687313601,49.58119687313601,0.7356054626280587
Analyze structured and unstructured data,Data Scientist,00306ABB,4.0,1,DATA ENGINEER,3 tahun 3 bulan,JUNIOR,39,94.11764706,90.0,96.5971692516,0.0,1.2,93.696777586,93.696777586,3.0,51.53929212058,51.53929212058,0.8303804450942539
Analyze structured and unstructured data,Data Scientist,0031857D,4.0,3,DATA SCIENTIST,2 tahun 11 bulan,MIDDLE,35,90.0,,97.6042024997,10.2336902669,1.0,70.0282735258,70.0282735258,5.0,38.994984968674004,38.994984968674004,0.22321565475814756
Analyze structured and unstructured data,Data Scientist,0037569D,3.0,1,AI ENGINEER,2 tahun 8 bulan,MIDDLE,32,82.89473684,90.0,98.498389694,6.7355847106,1.3,98.749547614,98.749547614,21.0,53.74726023541999,53.74726023541999,0.9372496791843917
Analyze structured and unstructured data,Data Scientist,00392144,3.0,0,DATA SCIENTIST,4 tahun 10 bulan,MIDDLE,58,85.0,90.5,98.9522417154,10.5154493741,1.0,77.4187076743,77.4187076743,15.0,42.44191506737899,42.44191506737899,0.39005265622342483
Analyze structured and unstructured data,Data Scientist,003A7A13,2.5,0,DATA SCIENTIST,2 tahun 10 bulan,JUNIOR,34,82.5,89.5,96.6027405114,1.0754194688,1.0,74.6209033424,74.6209033424,5.0,40.724078771472,40.724078771472,0.30690659627720884
Analyze structured and unstructured data,Data Scientist,003B384C,4.5,3,DATA SCIENTIST,2 tahun 10 bulan,SENIOR,34,80.0,92.0,96.3395202983,44.3903221346,1.1,89.794363496,89.794363496,3.0,49.706012652880005,49.706012652880005,0.7416467485931737
Analyze structured and unstructured data,Data Scientist,003C6A0D,3.0,0,DATA ANALYST,1 tahun 9 bulan,JUNIOR,21,76.20689655,98.0,45.3968253968,2.3230903964,1.0,73.7283503902,73.7283503902,7.0,40.486025706806004,40.486025706806004,0.29538444225574606
Analyze structured and unstructured data,Data Scientist,003CFD5B,3.5,1,DATA ENGINEER,3 tahun 8 bulan,MIDDLE,44,77.5,80.0,98.9522417154,3.0893274449,1.3,89.6443972996,89.6443972996,0.0,49.15653056878801,49.15653056878801,0.7150509254567422
Analyze structured and unstructured data,Data Scientist,003D5583,3.5,0,DATA SCIENTIST,3 tahun 9 bulan,JUNIOR,45,98.61111111,90.0,98.9522417154,31.463471719,1.0,84.2841556523,84.2841556523,1.0,46.315602495719006,46.315602495719006,0.5775454038717726
Analyze structured and unstructured data,Data Scientist,0042FA00,2.5,0,DATA ANALYST,3 tahun 1 bulan,JUNIOR,37,80.68965517,90.0,98.9522417154,38.3427977748,1.0,80.1122536136,80.1122536136,2.0,43.634494415208,43.634494415208,0.447775428865655
Analyze structured and unstructured data,Data Scientist,00430780,2.5,2,DATA ANALYST,2 tahun 10 bulan,MIDDLE,34,87.93103448,86.0,92.1643347143,0.4301677875,1.0,74.0835656652,74.0835656652,2.0,40.439289802556,40.439289802556,0.2931223487689159
Analyze structured and unstructured data,Data Scientist,00434E84,4.0,1,DATA SCIENTIST,3 tahun 9 bulan,JUNIOR,45,80.27777778,95.0,96.1220230528,0.0,1.0,76.485383457,76.485383457,4.0,42.41725323221,42.41725323221,0.388858983444342
Analyze structured and unstructured data,Data Scientist,00456E77,3.5,1,DATA SCIENTIST,1 tahun 8 bulan,BASIC,20,75.55555556,90.0,17.7777777778,0.0,,67.4044956827,67.4044956827,8.0,37.36938271183101,37.36938271183101,0.14453387173946475
Analyze structured and unstructured data,Data Scientist,0045D05E,2.5,1,DATA SCIENTIST,4 tahun 1 bulan,JUNIOR,49,73.75,85.0,96.7440037291,55.491056416,1.0,78.0721708555,78.0721708555,7.0,42.553250553415005,42.553250553415005,0.39544147413241176
Analyze structured and unstructured data,Data Scientist,00464297,1.5,2,MGT,4 tahun 11 bulan,-,59,,,,,,,,1.0,,,
Analyze structured and unstructured data,Data Scientist,005139FE,3.0,0,DATA ANALYST,4 tahun 1 bulan,MIDDLE,49,79.13793103,85.0,98.9522417154,0.4301677875,1.0,71.4912919476,71.4912919476,2.0,39.300384732228004,39.300384732228004,0.23799749812036042
Analyze structured and unstructured data,Data Scientist,0052D29A,3.5,1,DATA ANALYST,5 tahun 1 bulan,SENIOR,61,73.10344828,86.0,97.7192982456,51.2417874977,1.0,77.8012250633,77.8012250633,4.0,42.879649283549,42.879649283549,0.41123970149945027
Analyze structured and unstructured data,Data Scientist,00563DC3,4.0,0,DATA ANALYST,3 tahun 6 bulan,MIDDLE,42,76.20689655,96.0,3.7037037037,53.3266455725,1.0,77.6344597313,77.6344597313,4.0,43.026263657589006,43.026263657589006,0.41833607474639634
Analyze structured and unstructured data,Data Scientist,00630639,3.5,1,DATA SCIENTIST,9 tahun 2 bulan,MIDDLE,110,80.0,75.0,98.9522417154,54.8821326185,1.0,75.0274646513,75.0274646513,0.0,41.409556265189,41.409556265189,0.340084817578141
Analyze structured and unstructured data,Data Scientist,0073D075,4.0,3,DATA SCIENTIST,4 tahun 0 bulan,JUNIOR,48,91.66666667,93.0,58.0116959064,8.2492354431,1.0,77.500618325,77.500618325,4.0,42.95532771225001,42.95532771225001,0.4149026600621505
Analyze structured and unstructured data,Data Scientist,0084C542,3.0,0,DATA ANALYST,4 tahun 0 bulan,MIDDLE,48,74.48275862,80.0,98.9522417154,0.0,1.0,67.6149808506,67.6149808506,2.0,37.245939850818004,37.245939850818004,0.13855903726532148
Analyze structured and unstructured data,Data Scientist,00897237,3.0,0,DATA ANALYST,3 tahun 9 bulan,MIDDLE,45,93.10344828,92.5,94.1423001949,2.5085548458,1.2,95.0743558155,95.0743558155,8.0,51.799408582215,51.799408582215,0.8429705032759518
Analyze structured and unstructured data,Data Scientist,0097B743,2.5,0,MGT,3 tahun 1 bulan,-,37,90.27777778,,98.9522417154,37.0103448893,1.0,77.3225695827,77.3225695827,5.0,42.155961878831,42.155961878831,0.37621205859868456
Analyze structured and unstructured data,Data Scientist,009C501C,3.5,0,DATA ANALYST,2 tahun 9 bulan,MIDDLE,33,71.72413793,91.5,99.537037037,45.8959093909,1.1,87.3635004212,87.3635004212,9.0,47.947655223236005,47.947655223236005,0.656539400122077
Analyze structured and unstructured data,Data Scientist,017F0DF6,3.5,3,AI ENGINEER,3 tahun 8 bulan,JUNIOR,44,84.07894737,90.0,75.790084404,1.3470096476,1.3,96.1634426675,96.1634426675,9.0,52.611624613775,52.611624613775,0.8822830751492274
Automate data analysis workflows,Data Scientist,0000ECE6,2.0,2,DATA ANALYST,4 tahun 10 bulan,JUNIOR,58,,,,,,,,9.0,,,
Automate data analysis workflows,Data Scientist,0001741A,4.666666666666667,3,DATA SCIENTIST,4 tahun 11 bulan,JUNIOR,59,88.75,89.5,96.4930913886,12.6845989445,1.0,78.1787671463,78.1787671463,3.0,43.62807992087234,43.62807992087234,0.4553861804902139
Automate data analysis workflows,Data Scientist,00017D8B,4.5,3,DATA ENGINEER,3 tahun 9 bulan,SENIOR,45,86.02941176,94.0,88.8888888889,14.482615467,1.2,95.2346475844,95.2346475844,0.0,52.589363219732,52.589363219732,0.8858625431194004
Automate data analysis workflows,Data Scientist,00049B4B,2.0,0,DATA ANALYST,3 tahun 9 bulan,MIDDLE,45,76.66666667,,99.4152046784,13.616265803,1.0,62.6570672707,62.6570672707,8.0,34.148245653471,34.148245653471,0.0
Automate data analysis workflows,Data Scientist,0004E1C5,2.5,1,AI ENGINEER,1 tahun 0 bulan,MIDDLE,12,98.68421053,,85.4256716671,27.4434510067,1.2,94.462392646,94.462392646,3.0,51.24006810238,51.24006810238,0.8210459722265995
Automate data analysis workflows,Data Scientist,00050DC9,2.1666666666666665,2,DATA ANALYST,3 tahun 6 bulan,MIDDLE,42,73.27586207,90.0,93.7469277057,9.2877346217,1.1,80.5550616974,80.5550616974,9.0,43.712516032955335,43.712516032955335,0.4594422681276469
Automate data analysis workflows,Data Scientist,00055602,2.6666666666666665,0,DATA SCIENTIST,0 tahun 9 bulan,JUNIOR,9,80.27777778,84.0,0.0,0.0,1.2,77.5622022708,77.5622022708,1.0,42.361300536857335,42.361300536857335,0.39453344731595835
Automate data analysis workflows,Data Scientist,0006B570,3.8333333333333335,3,DATA ANALYST,4 tahun 11 bulan,JUNIOR,59,75.86206897,86.0,98.469149928,0.8603355751,1.0,71.0634376852,71.0634376852,4.0,39.465288639822674,39.465288639822674,0.2554166907097956
Automate data analysis workflows,Data Scientist,0006F238,3.3333333333333335,1,DATA SCIENTIST,4 tahun 8 bulan,MIDDLE,56,97.22222222,,98.9522417154,54.9046621779,1.1,95.020460512,95.020460512,7.0,51.92751073802667,51.92751073802667,0.8540688993498895
Automate data analysis workflows,Data Scientist,0008CEE3,4.333333333333333,3,DATA ENGINEER,8 tahun 3 bulan,SENIOR,99,88.23529412,93.0,81.2753036437,0.0,1.3,99.8654925819,99.8654925819,21.0,54.96537773507367,54.96537773507367,1.0
Automate data analysis workflows,Data Scientist,0008DB3D,3.6666666666666665,3,AI ENGINEER,4 tahun 5 bulan,MIDDLE,53,78.94736842,95.5,97.9135943724,2.0205144715,1.3,99.7997608046,99.7997608046,26.0,54.61720655977134,54.61720655977134,0.9832747770472171
Automate data analysis workflows,Data Scientist,0008EF5A,2.6666666666666665,0,DATA SCIENTIST,3 tahun 9 bulan,JUNIOR,45,87.5,70.0,98.9522417154,0.0,1.0,66.4806914307,66.4806914307,2.0,36.488099791604334,36.488099791604334,0.11240040794097667
Automate data analysis workflows,Data Scientist,00093BBA,1.3333333333333333,2,MGT,4 tahun 11 bulan,-,59,,,,,,,,1.0,,,
Automate data analysis workflows,Data Scientist,000BC56E,2.8333333333333335,1,DATA ANALYST,3 tahun 2 bulan,JUNIOR,38,77.67241379,89.0,95.0048732943,0.4301677875,1.0,72.7677924824,72.7677924824,2.0,39.89859668233866,39.89859668233866,0.2762316637242066
Automate data analysis workflows,Data Scientist,000BE0C5,3.8333333333333335,3,DATA ANALYST,3 tahun 0 bulan,MIDDLE,36,79.13793103,90.5,96.8024832613,9.3020121433,1.0,75.3882483655,75.3882483655,0.0,41.75743830038167,41.75743830038167,0.36552550164368525
Automate data analysis workflows,Data Scientist,000BF13A,1.8333333333333333,2,DATA ANALYST,4 tahun 11 bulan,JUNIOR,59,85.34482759,84.0,76.9401195515,0.4301677875,1.0,71.3283335517,71.3283335517,2.0,38.665683449067664,38.665683449067664,0.21700577091447623
Automate data analysis workflows,Data Scientist,000C7109,3.0,1,DATA SCIENTIST,6 tahun 6 bulan,MIDDLE,78,,,,,,,,9.0,,,
Automate data analysis workflows,Data Scientist,000C72E4,3.8333333333333335,1,DATA ENGINEER,5 tahun 0 bulan,MIDDLE,60,76.47058824,91.5,89.9596364099,0.0,1.2,87.8939523114,87.8939523114,3.0,48.385461391708674,48.385461391708674,0.6839182113284442
Automate data analysis workflows,Data Scientist,000CEE2B,2.3333333333333335,0,DATA ANALYST,3 tahun 11 bulan,MIDDLE,47,74.48275862,90.0,98.9522417154,10.5359979556,1.0,74.1194724896,74.1194724896,4.0,40.379987086154664,40.379987086154664,0.29935638628103917
Automate data analysis workflows,Data Scientist,000FCFC2,4.666666666666667,3,AI ENGINEER,1 tahun 10 bulan,JUNIOR,22,80.52631579,95.0,98.9522417154,34.6152175938,1.0,81.9618884287,81.9618884287,16.0,45.63313420054433,45.63313420054433,0.5517036881955131
Automate data analysis workflows,Data Scientist,00101A0D,2.5,0,DATA SCIENTIST,4 tahun 0 bulan,JUNIOR,48,82.5,94.0,39.414983165,7.0665492569,1.0,73.9040356956,73.9040356956,2.0,40.344138918668,40.344138918668,0.29763433507119247
Automate data analysis workflows,Data Scientist,00103C57,3.3333333333333335,1,DATA ANALYST,4 tahun 11 bulan,JUNIOR,59,80.60344828,81.5,80.2615189223,5.8627640301,1.0,69.7620596418,69.7620596418,15.0,38.54055827682067,38.54055827682067,0.21099508837874037
Automate data analysis workflows,Data Scientist,00104933,1.1666666666666667,2,MGT,3 tahun 11 bulan,-,47,89.65517241,,98.469149928,8.7007929068,1.0,69.5023814571,69.5023814571,1.0,37.38459550559634,37.38459550559634,0.1554656923652557
Automate data analysis workflows,Data Scientist,001356B3,2.3333333333333335,1,DATA SCIENTIST,1 tahun 10 bulan,JUNIOR,22,98.61111111,,98.9522417154,37.4823489904,1.0,82.7234066868,82.7234066868,7.0,44.94007221067067,44.94007221067067,0.5184108221486016
Automate data analysis workflows,Data Scientist,0013A32D,1.0,2,MGT,5 tahun 9 bulan,-,69,79.13793103,99.0,88.8109161793,8.7722486646,1.0,78.9526210358,78.9526210358,1.0,42.314889148974,42.314889148974,0.3923039669196479
Automate data analysis workflows,Data Scientist,0013D24E,3.0,1,DATA SCIENTIST,4 tahun 9 bulan,JUNIOR,57,66.25,92.0,97.9135943724,0.0,1.1,78.1589269578,78.1589269578,0.0,42.834231287634005,42.834231287634005,0.4172517905018877
Automate data analysis workflows,Data Scientist,0014B046,2.6666666666666665,1,DATA SCIENTIST,7 tahun 8 bulan,SENIOR,92,84.72222222,87.0,0.0,0.0,1.0,67.4019777006,67.4019777006,6.0,36.97638151465133,36.97638151465133,0.13585617125808214
Automate data analysis workflows,Data Scientist,0014CA34,2.5,0,DATA SCIENTIST,4 tahun 1 bulan,JUNIOR,49,82.5,95.0,99.537037037,30.4375931247,1.0,81.9453180716,81.9453180716,1.0,44.606018577948,44.606018577948,0.502363768624937
Automate data analysis workflows,Data Scientist,0014EEF4,3.8333333333333335,1,DATA ENGINEER,2 tahun 11 bulan,MIDDLE,35,85.0,93.5,80.9809654856,9.0371304039,1.2,92.960313373,92.960313373,8.0,51.07063275435667,51.07063275435667,0.8129067459701129
Automate data analysis workflows,Data Scientist,0014F3E9,3.5,3,DATA ANALYST,3 tahun 1 bulan,JUNIOR,37,75.86206897,,98.257797271,12.7921561676,1.0,61.80993377,61.80993377,2.0,34.4042648981,34.4042648981,0.012298487785224797
Automate data analysis workflows,Data Scientist,001ABDF5,3.0,1,DATA ANALYST,3 tahun 4 bulan,MIDDLE,40,82.24137931,98.5,98.9522417154,50.3029972195,1.0,86.5446547165,86.5446547165,8.0,47.278666999745,47.278666999745,0.6307507342895771
Automate data analysis workflows,Data Scientist,001AE6FC,2.6666666666666665,0,DATA ANALYST,3 tahun 4 bulan,JUNIOR,40,82.24137931,84.5,98.469149928,0.4301677875,,72.1149630886,72.1149630886,2.0,39.47426377029134,39.47426377029134,0.2558478322538604
Automate data analysis workflows,Data Scientist,001F9B47,3.5,1,DATA ENGINEER,3 tahun 1 bulan,JUNIOR,37,58.75,87.0,96.1884481736,8.6577453183,1.2,81.1247503422,81.1247503422,1.0,44.641117681366005,44.641117681366005,0.5040498367769004
Automate data analysis workflows,Data Scientist,002018BB,2.5,0,DATA SCIENTIST,10 tahun 10 bulan,SENIOR,130,97.22222222,98.0,50.5555555556,43.7450704533,1.0,86.4214334385,86.4214334385,18.0,46.978359722405,46.978359722405,0.6163247664779304
Automate data analysis workflows,Data Scientist,0020C6B5,3.0,3,DATA ANALYST,2 tahun 10 bulan,MIDDLE,34,75.86206897,88.5,98.3674463938,3.3392709766,1.0,72.659385698,72.659385698,3.0,39.919474419939995,39.919474419939995,0.2772345750531779
Automate data analysis workflows,Data Scientist,002201AD,1.8333333333333333,0,DATA ANALYST,4 tahun 10 bulan,MIDDLE,58,91.37931034,95.0,99.537037037,0.4301677875,1.0,80.0052980974,80.0052980974,2.0,43.26447465828867,43.26447465828867,0.43791954478082107
Automate data analysis workflows,Data Scientist,00270615,2.6666666666666665,0,DATA ANALYST,3 tahun 9 bulan,JUNIOR,45,93.10344828,75.0,98.9814814815,29.9520058526,1.0,75.0818725109,75.0818725109,1.0,41.046725764110334,41.046725764110334,0.33138475000290396
Automate data analysis workflows,Data Scientist,00277DF9,2.8333333333333335,0,AI ENGINEER,0 tahun 5 bulan,MIDDLE,5,,,,,,,,4.0,,,
Automate data analysis workflows,Data Scientist,002D5AC9,4.166666666666667,3,DATA SCIENTIST,3 tahun 8 bulan,MIDDLE,44,78.88888889,92.0,97.4707602339,57.4757263933,1.0,83.3553945397,83.3553945397,3.0,46.136692439374336,46.136692439374336,0.5758932949509521
Automate data analysis workflows,Data Scientist,002DF96D,3.5,3,DATA SCIENTIST,5 tahun 0 bulan,MIDDLE,60,78.88888889,91.0,46.8542261807,5.4541409456,1.1,78.7985129608,78.7985129608,15.0,43.408211869224004,43.408211869224004,0.4448243004585911
Automate data analysis workflows,Data Scientist,002E9001,3.5,1,DATA ENGINEER,7 tahun 8 bulan,SENIOR,92,,,,,,,,10.0,,,
Automate data analysis workflows,Data Scientist,002EC9F6,1.6666666666666667,2,DATA SCIENTIST,4 tahun 7 bulan,MIDDLE,55,97.22222222,96.5,83.7230473171,43.7450704533,1.1,96.6970538768,96.6970538768,0.0,52.03277188803733,52.03277188803733,0.85912536676327
Automate data analysis workflows,Data Scientist,00302AE1,3.0,1,DATA ENGINEER,2 tahun 5 bulan,MIDDLE,29,84.70588235,89.0,97.8411306043,0.4301677875,1.2,90.0022582512,90.0022582512,2.0,49.111196873136,49.111196873136,0.7187806255448916
Automate data analysis workflows,Data Scientist,00306ABB,3.0,1,DATA ENGINEER,3 tahun 3 bulan,JUNIOR,39,94.11764706,90.0,96.5971692516,0.0,1.2,93.696777586,93.696777586,3.0,51.069292120579995,51.069292120579995,0.8128423454671319
Automate data analysis workflows,Data Scientist,0031857D,3.3333333333333335,3,DATA SCIENTIST,2 tahun 11 bulan,MIDDLE,35,90.0,,97.6042024997,10.2336902669,1.0,70.0282735258,70.0282735258,5.0,38.68165163534067,38.68165163534067,0.21777284037488087
Automate data analysis workflows,Data Scientist,0037569D,3.3333333333333335,1,AI ENGINEER,2 tahun 8 bulan,MIDDLE,32,82.89473684,90.0,98.498389694,6.7355847106,1.3,98.749547614,98.749547614,21.0,53.90392690208667,53.90392690208667,0.9490107076793218
Automate data analysis workflows,Data Scientist,00392144,2.6666666666666665,0,DATA SCIENTIST,4 tahun 10 bulan,MIDDLE,58,85.0,90.5,98.9522417154,10.5154493741,1.0,77.4187076743,77.4187076743,15.0,42.28524840071233,42.28524840071233,0.39088010372151477
Automate data analysis workflows,Data Scientist,003A7A13,2.3333333333333335,0,DATA SCIENTIST,2 tahun 10 bulan,JUNIOR,34,82.5,89.5,96.6027405114,1.0754194688,1.0,74.6209033424,74.6209033424,5.0,40.64574543813867,40.64574543813867,0.31212271504055505
Automate data analysis workflows,Data Scientist,003B384C,3.8333333333333335,3,DATA SCIENTIST,2 tahun 10 bulan,SENIOR,34,80.0,92.0,96.3395202983,44.3903221346,1.1,89.794363496,89.794363496,3.0,49.39267931954667,49.39267931954667,0.7323022982377134
Automate data analysis workflows,Data Scientist,003C6A0D,1.8333333333333333,0,DATA ANALYST,1 tahun 9 bulan,JUNIOR,21,76.20689655,98.0,45.3968253968,2.3230903964,1.0,73.7283503902,73.7283503902,7.0,39.93769237347267,39.93769237347267,0.27810971738600565
Automate data analysis workflows,Data Scientist,003CFD5B,3.0,1,DATA ENGINEER,3 tahun 8 bulan,MIDDLE,44,77.5,80.0,98.9522417154,3.0893274449,1.3,89.6443972996,89.6443972996,0.0,48.921530568788,48.921530568788,0.7096695576223501
Automate data analysis workflows,Data Scientist,003D5583,3.0,0,DATA SCIENTIST,3 tahun 9 bulan,JUNIOR,45,98.61111111,90.0,98.9522417154,31.463471719,1.0,84.2841556523,84.2841556523,1.0,46.080602495719,46.080602495719,0.5731988823183443
Automate data analysis workflows,Data Scientist,0042FA00,2.1666666666666665,0,DATA ANALYST,3 tahun 1 bulan,JUNIOR,37,80.68965517,90.0,98.9522417154,38.3427977748,1.0,80.1122536136,80.1122536136,2.0,43.47782774854134,43.47782774854134,0.4481684632877666
Automate data analysis workflows,Data Scientist,00430780,2.1666666666666665,2,DATA ANALYST,2 tahun 10 bulan,MIDDLE,34,87.93103448,86.0,92.1643347143,0.4301677875,1.0,74.0835656652,74.0835656652,2.0,40.28262313588933,40.28262313588933,0.2946792794690312
Automate data analysis workflows,Data Scientist,00434E84,3.5,1,DATA SCIENTIST,3 tahun 9 bulan,JUNIOR,45,80.27777778,95.0,96.1220230528,0.0,1.0,76.485383457,76.485383457,4.0,42.18225323221,42.18225323221,0.3859324880702048
Automate data analysis workflows,Data Scientist,00456E77,3.0,1,DATA SCIENTIST,1 tahun 8 bulan,BASIC,20,75.55555556,90.0,17.7777777778,0.0,,67.4044956827,67.4044956827,8.0,37.134382711831,37.134382711831,0.1434461311315321
Automate data analysis workflows,Data Scientist,0045D05E,2.3333333333333335,1,DATA SCIENTIST,4 tahun 1 bulan,JUNIOR,49,73.75,85.0,96.7440037291,55.491056416,1.0,78.0721708555,78.0721708555,7.0,42.47491722008167,42.47491722008167,0.39999129245903386
Automate data analysis workflows,Data Scientist,00464297,1.1666666666666667,2,MGT,4 tahun 11 bulan,-,59,,,,,,,,1.0,,,
Automate data analysis workflows,Data Scientist,005139FE,2.5,0,DATA ANALYST,4 tahun 1 bulan,MIDDLE,49,79.13793103,85.0,98.9522417154,0.4301677875,1.0,71.4912919476,71.4912919476,2.0,39.065384732228004,39.065384732228004,0.23620636404101836
Automate data analysis workflows,Data Scientist,0052D29A,3.3333333333333335,1,DATA ANALYST,5 tahun 1 bulan,SENIOR,61,73.10344828,86.0,97.7192982456,51.2417874977,1.0,77.8012250633,77.8012250633,4.0,42.80131595021567,42.80131595021567,0.41567062469627575
Automate data analysis workflows,Data Scientist,00563DC3,2.8333333333333335,0,DATA ANALYST,3 tahun 6 bulan,MIDDLE,42,76.20689655,96.0,3.7037037037,53.3266455725,1.0,77.6344597313,77.6344597313,4.0,42.47793032425567,42.47793032425567,0.40013603401911924
Automate data analysis workflows,Data Scientist,00630639,3.3333333333333335,1,DATA SCIENTIST,9 tahun 2 bulan,MIDDLE,110,80.0,75.0,98.9522417154,54.8821326185,1.0,75.0274646513,75.0274646513,0.0,41.33122293185567,41.33122293185567,0.34505124193993514
Automate data analysis workflows,Data Scientist,0073D075,3.5,3,DATA SCIENTIST,4 tahun 0 bulan,JUNIOR,48,91.66666667,93.0,58.0116959064,8.2492354431,1.0,77.500618325,77.500618325,4.0,42.72032771225001,42.72032771225001,0.4117801638177943
Automate data analysis workflows,Data Scientist,0084C542,2.1666666666666665,0,DATA ANALYST,4 tahun 0 bulan,MIDDLE,48,74.48275862,80.0,98.9522417154,0.0,1.0,67.6149808506,67.6149808506,2.0,36.85427318415134,36.85427318415134,0.12999040982555968
Automate data analysis workflows,Data Scientist,00897237,2.1666666666666665,0,DATA ANALYST,3 tahun 9 bulan,MIDDLE,45,93.10344828,92.5,94.1423001949,2.5085548458,1.2,95.0743558155,95.0743558155,8.0,51.407741915548335,51.407741915548335,0.8291005790048558
Automate data analysis workflows,Data Scientist,0097B743,1.8333333333333333,0,MGT,3 tahun 1 bulan,-,37,90.27777778,,98.9522417154,37.0103448893,1.0,77.3225695827,77.3225695827,5.0,41.84262854549767,41.84262854549767,0.3696178158386499
Automate data analysis workflows,Data Scientist,009C501C,2.5,0,DATA ANALYST,2 tahun 9 bulan,MIDDLE,33,71.72413793,91.5,99.537037037,45.8959093909,1.1,87.3635004212,87.3635004212,9.0,47.477655223236,47.477655223236,0.6403096025674442
Automate data analysis workflows,Data Scientist,017F0DF6,3.3333333333333335,3,AI ENGINEER,3 tahun 8 bulan,JUNIOR,44,84.07894737,90.0,75.790084404,1.3470096476,1.3,96.1634426675,96.1634426675,9.0,52.53329128044167,52.53329128044167,0.8831689953688969
Build and deploy AI models,AI Engineer,0000ECE6,1.0,2,DATA ANALYST,4 tahun 10 bulan,JUNIOR,58,,,,,,,,9.0,,,
Build and deploy AI models,AI Engineer,0001741A,5.0,3,DATA SCIENTIST,4 tahun 11 bulan,JUNIOR,59,88.75,89.5,96.4930913886,12.6845989445,1.0,78.1787671463,78.1787671463,3.0,43.784746587539004,43.784746587539004,0.473212078569503
Build and deploy AI models,AI Engineer,00017D8B,3.75,3,DATA ENGINEER,3 tahun 9 bulan,SENIOR,45,86.02941176,94.0,88.8888888889,14.482615467,1.2,95.2346475844,95.2346475844,0.0,52.236863219732,52.236863219732,0.878382853160483
Build and deploy AI models,AI Engineer,00049B4B,1.5,0,DATA ANALYST,3 tahun 9 bulan,MIDDLE,45,76.66666667,,99.4152046784,13.616265803,1.0,62.6570672707,62.6570672707,8.0,33.913245653471,33.913245653471,0.0
Build and deploy AI models,AI Engineer,0004E1C5,3.25,1,AI ENGINEER,1 tahun 0 bulan,MIDDLE,12,98.68421053,,85.4256716671,27.4434510067,1.2,94.462392646,94.462392646,3.0,51.59256810238,51.59256810238,0.8474971516110754
Build and deploy AI models,AI Engineer,00050DC9,1.25,2,DATA ANALYST,3 tahun 6 bulan,MIDDLE,42,73.27586207,90.0,93.7469277057,9.2877346217,1.1,80.5550616974,80.5550616974,9.0,43.281682699622,43.281682699622,0.4490966061966145
Build and deploy AI models,AI Engineer,00055602,2.5,0,DATA SCIENTIST,0 tahun 9 bulan,JUNIOR,9,80.27777778,84.0,0.0,0.0,1.2,77.5622022708,77.5622022708,1.0,42.282967203524,42.282967203524,0.40122098535996137
Build and deploy AI models,AI Engineer,0006B570,2.75,3,DATA ANALYST,4 tahun 11 bulan,JUNIOR,59,75.86206897,86.0,98.469149928,0.8603355751,1.0,71.0634376852,71.0634376852,4.0,38.956121973156,38.956121973156,0.2417413523177027
Build and deploy AI models,AI Engineer,0006F238,3.5,1,DATA SCIENTIST,4 tahun 8 bulan,MIDDLE,56,97.22222222,,98.9522417154,54.9046621779,1.1,95.020460512,95.020460512,7.0,52.00584407136,52.00584407136,0.8673084428838059
Build and deploy AI models,AI Engineer,0008CEE3,3.75,3,DATA ENGINEER,8 tahun 3 bulan,SENIOR,99,88.23529412,93.0,81.2753036437,0.0,1.3,99.8654925819,99.8654925819,21.0,54.69121106840701,54.69121106840701,0.9960374078995533
Build and deploy AI models,AI Engineer,0008DB3D,4.0,3,AI ENGINEER,4 tahun 5 bulan,MIDDLE,53,78.94736842,95.5,97.9135943724,2.0205144715,1.3,99.7997608046,99.7997608046,26.0,54.773873226438006,54.773873226438006,1.0
Build and deploy AI models,AI Engineer,0008EF5A,2.0,0,DATA SCIENTIST,3 tahun 9 bulan,JUNIOR,45,87.5,70.0,98.9522417154,0.0,1.0,66.4806914307,66.4806914307,2.0,36.174766458271,36.174766458271,0.10841096687477769
Build and deploy AI models,AI Engineer,00093BBA,1.0,2,MGT,4 tahun 11 bulan,-,59,,,,,,,,1.0,,,
Build and deploy AI models,AI Engineer,000BC56E,2.0,1,DATA ANALYST,3 tahun 2 bulan,JUNIOR,38,77.67241379,89.0,95.0048732943,0.4301677875,1.0,72.7677924824,72.7677924824,2.0,39.506930015672,39.506930015672,0.26814554560428344
Build and deploy AI models,AI Engineer,000BE0C5,3.0,3,DATA ANALYST,3 tahun 0 bulan,MIDDLE,36,79.13793103,90.5,96.8024832613,9.3020121433,1.0,75.3882483655,75.3882483655,0.0,41.365771633715,41.365771633715,0.3572532012364586
Build and deploy AI models,AI Engineer,000BF13A,1.5,2,DATA ANALYST,4 tahun 11 bulan,JUNIOR,59,85.34482759,84.0,76.9401195515,0.4301677875,1.0,71.3283335517,71.3283335517,2.0,38.509016782401,38.509016782401,0.22030838299829444
Build and deploy AI models,AI Engineer,000C7109,3.0,1,DATA SCIENTIST,6 tahun 6 bulan,MIDDLE,78,,,,,,,,9.0,,,
Build and deploy AI models,AI Engineer,000C72E4,2.5,1,DATA ENGINEER,5 tahun 0 bulan,MIDDLE,60,76.47058824,91.5,89.9596364099,0.0,1.2,87.8939523114,87.8939523114,3.0,47.758794725042,47.758794725042,0.6637168044509483
Build and deploy AI models,AI Engineer,000CEE2B,1.75,0,DATA ANALYST,3 tahun 11 bulan,MIDDLE,47,74.48275862,90.0,98.9522417154,10.5359979556,1.0,74.1194724896,74.1194724896,4.0,40.105820419488,40.105820419488,0.2968546724855904
Build and deploy AI models,AI Engineer,000FCFC2,5.0,3,AI ENGINEER,1 tahun 10 bulan,JUNIOR,22,80.52631579,95.0,98.9522417154,34.6152175938,1.0,81.9618884287,81.9618884287,16.0,45.789800867211,45.789800867211,0.5693287592713969
Build and deploy AI models,AI Engineer,00101A0D,2.25,0,DATA SCIENTIST,4 tahun 0 bulan,JUNIOR,48,82.5,94.0,39.414983165,7.0665492569,1.0,73.9040356956,73.9040356956,2.0,40.226638918668,40.226638918668,0.30264637260378674
Build and deploy AI models,AI Engineer,00103C57,2.5,1,DATA ANALYST,4 tahun 11 bulan,JUNIOR,59,80.60344828,81.5,80.2615189223,5.8627640301,1.0,69.7620596418,69.7620596418,15.0,38.148891610153996,38.148891610153996,0.20304499190484127
Build and deploy AI models,AI Engineer,00104933,1.0,2,MGT,3 tahun 11 bulan,-,47,89.65517241,,98.469149928,8.7007929068,1.0,69.5023814571,69.5023814571,1.0,37.306262172263004,37.306262172263004,0.16265169908833257
Build and deploy AI models,AI Engineer,001356B3,2.5,1,DATA SCIENTIST,1 tahun 10 bulan,JUNIOR,22,98.61111111,,98.9522417154,37.4823489904,1.0,82.7234066868,82.7234066868,7.0,45.018405544004004,45.018405544004004,0.5323502301974857
Build and deploy AI models,AI Engineer,0013A32D,1.0,2,MGT,5 tahun 9 bulan,-,69,79.13793103,99.0,88.8109161793,8.7722486646,1.0,78.9526210358,78.9526210358,1.0,42.314889148974,42.314889148974,0.40275123392694895
Build and deploy AI models,AI Engineer,0013D24E,3.25,1,DATA SCIENTIST,4 tahun 9 bulan,JUNIOR,57,66.25,92.0,97.9135943724,0.0,1.1,78.1589269578,78.1589269578,0.0,42.951731287634004,42.951731287634004,0.433279660573388
Build and deploy AI models,AI Engineer,0014B046,1.5,1,DATA SCIENTIST,7 tahun 8 bulan,SENIOR,92,84.72222222,87.0,0.0,0.0,1.0,67.4019777006,67.4019777006,6.0,36.428048181318,36.428048181318,0.12055258256496047
Build and deploy AI models,AI Engineer,0014CA34,2.5,0,DATA SCIENTIST,4 tahun 1 bulan,JUNIOR,49,82.5,95.0,99.537037037,30.4375931247,1.0,81.9453180716,81.9453180716,1.0,44.606018577948,44.606018577948,0.5125815552324807
Build and deploy AI models,AI Engineer,0014EEF4,2.5,1,DATA ENGINEER,2 tahun 11 bulan,MIDDLE,35,85.0,93.5,80.9809654856,9.0371304039,1.2,92.960313373,92.960313373,8.0,50.44396608769,50.44396608769,0.7924363913020972
Build and deploy AI models,AI Engineer,0014F3E9,2.75,3,DATA ANALYST,3 tahun 1 bulan,JUNIOR,37,75.86206897,,98.257797271,12.7921561676,1.0,61.80993377,61.80993377,2.0,34.0517648981,34.0517648981,0.006640224228368855
Build and deploy AI models,AI Engineer,001ABDF5,1.5,1,DATA ANALYST,3 tahun 4 bulan,MIDDLE,40,82.24137931,98.5,98.9522417154,50.3029972195,1.0,86.5446547165,86.5446547165,8.0,46.573666999745,46.573666999745,0.6069051039806905
Build and deploy AI models,AI Engineer,001AE6FC,2.5,0,DATA ANALYST,3 tahun 4 bulan,JUNIOR,40,82.24137931,84.5,98.469149928,0.4301677875,,72.1149630886,72.1149630886,2.0,39.395930436958004,39.395930436958004,0.2628245370044349
Build and deploy AI models,AI Engineer,001F9B47,1.5,1,DATA ENGINEER,3 tahun 1 bulan,JUNIOR,37,58.75,87.0,96.1884481736,8.6577453183,1.2,81.1247503422,81.1247503422,1.0,43.701117681366,43.701117681366,0.46920314327354967
Build and deploy AI models,AI Engineer,002018BB,1.75,0,DATA SCIENTIST,10 tahun 10 bulan,SENIOR,130,97.22222222,98.0,50.5555555556,43.7450704533,1.0,86.4214334385,86.4214334385,18.0,46.625859722405,46.625859722405,0.6094070767750104
Build and deploy AI models,AI Engineer,0020C6B5,2.75,3,DATA ANALYST,2 tahun 10 bulan,MIDDLE,34,75.86206897,88.5,98.3674463938,3.3392709766,1.0,72.659385698,72.659385698,3.0,39.801974419939995,39.801974419939995,0.2822891471443608
Build and deploy AI models,AI Engineer,002201AD,1.25,0,DATA ANALYST,4 tahun 10 bulan,MIDDLE,58,91.37931034,95.0,99.537037037,0.4301677875,1.0,80.0052980974,80.0052980974,2.0,42.990307991622004,42.990307991622004,0.4351289196070899
Build and deploy AI models,AI Engineer,00270615,2.25,0,DATA ANALYST,3 tahun 9 bulan,JUNIOR,45,93.10344828,75.0,98.9814814815,29.9520058526,1.0,75.0818725109,75.0818725109,1.0,40.850892430777,40.850892430777,0.3325713357874429
Build and deploy AI models,AI Engineer,00277DF9,3.25,0,AI ENGINEER,0 tahun 5 bulan,MIDDLE,5,,,,,,,,4.0,,,
Build and deploy AI models,AI Engineer,002D5AC9,4.25,3,DATA SCIENTIST,3 tahun 8 bulan,MIDDLE,44,78.88888889,92.0,97.4707602339,57.4757263933,1.0,83.3553945397,83.3553945397,3.0,46.175859106041,46.175859106041,0.5878353088696598
Build and deploy AI models,AI Engineer,002DF96D,3.75,3,DATA SCIENTIST,5 tahun 0 bulan,MIDDLE,60,78.88888889,91.0,46.8542261807,5.4541409456,1.1,78.7985129608,78.7985129608,15.0,43.525711869224004,43.525711869224004,0.46079468041554333
Build and deploy AI models,AI Engineer,002E9001,2.25,1,DATA ENGINEER,7 tahun 8 bulan,SENIOR,92,,,,,,,,10.0,,,
Build and deploy AI models,AI Engineer,002EC9F6,1.75,2,DATA SCIENTIST,4 tahun 7 bulan,MIDDLE,55,97.22222222,96.5,83.7230473171,43.7450704533,1.1,96.6970538768,96.6970538768,0.0,52.071938554704,52.071938554704,0.8704768271096788
Build and deploy AI models,AI Engineer,00302AE1,2.0,1,DATA ENGINEER,2 tahun 5 bulan,MIDDLE,29,84.70588235,89.0,97.8411306043,0.4301677875,1.2,90.0022582512,90.0022582512,2.0,48.641196873136,48.641196873136,0.7060166894859264
Build and deploy AI models,AI Engineer,00306ABB,1.25,1,DATA ENGINEER,3 tahun 3 bulan,JUNIOR,39,94.11764706,90.0,96.5971692516,0.0,1.2,93.696777586,93.696777586,3.0,50.24679212058,50.24679212058,0.7829844241251596
Build and deploy AI models,AI Engineer,0031857D,3.75,3,DATA SCIENTIST,2 tahun 11 bulan,MIDDLE,35,90.0,,97.6042024997,10.2336902669,1.0,70.0282735258,70.0282735258,5.0,38.877484968674004,38.877484968674004,0.23797171479328313
Build and deploy AI models,AI Engineer,0037569D,4.0,1,AI ENGINEER,2 tahun 8 bulan,MIDDLE,32,82.89473684,90.0,98.498389694,6.7355847106,1.3,98.749547614,98.749547614,21.0,54.21726023542,54.21726023542,0.9733175337572627
Build and deploy AI models,AI Engineer,00392144,2.0,0,DATA SCIENTIST,4 tahun 10 bulan,MIDDLE,58,85.0,90.5,98.9522417154,10.5154493741,1.0,77.4187076743,77.4187076743,15.0,41.971915067378994,41.971915067378994,0.3863100180337388
Build and deploy AI models,AI Engineer,003A7A13,2.5,0,DATA SCIENTIST,2 tahun 10 bulan,JUNIOR,34,82.5,89.5,96.6027405114,1.0754194688,1.0,74.6209033424,74.6209033424,5.0,40.724078771472,40.724078771472,0.32649224450117037
Build and deploy AI models,AI Engineer,003B384C,4.0,3,DATA SCIENTIST,2 tahun 10 bulan,SENIOR,34,80.0,92.0,96.3395202983,44.3903221346,1.1,89.794363496,89.794363496,3.0,49.471012652880006,49.471012652880006,0.7457957314558502
Build and deploy AI models,AI Engineer,003C6A0D,1.25,0,DATA ANALYST,1 tahun 9 bulan,JUNIOR,21,76.20689655,98.0,45.3968253968,2.3230903964,1.0,73.7283503902,73.7283503902,7.0,39.663525706806006,39.663525706806006,0.2756523039981171
Build and deploy AI models,AI Engineer,003CFD5B,1.75,1,DATA ENGINEER,3 tahun 8 bulan,MIDDLE,44,77.5,80.0,98.9522417154,3.0893274449,1.3,89.6443972996,89.6443972996,0.0,48.334030568788,48.334030568788,0.6912919980415495
Build and deploy AI models,AI Engineer,003D5583,3.0,0,DATA SCIENTIST,3 tahun 9 bulan,JUNIOR,45,98.61111111,90.0,98.9522417154,31.463471719,1.0,84.2841556523,84.2841556523,1.0,46.080602495719,46.080602495719,0.5832689740367881
Build and deploy AI models,AI Engineer,0042FA00,2.25,0,DATA ANALYST,3 tahun 1 bulan,JUNIOR,37,80.68965517,90.0,98.9522417154,38.3427977748,1.0,80.1122536136,80.1122536136,2.0,43.516994415208,43.516994415208,0.46037679011068516
Build and deploy AI models,AI Engineer,00430780,1.5,2,DATA ANALYST,2 tahun 10 bulan,MIDDLE,34,87.93103448,86.0,92.1643347143,0.4301677875,1.0,74.0835656652,74.0835656652,2.0,39.969289802556,39.969289802556,0.29030977749360426
Build and deploy AI models,AI Engineer,00434E84,3.0,1,DATA SCIENTIST,3 tahun 9 bulan,JUNIOR,45,80.27777778,95.0,96.1220230528,0.0,1.0,76.485383457,76.485383457,4.0,41.947253232209995,41.947253232209995,0.3851277987988315
Build and deploy AI models,AI Engineer,00456E77,3.0,1,DATA SCIENTIST,1 tahun 8 bulan,BASIC,20,75.55555556,90.0,17.7777777778,0.0,,67.4044956827,67.4044956827,8.0,37.134382711831,37.134382711831,0.15441227964465587
Build and deploy AI models,AI Engineer,0045D05E,2.5,1,DATA SCIENTIST,4 tahun 1 bulan,JUNIOR,49,73.75,85.0,96.7440037291,55.491056416,1.0,78.0721708555,78.0721708555,7.0,42.553250553415005,42.553250553415005,0.41417761137447584
Build and deploy AI models,AI Engineer,00464297,1.0,2,MGT,4 tahun 11 bulan,-,59,,,,,,,,1.0,,,
Build and deploy AI models,AI Engineer,005139FE,2.25,0,DATA ANALYST,4 tahun 1 bulan,MIDDLE,49,79.13793103,85.0,98.9522417154,0.4301677875,1.0,71.4912919476,71.4912919476,2.0,38.947884732228005,38.947884732228005,0.24134648208193513
Build and deploy AI models,AI Engineer,0052D29A,2.25,1,DATA ANALYST,5 tahun 1 bulan,SENIOR,61,73.10344828,86.0,97.7192982456,51.2417874977,1.0,77.8012250633,77.8012250633,4.0,42.292149283548994,42.292149283548994,0.401661148533043
Build and deploy AI models,AI Engineer,00563DC3,2.0,0,DATA ANALYST,3 tahun 6 bulan,MIDDLE,42,76.20689655,96.0,3.7037037037,53.3266455725,1.0,77.6344597313,77.6344597313,4.0,42.086263657589,42.086263657589,0.3917915688552582
Build and deploy AI models,AI Engineer,00630639,3.0,1,DATA SCIENTIST,9 tahun 2 bulan,MIDDLE,110,80.0,75.0,98.9522417154,54.8821326185,1.0,75.0274646513,75.0274646513,0.0,41.174556265189,41.174556265189,0.3480868725698275
Build and deploy AI models,AI Engineer,0073D075,3.75,3,DATA SCIENTIST,4 tahun 0 bulan,JUNIOR,48,91.66666667,93.0,58.0116959064,8.2492354431,1.0,77.500618325,77.500618325,4.0,42.83782771225001,42.83782771225001,0.427819442514963
Build and deploy AI models,AI Engineer,0084C542,1.75,0,DATA ANALYST,4 tahun 0 bulan,MIDDLE,48,74.48275862,80.0,98.9522417154,0.0,1.0,67.6149808506,67.6149808506,2.0,36.658439850818006,36.658439850818006,0.13159691326374395
Build and deploy AI models,AI Engineer,00897237,1.5,0,DATA ANALYST,3 tahun 9 bulan,MIDDLE,45,93.10344828,92.5,94.1423001949,2.5085548458,1.2,95.0743558155,95.0743558155,8.0,51.094408582215,51.094408582215,0.8236167808780993
Build and deploy AI models,AI Engineer,0097B743,2.5,0,MGT,3 tahun 1 bulan,-,37,90.27777778,,98.9522417154,37.0103448893,1.0,77.3225695827,77.3225695827,5.0,42.155961878831,42.155961878831,0.39513270617235025
Build and deploy AI models,AI Engineer,009C501C,2.0,0,DATA ANALYST,2 tahun 9 bulan,MIDDLE,33,71.72413793,91.5,99.537037037,45.8959093909,1.1,87.3635004212,87.3635004212,9.0,47.242655223236,47.242655223236,0.6389745238076343
Build and deploy AI models,AI Engineer,017F0DF6,3.75,3,AI ENGINEER,3 tahun 8 bulan,JUNIOR,44,84.07894737,90.0,75.790084404,1.3470096476,1.3,96.1634426675,96.1634426675,9.0,52.729124613775,52.729124613775,0.9019804842634376
Build dashboards and reports,Data Analyst,0000ECE6,2.4,2,DATA ANALYST,4 tahun 10 bulan,JUNIOR,58,,,,,,,,9.0,,,
Build dashboards and reports,Data Analyst,0001741A,4.6,3,DATA SCIENTIST,4 tahun 11 bulan,JUNIOR,59,88.75,89.5,96.4930913886,12.6845989445,1.0,78.1787671463,78.1787671463,3.0,43.596746587539,43.596746587539,0.4477477796777929
Build dashboards and reports,Data Analyst,00017D8B,4.8,3,DATA ENGINEER,3 tahun 9 bulan,SENIOR,45,86.02941176,94.0,88.8888888889,14.482615467,1.2,95.2346475844,95.2346475844,0.0,52.730363219732,52.730363219732,0.893889289606999
Build dashboards and reports,Data Analyst,00049B4B,2.6,0,DATA ANALYST,3 tahun 9 bulan,MIDDLE,45,76.66666667,,99.4152046784,13.616265803,1.0,62.6570672707,62.6570672707,8.0,34.430245653471005,34.430245653471005,0.0
Build dashboards and reports,Data Analyst,0004E1C5,2.4,1,AI ENGINEER,1 tahun 0 bulan,MIDDLE,12,98.68421053,,85.4256716671,27.4434510067,1.2,94.462392646,94.462392646,3.0,51.19306810238,51.19306810238,0.8187984255515913
Build dashboards and reports,Data Analyst,00050DC9,2.8,2,DATA ANALYST,3 tahun 6 bulan,MIDDLE,42,73.27586207,90.0,93.7469277057,9.2877346217,1.1,80.5550616974,80.5550616974,9.0,44.01018269962201,44.01018269962201,0.4679425194760283
Build dashboards and reports,Data Analyst,00055602,3.2,0,DATA SCIENTIST,0 tahun 9 bulan,JUNIOR,9,80.27777778,84.0,0.0,0.0,1.2,77.5622022708,77.5622022708,1.0,42.611967203524,42.611967203524,0.39964515187720867
Build dashboards and reports,Data Analyst,0006B570,4.4,3,DATA ANALYST,4 tahun 11 bulan,JUNIOR,59,75.86206897,86.0,98.469149928,0.8603355751,1.0,71.0634376852,71.0634376852,4.0,39.731621973156,39.731621973156,0.2589515337912013
Build dashboards and reports,Data Analyst,0006F238,3.2,1,DATA SCIENTIST,4 tahun 8 bulan,MIDDLE,56,97.22222222,,98.9522417154,54.9046621779,1.1,95.020460512,95.020460512,7.0,51.86484407136,51.86484407136,0.8516120586614506
Build dashboards and reports,Data Analyst,0008CEE3,4.2,3,DATA ENGINEER,8 tahun 3 bulan,SENIOR,99,88.23529412,93.0,81.2753036437,0.0,1.3,99.8654925819,99.8654925819,21.0,54.902711068407,54.902711068407,1.0
Build dashboards and reports,Data Analyst,0008DB3D,3.6,3,AI ENGINEER,4 tahun 5 bulan,MIDDLE,53,78.94736842,95.5,97.9135943724,2.0205144715,1.3,99.7997608046,99.7997608046,26.0,54.585873226438004,54.585873226438004,0.9845237085252153
Build dashboards and reports,Data Analyst,0008EF5A,3.0,0,DATA SCIENTIST,3 tahun 9 bulan,JUNIOR,45,87.5,70.0,98.9522417154,0.0,1.0,66.4806914307,66.4806914307,2.0,36.644766458271,36.644766458271,0.10817069463379622
Build dashboards and reports,Data Analyst,00093BBA,2.0,2,MGT,4 tahun 11 bulan,-,59,,,,,,,,1.0,,,
Build dashboards and reports,Data Analyst,000BC56E,3.8,1,DATA ANALYST,3 tahun 2 bulan,JUNIOR,38,77.67241379,89.0,95.0048732943,0.4301677875,1.0,72.7677924824,72.7677924824,2.0,40.352930015672,40.352930015672,0.2893000057472322
Build dashboards and reports,Data Analyst,000BE0C5,4.4,3,DATA ANALYST,3 tahun 0 bulan,MIDDLE,36,79.13793103,90.5,96.8024832613,9.3020121433,1.0,75.3882483655,75.3882483655,0.0,42.023771633715,42.023771633715,0.3709140949240058
Build dashboards and reports,Data Analyst,000BF13A,2.8,2,DATA ANALYST,4 tahun 11 bulan,JUNIOR,59,85.34482759,84.0,76.9401195515,0.4301677875,1.0,71.3283335517,71.3283335517,2.0,39.120016782401,39.120016782401,0.22907700825854146
Build dashboards and reports,Data Analyst,000C7109,3.0,1,DATA SCIENTIST,6 tahun 6 bulan,MIDDLE,78,,,,,,,,9.0,,,
Build dashboards and reports,Data Analyst,000C72E4,4.2,1,DATA ENGINEER,5 tahun 0 bulan,MIDDLE,60,76.47058824,91.5,89.9596364099,0.0,1.2,87.8939523114,87.8939523114,3.0,48.557794725042,48.557794725042,0.6900756105937309
Build dashboards and reports,Data Analyst,000CEE2B,3.2,0,DATA ANALYST,3 tahun 11 bulan,MIDDLE,47,74.48275862,90.0,98.9522417154,10.5359979556,1.0,74.1194724896,74.1194724896,4.0,40.787320419488,40.787320419488,0.3105182808797954
Build dashboards and reports,Data Analyst,000FCFC2,4.4,3,AI ENGINEER,1 tahun 10 bulan,JUNIOR,22,80.52631579,95.0,98.9522417154,34.6152175938,1.0,81.9618884287,81.9618884287,16.0,45.507800867210996,45.507800867210996,0.5410953194556721
Build dashboards and reports,Data Analyst,00101A0D,3.0,0,DATA SCIENTIST,4 tahun 0 bulan,JUNIOR,48,82.5,94.0,39.414983165,7.0665492569,1.0,73.9040356956,73.9040356956,2.0,40.579138918668,40.579138918668,0.30034942741732407
Build dashboards and reports,Data Analyst,00103C57,3.8,1,DATA ANALYST,4 tahun 11 bulan,JUNIOR,59,80.60344828,81.5,80.2615189223,5.8627640301,1.0,69.7620596418,69.7620596418,15.0,38.759891610154,38.759891610154,0.21148629971670324
Build dashboards and reports,Data Analyst,00104933,1.4,2,MGT,3 tahun 11 bulan,-,47,89.65517241,,98.469149928,8.7007929068,1.0,69.5023814571,69.5023814571,1.0,37.49426217226301,37.49426217226301,0.14966524337399062
Build dashboards and reports,Data Analyst,001356B3,2.8,1,DATA SCIENTIST,1 tahun 10 bulan,JUNIOR,22,98.61111111,,98.9522417154,37.4823489904,1.0,82.7234066868,82.7234066868,7.0,45.15940554400401,45.15940554400401,0.524077568239797
Build dashboards and reports,Data Analyst,0013A32D,1.2,2,MGT,5 tahun 9 bulan,-,69,79.13793103,99.0,88.8109161793,8.7722486646,1.0,78.9526210358,78.9526210358,1.0,42.408889148974,42.408889148974,0.3897255818384264
Build dashboards and reports,Data Analyst,0013D24E,3.2,1,DATA SCIENTIST,4 tahun 9 bulan,JUNIOR,57,66.25,92.0,97.9135943724,0.0,1.1,78.1589269578,78.1589269578,0.0,42.928231287634006,42.928231287634006,0.41509341752084083
Build dashboards and reports,Data Analyst,0014B046,3.0,1,DATA SCIENTIST,7 tahun 8 bulan,SENIOR,92,84.72222222,87.0,0.0,0.0,1.0,67.4019777006,67.4019777006,6.0,37.133048181317996,37.133048181317996,0.13202135029008868
Build dashboards and reports,Data Analyst,0014CA34,2.6,0,DATA SCIENTIST,4 tahun 1 bulan,JUNIOR,49,82.5,95.0,99.537037037,30.4375931247,1.0,81.9453180716,81.9453180716,1.0,44.653018577948004,44.653018577948004,0.49934254215512414
Build dashboards and reports,Data Analyst,0014EEF4,4.6,1,DATA ENGINEER,2 tahun 11 bulan,MIDDLE,35,85.0,93.5,80.9809654856,9.0371304039,1.2,92.960313373,92.960313373,8.0,51.43096608769,51.43096608769,0.8304188132522556
Build dashboards and reports,Data Analyst,0014F3E9,4.6,3,DATA ANALYST,3 tahun 1 bulan,JUNIOR,37,75.86206897,,98.257797271,12.7921561676,1.0,61.80993377,61.80993377,2.0,34.9212648981,34.9212648981,0.02398437289681601
Build dashboards and reports,Data Analyst,001ABDF5,4.2,1,DATA ANALYST,3 tahun 4 bulan,MIDDLE,40,82.24137931,98.5,98.9522417154,50.3029972195,1.0,86.5446547165,86.5446547165,8.0,47.842666999745,47.842666999745,0.6551444134563666
Build dashboards and reports,Data Analyst,001AE6FC,3.4,0,DATA ANALYST,3 tahun 4 bulan,JUNIOR,40,82.24137931,84.5,98.469149928,0.4301677875,,72.1149630886,72.1149630886,2.0,39.818930436958006,39.818930436958006,0.26321621134871254
Build dashboards and reports,Data Analyst,001F9B47,3.8,1,DATA ENGINEER,3 tahun 1 bulan,JUNIOR,37,58.75,87.0,96.1884481736,8.6577453183,1.2,81.1247503422,81.1247503422,1.0,44.782117681366,44.782117681366,0.5056485292847355
Build dashboards and reports,Data Analyst,002018BB,3.2,0,DATA SCIENTIST,10 tahun 10 bulan,SENIOR,130,97.22222222,98.0,50.5555555556,43.7450704533,1.0,86.4214334385,86.4214334385,18.0,47.307359722405,47.307359722405,0.6289967430859258
Build dashboards and reports,Data Analyst,0020C6B5,4.2,3,DATA ANALYST,2 tahun 10 bulan,MIDDLE,34,75.86206897,88.5,98.3674463938,3.3392709766,1.0,72.659385698,72.659385698,3.0,40.483474419939995,40.483474419939995,0.29567659018013365
Build dashboards and reports,Data Analyst,002201AD,2.8,0,DATA ANALYST,4 tahun 10 bulan,MIDDLE,58,91.37931034,95.0,99.537037037,0.4301677875,1.0,80.0052980974,80.0052980974,2.0,43.71880799162201,43.71880799162201,0.4537100026738544
Build dashboards and reports,Data Analyst,00270615,3.4,0,DATA ANALYST,3 tahun 9 bulan,JUNIOR,45,93.10344828,75.0,98.9814814815,29.9520058526,1.0,75.0818725109,75.0818725109,1.0,41.391392430777,41.391392430777,0.340024840009127
Build dashboards and reports,Data Analyst,00277DF9,2.4,0,AI ENGINEER,0 tahun 5 bulan,MIDDLE,5,,,,,,,,4.0,,,
Build dashboards and reports,Data Analyst,002D5AC9,4.0,3,DATA SCIENTIST,3 tahun 8 bulan,MIDDLE,44,78.88888889,92.0,97.4707602339,57.4757263933,1.0,83.3553945397,83.3553945397,3.0,46.058359106041,46.058359106041,0.567987939746941
Build dashboards and reports,Data Analyst,002DF96D,4.0,3,DATA SCIENTIST,5 tahun 0 bulan,MIDDLE,60,78.88888889,91.0,46.8542261807,5.4541409456,1.1,78.7985129608,78.7985129608,15.0,43.643211869224004,43.643211869224004,0.45001742726264615
Build dashboards and reports,Data Analyst,002E9001,4.2,1,DATA ENGINEER,7 tahun 8 bulan,SENIOR,92,,,,,,,,10.0,,,
Build dashboards and reports,Data Analyst,002EC9F6,1.6,2,DATA SCIENTIST,4 tahun 7 bulan,MIDDLE,55,97.22222222,96.5,83.7230473171,43.7450704533,1.1,96.6970538768,96.6970538768,0.0,52.001438554704,52.001438554704,0.8582841658344514
Build dashboards and reports,Data Analyst,00302AE1,3.4,1,DATA ENGINEER,2 tahun 5 bulan,MIDDLE,29,84.70588235,89.0,97.8411306043,0.4301677875,1.2,90.0022582512,90.0022582512,2.0,49.299196873136005,49.299196873136005,0.7262902106952459
Build dashboards and reports,Data Analyst,00306ABB,4.0,1,DATA ENGINEER,3 tahun 3 bulan,JUNIOR,39,94.11764706,90.0,96.5971692516,0.0,1.2,93.696777586,93.696777586,3.0,51.53929212058,51.53929212058,0.8357101169958179
Build dashboards and reports,Data Analyst,0031857D,3.8,3,DATA SCIENTIST,2 tahun 11 bulan,MIDDLE,35,90.0,,97.6042024997,10.2336902669,1.0,70.0282735258,70.0282735258,5.0,38.900984968674,38.900984968674,0.2183781593760223
Build dashboards and reports,Data Analyst,0037569D,2.8,1,AI ENGINEER,2 tahun 8 bulan,MIDDLE,32,82.89473684,90.0,98.498389694,6.7355847106,1.3,98.749547614,98.749547614,21.0,53.65326023542,53.65326023542,0.9389692053368695
Build dashboards and reports,Data Analyst,00392144,3.4,0,DATA SCIENTIST,4 tahun 10 bulan,MIDDLE,58,85.0,90.5,98.9522417154,10.5154493741,1.0,77.4187076743,77.4187076743,15.0,42.629915067378995,42.629915067378995,0.4005218349484082
Build dashboards and reports,Data Analyst,003A7A13,2.8,0,DATA SCIENTIST,2 tahun 10 bulan,JUNIOR,34,82.5,89.5,96.6027405114,1.0754194688,1.0,74.6209033424,74.6209033424,5.0,40.86507877147201,40.86507877147201,0.3143164727637724
Build dashboards and reports,Data Analyst,003B384C,4.4,3,DATA SCIENTIST,2 tahun 10 bulan,SENIOR,34,80.0,92.0,96.3395202983,44.3903221346,1.1,89.794363496,89.794363496,3.0,49.65901265288,49.65901265288,0.7438658066213472
Build dashboards and reports,Data Analyst,003C6A0D,3.2,0,DATA ANALYST,1 tahun 9 bulan,JUNIOR,21,76.20689655,98.0,45.3968253968,2.3230903964,1.0,73.7283503902,73.7283503902,7.0,40.580025706806005,40.580025706806005,0.30039274355536755
Build dashboards and reports,Data Analyst,003CFD5B,2.8,1,DATA ENGINEER,3 tahun 8 bulan,MIDDLE,44,77.5,80.0,98.9522417154,3.0893274449,1.3,89.6443972996,89.6443972996,0.0,48.827530568788006,48.827530568788006,0.7032511533668654
Build dashboards and reports,Data Analyst,003D5583,3.0,0,DATA SCIENTIST,3 tahun 9 bulan,JUNIOR,45,98.61111111,90.0,98.9522417154,31.463471719,1.0,84.2841556523,84.2841556523,1.0,46.080602495719,46.080602495719,0.5690744424825502
Build dashboards and reports,Data Analyst,0042FA00,2.8,0,DATA ANALYST,3 tahun 1 bulan,JUNIOR,37,80.68965517,90.0,98.9522417154,38.3427977748,1.0,80.1122536136,80.1122536136,2.0,43.77549441520801,43.77549441520801,0.45647891313173433
Build dashboards and reports,Data Analyst,00430780,2.6,2,DATA ANALYST,2 tahun 10 bulan,MIDDLE,34,87.93103448,86.0,92.1643347143,0.4301677875,1.0,74.0835656652,74.0835656652,2.0,40.486289802556,40.486289802556,0.2958141106281571
Build dashboards and reports,Data Analyst,00434E84,3.6,1,DATA SCIENTIST,3 tahun 9 bulan,JUNIOR,45,80.27777778,95.0,96.1220230528,0.0,1.0,76.485383457,76.485383457,4.0,42.22925323221,42.22925323221,0.38095106869977224
Build dashboards and reports,Data Analyst,00456E77,3.2,1,DATA SCIENTIST,1 tahun 8 bulan,BASIC,20,75.55555556,90.0,17.7777777778,0.0,,67.4044956827,67.4044956827,8.0,37.228382711831,37.228382711831,0.13667806986834985
Build dashboards and reports,Data Analyst,0045D05E,2.2,1,DATA SCIENTIST,4 tahun 1 bulan,JUNIOR,49,73.75,85.0,96.7440037291,55.491056416,1.0,78.0721708555,78.0721708555,7.0,42.41225055341501,42.41225055341501,0.38988977332063823
Build dashboards and reports,Data Analyst,00464297,1.4,2,MGT,4 tahun 11 bulan,-,59,,,,,,,,1.0,,,
Build dashboards and reports,Data Analyst,005139FE,3.0,0,DATA ANALYST,4 tahun 1 bulan,MIDDLE,49,79.13793103,85.0,98.9522417154,0.4301677875,1.0,71.4912919476,71.4912919476,2.0,39.300384732228004,39.300384732228004,0.23788727835407236
Build dashboards and reports,Data Analyst,0052D29A,3.8,1,DATA ANALYST,5 tahun 1 bulan,SENIOR,61,73.10344828,86.0,97.7192982456,51.2417874977,1.0,77.8012250633,77.8012250633,4.0,43.020649283549,43.020649283549,0.4196076757717092
Build dashboards and reports,Data Analyst,00563DC3,4.0,0,DATA ANALYST,3 tahun 6 bulan,MIDDLE,42,76.20689655,96.0,3.7037037037,53.3266455725,1.0,77.6344597313,77.6344597313,4.0,43.026263657589006,43.026263657589006,0.4198819160220266
Build dashboards and reports,Data Analyst,00630639,3.4,1,DATA SCIENTIST,9 tahun 2 bulan,MIDDLE,110,80.0,75.0,98.9522417154,54.8821326185,1.0,75.0274646513,75.0274646513,0.0,41.362556265189,41.362556265189,0.338616305912058
Build dashboards and reports,Data Analyst,0073D075,3.6,3,DATA SCIENTIST,4 tahun 0 bulan,JUNIOR,48,91.66666667,93.0,58.0116959064,8.2492354431,1.0,77.500618325,77.500618325,4.0,42.76732771225001,42.76732771225001,0.4072339061174606
Build dashboards and reports,Data Analyst,0084C542,2.8,0,DATA ANALYST,4 tahun 0 bulan,MIDDLE,48,74.48275862,80.0,98.9522417154,0.0,1.0,67.6149808506,67.6149808506,2.0,37.15193985081801,37.15193985081801,0.13294413458192253
Build dashboards and reports,Data Analyst,00897237,3.0,0,DATA ANALYST,3 tahun 9 bulan,MIDDLE,45,93.10344828,92.5,94.1423001949,2.5085548458,1.2,95.0743558155,95.0743558155,8.0,51.799408582215,51.799408582215,0.8484157905120729
Build dashboards and reports,Data Analyst,0097B743,2.8,0,MGT,3 tahun 1 bulan,-,37,90.27777778,,98.9522417154,37.0103448893,1.0,77.3225695827,77.3225695827,5.0,42.296961878831006,42.296961878831006,0.3842583717162233
Build dashboards and reports,Data Analyst,009C501C,3.6,0,DATA ANALYST,2 tahun 9 bulan,MIDDLE,33,71.72413793,91.5,99.537037037,45.8959093909,1.1,87.3635004212,87.3635004212,9.0,47.994655223236,47.994655223236,0.6625684447301046
Build dashboards and reports,Data Analyst,017F0DF6,3.4,3,AI ENGINEER,3 tahun 8 bulan,JUNIOR,44,84.07894737,90.0,75.790084404,1.3470096476,1.3,96.1634426675,96.1634426675,9.0,52.564624613774996,52.564624613774996,0.8857936058386882
Customer behavior analysis,Data Analyst,0000ECE6,1.0,2,DATA ANALYST,4 tahun 10 bulan,JUNIOR,58,,,,,,,,9.0,,,
Customer behavior analysis,Data Analyst,0001741A,5.0,3,DATA SCIENTIST,4 tahun 11 bulan,JUNIOR,59,88.75,89.5,96.4930913886,12.6845989445,1.0,78.1787671463,78.1787671463,3.0,43.784746587539004,43.784746587539004,0.4658788617725772
Customer behavior analysis,Data Analyst,00017D8B,2.0,3,DATA ENGINEER,3 tahun 9 bulan,SENIOR,45,86.02941176,94.0,88.8888888889,14.482615467,1.2,95.2346475844,95.2346475844,0.0,51.414363219731996,51.414363219731996,0.8355407494626335
Customer behavior analysis,Data Analyst,00049B4B,4.0,0,DATA ANALYST,3 tahun 9 bulan,MIDDLE,45,76.66666667,,99.4152046784,13.616265803,1.0,62.6570672707,62.6570672707,8.0,35.088245653471006,35.088245653471006,0.04452545614780611
Customer behavior analysis,Data Analyst,0004E1C5,3.0,1,AI ENGINEER,1 tahun 0 bulan,MIDDLE,12,98.68421053,,85.4256716671,27.4434510067,1.2,94.462392646,94.462392646,3.0,51.47506810238,51.47506810238,0.8384819564188228
Customer behavior analysis,Data Analyst,00050DC9,3.0,2,DATA ANALYST,3 tahun 6 bulan,MIDDLE,42,73.27586207,90.0,93.7469277057,9.2877346217,1.1,80.5550616974,80.5550616974,9.0,44.104182699622,44.104182699622,0.4813558328815479
Customer behavior analysis,Data Analyst,00055602,4.0,0,DATA SCIENTIST,0 tahun 9 bulan,JUNIOR,9,80.27777778,84.0,0.0,0.0,1.2,77.5622022708,77.5622022708,1.0,42.98796720352401,42.98796720352401,0.4272741735730806
Customer behavior analysis,Data Analyst,0006B570,4.0,3,DATA ANALYST,4 tahun 11 bulan,JUNIOR,59,75.86206897,86.0,98.469149928,0.8603355751,1.0,71.0634376852,71.0634376852,4.0,39.54362197315601,39.54362197315601,0.26039250427115834
Customer behavior analysis,Data Analyst,0006F238,3.0,1,DATA SCIENTIST,4 tahun 8 bulan,MIDDLE,56,97.22222222,,98.9522417154,54.9046621779,1.1,95.020460512,95.020460512,7.0,51.770844071359996,51.770844071359996,0.8528125720050839
Customer behavior analysis,Data Analyst,0008CEE3,4.0,3,DATA ENGINEER,8 tahun 3 bulan,SENIOR,99,88.23529412,93.0,81.2753036437,0.0,1.3,99.8654925819,99.8654925819,21.0,54.80871106840701,54.80871106840701,1.0
Customer behavior analysis,Data Analyst,0008DB3D,4.0,3,AI ENGINEER,4 tahun 5 bulan,MIDDLE,53,78.94736842,95.5,97.9135943724,2.0205144715,1.3,99.7997608046,99.7997608046,26.0,54.773873226438006,54.773873226438006,0.9983120747678239
Customer behavior analysis,Data Analyst,0008EF5A,4.0,0,DATA SCIENTIST,3 tahun 9 bulan,JUNIOR,45,87.5,70.0,98.9522417154,0.0,1.0,66.4806914307,66.4806914307,2.0,37.114766458271006,37.114766458271006,0.1427122382968087
Customer behavior analysis,Data Analyst,00093BBA,3.0,2,MGT,4 tahun 11 bulan,-,59,,,,,,,,1.0,,,
Customer behavior analysis,Data Analyst,000BC56E,4.0,1,DATA ANALYST,3 tahun 2 bulan,JUNIOR,38,77.67241379,89.0,95.0048732943,0.4301677875,1.0,72.7677924824,72.7677924824,2.0,40.446930015672,40.446930015672,0.3041586031801272
Customer behavior analysis,Data Analyst,000BE0C5,4.0,3,DATA ANALYST,3 tahun 0 bulan,MIDDLE,36,79.13793103,90.5,96.8024832613,9.3020121433,1.0,75.3882483655,75.3882483655,0.0,41.835771633715005,41.835771633715005,0.3714492468622752
Customer behavior analysis,Data Analyst,000BF13A,2.0,2,DATA ANALYST,4 tahun 11 bulan,JUNIOR,59,85.34482759,84.0,76.9401195515,0.4301677875,1.0,71.3283335517,71.3283335517,2.0,38.744016782401,38.744016782401,0.2216509031566205
Customer behavior analysis,Data Analyst,000C7109,3.0,1,DATA SCIENTIST,6 tahun 6 bulan,MIDDLE,78,,,,,,,,9.0,,,
Customer behavior analysis,Data Analyst,000C72E4,3.0,1,DATA ENGINEER,5 tahun 0 bulan,MIDDLE,60,76.47058824,91.5,89.9596364099,0.0,1.2,87.8939523114,87.8939523114,3.0,47.993794725042,47.993794725042,0.6698110847000681
Customer behavior analysis,Data Analyst,000CEE2B,4.0,0,DATA ANALYST,3 tahun 11 bulan,MIDDLE,47,74.48275862,90.0,98.9522417154,10.5359979556,1.0,74.1194724896,74.1194724896,4.0,41.163320419488,41.163320419488,0.3388683719357751
Customer behavior analysis,Data Analyst,000FCFC2,5.0,3,AI ENGINEER,1 tahun 10 bulan,JUNIOR,22,80.52631579,95.0,98.9522417154,34.6152175938,1.0,81.9618884287,81.9618884287,16.0,45.789800867211,45.789800867211,0.5630255711913876
Customer behavior analysis,Data Analyst,00101A0D,4.0,0,DATA SCIENTIST,4 tahun 0 bulan,JUNIOR,48,82.5,94.0,39.414983165,7.0665492569,1.0,73.9040356956,73.9040356956,2.0,41.04913891866801,41.04913891866801,0.33333617403289423
Customer behavior analysis,Data Analyst,00103C57,4.0,1,DATA ANALYST,4 tahun 11 bulan,JUNIOR,59,80.60344828,81.5,80.2615189223,5.8627640301,1.0,69.7620596418,69.7620596418,15.0,38.853891610154,38.853891610154,0.22697443881965954
Customer behavior analysis,Data Analyst,00104933,1.0,2,MGT,3 tahun 11 bulan,-,47,89.65517241,,98.469149928,8.7007929068,1.0,69.5023814571,69.5023814571,1.0,37.306262172263004,37.306262172263004,0.15199038037542192
Customer behavior analysis,Data Analyst,001356B3,2.0,1,DATA SCIENTIST,1 tahun 10 bulan,JUNIOR,22,98.61111111,,98.9522417154,37.4823489904,1.0,82.7234066868,82.7234066868,7.0,44.783405544004005,44.783405544004005,0.5142647994680238
Customer behavior analysis,Data Analyst,0013A32D,3.0,2,MGT,5 tahun 9 bulan,-,69,79.13793103,99.0,88.8109161793,8.7722486646,1.0,78.9526210358,78.9526210358,1.0,43.254889148973994,43.254889148973994,0.4402067853906397
Customer behavior analysis,Data Analyst,0013D24E,3.0,1,DATA SCIENTIST,4 tahun 9 bulan,JUNIOR,57,66.25,92.0,97.9135943724,0.0,1.1,78.1589269578,78.1589269578,0.0,42.834231287634005,42.834231287634005,0.41982552816750884
Customer behavior analysis,Data Analyst,0014B046,3.0,1,DATA SCIENTIST,7 tahun 8 bulan,SENIOR,92,84.72222222,87.0,0.0,0.0,1.0,67.4019777006,67.4019777006,6.0,37.133048181317996,37.133048181317996,0.1435980044601126
Customer behavior analysis,Data Analyst,0014CA34,3.0,0,DATA SCIENTIST,4 tahun 1 bulan,JUNIOR,49,82.5,95.0,99.537037037,30.4375931247,1.0,81.9453180716,81.9453180716,1.0,44.841018577948,44.841018577948,0.5170562035332589
Customer behavior analysis,Data Analyst,0014EEF4,3.0,1,DATA ENGINEER,2 tahun 11 bulan,MIDDLE,35,85.0,93.5,80.9809654856,9.0371304039,1.2,92.960313373,92.960313373,8.0,50.67896608769,50.67896608769,0.7999100873812073
Customer behavior analysis,Data Analyst,0014F3E9,3.0,3,DATA ANALYST,3 tahun 1 bulan,JUNIOR,37,75.86206897,,98.257797271,12.7921561676,1.0,61.80993377,61.80993377,2.0,34.169264898099996,34.169264898099996,0.0
Customer behavior analysis,Data Analyst,001ABDF5,4.0,1,DATA ANALYST,3 tahun 4 bulan,MIDDLE,40,82.24137931,98.5,98.9522417154,50.3029972195,1.0,86.5446547165,86.5446547165,8.0,47.748666999745005,47.748666999745005,0.6579344227356764
Customer behavior analysis,Data Analyst,001AE6FC,4.0,0,DATA ANALYST,3 tahun 4 bulan,JUNIOR,40,82.24137931,84.5,98.469149928,0.4301677875,,72.1149630886,72.1149630886,2.0,40.10093043695801,40.10093043695801,0.2873946078742955
Customer behavior analysis,Data Analyst,001F9B47,2.0,1,DATA ENGINEER,3 tahun 1 bulan,JUNIOR,37,58.75,87.0,96.1884481736,8.6577453183,1.2,81.1247503422,81.1247503422,1.0,43.936117681366,43.936117681366,0.47321292939134724
Customer behavior analysis,Data Analyst,002018BB,4.0,0,DATA SCIENTIST,10 tahun 10 bulan,SENIOR,130,97.22222222,98.0,50.5555555556,43.7450704533,1.0,86.4214334385,86.4214334385,18.0,47.68335972240501,47.68335972240501,0.6547702255570742
Customer behavior analysis,Data Analyst,0020C6B5,4.0,3,DATA ANALYST,2 tahun 10 bulan,MIDDLE,34,75.86206897,88.5,98.3674463938,3.3392709766,1.0,72.659385698,72.659385698,3.0,40.38947441994,40.38947441994,0.3013748271399222
Customer behavior analysis,Data Analyst,002201AD,3.0,0,DATA ANALYST,4 tahun 10 bulan,MIDDLE,58,91.37931034,95.0,99.537037037,0.4301677875,1.0,80.0052980974,80.0052980974,2.0,43.812807991622,43.812807991622,0.4672384624058233
Customer behavior analysis,Data Analyst,00270615,5.0,0,DATA ANALYST,3 tahun 9 bulan,JUNIOR,45,93.10344828,75.0,98.9814814815,29.9520058526,1.0,75.0818725109,75.0818725109,1.0,42.143392430777006,42.143392430777006,0.38635375517725895
Customer behavior analysis,Data Analyst,00277DF9,5.0,0,AI ENGINEER,0 tahun 5 bulan,MIDDLE,5,,,,,,,,4.0,,,
Customer behavior analysis,Data Analyst,002D5AC9,4.0,3,DATA SCIENTIST,3 tahun 8 bulan,MIDDLE,44,78.88888889,92.0,97.4707602339,57.4757263933,1.0,83.3553945397,83.3553945397,3.0,46.058359106041,46.058359106041,0.5760374629162909
Customer behavior analysis,Data Analyst,002DF96D,3.0,3,DATA SCIENTIST,5 tahun 0 bulan,MIDDLE,60,78.88888889,91.0,46.8542261807,5.4541409456,1.1,78.7985129608,78.7985129608,15.0,43.173211869224,43.173211869224,0.4362494466579996
Customer behavior analysis,Data Analyst,002E9001,3.0,1,DATA ENGINEER,7 tahun 8 bulan,SENIOR,92,,,,,,,,10.0,,,
Customer behavior analysis,Data Analyst,002EC9F6,2.0,2,DATA SCIENTIST,4 tahun 7 bulan,MIDDLE,55,97.22222222,96.5,83.7230473171,43.7450704533,1.1,96.6970538768,96.6970538768,0.0,52.189438554704,52.189438554704,0.8730938566815212
Customer behavior analysis,Data Analyst,00302AE1,2.0,1,DATA ENGINEER,2 tahun 5 bulan,MIDDLE,29,84.70588235,89.0,97.8411306043,0.4301677875,1.2,90.0022582512,90.0022582512,2.0,48.641196873136,48.641196873136,0.7011783095156927
Customer behavior analysis,Data Analyst,00306ABB,3.0,1,DATA ENGINEER,3 tahun 3 bulan,JUNIOR,39,94.11764706,90.0,96.5971692516,0.0,1.2,93.696777586,93.696777586,3.0,51.069292120579995,51.069292120579995,0.8188217398387978
Customer behavior analysis,Data Analyst,0031857D,4.0,3,DATA SCIENTIST,2 tahun 11 bulan,MIDDLE,35,90.0,,97.6042024997,10.2336902669,1.0,70.0282735258,70.0282735258,5.0,38.994984968674004,38.994984968674004,0.23381054078459437
Customer behavior analysis,Data Analyst,0037569D,3.0,1,AI ENGINEER,2 tahun 8 bulan,MIDDLE,32,82.89473684,90.0,98.498389694,6.7355847106,1.3,98.749547614,98.749547614,21.0,53.74726023541999,53.74726023541999,0.9485717385908313
Customer behavior analysis,Data Analyst,00392144,3.0,0,DATA SCIENTIST,4 tahun 10 bulan,MIDDLE,58,85.0,90.5,98.9522417154,10.5154493741,1.0,77.4187076743,77.4187076743,15.0,42.44191506737899,42.44191506737899,0.40081744931608027
Customer behavior analysis,Data Analyst,003A7A13,4.0,0,DATA SCIENTIST,2 tahun 10 bulan,JUNIOR,34,82.5,89.5,96.6027405114,1.0754194688,1.0,74.6209033424,74.6209033424,5.0,41.42907877147201,41.42907877147201,0.3517446065881535
Customer behavior analysis,Data Analyst,003B384C,4.0,3,DATA SCIENTIST,2 tahun 10 bulan,SENIOR,34,80.0,92.0,96.3395202983,44.3903221346,1.1,89.794363496,89.794363496,3.0,49.471012652880006,49.471012652880006,0.7413836412332568
Customer behavior analysis,Data Analyst,003C6A0D,4.0,0,DATA ANALYST,1 tahun 9 bulan,JUNIOR,21,76.20689655,98.0,45.3968253968,2.3230903964,1.0,73.7283503902,73.7283503902,7.0,40.95602570680601,40.95602570680601,0.32882475395438676
Customer behavior analysis,Data Analyst,003CFD5B,3.0,1,DATA ENGINEER,3 tahun 8 bulan,MIDDLE,44,77.5,80.0,98.9522417154,3.0893274449,1.3,89.6443972996,89.6443972996,0.0,48.921530568788,48.921530568788,0.7147607328684714
Customer behavior analysis,Data Analyst,003D5583,4.0,0,DATA SCIENTIST,3 tahun 9 bulan,JUNIOR,45,98.61111111,90.0,98.9522417154,31.463471719,1.0,84.2841556523,84.2841556523,1.0,46.550602495719005,46.550602495719005,0.5998871043076461
Customer behavior analysis,Data Analyst,0042FA00,2.0,0,DATA ANALYST,3 tahun 1 bulan,JUNIOR,37,80.68965517,90.0,98.9522417154,38.3427977748,1.0,80.1122536136,80.1122536136,2.0,43.399494415208004,43.399494415208004,0.447213042488858
Customer behavior analysis,Data Analyst,00430780,3.0,2,DATA ANALYST,2 tahun 10 bulan,MIDDLE,34,87.93103448,86.0,92.1643347143,0.4301677875,1.0,74.0835656652,74.0835656652,2.0,40.674289802556,40.674289802556,0.31517439231554917
Customer behavior analysis,Data Analyst,00434E84,3.0,1,DATA SCIENTIST,3 tahun 9 bulan,JUNIOR,45,80.27777778,95.0,96.1220230528,0.0,1.0,76.485383457,76.485383457,4.0,41.947253232209995,41.947253232209995,0.376850632033907
Customer behavior analysis,Data Analyst,00456E77,3.0,1,DATA SCIENTIST,1 tahun 8 bulan,BASIC,20,75.55555556,90.0,17.7777777778,0.0,,67.4044956827,67.4044956827,8.0,37.134382711831,37.134382711831,0.14366266368119796
Customer behavior analysis,Data Analyst,0045D05E,3.0,1,DATA SCIENTIST,4 tahun 1 bulan,JUNIOR,49,73.75,85.0,96.7440037291,55.491056416,1.0,78.0721708555,78.0721708555,7.0,42.788250553415004,42.788250553415004,0.4175977196381719
Customer behavior analysis,Data Analyst,00464297,2.0,2,MGT,4 tahun 11 bulan,-,59,,,,,,,,1.0,,,
Customer behavior analysis,Data Analyst,005139FE,3.0,0,DATA ANALYST,4 tahun 1 bulan,MIDDLE,49,79.13793103,85.0,98.9522417154,0.4301677875,1.0,71.4912919476,71.4912919476,2.0,39.300384732228004,39.300384732228004,0.24860743799947044
Customer behavior analysis,Data Analyst,0052D29A,3.0,1,DATA ANALYST,5 tahun 1 bulan,SENIOR,61,73.10344828,86.0,97.7192982456,51.2417874977,1.0,77.8012250633,77.8012250633,4.0,42.64464928354899,42.64464928354899,0.41064010708010806
Customer behavior analysis,Data Analyst,00563DC3,4.0,0,DATA ANALYST,3 tahun 6 bulan,MIDDLE,42,76.20689655,96.0,3.7037037037,53.3266455725,1.0,77.6344597313,77.6344597313,4.0,43.026263657589006,43.026263657589006,0.42912967171721655
Customer behavior analysis,Data Analyst,00630639,3.0,1,DATA SCIENTIST,9 tahun 2 bulan,MIDDLE,110,80.0,75.0,98.9522417154,54.8821326185,1.0,75.0274646513,75.0274646513,0.0,41.174556265189,41.174556265189,0.33941275891245476
Customer behavior analysis,Data Analyst,0073D075,4.0,3,DATA SCIENTIST,4 tahun 0 bulan,JUNIOR,48,91.66666667,93.0,58.0116959064,8.2492354431,1.0,77.500618325,77.500618325,4.0,42.95532771225001,42.95532771225001,0.42569276043802495
Customer behavior analysis,Data Analyst,0084C542,3.0,0,DATA ANALYST,4 tahun 0 bulan,MIDDLE,48,74.48275862,80.0,98.9522417154,0.0,1.0,67.6149808506,67.6149808506,2.0,37.245939850818004,37.245939850818004,0.1490677088585969
Customer behavior analysis,Data Analyst,00897237,5.0,0,DATA ANALYST,3 tahun 9 bulan,MIDDLE,45,93.10344828,92.5,94.1423001949,2.5085548458,1.2,95.0743558155,95.0743558155,8.0,52.739408582215006,52.739408582215006,0.8997404063501951
Customer behavior analysis,Data Analyst,0097B743,3.0,0,MGT,3 tahun 1 bulan,-,37,90.27777778,,98.9522417154,37.0103448893,1.0,77.3225695827,77.3225695827,5.0,42.390961878831,42.390961878831,0.3983487208372465
Customer behavior analysis,Data Analyst,009C501C,3.0,0,DATA ANALYST,2 tahun 9 bulan,MIDDLE,33,71.72413793,91.5,99.537037037,45.8959093909,1.1,87.3635004212,87.3635004212,9.0,47.712655223236,47.712655223236,0.6561896193038471
Customer behavior analysis,Data Analyst,017F0DF6,4.0,3,AI ENGINEER,3 tahun 8 bulan,JUNIOR,44,84.07894737,90.0,75.790084404,1.3470096476,1.3,96.1634426675,96.1634426675,9.0,52.846624613775,52.846624613775,0.9049351209115888
"Data extraction, transformation, and visualization",Data Analyst,0000ECE6,2.75,2,DATA ANALYST,4 tahun 10 bulan,JUNIOR,58,,,,,,,,9.0,,,
"Data extraction, transformation, and visualization",Data Analyst,0001741A,4.5,3,DATA SCIENTIST,4 tahun 11 bulan,JUNIOR,59,88.75,89.5,96.4930913886,12.6845989445,1.0,78.1787671463,78.1787671463,3.0,43.549746587539005,43.549746587539005,0.4430254464336942
"Data extraction, transformation, and visualization",Data Analyst,00017D8B,4.75,3,DATA ENGINEER,3 tahun 9 bulan,SENIOR,45,86.02941176,94.0,88.8888888889,14.482615467,1.2,95.2346475844,95.2346475844,0.0,52.706863219732,52.706863219732,0.8913440744879124
"Data extraction, transformation, and visualization",Data Analyst,00049B4B,2.75,0,DATA ANALYST,3 tahun 9 bulan,MIDDLE,45,76.66666667,,99.4152046784,13.616265803,1.0,62.6570672707,62.6570672707,8.0,34.500745653471,34.500745653471,0.0
"Data extraction, transformation, and visualization",Data Analyst,0004E1C5,2.75,1,AI ENGINEER,1 tahun 0 bulan,MIDDLE,12,98.68421053,,85.4256716671,27.4434510067,1.2,94.462392646,94.462392646,3.0,51.35756810238,51.35756810238,0.8252846192959963
"Data extraction, transformation, and visualization",Data Analyst,00050DC9,3.0,2,DATA ANALYST,3 tahun 6 bulan,MIDDLE,42,73.27586207,90.0,93.7469277057,9.2877346217,1.1,80.5550616974,80.5550616974,9.0,44.104182699622,44.104182699622,0.47016980279570725
"Data extraction, transformation, and visualization",Data Analyst,00055602,3.5,0,DATA SCIENTIST,0 tahun 9 bulan,JUNIOR,9,80.27777778,84.0,0.0,0.0,1.2,77.5622022708,77.5622022708,1.0,42.75296720352401,42.75296720352401,0.4040163287549187
"Data extraction, transformation, and visualization",Data Analyst,0006B570,4.5,3,DATA ANALYST,4 tahun 11 bulan,JUNIOR,59,75.86206897,86.0,98.469149928,0.8603355751,1.0,71.0634376852,71.0634376852,4.0,39.77862197315601,39.77862197315601,0.2583968694209332
"Data extraction, transformation, and visualization",Data Analyst,0006F238,3.25,1,DATA SCIENTIST,4 tahun 8 bulan,MIDDLE,56,97.22222222,,98.9522417154,54.9046621779,1.1,95.020460512,95.020460512,7.0,51.888344071359995,51.888344071359995,0.8512706107139381
"Data extraction, transformation, and visualization",Data Analyst,0008CEE3,4.25,3,DATA ENGINEER,8 tahun 3 bulan,SENIOR,99,88.23529412,93.0,81.2753036437,0.0,1.3,99.8654925819,99.8654925819,21.0,54.92621106840701,54.92621106840701,1.0
"Data extraction, transformation, and visualization",Data Analyst,0008DB3D,3.75,3,AI ENGINEER,4 tahun 5 bulan,MIDDLE,53,78.94736842,95.5,97.9135943724,2.0205144715,1.3,99.7997608046,99.7997608046,26.0,54.656373226438006,54.656373226438006,0.986789145975999
"Data extraction, transformation, and visualization",Data Analyst,0008EF5A,3.0,0,DATA SCIENTIST,3 tahun 9 bulan,JUNIOR,45,87.5,70.0,98.9522417154,0.0,1.0,66.4806914307,66.4806914307,2.0,36.644766458271,36.644766458271,0.10496802698224918
"Data extraction, transformation, and visualization",Data Analyst,00093BBA,2.25,2,MGT,4 tahun 11 bulan,-,59,,,,,,,,1.0,,,
"Data extraction, transformation, and visualization",Data Analyst,000BC56E,4.0,1,DATA ANALYST,3 tahun 2 bulan,JUNIOR,38,77.67241379,89.0,95.0048732943,0.4301677875,1.0,72.7677924824,72.7677924824,2.0,40.446930015672,40.446930015672,0.2911162238610675
"Data extraction, transformation, and visualization",Data Analyst,000BE0C5,4.75,3,DATA ANALYST,3 tahun 0 bulan,MIDDLE,36,79.13793103,90.5,96.8024832613,9.3020121433,1.0,75.3882483655,75.3882483655,0.0,42.188271633715004,42.188271633715004,0.37636968480642524
"Data extraction, transformation, and visualization",Data Analyst,000BF13A,3.25,2,DATA ANALYST,4 tahun 11 bulan,JUNIOR,59,85.34482759,84.0,76.9401195515,0.4301677875,1.0,71.3283335517,71.3283335517,2.0,39.331516782400996,39.331516782400996,0.23650727319033435
"Data extraction, transformation, and visualization",Data Analyst,000C7109,3.0,1,DATA SCIENTIST,6 tahun 6 bulan,MIDDLE,78,,,,,,,,9.0,,,
"Data extraction, transformation, and visualization",Data Analyst,000C72E4,4.25,1,DATA ENGINEER,5 tahun 0 bulan,MIDDLE,60,76.47058824,91.5,89.9596364099,0.0,1.2,87.8939523114,87.8939523114,3.0,48.58129472504201,48.58129472504201,0.6893624593383652
"Data extraction, transformation, and visualization",Data Analyst,000CEE2B,3.5,0,DATA ANALYST,3 tahun 11 bulan,MIDDLE,47,74.48275862,90.0,98.9522417154,10.5359979556,1.0,74.1194724896,74.1194724896,4.0,40.928320419488,40.928320419488,0.31468437244601905
"Data extraction, transformation, and visualization",Data Analyst,000FCFC2,4.5,3,AI ENGINEER,1 tahun 10 bulan,JUNIOR,22,80.52631579,95.0,98.9522417154,34.6152175938,1.0,81.9618884287,81.9618884287,16.0,45.554800867211,45.554800867211,0.5411898818059139
"Data extraction, transformation, and visualization",Data Analyst,00101A0D,3.25,0,DATA SCIENTIST,4 tahun 0 bulan,JUNIOR,48,82.5,94.0,39.414983165,7.0665492569,1.0,73.9040356956,73.9040356956,2.0,40.696638918668,40.696638918668,0.3033415953727198
"Data extraction, transformation, and visualization",Data Analyst,00103C57,3.75,1,DATA ANALYST,4 tahun 11 bulan,JUNIOR,59,80.60344828,81.5,80.2615189223,5.8627640301,1.0,69.7620596418,69.7620596418,15.0,38.736391610154,38.736391610154,0.20737084177213944
"Data extraction, transformation, and visualization",Data Analyst,00104933,1.5,2,MGT,3 tahun 11 bulan,-,47,89.65517241,,98.469149928,8.7007929068,1.0,69.5023814571,69.5023814571,1.0,37.541262172263,37.541262172263,0.14885910587714896
"Data extraction, transformation, and visualization",Data Analyst,001356B3,3.0,1,DATA SCIENTIST,1 tahun 10 bulan,JUNIOR,22,98.61111111,,98.9522417154,37.4823489904,1.0,82.7234066868,82.7234066868,7.0,45.253405544004,45.253405544004,0.5264340210661825
"Data extraction, transformation, and visualization",Data Analyst,0013A32D,1.25,2,MGT,5 tahun 9 bulan,-,69,79.13793103,99.0,88.8109161793,8.7722486646,1.0,78.9526210358,78.9526210358,1.0,42.432389148973996,42.432389148973996,0.3883213104022113
"Data extraction, transformation, and visualization",Data Analyst,0013D24E,3.5,1,DATA SCIENTIST,4 tahun 9 bulan,JUNIOR,57,66.25,92.0,97.9135943724,0.0,1.1,78.1589269578,78.1589269578,0.0,43.06923128763401,43.06923128763401,0.4195001416172066
"Data extraction, transformation, and visualization",Data Analyst,0014B046,3.0,1,DATA SCIENTIST,7 tahun 8 bulan,SENIOR,92,84.72222222,87.0,0.0,0.0,1.0,67.4019777006,67.4019777006,6.0,37.133048181317996,37.133048181317996,0.1288735641696634
"Data extraction, transformation, and visualization",Data Analyst,0014CA34,3.0,0,DATA SCIENTIST,4 tahun 1 bulan,JUNIOR,49,82.5,95.0,99.537037037,30.4375931247,1.0,81.9453180716,81.9453180716,1.0,44.841018577948,44.841018577948,0.5062441767870676
"Data extraction, transformation, and visualization",Data Analyst,0014EEF4,4.5,1,DATA ENGINEER,2 tahun 11 bulan,MIDDLE,35,85.0,93.5,80.9809654856,9.0371304039,1.2,92.960313373,92.960313373,8.0,51.383966087690006,51.383966087690006,0.8265770248678518
"Data extraction, transformation, and visualization",Data Analyst,0014F3E9,4.75,3,DATA ANALYST,3 tahun 1 bulan,JUNIOR,37,75.86206897,,98.257797271,12.7921561676,1.0,61.80993377,61.80993377,2.0,34.9917648981,34.9917648981,0.024039562117881833
"Data extraction, transformation, and visualization",Data Analyst,001ABDF5,4.0,1,DATA ANALYST,3 tahun 4 bulan,MIDDLE,40,82.24137931,98.5,98.9522417154,50.3029972195,1.0,86.5446547165,86.5446547165,8.0,47.748666999745005,47.748666999745005,0.6485982609035943
"Data extraction, transformation, and visualization",Data Analyst,001AE6FC,3.5,0,DATA ANALYST,3 tahun 4 bulan,JUNIOR,40,82.24137931,84.5,98.469149928,0.4301677875,,72.1149630886,72.1149630886,2.0,39.86593043695801,39.86593043695801,0.2626713602111484
"Data extraction, transformation, and visualization",Data Analyst,001F9B47,3.75,1,DATA ENGINEER,3 tahun 1 bulan,JUNIOR,37,58.75,87.0,96.1884481736,8.6577453183,1.2,81.1247503422,81.1247503422,1.0,44.758617681366005,44.758617681366005,0.5022099530909094
"Data extraction, transformation, and visualization",Data Analyst,002018BB,3.75,0,DATA SCIENTIST,10 tahun 10 bulan,SENIOR,130,97.22222222,98.0,50.5555555556,43.7450704533,1.0,86.4214334385,86.4214334385,18.0,47.56585972240501,47.56585972240501,0.6396482921451678
"Data extraction, transformation, and visualization",Data Analyst,0020C6B5,4.25,3,DATA ANALYST,2 tahun 10 bulan,MIDDLE,34,75.86206897,88.5,98.3674463938,3.3392709766,1.0,72.659385698,72.659385698,3.0,40.50697441994,40.50697441994,0.2940559073908289
"Data extraction, transformation, and visualization",Data Analyst,002201AD,3.25,0,DATA ANALYST,4 tahun 10 bulan,MIDDLE,58,91.37931034,95.0,99.537037037,0.4301677875,1.0,80.0052980974,80.0052980974,2.0,43.930307991622,43.930307991622,0.4616571591683628
"Data extraction, transformation, and visualization",Data Analyst,00270615,4.0,0,DATA ANALYST,3 tahun 9 bulan,JUNIOR,45,93.10344828,75.0,98.9814814815,29.9520058526,1.0,75.0818725109,75.0818725109,1.0,41.67339243077701,41.67339243077701,0.3511619750931623
"Data extraction, transformation, and visualization",Data Analyst,00277DF9,2.75,0,AI ENGINEER,0 tahun 5 bulan,MIDDLE,5,,,,,,,,4.0,,,
"Data extraction, transformation, and visualization",Data Analyst,002D5AC9,4.0,3,DATA SCIENTIST,3 tahun 8 bulan,MIDDLE,44,78.88888889,92.0,97.4707602339,57.4757263933,1.0,83.3553945397,83.3553945397,3.0,46.058359106041,46.058359106041,0.5658433341802123
"Data extraction, transformation, and visualization",Data Analyst,002DF96D,4.0,3,DATA SCIENTIST,5 tahun 0 bulan,MIDDLE,60,78.88888889,91.0,46.8542261807,5.4541409456,1.1,78.7985129608,78.7985129608,15.0,43.643211869224004,43.643211869224004,0.44760136574746673
"Data extraction, transformation, and visualization",Data Analyst,002E9001,4.5,1,DATA ENGINEER,7 tahun 8 bulan,SENIOR,92,,,,,,,,10.0,,,
"Data extraction, transformation, and visualization",Data Analyst,002EC9F6,1.75,2,DATA SCIENTIST,4 tahun 7 bulan,MIDDLE,55,97.22222222,96.5,83.7230473171,43.7450704533,1.1,96.6970538768,96.6970538768,0.0,52.071938554704,52.071938554704,0.8602591198917877
"Data extraction, transformation, and visualization",Data Analyst,00302AE1,3.5,1,DATA ENGINEER,2 tahun 5 bulan,MIDDLE,29,84.70588235,89.0,97.8411306043,0.4301677875,1.2,90.0022582512,90.0022582512,2.0,49.34619687313601,49.34619687313601,0.7268109155940876
"Data extraction, transformation, and visualization",Data Analyst,00306ABB,4.0,1,DATA ENGINEER,3 tahun 3 bulan,JUNIOR,39,94.11764706,90.0,96.5971692516,0.0,1.2,93.696777586,93.696777586,3.0,51.53929212058,51.53929212058,0.8341815533196937
"Data extraction, transformation, and visualization",Data Analyst,0031857D,4.0,3,DATA SCIENTIST,2 tahun 11 bulan,MIDDLE,35,90.0,,97.6042024997,10.2336902669,1.0,70.0282735258,70.0282735258,5.0,38.994984968674004,38.994984968674004,0.22003118283496328
"Data extraction, transformation, and visualization",Data Analyst,0037569D,2.75,1,AI ENGINEER,2 tahun 8 bulan,MIDDLE,32,82.89473684,90.0,98.498389694,6.7355847106,1.3,98.749547614,98.749547614,21.0,53.629760235419994,53.629760235419994,0.9365277213199269
"Data extraction, transformation, and visualization",Data Analyst,00392144,3.75,0,DATA SCIENTIST,4 tahun 10 bulan,MIDDLE,58,85.0,90.5,98.9522417154,10.5154493741,1.0,77.4187076743,77.4187076743,15.0,42.794415067379,42.794415067379,0.4060455536960886
"Data extraction, transformation, and visualization",Data Analyst,003A7A13,3.0,0,DATA SCIENTIST,2 tahun 10 bulan,JUNIOR,34,82.5,89.5,96.6027405114,1.0754194688,1.0,74.6209033424,74.6209033424,5.0,40.959078771472,40.959078771472,0.3161902549979782
"Data extraction, transformation, and visualization",Data Analyst,003B384C,4.5,3,DATA SCIENTIST,2 tahun 10 bulan,SENIOR,34,80.0,92.0,96.3395202983,44.3903221346,1.1,89.794363496,89.794363496,3.0,49.706012652880005,49.706012652880005,0.7444269538304004
"Data extraction, transformation, and visualization",Data Analyst,003C6A0D,3.75,0,DATA ANALYST,1 tahun 9 bulan,JUNIOR,21,76.20689655,98.0,45.3968253968,2.3230903964,1.0,73.7283503902,73.7283503902,7.0,40.83852570680601,40.83852570680601,0.3102881586580908
"Data extraction, transformation, and visualization",Data Analyst,003CFD5B,2.75,1,DATA ENGINEER,3 tahun 8 bulan,MIDDLE,44,77.5,80.0,98.9522417154,3.0893274449,1.3,89.6443972996,89.6443972996,0.0,48.804030568788,48.804030568788,0.7002672705248519
"Data extraction, transformation, and visualization",Data Analyst,003D5583,3.25,0,DATA SCIENTIST,3 tahun 9 bulan,JUNIOR,45,98.61111111,90.0,98.9522417154,31.463471719,1.0,84.2841556523,84.2841556523,1.0,46.198102495719,46.198102495719,0.5726849599076637
"Data extraction, transformation, and visualization",Data Analyst,0042FA00,2.75,0,DATA ANALYST,3 tahun 1 bulan,JUNIOR,37,80.68965517,90.0,98.9522417154,38.3427977748,1.0,80.1122536136,80.1122536136,2.0,43.751994415208,43.751994415208,0.45292719523404734
"Data extraction, transformation, and visualization",Data Analyst,00430780,2.75,2,DATA ANALYST,2 tahun 10 bulan,MIDDLE,34,87.93103448,86.0,92.1643347143,0.4301677875,1.0,74.0835656652,74.0835656652,2.0,40.556789802556,40.556789802556,0.2964947934384177
"Data extraction, transformation, and visualization",Data Analyst,00434E84,3.5,1,DATA SCIENTIST,3 tahun 9 bulan,JUNIOR,45,80.27777778,95.0,96.1220230528,0.0,1.0,76.485383457,76.485383457,4.0,42.18225323221,42.18225323221,0.3760750329401034
"Data extraction, transformation, and visualization",Data Analyst,00456E77,3.5,1,DATA SCIENTIST,1 tahun 8 bulan,BASIC,20,75.55555556,90.0,17.7777777778,0.0,,67.4044956827,67.4044956827,8.0,37.36938271183101,37.36938271183101,0.14044414656335485
"Data extraction, transformation, and visualization",Data Analyst,0045D05E,2.5,1,DATA SCIENTIST,4 tahun 1 bulan,JUNIOR,49,73.75,85.0,96.7440037291,55.491056416,1.0,78.0721708555,78.0721708555,7.0,42.553250553415005,42.553250553415005,0.3942385025927319
"Data extraction, transformation, and visualization",Data Analyst,00464297,1.5,2,MGT,4 tahun 11 bulan,-,59,,,,,,,,1.0,,,
"Data extraction, transformation, and visualization",Data Analyst,005139FE,3.25,0,DATA ANALYST,4 tahun 1 bulan,MIDDLE,49,79.13793103,85.0,98.9522417154,0.4301677875,1.0,71.4912919476,71.4912919476,2.0,39.417884732228,39.417884732228,0.24073571783394337
"Data extraction, transformation, and visualization",Data Analyst,0052D29A,3.75,1,DATA ANALYST,5 tahun 1 bulan,SENIOR,61,73.10344828,86.0,97.7192982456,51.2417874977,1.0,77.8012250633,77.8012250633,4.0,42.997149283549,42.997149283549,0.4159711153443315
"Data extraction, transformation, and visualization",Data Analyst,00563DC3,4.25,0,DATA ANALYST,3 tahun 6 bulan,MIDDLE,42,76.20689655,96.0,3.7037037037,53.3266455725,1.0,77.6344597313,77.6344597313,4.0,43.143763657589005,43.143763657589005,0.4231491341097103
"Data extraction, transformation, and visualization",Data Analyst,00630639,3.5,1,DATA SCIENTIST,9 tahun 2 bulan,MIDDLE,110,80.0,75.0,98.9522417154,54.8821326185,1.0,75.0274646513,75.0274646513,0.0,41.409556265189,41.409556265189,0.33824495409862115
"Data extraction, transformation, and visualization",Data Analyst,0073D075,4.0,3,DATA SCIENTIST,4 tahun 0 bulan,JUNIOR,48,91.66666667,93.0,58.0116959064,8.2492354431,1.0,77.500618325,77.500618325,4.0,42.95532771225001,42.95532771225001,0.41392359424998193
"Data extraction, transformation, and visualization",Data Analyst,0084C542,3.0,0,DATA ANALYST,4 tahun 0 bulan,MIDDLE,48,74.48275862,80.0,98.9522417154,0.0,1.0,67.6149808506,67.6149808506,2.0,37.245939850818004,37.245939850818004,0.1344005701500244
"Data extraction, transformation, and visualization",Data Analyst,00897237,3.25,0,DATA ANALYST,3 tahun 9 bulan,MIDDLE,45,93.10344828,92.5,94.1423001949,2.5085548458,1.2,95.0743558155,95.0743558155,8.0,51.916908582215,51.916908582215,0.8526690861109353
"Data extraction, transformation, and visualization",Data Analyst,0097B743,3.25,0,MGT,3 tahun 1 bulan,-,37,90.27777778,,98.9522417154,37.0103448893,1.0,77.3225695827,77.3225695827,5.0,42.508461878831,42.508461878831,0.3920457165937772
"Data extraction, transformation, and visualization",Data Analyst,009C501C,4.0,0,DATA ANALYST,2 tahun 9 bulan,MIDDLE,33,71.72413793,91.5,99.537037037,45.8959093909,1.1,87.3635004212,87.3635004212,9.0,48.182655223236004,48.182655223236004,0.6698456701877737
"Data extraction, transformation, and visualization",Data Analyst,017F0DF6,3.75,3,AI ENGINEER,3 tahun 8 bulan,JUNIOR,44,84.07894737,90.0,75.790084404,1.3470096476,1.3,96.1634426675,96.1634426675,9.0,52.729124613775,52.729124613775,0.8924339587863002
Develop ETL/ELT pipelines,Data Engineer,0000ECE6,2.75,2,DATA ANALYST,4 tahun 10 bulan,JUNIOR,58,,,,,,,,9.0,,,
Develop ETL/ELT pipelines,Data Engineer,0001741A,4.25,3,DATA SCIENTIST,4 tahun 11 bulan,JUNIOR,59,88.75,89.5,96.4930913886,12.6845989445,1.0,78.1787671463,78.1787671463,3.0,43.432246587539005,43.432246587539005,0.4443069704220052
Develop ETL/ELT pipelines,Data Engineer,00017D8B,4.75,3,DATA ENGINEER,3 tahun 9 bulan,SENIOR,45,86.02941176,94.0,88.8888888889,14.482615467,1.2,95.2346475844,95.2346475844,0.0,52.706863219732,52.706863219732,0.8881648337440411
Develop ETL/ELT pipelines,Data Engineer,00049B4B,2.0,0,DATA ANALYST,3 tahun 9 bulan,MIDDLE,45,76.66666667,,99.4152046784,13.616265803,1.0,62.6570672707,62.6570672707,8.0,34.148245653471,34.148245653471,0.0
Develop ETL/ELT pipelines,Data Engineer,0004E1C5,2.75,1,AI ENGINEER,1 tahun 0 bulan,MIDDLE,12,98.68421053,,85.4256716671,27.4434510067,1.2,94.462392646,94.462392646,3.0,51.35756810238,51.35756810238,0.8235912484920215
Develop ETL/ELT pipelines,Data Engineer,00050DC9,2.75,2,DATA ANALYST,3 tahun 6 bulan,MIDDLE,42,73.27586207,90.0,93.7469277057,9.2877346217,1.1,80.5550616974,80.5550616974,9.0,43.986682699622,43.986682699622,0.470840770989409
Develop ETL/ELT pipelines,Data Engineer,00055602,2.75,0,DATA SCIENTIST,0 tahun 9 bulan,JUNIOR,9,80.27777778,84.0,0.0,0.0,1.2,77.5622022708,77.5622022708,1.0,42.400467203524,42.400467203524,0.39492882241112187
Develop ETL/ELT pipelines,Data Engineer,0006B570,4.0,3,DATA ANALYST,4 tahun 11 bulan,JUNIOR,59,75.86206897,86.0,98.469149928,0.8603355751,1.0,71.0634376852,71.0634376852,4.0,39.54362197315601,39.54362197315601,0.2582079993216332
Develop ETL/ELT pipelines,Data Engineer,0006F238,3.5,1,DATA SCIENTIST,4 tahun 8 bulan,MIDDLE,56,97.22222222,,98.9522417154,54.9046621779,1.1,95.020460512,95.020460512,7.0,52.00584407136,52.00584407136,0.8546159687414501
Develop ETL/ELT pipelines,Data Engineer,0008CEE3,4.5,3,DATA ENGINEER,8 tahun 3 bulan,SENIOR,99,88.23529412,93.0,81.2753036437,0.0,1.3,99.8654925819,99.8654925819,21.0,55.043711068407006,55.043711068407006,1.0
Develop ETL/ELT pipelines,Data Engineer,0008DB3D,3.75,3,AI ENGINEER,4 tahun 5 bulan,MIDDLE,53,78.94736842,95.5,97.9135943724,2.0205144715,1.3,99.7997608046,99.7997608046,26.0,54.656373226438006,54.656373226438006,0.9814630670206498
Develop ETL/ELT pipelines,Data Engineer,0008EF5A,2.5,0,DATA SCIENTIST,3 tahun 9 bulan,JUNIOR,45,87.5,70.0,98.9522417154,0.0,1.0,66.4806914307,66.4806914307,2.0,36.409766458271,36.409766458271,0.10823021932708293
Develop ETL/ELT pipelines,Data Engineer,00093BBA,1.75,2,MGT,4 tahun 11 bulan,-,59,,,,,,,,1.0,,,
Develop ETL/ELT pipelines,Data Engineer,000BC56E,3.5,1,DATA ANALYST,3 tahun 2 bulan,JUNIOR,38,77.67241379,89.0,95.0048732943,0.4301677875,1.0,72.7677924824,72.7677924824,2.0,40.211930015672,40.211930015672,0.2901913999899089
Develop ETL/ELT pipelines,Data Engineer,000BE0C5,4.5,3,DATA ANALYST,3 tahun 0 bulan,MIDDLE,36,79.13793103,90.5,96.8024832613,9.3020121433,1.0,75.3882483655,75.3882483655,0.0,42.070771633715005,42.070771633715005,0.3791504914066671
Develop ETL/ELT pipelines,Data Engineer,000BF13A,2.25,2,DATA ANALYST,4 tahun 11 bulan,JUNIOR,59,85.34482759,84.0,76.9401195515,0.4301677875,1.0,71.3283335517,71.3283335517,2.0,38.861516782401,38.861516782401,0.22556430475872372
Develop ETL/ELT pipelines,Data Engineer,000C7109,3.0,1,DATA SCIENTIST,6 tahun 6 bulan,MIDDLE,78,,,,,,,,9.0,,,
Develop ETL/ELT pipelines,Data Engineer,000C72E4,4.25,1,DATA ENGINEER,5 tahun 0 bulan,MIDDLE,60,76.47058824,91.5,89.9596364099,0.0,1.2,87.8939523114,87.8939523114,3.0,48.58129472504201,48.58129472504201,0.6907263745967732
Develop ETL/ELT pipelines,Data Engineer,000CEE2B,2.75,0,DATA ANALYST,3 tahun 11 bulan,MIDDLE,47,74.48275862,90.0,98.9522417154,10.5359979556,1.0,74.1194724896,74.1194724896,4.0,40.575820419488,40.575820419488,0.3076062025123684
Develop ETL/ELT pipelines,Data Engineer,000FCFC2,4.75,3,AI ENGINEER,1 tahun 10 bulan,JUNIOR,22,80.52631579,95.0,98.9522417154,34.6152175938,1.0,81.9618884287,81.9618884287,16.0,45.672300867211,45.672300867211,0.5515098603883044
Develop ETL/ELT pipelines,Data Engineer,00101A0D,2.5,0,DATA SCIENTIST,4 tahun 0 bulan,JUNIOR,48,82.5,94.0,39.414983165,7.0665492569,1.0,73.9040356956,73.9040356956,2.0,40.344138918668,40.344138918668,0.29651855759901846
Develop ETL/ELT pipelines,Data Engineer,00103C57,3.75,1,DATA ANALYST,4 tahun 11 bulan,JUNIOR,59,80.60344828,81.5,80.2615189223,5.8627640301,1.0,69.7620596418,69.7620596418,15.0,38.736391610154,38.736391610154,0.21957615518836013
Develop ETL/ELT pipelines,Data Engineer,00104933,1.25,2,MGT,3 tahun 11 bulan,-,47,89.65517241,,98.469149928,8.7007929068,1.0,69.5023814571,69.5023814571,1.0,37.423762172263004,37.423762172263004,0.15675728938062683
Develop ETL/ELT pipelines,Data Engineer,001356B3,2.75,1,DATA SCIENTIST,1 tahun 10 bulan,JUNIOR,22,98.61111111,,98.9522417154,37.4823489904,1.0,82.7234066868,82.7234066868,7.0,45.135905544004004,45.135905544004004,0.5258394427854697
Develop ETL/ELT pipelines,Data Engineer,0013A32D,1.0,2,MGT,5 tahun 9 bulan,-,69,79.13793103,99.0,88.8109161793,8.7722486646,1.0,78.9526210358,78.9526210358,1.0,42.314889148974,42.314889148974,0.39083329006232653
Develop ETL/ELT pipelines,Data Engineer,0013D24E,3.0,1,DATA SCIENTIST,4 tahun 9 bulan,JUNIOR,57,66.25,92.0,97.9135943724,0.0,1.1,78.1589269578,78.1589269578,0.0,42.834231287634005,42.834231287634005,0.41568758875092066
Develop ETL/ELT pipelines,Data Engineer,0014B046,3.0,1,DATA SCIENTIST,7 tahun 8 bulan,SENIOR,92,84.72222222,87.0,0.0,0.0,1.0,67.4019777006,67.4019777006,6.0,37.133048181317996,37.133048181317996,0.14284451045122298
Develop ETL/ELT pipelines,Data Engineer,0014CA34,2.5,0,DATA SCIENTIST,4 tahun 1 bulan,JUNIOR,49,82.5,95.0,99.537037037,30.4375931247,1.0,81.9453180716,81.9453180716,1.0,44.606018577948,44.606018577948,0.5004804974098265
Develop ETL/ELT pipelines,Data Engineer,0014EEF4,4.75,1,DATA ENGINEER,2 tahun 11 bulan,MIDDLE,35,85.0,93.5,80.9809654856,9.0371304039,1.2,92.960313373,92.960313373,8.0,51.501466087690005,51.501466087690005,0.8304778137085659
Develop ETL/ELT pipelines,Data Engineer,0014F3E9,4.25,3,DATA ANALYST,3 tahun 1 bulan,JUNIOR,37,75.86206897,,98.257797271,12.7921561676,1.0,61.80993377,61.80993377,2.0,34.7567648981,34.7567648981,0.029122071824924916
Develop ETL/ELT pipelines,Data Engineer,001ABDF5,3.5,1,DATA ANALYST,3 tahun 4 bulan,MIDDLE,40,82.24137931,98.5,98.9522417154,50.3029972195,1.0,86.5446547165,86.5446547165,8.0,47.513666999745006,47.513666999745006,0.63963262271825
Develop ETL/ELT pipelines,Data Engineer,001AE6FC,2.75,0,DATA ANALYST,3 tahun 4 bulan,JUNIOR,40,82.24137931,84.5,98.469149928,0.4301677875,,72.1149630886,72.1149630886,2.0,39.513430436958004,39.513430436958004,0.25676311472114843
Develop ETL/ELT pipelines,Data Engineer,001F9B47,4.25,1,DATA ENGINEER,3 tahun 1 bulan,JUNIOR,37,58.75,87.0,96.1884481736,8.6577453183,1.2,81.1247503422,81.1247503422,1.0,44.993617681366004,44.993617681366004,0.5190299336497558
Develop ETL/ELT pipelines,Data Engineer,002018BB,3.25,0,DATA SCIENTIST,10 tahun 10 bulan,SENIOR,130,97.22222222,98.0,50.5555555556,43.7450704533,1.0,86.4214334385,86.4214334385,18.0,47.33085972240501,47.33085972240501,0.6308839648774285
Develop ETL/ELT pipelines,Data Engineer,0020C6B5,3.5,3,DATA ANALYST,2 tahun 10 bulan,MIDDLE,34,75.86206897,88.5,98.3674463938,3.3392709766,1.0,72.659385698,72.659385698,3.0,40.15447441994,40.15447441994,0.28744173183985505
Develop ETL/ELT pipelines,Data Engineer,002201AD,2.5,0,DATA ANALYST,4 tahun 10 bulan,MIDDLE,58,91.37931034,95.0,99.537037037,0.4301677875,1.0,80.0052980974,80.0052980974,2.0,43.577807991622,43.577807991622,0.45127314232545324
Develop ETL/ELT pipelines,Data Engineer,00270615,3.0,0,DATA ANALYST,3 tahun 9 bulan,JUNIOR,45,93.10344828,75.0,98.9814814815,29.9520058526,1.0,75.0818725109,75.0818725109,1.0,41.203392430777,41.203392430777,0.337640087799289
Develop ETL/ELT pipelines,Data Engineer,00277DF9,2.5,0,AI ENGINEER,0 tahun 5 bulan,MIDDLE,5,,,,,,,,4.0,,,
Develop ETL/ELT pipelines,Data Engineer,002D5AC9,4.0,3,DATA SCIENTIST,3 tahun 8 bulan,MIDDLE,44,78.88888889,92.0,97.4707602339,57.4757263933,1.0,83.3553945397,83.3553945397,3.0,46.058359106041,46.058359106041,0.5699855550504606
Develop ETL/ELT pipelines,Data Engineer,002DF96D,3.75,3,DATA SCIENTIST,5 tahun 0 bulan,MIDDLE,60,78.88888889,91.0,46.8542261807,5.4541409456,1.1,78.7985129608,78.7985129608,15.0,43.525711869224004,43.525711869224004,0.4487799639557214
Develop ETL/ELT pipelines,Data Engineer,002E9001,4.0,1,DATA ENGINEER,7 tahun 8 bulan,SENIOR,92,,,,,,,,10.0,,,
Develop ETL/ELT pipelines,Data Engineer,002EC9F6,1.5,2,DATA SCIENTIST,4 tahun 7 bulan,MIDDLE,55,97.22222222,96.5,83.7230473171,43.7450704533,1.1,96.6970538768,96.6970538768,0.0,51.954438554704,51.954438554704,0.8521558408794854
Develop ETL/ELT pipelines,Data Engineer,00302AE1,3.5,1,DATA ENGINEER,2 tahun 5 bulan,MIDDLE,29,84.70588235,89.0,97.8411306043,0.4301677875,1.2,90.0022582512,90.0022582512,2.0,49.34619687313601,49.34619687313601,0.7273325057790561
Develop ETL/ELT pipelines,Data Engineer,00306ABB,3.5,1,DATA ENGINEER,3 tahun 3 bulan,JUNIOR,39,94.11764706,90.0,96.5971692516,0.0,1.2,93.696777586,93.696777586,3.0,51.30429212058,51.30429212058,0.8210416052683812
Develop ETL/ELT pipelines,Data Engineer,0031857D,3.25,3,DATA SCIENTIST,2 tahun 11 bulan,MIDDLE,35,90.0,,97.6042024997,10.2336902669,1.0,70.0282735258,70.0282735258,5.0,38.642484968674,38.642484968674,0.21508203937829162
Develop ETL/ELT pipelines,Data Engineer,0037569D,3.0,1,AI ENGINEER,2 tahun 8 bulan,MIDDLE,32,82.89473684,90.0,98.498389694,6.7355847106,1.3,98.749547614,98.749547614,21.0,53.74726023541999,53.74726023541999,0.9379553981094715
Develop ETL/ELT pipelines,Data Engineer,00392144,3.25,0,DATA SCIENTIST,4 tahun 10 bulan,MIDDLE,58,85.0,90.5,98.9522417154,10.5154493741,1.0,77.4187076743,77.4187076743,15.0,42.55941506737899,42.55941506737899,0.40253563377897855
Develop ETL/ELT pipelines,Data Engineer,003A7A13,2.5,0,DATA SCIENTIST,2 tahun 10 bulan,JUNIOR,34,82.5,89.5,96.6027405114,1.0754194688,1.0,74.6209033424,74.6209033424,5.0,40.724078771472,40.724078771472,0.3147014429887079
Develop ETL/ELT pipelines,Data Engineer,003B384C,3.75,3,DATA SCIENTIST,2 tahun 10 bulan,SENIOR,34,80.0,92.0,96.3395202983,44.3903221346,1.1,89.794363496,89.794363496,3.0,49.353512652880006,49.353512652880006,0.7276826190499845
Develop ETL/ELT pipelines,Data Engineer,003C6A0D,2.75,0,DATA ANALYST,1 tahun 9 bulan,JUNIOR,21,76.20689655,98.0,45.3968253968,2.3230903964,1.0,73.7283503902,73.7283503902,7.0,40.368525706806004,40.368525706806004,0.2976856427849063
Develop ETL/ELT pipelines,Data Engineer,003CFD5B,3.25,1,DATA ENGINEER,3 tahun 8 bulan,MIDDLE,44,77.5,80.0,98.9522417154,3.0893274449,1.3,89.6443972996,89.6443972996,0.0,49.03903056878801,49.03903056878801,0.712632363989994
Develop ETL/ELT pipelines,Data Engineer,003D5583,2.75,0,DATA SCIENTIST,3 tahun 9 bulan,JUNIOR,45,98.61111111,90.0,98.9522417154,31.463471719,1.0,84.2841556523,84.2841556523,1.0,45.963102495719,45.963102495719,0.5654268334125154
Develop ETL/ELT pipelines,Data Engineer,0042FA00,2.25,0,DATA ANALYST,3 tahun 1 bulan,JUNIOR,37,80.68965517,90.0,98.9522417154,38.3427977748,1.0,80.1122536136,80.1122536136,2.0,43.516994415208,43.516994415208,0.4483627703760192
Develop ETL/ELT pipelines,Data Engineer,00430780,2.75,2,DATA ANALYST,2 tahun 10 bulan,MIDDLE,34,87.93103448,86.0,92.1643347143,0.4301677875,1.0,74.0835656652,74.0835656652,2.0,40.556789802556,40.556789802556,0.30669544907596036
Develop ETL/ELT pipelines,Data Engineer,00434E84,3.5,1,DATA SCIENTIST,3 tahun 9 bulan,JUNIOR,45,80.27777778,95.0,96.1220230528,0.0,1.0,76.485383457,76.485383457,4.0,42.18225323221,42.18225323221,0.38448569673860056
Develop ETL/ELT pipelines,Data Engineer,00456E77,3.25,1,DATA SCIENTIST,1 tahun 8 bulan,BASIC,20,75.55555556,90.0,17.7777777778,0.0,,67.4044956827,67.4044956827,8.0,37.251882711831,37.251882711831,0.14853160706061763
Develop ETL/ELT pipelines,Data Engineer,0045D05E,2.5,1,DATA SCIENTIST,4 tahun 1 bulan,JUNIOR,49,73.75,85.0,96.7440037291,55.491056416,1.0,78.0721708555,78.0721708555,7.0,42.553250553415005,42.553250553415005,0.4022406169491748
Develop ETL/ELT pipelines,Data Engineer,00464297,1.25,2,MGT,4 tahun 11 bulan,-,59,,,,,,,,1.0,,,
Develop ETL/ELT pipelines,Data Engineer,005139FE,2.75,0,DATA ANALYST,4 tahun 1 bulan,MIDDLE,49,79.13793103,85.0,98.9522417154,0.4301677875,1.0,71.4912919476,71.4912919476,2.0,39.182884732228004,39.182884732228004,0.24094409857740046
Develop ETL/ELT pipelines,Data Engineer,0052D29A,3.5,1,DATA ANALYST,5 tahun 1 bulan,SENIOR,61,73.10344828,86.0,97.7192982456,51.2417874977,1.0,77.8012250633,77.8012250633,4.0,42.879649283549,42.879649283549,0.41786117019613367
Develop ETL/ELT pipelines,Data Engineer,00563DC3,3.25,0,DATA ANALYST,3 tahun 6 bulan,MIDDLE,42,76.20689655,96.0,3.7037037037,53.3266455725,1.0,77.6344597313,77.6344597313,4.0,42.67376365758901,42.67376365758901,0.40800804551709074
Develop ETL/ELT pipelines,Data Engineer,00630639,3.25,1,DATA SCIENTIST,9 tahun 2 bulan,MIDDLE,110,80.0,75.0,98.9522417154,54.8821326185,1.0,75.0274646513,75.0274646513,0.0,41.292056265189004,41.292056265189004,0.34188329715841753
Develop ETL/ELT pipelines,Data Engineer,0073D075,3.5,3,DATA SCIENTIST,4 tahun 0 bulan,JUNIOR,48,91.66666667,93.0,58.0116959064,8.2492354431,1.0,77.500618325,77.500618325,4.0,42.72032771225001,42.72032771225001,0.41023647420897913
Develop ETL/ELT pipelines,Data Engineer,0084C542,2.75,0,DATA ANALYST,4 tahun 0 bulan,MIDDLE,48,74.48275862,80.0,98.9522417154,0.0,1.0,67.6149808506,67.6149808506,2.0,37.128439850818005,37.128439850818005,0.14262396831882823
Develop ETL/ELT pipelines,Data Engineer,00897237,2.25,0,DATA ANALYST,3 tahun 9 bulan,MIDDLE,45,93.10344828,92.5,94.1423001949,2.5085548458,1.2,95.0743558155,95.0743558155,8.0,51.446908582215,51.446908582215,0.827866840256115
Develop ETL/ELT pipelines,Data Engineer,0097B743,2.5,0,MGT,3 tahun 1 bulan,-,37,90.27777778,,98.9522417154,37.0103448893,1.0,77.3225695827,77.3225695827,5.0,42.155961878831,42.155961878831,0.38322746425337395
Develop ETL/ELT pipelines,Data Engineer,009C501C,3.25,0,DATA ANALYST,2 tahun 9 bulan,MIDDLE,33,71.72413793,91.5,99.537037037,45.8959093909,1.1,87.3635004212,87.3635004212,9.0,47.830155223236005,47.830155223236005,0.6547788861398236
Develop ETL/ELT pipelines,Data Engineer,017F0DF6,3.75,3,AI ENGINEER,3 tahun 8 bulan,JUNIOR,44,84.07894737,90.0,75.790084404,1.3470096476,1.3,96.1634426675,96.1634426675,9.0,52.729124613775,52.729124613775,0.8892302033637619
Develop MLOps pipelines,AI Engineer,0000ECE6,1.0,2,DATA ANALYST,4 tahun 10 bulan,JUNIOR,58,,,,,,,,9.0,,,
Develop MLOps pipelines,AI Engineer,0001741A,5.0,3,DATA SCIENTIST,4 tahun 11 bulan,JUNIOR,59,88.75,89.5,96.4930913886,12.6845989445,1.0,78.1787671463,78.1787671463,3.0,43.784746587539004,43.784746587539004,0.478290503100999
Develop MLOps pipelines,AI Engineer,00017D8B,4.0,3,DATA ENGINEER,3 tahun 9 bulan,SENIOR,45,86.02941176,94.0,88.8888888889,14.482615467,1.2,95.2346475844,95.2346475844,0.0,52.354363219732,52.354363219732,0.8838479039396757
Develop MLOps pipelines,AI Engineer,00049B4B,1.0,0,DATA ANALYST,3 tahun 9 bulan,MIDDLE,45,76.66666667,,99.4152046784,13.616265803,1.0,62.6570672707,62.6570672707,8.0,33.678245653471,33.678245653471,0.0
Develop MLOps pipelines,AI Engineer,0004E1C5,3.0,1,AI ENGINEER,1 tahun 0 bulan,MIDDLE,12,98.68421053,,85.4256716671,27.4434510067,1.2,94.462392646,94.462392646,3.0,51.47506810238,51.47506810238,0.8422352323735078
Develop MLOps pipelines,AI Engineer,00050DC9,1.0,2,DATA ANALYST,3 tahun 6 bulan,MIDDLE,42,73.27586207,90.0,93.7469277057,9.2877346217,1.1,80.5550616974,80.5550616974,9.0,43.164182699622,43.164182699622,0.4489222958357508
Develop MLOps pipelines,AI Engineer,00055602,1.0,0,DATA SCIENTIST,0 tahun 9 bulan,JUNIOR,9,80.27777778,84.0,0.0,0.0,1.2,77.5622022708,77.5622022708,1.0,41.577967203524004,41.577967203524004,0.37385459311601854
Develop MLOps pipelines,AI Engineer,0006B570,3.0,3,DATA ANALYST,4 tahun 11 bulan,JUNIOR,59,75.86206897,86.0,98.469149928,0.8603355751,1.0,71.0634376852,71.0634376852,4.0,39.073621973156,39.073621973156,0.25533636925343317
Develop MLOps pipelines,AI Engineer,0006F238,3.0,1,DATA SCIENTIST,4 tahun 8 bulan,MIDDLE,56,97.22222222,,98.9522417154,54.9046621779,1.1,95.020460512,95.020460512,7.0,51.770844071359996,51.770844071359996,0.8562328402430879
Develop MLOps pipelines,AI Engineer,0008CEE3,4.0,3,DATA ENGINEER,8 tahun 3 bulan,SENIOR,99,88.23529412,93.0,81.2753036437,0.0,1.3,99.8654925819,99.8654925819,21.0,54.80871106840701,54.80871106840701,1.0
Develop MLOps pipelines,AI Engineer,0008DB3D,3.0,3,AI ENGINEER,4 tahun 5 bulan,MIDDLE,53,78.94736842,95.5,97.9135943724,2.0205144715,1.3,99.7997608046,99.7997608046,26.0,54.303873226438,54.303873226438,0.976108531825704
Develop MLOps pipelines,AI Engineer,0008EF5A,1.0,0,DATA SCIENTIST,3 tahun 9 bulan,JUNIOR,45,87.5,70.0,98.9522417154,0.0,1.0,66.4806914307,66.4806914307,2.0,35.704766458271,35.704766458271,0.09590516654534076
Develop MLOps pipelines,AI Engineer,00093BBA,1.0,2,MGT,4 tahun 11 bulan,-,59,,,,,,,,1.0,,,
Develop MLOps pipelines,AI Engineer,000BC56E,2.0,1,DATA ANALYST,3 tahun 2 bulan,JUNIOR,38,77.67241379,89.0,95.0048732943,0.4301677875,1.0,72.7677924824,72.7677924824,2.0,39.506930015672,39.506930015672,0.2758426872169606
Develop MLOps pipelines,AI Engineer,000BE0C5,3.0,3,DATA ANALYST,3 tahun 0 bulan,MIDDLE,36,79.13793103,90.5,96.8024832613,9.3020121433,1.0,75.3882483655,75.3882483655,0.0,41.365771633715,41.365771633715,0.36381243050189005
Develop MLOps pipelines,AI Engineer,000BF13A,1.0,2,DATA ANALYST,4 tahun 11 bulan,JUNIOR,59,85.34482759,84.0,76.9401195515,0.4301677875,1.0,71.3283335517,71.3283335517,2.0,38.274016782401,38.274016782401,0.21749502619480826
Develop MLOps pipelines,AI Engineer,000C7109,3.0,1,DATA SCIENTIST,6 tahun 6 bulan,MIDDLE,78,,,,,,,,9.0,,,
Develop MLOps pipelines,AI Engineer,000C72E4,3.0,1,DATA ENGINEER,5 tahun 0 bulan,MIDDLE,60,76.47058824,91.5,89.9596364099,0.0,1.2,87.8939523114,87.8939523114,3.0,47.993794725042,47.993794725042,0.6774838504717504
Develop MLOps pipelines,AI Engineer,000CEE2B,1.0,0,DATA ANALYST,3 tahun 11 bulan,MIDDLE,47,74.48275862,90.0,98.9522417154,10.5359979556,1.0,74.1194724896,74.1194724896,4.0,39.753320419488,39.753320419488,0.28750312152248425
Develop MLOps pipelines,AI Engineer,000FCFC2,5.0,3,AI ENGINEER,1 tahun 10 bulan,JUNIOR,22,80.52631579,95.0,98.9522417154,34.6152175938,1.0,81.9618884287,81.9618884287,16.0,45.789800867211,45.789800867211,0.5731797656089005
Develop MLOps pipelines,AI Engineer,00101A0D,1.0,0,DATA SCIENTIST,4 tahun 0 bulan,JUNIOR,48,82.5,94.0,39.414983165,7.0665492569,1.0,73.9040356956,73.9040356956,2.0,39.639138918668,39.639138918668,0.2820994780826532
Develop MLOps pipelines,AI Engineer,00103C57,3.0,1,DATA ANALYST,4 tahun 11 bulan,JUNIOR,59,80.60344828,81.5,80.2615189223,5.8627640301,1.0,69.7620596418,69.7620596418,15.0,38.383891610153995,38.383891610153995,0.2226948561841341
Develop MLOps pipelines,AI Engineer,00104933,1.0,2,MGT,3 tahun 11 bulan,-,47,89.65517241,,98.469149928,8.7007929068,1.0,69.5023814571,69.5023814571,1.0,37.306262172263004,37.306262172263004,0.17169600610062993
Develop MLOps pipelines,AI Engineer,001356B3,2.0,1,DATA SCIENTIST,1 tahun 10 bulan,JUNIOR,22,98.61111111,,98.9522417154,37.4823489904,1.0,82.7234066868,82.7234066868,7.0,44.783405544004005,44.783405544004005,0.5255520724443369
Develop MLOps pipelines,AI Engineer,0013A32D,1.0,2,MGT,5 tahun 9 bulan,-,69,79.13793103,99.0,88.8109161793,8.7722486646,1.0,78.9526210358,78.9526210358,1.0,42.314889148974,42.314889148974,0.408729449442141
Develop MLOps pipelines,AI Engineer,0013D24E,3.0,1,DATA SCIENTIST,4 tahun 9 bulan,JUNIOR,57,66.25,92.0,97.9135943724,0.0,1.1,78.1589269578,78.1589269578,0.0,42.834231287634005,42.834231287634005,0.4333073339544676
Develop MLOps pipelines,AI Engineer,0014B046,1.0,1,DATA SCIENTIST,7 tahun 8 bulan,SENIOR,92,84.72222222,87.0,0.0,0.0,1.0,67.4019777006,67.4019777006,6.0,36.193048181318,36.193048181318,0.11901311582419834
Develop MLOps pipelines,AI Engineer,0014CA34,2.0,0,DATA SCIENTIST,4 tahun 1 bulan,JUNIOR,49,82.5,95.0,99.537037037,30.4375931247,1.0,81.9453180716,81.9453180716,1.0,44.371018577948,44.371018577948,0.50603584514134
Develop MLOps pipelines,AI Engineer,0014EEF4,2.0,1,DATA ENGINEER,2 tahun 11 bulan,MIDDLE,35,85.0,93.5,80.9809654856,9.0371304039,1.2,92.960313373,92.960313373,8.0,50.20896608769,50.20896608769,0.7823169111331694
Develop MLOps pipelines,AI Engineer,0014F3E9,2.0,3,DATA ANALYST,3 tahun 1 bulan,JUNIOR,37,75.86206897,,98.257797271,12.7921561676,1.0,61.80993377,61.80993377,2.0,33.6992648981,33.6992648981,0.0009947364724933031
Develop MLOps pipelines,AI Engineer,001ABDF5,1.0,1,DATA ANALYST,3 tahun 4 bulan,MIDDLE,40,82.24137931,98.5,98.9522417154,50.3029972195,1.0,86.5446547165,86.5446547165,8.0,46.338666999745,46.338666999745,0.5991548741432368
Develop MLOps pipelines,AI Engineer,001AE6FC,2.0,0,DATA ANALYST,3 tahun 4 bulan,JUNIOR,40,82.24137931,84.5,98.469149928,0.4301677875,,72.1149630886,72.1149630886,2.0,39.160930436958004,39.160930436958004,0.25946824529532525
Develop MLOps pipelines,AI Engineer,001F9B47,3.0,1,DATA ENGINEER,3 tahun 1 bulan,JUNIOR,37,58.75,87.0,96.1884481736,8.6577453183,1.2,81.1247503422,81.1247503422,1.0,44.406117681366,44.406117681366,0.5076969114136044
Develop MLOps pipelines,AI Engineer,002018BB,1.0,0,DATA SCIENTIST,10 tahun 10 bulan,SENIOR,130,97.22222222,98.0,50.5555555556,43.7450704533,1.0,86.4214334385,86.4214334385,18.0,46.273359722405004,46.273359722405004,0.5960642050047409
Develop MLOps pipelines,AI Engineer,0020C6B5,1.0,3,DATA ANALYST,2 tahun 10 bulan,MIDDLE,34,75.86206897,88.5,98.3674463938,3.3392709766,1.0,72.659385698,72.659385698,3.0,38.97947441994,38.97947441994,0.2508808330706165
Develop MLOps pipelines,AI Engineer,002201AD,1.0,0,DATA ANALYST,4 tahun 10 bulan,MIDDLE,58,91.37931034,95.0,99.537037037,0.4301677875,1.0,80.0052980974,80.0052980974,2.0,42.872807991622004,42.872807991622004,0.43513297779290055
Develop MLOps pipelines,AI Engineer,00270615,2.0,0,DATA ANALYST,3 tahun 9 bulan,JUNIOR,45,93.10344828,75.0,98.9814814815,29.9520058526,1.0,75.0818725109,75.0818725109,1.0,40.733392430777,40.733392430777,0.333885063048308
Develop MLOps pipelines,AI Engineer,00277DF9,3.0,0,AI ENGINEER,0 tahun 5 bulan,MIDDLE,5,,,,,,,,4.0,,,
Develop MLOps pipelines,AI Engineer,002D5AC9,4.0,3,DATA SCIENTIST,3 tahun 8 bulan,MIDDLE,44,78.88888889,92.0,97.4707602339,57.4757263933,1.0,83.3553945397,83.3553945397,3.0,46.058359106041,46.058359106041,0.5858892934662554
Develop MLOps pipelines,AI Engineer,002DF96D,1.0,3,DATA SCIENTIST,5 tahun 0 bulan,MIDDLE,60,78.88888889,91.0,46.8542261807,5.4541409456,1.1,78.7985129608,78.7985129608,15.0,42.233211869224,42.233211869224,0.4048640693785167
Develop MLOps pipelines,AI Engineer,002E9001,3.0,1,DATA ENGINEER,7 tahun 8 bulan,SENIOR,92,,,,,,,,10.0,,,
Develop MLOps pipelines,AI Engineer,002EC9F6,2.0,2,DATA SCIENTIST,4 tahun 7 bulan,MIDDLE,55,97.22222222,96.5,83.7230473171,43.7450704533,1.1,96.6970538768,96.6970538768,0.0,52.189438554704,52.189438554704,0.8760428385144993
Develop MLOps pipelines,AI Engineer,00302AE1,2.0,1,DATA ENGINEER,2 tahun 5 bulan,MIDDLE,29,84.70588235,89.0,97.8411306043,0.4301677875,1.2,90.0022582512,90.0022582512,2.0,48.641196873136,48.641196873136,0.7081221793197459
Develop MLOps pipelines,AI Engineer,00306ABB,2.0,1,DATA ENGINEER,3 tahun 3 bulan,JUNIOR,39,94.11764706,90.0,96.5971692516,0.0,1.2,93.696777586,93.696777586,3.0,50.599292120579996,50.599292120579996,0.8007891040179552
Develop MLOps pipelines,AI Engineer,0031857D,3.0,3,DATA SCIENTIST,2 tahun 11 bulan,MIDDLE,35,90.0,,97.6042024997,10.2336902669,1.0,70.0282735258,70.0282735258,5.0,38.524984968674,38.524984968674,0.229372104212011
Develop MLOps pipelines,AI Engineer,0037569D,3.0,1,AI ENGINEER,2 tahun 8 bulan,MIDDLE,32,82.89473684,90.0,98.498389694,6.7355847106,1.3,98.749547614,98.749547614,21.0,53.74726023541999,53.74726023541999,0.9497668029480917
Develop MLOps pipelines,AI Engineer,00392144,2.0,0,DATA SCIENTIST,4 tahun 10 bulan,MIDDLE,58,85.0,90.5,98.9522417154,10.5154493741,1.0,77.4187076743,77.4187076743,15.0,41.971915067378994,41.971915067378994,0.3924981892753596
Develop MLOps pipelines,AI Engineer,003A7A13,1.0,0,DATA SCIENTIST,2 tahun 10 bulan,JUNIOR,34,82.5,89.5,96.6027405114,1.0754194688,1.0,74.6209033424,74.6209033424,5.0,40.019078771472,40.019078771472,0.30008014463888727
Develop MLOps pipelines,AI Engineer,003B384C,4.0,3,DATA SCIENTIST,2 tahun 10 bulan,SENIOR,34,80.0,92.0,96.3395202983,44.3903221346,1.1,89.794363496,89.794363496,3.0,49.471012652880006,49.471012652880006,0.747393239537731
Develop MLOps pipelines,AI Engineer,003C6A0D,1.0,0,DATA ANALYST,1 tahun 9 bulan,JUNIOR,21,76.20689655,98.0,45.3968253968,2.3230903964,1.0,73.7283503902,73.7283503902,7.0,39.546025706806006,39.546025706806006,0.27769289213986653
Develop MLOps pipelines,AI Engineer,003CFD5B,2.0,1,DATA ENGINEER,3 tahun 8 bulan,MIDDLE,44,77.5,80.0,98.9522417154,3.0893274449,1.3,89.6443972996,89.6443972996,0.0,48.451530568788,48.451530568788,0.6991462149657408
Develop MLOps pipelines,AI Engineer,003D5583,3.0,0,DATA SCIENTIST,3 tahun 9 bulan,JUNIOR,45,98.61111111,90.0,98.9522417154,31.463471719,1.0,84.2841556523,84.2841556523,1.0,46.080602495719,46.080602495719,0.5869419626451498
Develop MLOps pipelines,AI Engineer,0042FA00,1.0,0,DATA ANALYST,3 tahun 1 bulan,JUNIOR,37,80.68965517,90.0,98.9522417154,38.3427977748,1.0,80.1122536136,80.1122536136,2.0,42.929494415208005,42.929494415208005,0.4378156647320123
Develop MLOps pipelines,AI Engineer,00430780,1.0,2,DATA ANALYST,2 tahun 10 bulan,MIDDLE,34,87.93103448,86.0,92.1643347143,0.4301677875,1.0,74.0835656652,74.0835656652,2.0,39.734289802556,39.734289802556,0.28660249692391065
Develop MLOps pipelines,AI Engineer,00434E84,3.0,1,DATA SCIENTIST,3 tahun 9 bulan,JUNIOR,45,80.27777778,95.0,96.1220230528,0.0,1.0,76.485383457,76.485383457,4.0,41.947253232209995,41.947253232209995,0.3913310670807123
Develop MLOps pipelines,AI Engineer,00456E77,2.0,1,DATA SCIENTIST,1 tahun 8 bulan,BASIC,20,75.55555556,90.0,17.7777777778,0.0,,67.4044956827,67.4044956827,8.0,36.664382711831,36.664382711831,0.14131903863552664
Develop MLOps pipelines,AI Engineer,0045D05E,2.0,1,DATA SCIENTIST,4 tahun 1 bulan,JUNIOR,49,73.75,85.0,96.7440037291,55.491056416,1.0,78.0721708555,78.0721708555,7.0,42.318250553415005,42.318250553415005,0.4088885280225225
Develop MLOps pipelines,AI Engineer,00464297,1.0,2,MGT,4 tahun 11 bulan,-,59,,,,,,,,1.0,,,
Develop MLOps pipelines,AI Engineer,005139FE,2.0,0,DATA ANALYST,4 tahun 1 bulan,MIDDLE,49,79.13793103,85.0,98.9522417154,0.4301677875,1.0,71.4912919476,71.4912919476,2.0,38.830384732228005,38.830384732228005,0.24382515848965775
Develop MLOps pipelines,AI Engineer,0052D29A,3.0,1,DATA ANALYST,5 tahun 1 bulan,SENIOR,61,73.10344828,86.0,97.7192982456,51.2417874977,1.0,77.8012250633,77.8012250633,4.0,42.64464928354899,42.64464928354899,0.4243353591132979
Develop MLOps pipelines,AI Engineer,00563DC3,2.0,0,DATA ANALYST,3 tahun 6 bulan,MIDDLE,42,76.20689655,96.0,3.7037037037,53.3266455725,1.0,77.6344597313,77.6344597313,4.0,42.086263657589,42.086263657589,0.3979097402262998
Develop MLOps pipelines,AI Engineer,00630639,3.0,1,DATA SCIENTIST,9 tahun 2 bulan,MIDDLE,110,80.0,75.0,98.9522417154,54.8821326185,1.0,75.0274646513,75.0274646513,0.0,41.174556265189,41.174556265189,0.35476315663256763
Develop MLOps pipelines,AI Engineer,0073D075,3.0,3,DATA SCIENTIST,4 tahun 0 bulan,JUNIOR,48,91.66666667,93.0,58.0116959064,8.2492354431,1.0,77.500618325,77.500618325,4.0,42.485327712250005,42.485327712250005,0.4167954602908909
Develop MLOps pipelines,AI Engineer,0084C542,1.0,0,DATA ANALYST,4 tahun 0 bulan,MIDDLE,48,74.48275862,80.0,98.9522417154,0.0,1.0,67.6149808506,67.6149808506,2.0,36.30593985081801,36.30593985081801,0.12435571795260254
Develop MLOps pipelines,AI Engineer,00897237,1.0,0,DATA ANALYST,3 tahun 9 bulan,MIDDLE,45,93.10344828,92.5,94.1423001949,2.5085548458,1.2,95.0743558155,95.0743558155,8.0,50.859408582215,50.859408582215,0.8130991244802185
Develop MLOps pipelines,AI Engineer,0097B743,1.0,0,MGT,3 tahun 1 bulan,-,37,90.27777778,,98.9522417154,37.0103448893,1.0,77.3225695827,77.3225695827,5.0,41.450961878831,41.450961878831,0.3678440617718661
Develop MLOps pipelines,AI Engineer,009C501C,2.0,0,DATA ANALYST,2 tahun 9 bulan,MIDDLE,33,71.72413793,91.5,99.537037037,45.8959093909,1.1,87.3635004212,87.3635004212,9.0,47.242655223236,47.242655223236,0.641936147803779
Develop MLOps pipelines,AI Engineer,017F0DF6,3.0,3,AI ENGINEER,3 tahun 8 bulan,JUNIOR,44,84.07894737,90.0,75.790084404,1.3470096476,1.3,96.1634426675,96.1634426675,9.0,52.37662461377499,52.37662461377499,0.8849014251757606
Develop predictive models and clustering,Data Scientist,0000ECE6,1.3333333333333333,2,DATA ANALYST,4 tahun 10 bulan,JUNIOR,58,,,,,,,,9.0,,,
Develop predictive models and clustering,Data Scientist,0001741A,5.0,3,DATA SCIENTIST,4 tahun 11 bulan,JUNIOR,59,88.75,89.5,96.4930913886,12.6845989445,1.0,78.1787671463,78.1787671463,3.0,43.784746587539004,43.784746587539004,0.4520186145974093
Develop predictive models and clustering,Data Scientist,00017D8B,4.333333333333333,3,DATA ENGINEER,3 tahun 9 bulan,SENIOR,45,86.02941176,94.0,88.8888888889,14.482615467,1.2,95.2346475844,95.2346475844,0.0,52.51102988639867,52.51102988639867,0.8750982648038724
Develop predictive models and clustering,Data Scientist,00049B4B,2.6666666666666665,0,DATA ANALYST,3 tahun 9 bulan,MIDDLE,45,76.66666667,,99.4152046784,13.616265803,1.0,62.6570672707,62.6570672707,8.0,34.461578986804334,34.461578986804334,0.0
Develop predictive models and clustering,Data Scientist,0004E1C5,3.0,1,AI ENGINEER,1 tahun 0 bulan,MIDDLE,12,98.68421053,,85.4256716671,27.4434510067,1.2,94.462392646,94.462392646,3.0,51.47506810238,51.47506810238,0.8248713429633728
Develop predictive models and clustering,Data Scientist,00050DC9,2.3333333333333335,2,DATA ANALYST,3 tahun 6 bulan,MIDDLE,42,73.27586207,90.0,93.7469277057,9.2877346217,1.1,80.5550616974,80.5550616974,9.0,43.79084936628867,43.79084936628867,0.4523144978973513
Develop predictive models and clustering,Data Scientist,00055602,4.333333333333333,0,DATA SCIENTIST,0 tahun 9 bulan,JUNIOR,9,80.27777778,84.0,0.0,0.0,1.2,77.5622022708,77.5622022708,1.0,43.144633870190674,43.144633870190674,0.42098379080434833
Develop predictive models and clustering,Data Scientist,0006B570,4.0,3,DATA ANALYST,4 tahun 11 bulan,JUNIOR,59,75.86206897,86.0,98.469149928,0.8603355751,1.0,71.0634376852,71.0634376852,4.0,39.54362197315601,39.54362197315601,0.2463945869464092
Develop predictive models and clustering,Data Scientist,0006F238,3.6666666666666665,1,DATA SCIENTIST,4 tahun 8 bulan,MIDDLE,56,97.22222222,,98.9522417154,54.9046621779,1.1,95.020460512,95.020460512,7.0,52.084177404693335,52.084177404693335,0.8544030166134714
Develop predictive models and clustering,Data Scientist,0008CEE3,4.0,3,DATA ENGINEER,8 tahun 3 bulan,SENIOR,99,88.23529412,93.0,81.2753036437,0.0,1.3,99.8654925819,99.8654925819,21.0,54.80871106840701,54.80871106840701,0.9864975991455726
Develop predictive models and clustering,Data Scientist,0008DB3D,4.666666666666667,3,AI ENGINEER,4 tahun 5 bulan,MIDDLE,53,78.94736842,95.5,97.9135943724,2.0205144715,1.3,99.7997608046,99.7997608046,26.0,55.08720655977134,55.08720655977134,1.0
Develop predictive models and clustering,Data Scientist,0008EF5A,3.3333333333333335,0,DATA SCIENTIST,3 tahun 9 bulan,JUNIOR,45,87.5,70.0,98.9522417154,0.0,1.0,66.4806914307,66.4806914307,2.0,36.801433124937674,36.801433124937674,0.11344402151428701
Develop predictive models and clustering,Data Scientist,00093BBA,1.6666666666666667,2,MGT,4 tahun 11 bulan,-,59,,,,,,,,1.0,,,
Develop predictive models and clustering,Data Scientist,000BC56E,2.6666666666666665,1,DATA ANALYST,3 tahun 2 bulan,JUNIOR,38,77.67241379,89.0,95.0048732943,0.4301677875,1.0,72.7677924824,72.7677924824,2.0,39.82026334900533,39.82026334900533,0.25980709402628605
Develop predictive models and clustering,Data Scientist,000BE0C5,3.6666666666666665,3,DATA ANALYST,3 tahun 0 bulan,MIDDLE,36,79.13793103,90.5,96.8024832613,9.3020121433,1.0,75.3882483655,75.3882483655,0.0,41.67910496704834,41.67910496704834,0.34993000599427393
Develop predictive models and clustering,Data Scientist,000BF13A,2.6666666666666665,2,DATA ANALYST,4 tahun 11 bulan,JUNIOR,59,85.34482759,84.0,76.9401195515,0.4301677875,1.0,71.3283335517,71.3283335517,2.0,39.05735011573433,39.05735011573433,0.22281848698526135
Develop predictive models and clustering,Data Scientist,000C7109,3.0,1,DATA SCIENTIST,6 tahun 6 bulan,MIDDLE,78,,,,,,,,9.0,,,
Develop predictive models and clustering,Data Scientist,000C72E4,3.0,1,DATA ENGINEER,5 tahun 0 bulan,MIDDLE,60,76.47058824,91.5,89.9596364099,0.0,1.2,87.8939523114,87.8939523114,3.0,47.993794725042,47.993794725042,0.6560874664475023
Develop predictive models and clustering,Data Scientist,000CEE2B,3.0,0,DATA ANALYST,3 tahun 11 bulan,MIDDLE,47,74.48275862,90.0,98.9522417154,10.5359979556,1.0,74.1194724896,74.1194724896,4.0,40.693320419487996,40.693320419487996,0.30213584583730674
Develop predictive models and clustering,Data Scientist,000FCFC2,4.666666666666667,3,AI ENGINEER,1 tahun 10 bulan,JUNIOR,22,80.52631579,95.0,98.9522417154,34.6152175938,1.0,81.9618884287,81.9618884287,16.0,45.63313420054433,45.63313420054433,0.5416346811372666
Develop predictive models and clustering,Data Scientist,00101A0D,4.0,0,DATA SCIENTIST,4 tahun 0 bulan,JUNIOR,48,82.5,94.0,39.414983165,7.0665492569,1.0,73.9040356956,73.9040356956,2.0,41.04913891866801,41.04913891866801,0.31938712693996585
Develop predictive models and clustering,Data Scientist,00103C57,2.6666666666666665,1,DATA ANALYST,4 tahun 11 bulan,JUNIOR,59,80.60344828,81.5,80.2615189223,5.8627640301,1.0,69.7620596418,69.7620596418,15.0,38.22722494348733,38.22722494348733,0.18257121842044904
Develop predictive models and clustering,Data Scientist,00104933,1.3333333333333333,2,MGT,3 tahun 11 bulan,-,47,89.65517241,,98.469149928,8.7007929068,1.0,69.5023814571,69.5023814571,1.0,37.46292883892967,37.46292883892967,0.1455155651146857
Develop predictive models and clustering,Data Scientist,001356B3,2.6666666666666665,1,DATA SCIENTIST,1 tahun 10 bulan,JUNIOR,22,98.61111111,,98.9522417154,37.4823489904,1.0,82.7234066868,82.7234066868,7.0,45.09673887733734,45.09673887733734,0.5156284264761953
Develop predictive models and clustering,Data Scientist,0013A32D,1.0,2,MGT,5 tahun 9 bulan,-,69,79.13793103,99.0,88.8109161793,8.7722486646,1.0,78.9526210358,78.9526210358,1.0,42.314889148974,42.314889148974,0.38075496778884005
Develop predictive models and clustering,Data Scientist,0013D24E,3.6666666666666665,1,DATA SCIENTIST,4 tahun 9 bulan,JUNIOR,57,66.25,92.0,97.9135943724,0.0,1.1,78.1589269578,78.1589269578,0.0,43.147564620967344,43.147564620967344,0.42112588348813706
Develop predictive models and clustering,Data Scientist,0014B046,2.3333333333333335,1,DATA SCIENTIST,7 tahun 8 bulan,SENIOR,92,84.72222222,87.0,0.0,0.0,1.0,67.4019777006,67.4019777006,6.0,36.81971484798466,36.81971484798466,0.11433038111630708
Develop predictive models and clustering,Data Scientist,0014CA34,3.6666666666666665,0,DATA SCIENTIST,4 tahun 1 bulan,JUNIOR,49,82.5,95.0,99.537037037,30.4375931247,1.0,81.9453180716,81.9453180716,1.0,45.15435191128134,45.15435191128134,0.5184217007045883
Develop predictive models and clustering,Data Scientist,0014EEF4,3.0,1,DATA ENGINEER,2 tahun 11 bulan,MIDDLE,35,85.0,93.5,80.9809654856,9.0371304039,1.2,92.960313373,92.960313373,8.0,50.67896608769,50.67896608769,0.7862736318453164
Develop predictive models and clustering,Data Scientist,0014F3E9,3.6666666666666665,3,DATA ANALYST,3 tahun 1 bulan,JUNIOR,37,75.86206897,,98.257797271,12.7921561676,1.0,61.80993377,61.80993377,2.0,34.482598231433336,34.482598231433336,0.001019083882642736
Develop predictive models and clustering,Data Scientist,001ABDF5,2.6666666666666665,1,DATA ANALYST,3 tahun 4 bulan,MIDDLE,40,82.24137931,98.5,98.9522417154,50.3029972195,1.0,86.5446547165,86.5446547165,8.0,47.12200033307833,47.12200033307833,0.6138199335504045
Develop predictive models and clustering,Data Scientist,001AE6FC,3.6666666666666665,0,DATA ANALYST,3 tahun 4 bulan,JUNIOR,40,82.24137931,84.5,98.469149928,0.4301677875,,72.1149630886,72.1149630886,2.0,39.94426377029134,39.94426377029134,0.2658190527338375
Develop predictive models and clustering,Data Scientist,001F9B47,2.0,1,DATA ENGINEER,3 tahun 1 bulan,JUNIOR,37,58.75,87.0,96.1884481736,8.6577453183,1.2,81.1247503422,81.1247503422,1.0,43.936117681366,43.936117681366,0.4593575958376887
Develop predictive models and clustering,Data Scientist,002018BB,3.0,0,DATA SCIENTIST,10 tahun 10 bulan,SENIOR,130,97.22222222,98.0,50.5555555556,43.7450704533,1.0,86.4214334385,86.4214334385,18.0,47.213359722405,47.213359722405,0.6182493449224207
Develop predictive models and clustering,Data Scientist,0020C6B5,3.3333333333333335,3,DATA ANALYST,2 tahun 10 bulan,MIDDLE,34,75.86206897,88.5,98.3674463938,3.3392709766,1.0,72.659385698,72.659385698,3.0,40.07614108660667,40.07614108660667,0.27221290988309443
Develop predictive models and clustering,Data Scientist,002201AD,2.3333333333333335,0,DATA ANALYST,4 tahun 10 bulan,MIDDLE,58,91.37931034,95.0,99.537037037,0.4301677875,1.0,80.0052980974,80.0052980974,2.0,43.49947465828867,43.49947465828867,0.43818766917569385
Develop predictive models and clustering,Data Scientist,00270615,3.6666666666666665,0,DATA ANALYST,3 tahun 9 bulan,JUNIOR,45,93.10344828,75.0,98.9814814815,29.9520058526,1.0,75.0818725109,75.0818725109,1.0,41.51672576411034,41.51672576411034,0.34205731449126137
Develop predictive models and clustering,Data Scientist,00277DF9,4.333333333333333,0,AI ENGINEER,0 tahun 5 bulan,MIDDLE,5,,,,,,,,4.0,,,
Develop predictive models and clustering,Data Scientist,002D5AC9,4.333333333333333,3,DATA SCIENTIST,3 tahun 8 bulan,MIDDLE,44,78.88888889,92.0,97.4707602339,57.4757263933,1.0,83.3553945397,83.3553945397,3.0,46.21502577270767,46.21502577270767,0.5698467474176641
Develop predictive models and clustering,Data Scientist,002DF96D,4.666666666666667,3,DATA SCIENTIST,5 tahun 0 bulan,MIDDLE,60,78.88888889,91.0,46.8542261807,5.4541409456,1.1,78.7985129608,78.7985129608,15.0,43.956545202557336,43.956545202557336,0.46034799097204626
Develop predictive models and clustering,Data Scientist,002E9001,3.3333333333333335,1,DATA ENGINEER,7 tahun 8 bulan,SENIOR,92,,,,,,,,10.0,,,
Develop predictive models and clustering,Data Scientist,002EC9F6,2.0,2,DATA SCIENTIST,4 tahun 7 bulan,MIDDLE,55,97.22222222,96.5,83.7230473171,43.7450704533,1.1,96.6970538768,96.6970538768,0.0,52.189438554704,52.189438554704,0.8595064322374703
Develop predictive models and clustering,Data Scientist,00302AE1,3.0,1,DATA ENGINEER,2 tahun 5 bulan,MIDDLE,29,84.70588235,89.0,97.8411306043,0.4301677875,1.2,90.0022582512,90.0022582512,2.0,49.111196873136,49.111196873136,0.7102628918565466
Develop predictive models and clustering,Data Scientist,00306ABB,2.0,1,DATA ENGINEER,3 tahun 3 bulan,JUNIOR,39,94.11764706,90.0,96.5971692516,0.0,1.2,93.696777586,93.696777586,3.0,50.599292120579996,50.599292120579996,0.7824107691601379
Develop predictive models and clustering,Data Scientist,0031857D,4.333333333333333,3,DATA SCIENTIST,2 tahun 11 bulan,MIDDLE,35,90.0,,97.6042024997,10.2336902669,1.0,70.0282735258,70.0282735258,5.0,39.15165163534067,39.15165163534067,0.22739054275775752
Develop predictive models and clustering,Data Scientist,0037569D,4.333333333333333,1,AI ENGINEER,2 tahun 8 bulan,MIDDLE,32,82.89473684,90.0,98.498389694,6.7355847106,1.3,98.749547614,98.749547614,21.0,54.373926902086666,54.373926902086666,0.9654177961295328
Develop predictive models and clustering,Data Scientist,00392144,3.0,0,DATA SCIENTIST,4 tahun 10 bulan,MIDDLE,58,85.0,90.5,98.9522417154,10.5154493741,1.0,77.4187076743,77.4187076743,15.0,42.44191506737899,42.44191506737899,0.3869136128024581
Develop predictive models and clustering,Data Scientist,003A7A13,3.6666666666666665,0,DATA SCIENTIST,2 tahun 10 bulan,JUNIOR,34,82.5,89.5,96.6027405114,1.0754194688,1.0,74.6209033424,74.6209033424,5.0,41.27241210480534,41.27241210480534,0.3302121641587105
Develop predictive models and clustering,Data Scientist,003B384C,4.333333333333333,3,DATA SCIENTIST,2 tahun 10 bulan,SENIOR,34,80.0,92.0,96.3395202983,44.3903221346,1.1,89.794363496,89.794363496,3.0,49.62767931954667,49.62767931954667,0.7353037030795514
Develop predictive models and clustering,Data Scientist,003C6A0D,2.3333333333333335,0,DATA ANALYST,1 tahun 9 bulan,JUNIOR,21,76.20689655,98.0,45.3968253968,2.3230903964,1.0,73.7283503902,73.7283503902,7.0,40.17269237347267,40.17269237347267,0.27689404196135164
Develop predictive models and clustering,Data Scientist,003CFD5B,2.0,1,DATA ENGINEER,3 tahun 8 bulan,MIDDLE,44,77.5,80.0,98.9522417154,3.0893274449,1.3,89.6443972996,89.6443972996,0.0,48.451530568788,48.451530568788,0.6782800442067328
Develop predictive models and clustering,Data Scientist,003D5583,3.6666666666666665,0,DATA SCIENTIST,3 tahun 9 bulan,JUNIOR,45,98.61111111,90.0,98.9522417154,31.463471719,1.0,84.2841556523,84.2841556523,1.0,46.39393582905234,46.39393582905234,0.5785209104564245
Develop predictive models and clustering,Data Scientist,0042FA00,3.0,0,DATA ANALYST,3 tahun 1 bulan,JUNIOR,37,80.68965517,90.0,98.9522417154,38.3427977748,1.0,80.1122536136,80.1122536136,2.0,43.869494415208,43.869494415208,0.4561274751578546
Develop predictive models and clustering,Data Scientist,00430780,2.3333333333333335,2,DATA ANALYST,2 tahun 10 bulan,MIDDLE,34,87.93103448,86.0,92.1643347143,0.4301677875,1.0,74.0835656652,74.0835656652,2.0,40.360956469222664,40.360956469222664,0.28602172038393414
Develop predictive models and clustering,Data Scientist,00434E84,3.3333333333333335,1,DATA SCIENTIST,3 tahun 9 bulan,JUNIOR,45,80.27777778,95.0,96.1220230528,0.0,1.0,76.485383457,76.485383457,4.0,42.10391989887667,42.10391989887667,0.3705264668934862
Develop predictive models and clustering,Data Scientist,00456E77,4.0,1,DATA SCIENTIST,1 tahun 8 bulan,BASIC,20,75.55555556,90.0,17.7777777778,0.0,,67.4044956827,67.4044956827,8.0,37.60438271183101,37.60438271183101,0.15237372603128896
Develop predictive models and clustering,Data Scientist,0045D05E,2.6666666666666665,1,DATA SCIENTIST,4 tahun 1 bulan,JUNIOR,49,73.75,85.0,96.7440037291,55.491056416,1.0,78.0721708555,78.0721708555,7.0,42.63158388674834,42.63158388674834,0.3961093969645815
Develop predictive models and clustering,Data Scientist,00464297,1.3333333333333333,2,MGT,4 tahun 11 bulan,-,59,,,,,,,,1.0,,,
Develop predictive models and clustering,Data Scientist,005139FE,3.0,0,DATA ANALYST,4 tahun 1 bulan,MIDDLE,49,79.13793103,85.0,98.9522417154,0.4301677875,1.0,71.4912919476,71.4912919476,2.0,39.300384732228004,39.300384732228004,0.23460162500779635
Develop predictive models and clustering,Data Scientist,0052D29A,3.0,1,DATA ANALYST,5 tahun 1 bulan,SENIOR,61,73.10344828,86.0,97.7192982456,51.2417874977,1.0,77.8012250633,77.8012250633,4.0,42.64464928354899,42.64464928354899,0.39674285147424104
Develop predictive models and clustering,Data Scientist,00563DC3,3.0,0,DATA ANALYST,3 tahun 6 bulan,MIDDLE,42,76.20689655,96.0,3.7037037037,53.3266455725,1.0,77.6344597313,77.6344597313,4.0,42.556263657589,42.556263657589,0.39245761818146907
Develop predictive models and clustering,Data Scientist,00630639,3.6666666666666665,1,DATA SCIENTIST,9 tahun 2 bulan,MIDDLE,110,80.0,75.0,98.9522417154,54.8821326185,1.0,75.0274646513,75.0274646513,0.0,41.48788959852234,41.48788959852234,0.340659239912149
Develop predictive models and clustering,Data Scientist,0073D075,4.666666666666667,3,DATA SCIENTIST,4 tahun 0 bulan,JUNIOR,48,91.66666667,93.0,58.0116959064,8.2492354431,1.0,77.500618325,77.500618325,4.0,43.26866104558334,43.26866104558334,0.4269970466412386
Develop predictive models and clustering,Data Scientist,0084C542,2.3333333333333335,0,DATA ANALYST,4 tahun 0 bulan,MIDDLE,48,74.48275862,80.0,98.9522417154,0.0,1.0,67.6149808506,67.6149808506,2.0,36.93260651748467,36.93260651748467,0.11980375006474918
Develop predictive models and clustering,Data Scientist,00897237,3.0,0,DATA ANALYST,3 tahun 9 bulan,MIDDLE,45,93.10344828,92.5,94.1423001949,2.5085548458,1.2,95.0743558155,95.0743558155,8.0,51.799408582215,51.799408582215,0.8405964635051641
Develop predictive models and clustering,Data Scientist,0097B743,2.6666666666666665,0,MGT,3 tahun 1 bulan,-,37,90.27777778,,98.9522417154,37.0103448893,1.0,77.3225695827,77.3225695827,5.0,42.234295212164334,42.234295212164334,0.3768475018693403
Develop predictive models and clustering,Data Scientist,009C501C,2.6666666666666665,0,DATA ANALYST,2 tahun 9 bulan,MIDDLE,33,71.72413793,91.5,99.537037037,45.8959093909,1.1,87.3635004212,87.3635004212,9.0,47.55598855656933,47.55598855656933,0.6348611465731688
Develop predictive models and clustering,Data Scientist,017F0DF6,4.0,3,AI ENGINEER,3 tahun 8 bulan,JUNIOR,44,84.07894737,90.0,75.790084404,1.3470096476,1.3,96.1634426675,96.1634426675,9.0,52.846624613775,52.846624613775,0.891369029229784
Ensure data security and integrity,Data Engineer,0000ECE6,2.0,2,DATA ANALYST,4 tahun 10 bulan,JUNIOR,58,,,,,,,,9.0,,,
Ensure data security and integrity,Data Engineer,0001741A,4.333333333333333,3,DATA SCIENTIST,4 tahun 11 bulan,JUNIOR,59,88.75,89.5,96.4930913886,12.6845989445,1.0,78.1787671463,78.1787671463,3.0,43.47141325420567,43.47141325420567,0.4519846109510119
Ensure data security and integrity,Data Engineer,00017D8B,5.0,3,DATA ENGINEER,3 tahun 9 bulan,SENIOR,45,86.02941176,94.0,88.8888888889,14.482615467,1.2,95.2346475844,95.2346475844,0.0,52.824363219732,52.824363219732,0.8979195642602253
Ensure data security and integrity,Data Engineer,00049B4B,1.6666666666666667,0,DATA ANALYST,3 tahun 9 bulan,MIDDLE,45,76.66666667,,99.4152046784,13.616265803,1.0,62.6570672707,62.6570672707,8.0,33.991578986804335,33.991578986804335,0.0
Ensure data security and integrity,Data Engineer,0004E1C5,2.0,1,AI ENGINEER,1 tahun 0 bulan,MIDDLE,12,98.68421053,,85.4256716671,27.4434510067,1.2,94.462392646,94.462392646,3.0,51.00506810238,51.00506810238,0.8111782381329249
Ensure data security and integrity,Data Engineer,00050DC9,2.3333333333333335,2,DATA ANALYST,3 tahun 6 bulan,MIDDLE,42,73.27586207,90.0,93.7469277057,9.2877346217,1.1,80.5550616974,80.5550616974,9.0,43.79084936628867,43.79084936628867,0.46721485683621927
Ensure data security and integrity,Data Engineer,00055602,2.3333333333333335,0,DATA SCIENTIST,0 tahun 9 bulan,JUNIOR,9,80.27777778,84.0,0.0,0.0,1.2,77.5622022708,77.5622022708,1.0,42.20463387019067,42.20463387019067,0.3915864256141982
Ensure data security and integrity,Data Engineer,0006B570,4.0,3,DATA ANALYST,4 tahun 11 bulan,JUNIOR,59,75.86206897,86.0,98.469149928,0.8603355751,1.0,71.0634376852,71.0634376852,4.0,39.54362197315601,39.54362197315601,0.26471327645450027
Ensure data security and integrity,Data Engineer,0006F238,3.3333333333333335,1,DATA SCIENTIST,4 tahun 8 bulan,MIDDLE,56,97.22222222,,98.9522417154,54.9046621779,1.1,95.020460512,95.020460512,7.0,51.92751073802667,51.92751073802667,0.8551589517231505
Ensure data security and integrity,Data Engineer,0008CEE3,4.333333333333333,3,DATA ENGINEER,8 tahun 3 bulan,SENIOR,99,88.23529412,93.0,81.2753036437,0.0,1.3,99.8654925819,99.8654925819,21.0,54.96537773507367,54.96537773507367,1.0
Ensure data security and integrity,Data Engineer,0008DB3D,3.3333333333333335,3,AI ENGINEER,4 tahun 5 bulan,MIDDLE,53,78.94736842,95.5,97.9135943724,2.0205144715,1.3,99.7997608046,99.7997608046,26.0,54.460539893104674,54.460539893104674,0.9759300712270514
Ensure data security and integrity,Data Engineer,0008EF5A,2.3333333333333335,0,DATA SCIENTIST,3 tahun 9 bulan,JUNIOR,45,87.5,70.0,98.9522417154,0.0,1.0,66.4806914307,66.4806914307,2.0,36.33143312493767,36.33143312493767,0.11156081767621648
Ensure data security and integrity,Data Engineer,00093BBA,1.3333333333333333,2,MGT,4 tahun 11 bulan,-,59,,,,,,,,1.0,,,
Ensure data security and integrity,Data Engineer,000BC56E,3.6666666666666665,1,DATA ANALYST,3 tahun 2 bulan,JUNIOR,38,77.67241379,89.0,95.0048732943,0.4301677875,1.0,72.7677924824,72.7677924824,2.0,40.290263349005336,40.290263349005336,0.30031204350717533
Ensure data security and integrity,Data Engineer,000BE0C5,4.0,3,DATA ANALYST,3 tahun 0 bulan,MIDDLE,36,79.13793103,90.5,96.8024832613,9.3020121433,1.0,75.3882483655,75.3882483655,0.0,41.835771633715005,41.835771633715005,0.373999614521806
Ensure data security and integrity,Data Engineer,000BF13A,1.6666666666666667,2,DATA ANALYST,4 tahun 11 bulan,JUNIOR,59,85.34482759,84.0,76.9401195515,0.4301677875,1.0,71.3283335517,71.3283335517,2.0,38.58735011573433,38.58735011573433,0.21911963512614607
Ensure data security and integrity,Data Engineer,000C7109,3.0,1,DATA SCIENTIST,6 tahun 6 bulan,MIDDLE,78,,,,,,,,9.0,,,
Ensure data security and integrity,Data Engineer,000C72E4,4.333333333333333,1,DATA ENGINEER,5 tahun 0 bulan,MIDDLE,60,76.47058824,91.5,89.9596364099,0.0,1.2,87.8939523114,87.8939523114,3.0,48.62046139170867,48.62046139170867,0.6974836833557129
Ensure data security and integrity,Data Engineer,000CEE2B,2.6666666666666665,0,DATA ANALYST,3 tahun 11 bulan,MIDDLE,47,74.48275862,90.0,98.9522417154,10.5359979556,1.0,74.1194724896,74.1194724896,4.0,40.53665375282133,40.53665375282133,0.3120595770261725
Ensure data security and integrity,Data Engineer,000FCFC2,4.666666666666667,3,AI ENGINEER,1 tahun 10 bulan,JUNIOR,22,80.52631579,95.0,98.9522417154,34.6152175938,1.0,81.9618884287,81.9618884287,16.0,45.63313420054433,45.63313420054433,0.5550522989880698
Ensure data security and integrity,Data Engineer,00101A0D,2.0,0,DATA SCIENTIST,4 tahun 0 bulan,JUNIOR,48,82.5,94.0,39.414983165,7.0665492569,1.0,73.9040356956,73.9040356956,2.0,40.109138918668,40.109138918668,0.2916762959961395
Ensure data security and integrity,Data Engineer,00103C57,3.6666666666666665,1,DATA ANALYST,4 tahun 11 bulan,JUNIOR,59,80.60344828,81.5,80.2615189223,5.8627640301,1.0,69.7620596418,69.7620596418,15.0,38.697224943487335,38.697224943487335,0.22435830595882342
Ensure data security and integrity,Data Engineer,00104933,1.0,2,MGT,3 tahun 11 bulan,-,47,89.65517241,,98.469149928,8.7007929068,1.0,69.5023814571,69.5023814571,1.0,37.306262172263004,37.306262172263004,0.15803923863492692
Ensure data security and integrity,Data Engineer,001356B3,2.6666666666666665,1,DATA SCIENTIST,1 tahun 10 bulan,JUNIOR,22,98.61111111,,98.9522417154,37.4823489904,1.0,82.7234066868,82.7234066868,7.0,45.09673887733734,45.09673887733734,0.5294777557379465
Ensure data security and integrity,Data Engineer,0013A32D,1.0,2,MGT,5 tahun 9 bulan,-,69,79.13793103,99.0,88.8109161793,8.7722486646,1.0,78.9526210358,78.9526210358,1.0,42.314889148974,42.314889148974,0.39684323579468234
Ensure data security and integrity,Data Engineer,0013D24E,2.6666666666666665,1,DATA SCIENTIST,4 tahun 9 bulan,JUNIOR,57,66.25,92.0,97.9135943724,0.0,1.1,78.1589269578,78.1589269578,0.0,42.67756462096734,42.67756462096734,0.41413507101948954
Ensure data security and integrity,Data Engineer,0014B046,3.0,1,DATA SCIENTIST,7 tahun 8 bulan,SENIOR,92,84.72222222,87.0,0.0,0.0,1.0,67.4019777006,67.4019777006,6.0,37.133048181317996,37.133048181317996,0.14978064928619003
Ensure data security and integrity,Data Engineer,0014CA34,1.6666666666666667,0,DATA SCIENTIST,4 tahun 1 bulan,JUNIOR,49,82.5,95.0,99.537037037,30.4375931247,1.0,81.9453180716,81.9453180716,1.0,44.214351911281334,44.214351911281334,0.4874068377966359
Ensure data security and integrity,Data Engineer,0014EEF4,5.0,1,DATA ENGINEER,2 tahun 11 bulan,MIDDLE,35,85.0,93.5,80.9809654856,9.0371304039,1.2,92.960313373,92.960313373,8.0,51.618966087690005,51.618966087690005,0.84044799477921
Ensure data security and integrity,Data Engineer,0014F3E9,4.333333333333333,3,DATA ANALYST,3 tahun 1 bulan,JUNIOR,37,75.86206897,,98.257797271,12.7921561676,1.0,61.80993377,61.80993377,2.0,34.79593156476667,34.79593156476667,0.03835035262883436
Ensure data security and integrity,Data Engineer,001ABDF5,3.6666666666666665,1,DATA ANALYST,3 tahun 4 bulan,MIDDLE,40,82.24137931,98.5,98.9522417154,50.3029972195,1.0,86.5446547165,86.5446547165,8.0,47.59200033307834,47.59200033307834,0.6484481666630013
Ensure data security and integrity,Data Engineer,001AE6FC,3.0,0,DATA ANALYST,3 tahun 4 bulan,JUNIOR,40,82.24137931,84.5,98.469149928,0.4301677875,,72.1149630886,72.1149630886,2.0,39.630930436958,39.630930436958,0.2688760161112446
Ensure data security and integrity,Data Engineer,001F9B47,4.333333333333333,1,DATA ENGINEER,3 tahun 1 bulan,JUNIOR,37,58.75,87.0,96.1884481736,8.6577453183,1.2,81.1247503422,81.1247503422,1.0,45.03278434803267,45.03278434803267,0.5264284974670793
Ensure data security and integrity,Data Engineer,002018BB,3.0,0,DATA SCIENTIST,10 tahun 10 bulan,SENIOR,130,97.22222222,98.0,50.5555555556,43.7450704533,1.0,86.4214334385,86.4214334385,18.0,47.213359722405,47.213359722405,0.6303951370131111
Ensure data security and integrity,Data Engineer,0020C6B5,3.6666666666666665,3,DATA ANALYST,2 tahun 10 bulan,MIDDLE,34,75.86206897,88.5,98.3674463938,3.3392709766,1.0,72.659385698,72.659385698,3.0,40.232807753273335,40.232807753273335,0.297572644868827
Ensure data security and integrity,Data Engineer,002201AD,2.0,0,DATA ANALYST,4 tahun 10 bulan,MIDDLE,58,91.37931034,95.0,99.537037037,0.4301677875,1.0,80.0052980974,80.0052980974,2.0,43.342807991622,43.342807991622,0.4458529004236435
Ensure data security and integrity,Data Engineer,00270615,2.3333333333333335,0,DATA ANALYST,3 tahun 9 bulan,JUNIOR,45,93.10344828,75.0,98.9814814815,29.9520058526,1.0,75.0818725109,75.0818725109,1.0,40.89005909744367,40.89005909744367,0.3289094261576513
Ensure data security and integrity,Data Engineer,00277DF9,1.3333333333333333,0,AI ENGINEER,0 tahun 5 bulan,MIDDLE,5,,,,,,,,4.0,,,
Ensure data security and integrity,Data Engineer,002D5AC9,4.0,3,DATA SCIENTIST,3 tahun 8 bulan,MIDDLE,44,78.88888889,92.0,97.4707602339,57.4757263933,1.0,83.3553945397,83.3553945397,3.0,46.058359106041,46.058359106041,0.575326399574248
Ensure data security and integrity,Data Engineer,002DF96D,4.0,3,DATA SCIENTIST,5 tahun 0 bulan,MIDDLE,60,78.88888889,91.0,46.8542261807,5.4541409456,1.1,78.7985129608,78.7985129608,15.0,43.643211869224004,43.643211869224004,0.4601757172489355
Ensure data security and integrity,Data Engineer,002E9001,3.6666666666666665,1,DATA ENGINEER,7 tahun 8 bulan,SENIOR,92,,,,,,,,10.0,,,
Ensure data security and integrity,Data Engineer,002EC9F6,1.3333333333333333,2,DATA SCIENTIST,4 tahun 7 bulan,MIDDLE,55,97.22222222,96.5,83.7230473171,43.7450704533,1.1,96.6970538768,96.6970538768,0.0,51.876105221370665,51.876105221370665,0.8527080119924426
Ensure data security and integrity,Data Engineer,00302AE1,3.3333333333333335,1,DATA ENGINEER,2 tahun 5 bulan,MIDDLE,29,84.70588235,89.0,97.8411306043,0.4301677875,1.2,90.0022582512,90.0022582512,2.0,49.267863539802676,49.267863539802676,0.728350869403611
Ensure data security and integrity,Data Engineer,00306ABB,3.6666666666666665,1,DATA ENGINEER,3 tahun 3 bulan,JUNIOR,39,94.11764706,90.0,96.5971692516,0.0,1.2,93.696777586,93.696777586,3.0,51.382625453913334,51.382625453913334,0.8291796195738756
Ensure data security and integrity,Data Engineer,0031857D,3.0,3,DATA SCIENTIST,2 tahun 11 bulan,MIDDLE,35,90.0,,97.6042024997,10.2336902669,1.0,70.0282735258,70.0282735258,5.0,38.524984968674,38.524984968674,0.2161461562724177
Ensure data security and integrity,Data Engineer,0037569D,2.6666666666666665,1,AI ENGINEER,2 tahun 8 bulan,MIDDLE,32,82.89473684,90.0,98.498389694,6.7355847106,1.3,98.749547614,98.749547614,21.0,53.59059356875333,53.59059356875333,0.9344523048580416
Ensure data security and integrity,Data Engineer,00392144,2.6666666666666665,0,DATA SCIENTIST,4 tahun 10 bulan,MIDDLE,58,85.0,90.5,98.9522417154,10.5154493741,1.0,77.4187076743,77.4187076743,15.0,42.28524840071233,42.28524840071233,0.39543000833801495
Ensure data security and integrity,Data Engineer,003A7A13,2.0,0,DATA SCIENTIST,2 tahun 10 bulan,JUNIOR,34,82.5,89.5,96.6027405114,1.0754194688,1.0,74.6209033424,74.6209033424,5.0,40.489078771472,40.489078771472,0.3097912716075723
Ensure data security and integrity,Data Engineer,003B384C,4.0,3,DATA SCIENTIST,2 tahun 10 bulan,SENIOR,34,80.0,92.0,96.3395202983,44.3903221346,1.1,89.794363496,89.794363496,3.0,49.471012652880006,49.471012652880006,0.7380367215239425
Ensure data security and integrity,Data Engineer,003C6A0D,2.3333333333333335,0,DATA ANALYST,1 tahun 9 bulan,JUNIOR,21,76.20689655,98.0,45.3968253968,2.3230903964,1.0,73.7283503902,73.7283503902,7.0,40.17269237347267,40.17269237347267,0.2947064316223771
Ensure data security and integrity,Data Engineer,003CFD5B,3.0,1,DATA ENGINEER,3 tahun 8 bulan,MIDDLE,44,77.5,80.0,98.9522417154,3.0893274449,1.3,89.6443972996,89.6443972996,0.0,48.921530568788,48.921530568788,0.711838220685493
Ensure data security and integrity,Data Engineer,003D5583,2.3333333333333335,0,DATA SCIENTIST,3 tahun 9 bulan,JUNIOR,45,98.61111111,90.0,98.9522417154,31.463471719,1.0,84.2841556523,84.2841556523,1.0,45.76726916238567,45.76726916238567,0.5614476574756401
Ensure data security and integrity,Data Engineer,0042FA00,2.0,0,DATA ANALYST,3 tahun 1 bulan,JUNIOR,37,80.68965517,90.0,98.9522417154,38.3427977748,1.0,80.1122536136,80.1122536136,2.0,43.399494415208004,43.399494415208004,0.4485556260608235
Ensure data security and integrity,Data Engineer,00430780,2.3333333333333335,2,DATA ANALYST,2 tahun 10 bulan,MIDDLE,34,87.93103448,86.0,92.1643347143,0.4301677875,1.0,74.0835656652,74.0835656652,2.0,40.360956469222664,40.360956469222664,0.30368258792146086
Ensure data security and integrity,Data Engineer,00434E84,3.6666666666666665,1,DATA SCIENTIST,3 tahun 9 bulan,JUNIOR,45,80.27777778,95.0,96.1220230528,0.0,1.0,76.485383457,76.485383457,4.0,42.260586565543335,42.260586565543335,0.39425416816404424
Ensure data security and integrity,Data Engineer,00456E77,2.6666666666666665,1,DATA SCIENTIST,1 tahun 8 bulan,BASIC,20,75.55555556,90.0,17.7777777778,0.0,,67.4044956827,67.4044956827,8.0,36.977716045164335,36.977716045164335,0.14237464057894628
Ensure data security and integrity,Data Engineer,0045D05E,2.0,1,DATA SCIENTIST,4 tahun 1 bulan,JUNIOR,49,73.75,85.0,96.7440037291,55.491056416,1.0,78.0721708555,78.0721708555,7.0,42.318250553415005,42.318250553415005,0.39700350263434037
Ensure data security and integrity,Data Engineer,00464297,1.0,2,MGT,4 tahun 11 bulan,-,59,,,,,,,,1.0,,,
Ensure data security and integrity,Data Engineer,005139FE,2.3333333333333335,0,DATA ANALYST,4 tahun 1 bulan,MIDDLE,49,79.13793103,85.0,98.9522417154,0.4301677875,1.0,71.4912919476,71.4912919476,2.0,38.98705139889467,38.98705139889467,0.23817680678863862
Ensure data security and integrity,Data Engineer,0052D29A,3.6666666666666665,1,DATA ANALYST,5 tahun 1 bulan,SENIOR,61,73.10344828,86.0,97.7192982456,51.2417874977,1.0,77.8012250633,77.8012250633,4.0,42.95798261688233,42.95798261688233,0.4275049902830723
Ensure data security and integrity,Data Engineer,00563DC3,3.6666666666666665,0,DATA ANALYST,3 tahun 6 bulan,MIDDLE,42,76.20689655,96.0,3.7037037037,53.3266455725,1.0,77.6344597313,77.6344597313,4.0,42.86959699092234,42.86959699092234,0.4232908931125592
Ensure data security and integrity,Data Engineer,00630639,3.0,1,DATA SCIENTIST,9 tahun 2 bulan,MIDDLE,110,80.0,75.0,98.9522417154,54.8821326185,1.0,75.0274646513,75.0274646513,0.0,41.174556265189,41.174556265189,0.34247383435856454
Ensure data security and integrity,Data Engineer,0073D075,2.6666666666666665,3,DATA SCIENTIST,4 tahun 0 bulan,JUNIOR,48,91.66666667,93.0,58.0116959064,8.2492354431,1.0,77.500618325,77.500618325,4.0,42.32866104558334,42.32866104558334,0.3974998596506959
Ensure data security and integrity,Data Engineer,0084C542,2.3333333333333335,0,DATA ANALYST,4 tahun 0 bulan,MIDDLE,48,74.48275862,80.0,98.9522417154,0.0,1.0,67.6149808506,67.6149808506,2.0,36.93260651748467,36.93260651748467,0.1402238843796962
Ensure data security and integrity,Data Engineer,00897237,1.6666666666666667,0,DATA ANALYST,3 tahun 9 bulan,MIDDLE,45,93.10344828,92.5,94.1423001949,2.5085548458,1.2,95.0743558155,95.0743558155,8.0,51.172741915548336,51.172741915548336,0.8191726799210235
Ensure data security and integrity,Data Engineer,0097B743,2.3333333333333335,0,MGT,3 tahun 1 bulan,-,37,90.27777778,,98.9522417154,37.0103448893,1.0,77.3225695827,77.3225695827,5.0,42.07762854549767,42.07762854549767,0.38553099778172306
Ensure data security and integrity,Data Engineer,009C501C,3.0,0,DATA ANALYST,2 tahun 9 bulan,MIDDLE,33,71.72413793,91.5,99.537037037,45.8959093909,1.1,87.3635004212,87.3635004212,9.0,47.712655223236,47.712655223236,0.6542008150795222
Ensure data security and integrity,Data Engineer,017F0DF6,3.0,3,AI ENGINEER,3 tahun 8 bulan,JUNIOR,44,84.07894737,90.0,75.790084404,1.3470096476,1.3,96.1634426675,96.1634426675,9.0,52.37662461377499,52.37662461377499,0.8765720434162032
Integrate AI solutions into business applications,AI Engineer,0000ECE6,2.0,2,DATA ANALYST,4 tahun 10 bulan,JUNIOR,58,,,,,,,,9.0,,,
Integrate AI solutions into business applications,AI Engineer,0001741A,4.666666666666667,3,DATA SCIENTIST,4 tahun 11 bulan,JUNIOR,59,88.75,89.5,96.4930913886,12.6845989445,1.0,78.1787671463,78.1787671463,3.0,43.62807992087234,43.62807992087234,0.46692388528533757
Integrate AI solutions into business applications,AI Engineer,00017D8B,4.0,3,DATA ENGINEER,3 tahun 9 bulan,SENIOR,45,86.02941176,94.0,88.8888888889,14.482615467,1.2,95.2346475844,95.2346475844,0.0,52.354363219732,52.354363219732,0.8829802899258997
Integrate AI solutions into business applications,AI Engineer,00049B4B,1.3333333333333333,0,DATA ANALYST,3 tahun 9 bulan,MIDDLE,45,76.66666667,,99.4152046784,13.616265803,1.0,62.6570672707,62.6570672707,8.0,33.83491232013767,33.83491232013767,0.0
Integrate AI solutions into business applications,AI Engineer,0004E1C5,2.6666666666666665,1,AI ENGINEER,1 tahun 0 bulan,MIDDLE,12,98.68421053,,85.4256716671,27.4434510067,1.2,94.462392646,94.462392646,3.0,51.318401435713334,51.318401435713334,0.8335871496344134
Integrate AI solutions into business applications,AI Engineer,00050DC9,1.6666666666666667,2,DATA ANALYST,3 tahun 6 bulan,MIDDLE,42,73.27586207,90.0,93.7469277057,9.2877346217,1.1,80.5550616974,80.5550616974,9.0,43.477516032955336,43.477516032955336,0.4597452196690564
Integrate AI solutions into business applications,AI Engineer,00055602,1.3333333333333333,0,DATA SCIENTIST,0 tahun 9 bulan,JUNIOR,9,80.27777778,84.0,0.0,0.0,1.2,77.5622022708,77.5622022708,1.0,41.73463387019067,41.73463387019067,0.37664715127987247
Integrate AI solutions into business applications,AI Engineer,0006B570,2.6666666666666665,3,DATA ANALYST,4 tahun 11 bulan,JUNIOR,59,75.86206897,86.0,98.469149928,0.8603355751,1.0,71.0634376852,71.0634376852,4.0,38.916955306489335,38.916955306489335,0.24230436495301136
Integrate AI solutions into business applications,AI Engineer,0006F238,3.3333333333333335,1,DATA SCIENTIST,4 tahun 8 bulan,MIDDLE,56,97.22222222,,98.9522417154,54.9046621779,1.1,95.020460512,95.020460512,7.0,51.92751073802667,51.92751073802667,0.8626285888903134
Integrate AI solutions into business applications,AI Engineer,0008CEE3,4.0,3,DATA ENGINEER,8 tahun 3 bulan,SENIOR,99,88.23529412,93.0,81.2753036437,0.0,1.3,99.8654925819,99.8654925819,21.0,54.80871106840701,54.80871106840701,1.0
Integrate AI solutions into business applications,AI Engineer,0008DB3D,3.3333333333333335,3,AI ENGINEER,4 tahun 5 bulan,MIDDLE,53,78.94736842,95.5,97.9135943724,2.0205144715,1.3,99.7997608046,99.7997608046,26.0,54.460539893104674,54.460539893104674,0.9833997083942143
Integrate AI solutions into business applications,AI Engineer,0008EF5A,2.0,0,DATA SCIENTIST,3 tahun 9 bulan,JUNIOR,45,87.5,70.0,98.9522417154,0.0,1.0,66.4806914307,66.4806914307,2.0,36.174766458271,36.174766458271,0.11156081767621648
Integrate AI solutions into business applications,AI Engineer,00093BBA,1.0,2,MGT,4 tahun 11 bulan,-,59,,,,,,,,1.0,,,
Integrate AI solutions into business applications,AI Engineer,000BC56E,2.3333333333333335,1,DATA ANALYST,3 tahun 2 bulan,JUNIOR,38,77.67241379,89.0,95.0048732943,0.4301677875,1.0,72.7677924824,72.7677924824,2.0,39.663596682338664,39.663596682338664,0.27790313200568645
Integrate AI solutions into business applications,AI Engineer,000BE0C5,3.3333333333333335,3,DATA ANALYST,3 tahun 0 bulan,MIDDLE,36,79.13793103,90.5,96.8024832613,9.3020121433,1.0,75.3882483655,75.3882483655,0.0,41.52243830038167,41.52243830038167,0.36652997735464315
Integrate AI solutions into business applications,AI Engineer,000BF13A,1.0,2,DATA ANALYST,4 tahun 11 bulan,JUNIOR,59,85.34482759,84.0,76.9401195515,0.4301677875,1.0,71.3283335517,71.3283335517,2.0,38.274016782401,38.274016782401,0.2116499979589832
Integrate AI solutions into business applications,AI Engineer,000C7109,3.0,1,DATA SCIENTIST,6 tahun 6 bulan,MIDDLE,78,,,,,,,,9.0,,,
Integrate AI solutions into business applications,AI Engineer,000C72E4,3.3333333333333335,1,DATA ENGINEER,5 tahun 0 bulan,MIDDLE,60,76.47058824,91.5,89.9596364099,0.0,1.2,87.8939523114,87.8939523114,3.0,48.150461391708674,48.150461391708674,0.6825444090213871
Integrate AI solutions into business applications,AI Engineer,000CEE2B,1.3333333333333333,0,DATA ANALYST,3 tahun 11 bulan,MIDDLE,47,74.48275862,90.0,98.9522417154,10.5359979556,1.0,74.1194724896,74.1194724896,4.0,39.909987086154665,39.909987086154665,0.28965066552468394
Integrate AI solutions into business applications,AI Engineer,000FCFC2,4.666666666666667,3,AI ENGINEER,1 tahun 10 bulan,JUNIOR,22,80.52631579,95.0,98.9522417154,34.6152175938,1.0,81.9618884287,81.9618884287,16.0,45.63313420054433,45.63313420054433,0.5625219361552327
Integrate AI solutions into business applications,AI Engineer,00101A0D,1.3333333333333333,0,DATA SCIENTIST,4 tahun 0 bulan,JUNIOR,48,82.5,94.0,39.414983165,7.0665492569,1.0,73.9040356956,73.9040356956,2.0,39.79580558533467,39.79580558533467,0.2842066588289766
Integrate AI solutions into business applications,AI Engineer,00103C57,3.6666666666666665,1,DATA ANALYST,4 tahun 11 bulan,JUNIOR,59,80.60344828,81.5,80.2615189223,5.8627640301,1.0,69.7620596418,69.7620596418,15.0,38.697224943487335,38.697224943487335,0.23182794312598629
Integrate AI solutions into business applications,AI Engineer,00104933,1.0,2,MGT,3 tahun 11 bulan,-,47,89.65517241,,98.469149928,8.7007929068,1.0,69.5023814571,69.5023814571,1.0,37.306262172263004,37.306262172263004,0.16550887580208976
Integrate AI solutions into business applications,AI Engineer,001356B3,2.3333333333333335,1,DATA SCIENTIST,1 tahun 10 bulan,JUNIOR,22,98.61111111,,98.9522417154,37.4823489904,1.0,82.7234066868,82.7234066868,7.0,44.94007221067067,44.94007221067067,0.5294777557379465
Integrate AI solutions into business applications,AI Engineer,0013A32D,1.0,2,MGT,5 tahun 9 bulan,-,69,79.13793103,99.0,88.8109161793,8.7722486646,1.0,78.9526210358,78.9526210358,1.0,42.314889148974,42.314889148974,0.40431287296184515
Integrate AI solutions into business applications,AI Engineer,0013D24E,2.3333333333333335,1,DATA SCIENTIST,4 tahun 9 bulan,JUNIOR,57,66.25,92.0,97.9135943724,0.0,1.1,78.1589269578,78.1589269578,0.0,42.52089795430067,42.52089795430067,0.41413507101948954
Integrate AI solutions into business applications,AI Engineer,0014B046,2.3333333333333335,1,DATA SCIENTIST,7 tahun 8 bulan,SENIOR,92,84.72222222,87.0,0.0,0.0,1.0,67.4019777006,67.4019777006,6.0,36.81971484798466,36.81971484798466,0.14231101211902716
Integrate AI solutions into business applications,AI Engineer,0014CA34,1.3333333333333333,0,DATA SCIENTIST,4 tahun 1 bulan,JUNIOR,49,82.5,95.0,99.537037037,30.4375931247,1.0,81.9453180716,81.9453180716,1.0,44.05768524461467,44.05768524461467,0.4874068377966359
Integrate AI solutions into business applications,AI Engineer,0014EEF4,4.333333333333333,1,DATA ENGINEER,2 tahun 11 bulan,MIDDLE,35,85.0,93.5,80.9809654856,9.0371304039,1.2,92.960313373,92.960313373,8.0,51.30563275435667,51.30563275435667,0.8329783576120472
Integrate AI solutions into business applications,AI Engineer,0014F3E9,3.3333333333333335,3,DATA ANALYST,3 tahun 1 bulan,JUNIOR,37,75.86206897,,98.257797271,12.7921561676,1.0,61.80993377,61.80993377,2.0,34.32593156476667,34.32593156476667,0.023411078294508655
Integrate AI solutions into business applications,AI Engineer,001ABDF5,3.3333333333333335,1,DATA ANALYST,3 tahun 4 bulan,MIDDLE,40,82.24137931,98.5,98.9522417154,50.3029972195,1.0,86.5446547165,86.5446547165,8.0,47.43533366641167,47.43533366641167,0.6484481666630013
Integrate AI solutions into business applications,AI Engineer,001AE6FC,1.6666666666666667,0,DATA ANALYST,3 tahun 4 bulan,JUNIOR,40,82.24137931,84.5,98.469149928,0.4301677875,,72.1149630886,72.1149630886,2.0,39.00426377029134,39.00426377029134,0.24646710460975607
Integrate AI solutions into business applications,AI Engineer,001F9B47,3.0,1,DATA ENGINEER,3 tahun 1 bulan,JUNIOR,37,58.75,87.0,96.1884481736,8.6577453183,1.2,81.1247503422,81.1247503422,1.0,44.406117681366,44.406117681366,0.5040195859655904
Integrate AI solutions into business applications,AI Engineer,002018BB,1.0,0,DATA SCIENTIST,10 tahun 10 bulan,SENIOR,130,97.22222222,98.0,50.5555555556,43.7450704533,1.0,86.4214334385,86.4214334385,18.0,46.273359722405004,46.273359722405004,0.5930469511772969
Integrate AI solutions into business applications,AI Engineer,0020C6B5,3.6666666666666665,3,DATA ANALYST,2 tahun 10 bulan,MIDDLE,34,75.86206897,88.5,98.3674463938,3.3392709766,1.0,72.659385698,72.659385698,3.0,40.232807753273335,40.232807753273335,0.3050422820359898
Integrate AI solutions into business applications,AI Engineer,002201AD,1.0,0,DATA ANALYST,4 tahun 10 bulan,MIDDLE,58,91.37931034,95.0,99.537037037,0.4301677875,1.0,80.0052980974,80.0052980974,2.0,42.872807991622004,42.872807991622004,0.4309136260893178
Integrate AI solutions into business applications,AI Engineer,00270615,1.0,0,DATA ANALYST,3 tahun 9 bulan,JUNIOR,45,93.10344828,75.0,98.9814814815,29.9520058526,1.0,75.0818725109,75.0818725109,1.0,40.263392430777,40.263392430777,0.30650051465616274
Integrate AI solutions into business applications,AI Engineer,00277DF9,1.6666666666666667,0,AI ENGINEER,0 tahun 5 bulan,MIDDLE,5,,,,,,,,4.0,,,
Integrate AI solutions into business applications,AI Engineer,002D5AC9,4.0,3,DATA SCIENTIST,3 tahun 8 bulan,MIDDLE,44,78.88888889,92.0,97.4707602339,57.4757263933,1.0,83.3553945397,83.3553945397,3.0,46.058359106041,46.058359106041,0.5827960367414109
Integrate AI solutions into business applications,AI Engineer,002DF96D,3.6666666666666665,3,DATA SCIENTIST,5 tahun 0 bulan,MIDDLE,60,78.88888889,91.0,46.8542261807,5.4541409456,1.1,78.7985129608,78.7985129608,15.0,43.48654520255734,43.48654520255734,0.4601757172489355
Integrate AI solutions into business applications,AI Engineer,002E9001,2.3333333333333335,1,DATA ENGINEER,7 tahun 8 bulan,SENIOR,92,,,,,,,,10.0,,,
Integrate AI solutions into business applications,AI Engineer,002EC9F6,1.0,2,DATA SCIENTIST,4 tahun 7 bulan,MIDDLE,55,97.22222222,96.5,83.7230473171,43.7450704533,1.1,96.6970538768,96.6970538768,0.0,51.719438554704,51.719438554704,0.8527080119924426
Integrate AI solutions into business applications,AI Engineer,00302AE1,2.3333333333333335,1,DATA ENGINEER,2 tahun 5 bulan,MIDDLE,29,84.70588235,89.0,97.8411306043,0.4301677875,1.2,90.0022582512,90.0022582512,2.0,48.79786353980267,48.79786353980267,0.713411595069285
Integrate AI solutions into business applications,AI Engineer,00306ABB,2.6666666666666665,1,DATA ENGINEER,3 tahun 3 bulan,JUNIOR,39,94.11764706,90.0,96.5971692516,0.0,1.2,93.696777586,93.696777586,3.0,50.91262545391333,50.91262545391333,0.8142403452395496
Integrate AI solutions into business applications,AI Engineer,0031857D,3.0,3,DATA SCIENTIST,2 tahun 11 bulan,MIDDLE,35,90.0,,97.6042024997,10.2336902669,1.0,70.0282735258,70.0282735258,5.0,38.524984968674,38.524984968674,0.22361579343958055
Integrate AI solutions into business applications,AI Engineer,0037569D,3.3333333333333335,1,AI ENGINEER,2 tahun 8 bulan,MIDDLE,32,82.89473684,90.0,98.498389694,6.7355847106,1.3,98.749547614,98.749547614,21.0,53.90392690208667,53.90392690208667,0.9568612163595306
Integrate AI solutions into business applications,AI Engineer,00392144,2.0,0,DATA SCIENTIST,4 tahun 10 bulan,MIDDLE,58,85.0,90.5,98.9522417154,10.5154493741,1.0,77.4187076743,77.4187076743,15.0,41.971915067378994,41.971915067378994,0.3879603711708521
Integrate AI solutions into business applications,AI Engineer,003A7A13,2.0,0,DATA SCIENTIST,2 tahun 10 bulan,JUNIOR,34,82.5,89.5,96.6027405114,1.0754194688,1.0,74.6209033424,74.6209033424,5.0,40.489078771472,40.489078771472,0.3172609087747352
Integrate AI solutions into business applications,AI Engineer,003B384C,3.3333333333333335,3,DATA SCIENTIST,2 tahun 10 bulan,SENIOR,34,80.0,92.0,96.3395202983,44.3903221346,1.1,89.794363496,89.794363496,3.0,49.15767931954667,49.15767931954667,0.7305670843567796
Integrate AI solutions into business applications,AI Engineer,003C6A0D,1.0,0,DATA ANALYST,1 tahun 9 bulan,JUNIOR,21,76.20689655,98.0,45.3968253968,2.3230903964,1.0,73.7283503902,73.7283503902,7.0,39.546025706806006,39.546025706806006,0.27229752012088854
Integrate AI solutions into business applications,AI Engineer,003CFD5B,3.0,1,DATA ENGINEER,3 tahun 8 bulan,MIDDLE,44,77.5,80.0,98.9522417154,3.0893274449,1.3,89.6443972996,89.6443972996,0.0,48.921530568788,48.921530568788,0.7193078578526558
Integrate AI solutions into business applications,AI Engineer,003D5583,2.0,0,DATA SCIENTIST,3 tahun 9 bulan,JUNIOR,45,98.61111111,90.0,98.9522417154,31.463471719,1.0,84.2841556523,84.2841556523,1.0,45.610602495719,45.610602495719,0.5614476574756401
Integrate AI solutions into business applications,AI Engineer,0042FA00,2.6666666666666665,0,DATA ANALYST,3 tahun 1 bulan,JUNIOR,37,80.68965517,90.0,98.9522417154,38.3427977748,1.0,80.1122536136,80.1122536136,2.0,43.712827748541336,43.712827748541336,0.47096453756231205
Integrate AI solutions into business applications,AI Engineer,00430780,2.0,2,DATA ANALYST,2 tahun 10 bulan,MIDDLE,34,87.93103448,86.0,92.1643347143,0.4301677875,1.0,74.0835656652,74.0835656652,2.0,40.204289802556,40.204289802556,0.30368258792146086
Integrate AI solutions into business applications,AI Engineer,00434E84,3.3333333333333335,1,DATA SCIENTIST,3 tahun 9 bulan,JUNIOR,45,80.27777778,95.0,96.1220230528,0.0,1.0,76.485383457,76.485383457,4.0,42.10391989887667,42.10391989887667,0.39425416816404424
Integrate AI solutions into business applications,AI Engineer,00456E77,2.3333333333333335,1,DATA SCIENTIST,1 tahun 8 bulan,BASIC,20,75.55555556,90.0,17.7777777778,0.0,,67.4044956827,67.4044956827,8.0,36.82104937849767,36.82104937849767,0.14237464057894628
Integrate AI solutions into business applications,AI Engineer,0045D05E,2.0,1,DATA SCIENTIST,4 tahun 1 bulan,JUNIOR,49,73.75,85.0,96.7440037291,55.491056416,1.0,78.0721708555,78.0721708555,7.0,42.318250553415005,42.318250553415005,0.4044731398015032
Integrate AI solutions into business applications,AI Engineer,00464297,1.0,2,MGT,4 tahun 11 bulan,-,59,,,,,,,,1.0,,,
Integrate AI solutions into business applications,AI Engineer,005139FE,2.0,0,DATA ANALYST,4 tahun 1 bulan,MIDDLE,49,79.13793103,85.0,98.9522417154,0.4301677875,1.0,71.4912919476,71.4912919476,2.0,38.830384732228005,38.830384732228005,0.23817680678863862
Integrate AI solutions into business applications,AI Engineer,0052D29A,2.6666666666666665,1,DATA ANALYST,5 tahun 1 bulan,SENIOR,61,73.10344828,86.0,97.7192982456,51.2417874977,1.0,77.8012250633,77.8012250633,4.0,42.48798261688233,42.48798261688233,0.4125657159487463
Integrate AI solutions into business applications,AI Engineer,00563DC3,1.6666666666666667,0,DATA ANALYST,3 tahun 6 bulan,MIDDLE,42,76.20689655,96.0,3.7037037037,53.3266455725,1.0,77.6344597313,77.6344597313,4.0,41.929596990922334,41.929596990922334,0.3859427072767446
Integrate AI solutions into business applications,AI Engineer,00630639,2.6666666666666665,1,DATA SCIENTIST,9 tahun 2 bulan,MIDDLE,110,80.0,75.0,98.9522417154,54.8821326185,1.0,75.0274646513,75.0274646513,0.0,41.01788959852233,41.01788959852233,0.34247383435856454
Integrate AI solutions into business applications,AI Engineer,0073D075,2.6666666666666665,3,DATA SCIENTIST,4 tahun 0 bulan,JUNIOR,48,91.66666667,93.0,58.0116959064,8.2492354431,1.0,77.500618325,77.500618325,4.0,42.32866104558334,42.32866104558334,0.40496949681785877
Integrate AI solutions into business applications,AI Engineer,0084C542,2.3333333333333335,0,DATA ANALYST,4 tahun 0 bulan,MIDDLE,48,74.48275862,80.0,98.9522417154,0.0,1.0,67.6149808506,67.6149808506,2.0,36.93260651748467,36.93260651748467,0.14769352154685908
Integrate AI solutions into business applications,AI Engineer,00897237,1.3333333333333333,0,DATA ANALYST,3 tahun 9 bulan,MIDDLE,45,93.10344828,92.5,94.1423001949,2.5085548458,1.2,95.0743558155,95.0743558155,8.0,51.01607524888167,51.01607524888167,0.8191726799210235
Integrate AI solutions into business applications,AI Engineer,0097B743,2.0,0,MGT,3 tahun 1 bulan,-,37,90.27777778,,98.9522417154,37.0103448893,1.0,77.3225695827,77.3225695827,5.0,41.920961878831,41.920961878831,0.38553099778172306
Integrate AI solutions into business applications,AI Engineer,009C501C,2.0,0,DATA ANALYST,2 tahun 9 bulan,MIDDLE,33,71.72413793,91.5,99.537037037,45.8959093909,1.1,87.3635004212,87.3635004212,9.0,47.242655223236,47.242655223236,0.6392615407451965
Integrate AI solutions into business applications,AI Engineer,017F0DF6,3.3333333333333335,3,AI ENGINEER,3 tahun 8 bulan,JUNIOR,44,84.07894737,90.0,75.790084404,1.3470096476,1.3,96.1634426675,96.1634426675,9.0,52.53329128044167,52.53329128044167,0.8915113177505292
Maintain data lakes and warehouses,Data Engineer,0000ECE6,1.75,2,DATA ANALYST,4 tahun 10 bulan,JUNIOR,58,,,,,,,,9.0,,,
Maintain data lakes and warehouses,Data Engineer,0001741A,4.5,3,DATA SCIENTIST,4 tahun 11 bulan,JUNIOR,59,88.75,89.5,96.4930913886,12.6845989445,1.0,78.1787671463,78.1787671463,3.0,43.549746587539005,43.549746587539005,0.45859785821654586
Maintain data lakes and warehouses,Data Engineer,00017D8B,4.75,3,DATA ENGINEER,3 tahun 9 bulan,SENIOR,45,86.02941176,94.0,88.8888888889,14.482615467,1.2,95.2346475844,95.2346475844,0.0,52.706863219732,52.706863219732,0.894381977752769
Maintain data lakes and warehouses,Data Engineer,00049B4B,1.5,0,DATA ANALYST,3 tahun 9 bulan,MIDDLE,45,76.66666667,,99.4152046784,13.616265803,1.0,62.6570672707,62.6570672707,8.0,33.913245653471,33.913245653471,0.0
Maintain data lakes and warehouses,Data Engineer,0004E1C5,2.25,1,AI ENGINEER,1 tahun 0 bulan,MIDDLE,12,98.68421053,,85.4256716671,27.4434510067,1.2,94.462392646,94.462392646,3.0,51.12256810238,51.12256810238,0.8189859027073172
Maintain data lakes and warehouses,Data Engineer,00050DC9,2.0,2,DATA ANALYST,3 tahun 6 bulan,MIDDLE,42,73.27586207,90.0,93.7469277057,9.2877346217,1.1,80.5550616974,80.5550616974,9.0,43.634182699622,43.634182699622,0.46261614456574335
Maintain data lakes and warehouses,Data Engineer,00055602,2.0,0,DATA SCIENTIST,0 tahun 9 bulan,JUNIOR,9,80.27777778,84.0,0.0,0.0,1.2,77.5622022708,77.5622022708,1.0,42.047967203524,42.047967203524,0.3871286793377029
Maintain data lakes and warehouses,Data Engineer,0006B570,3.75,3,DATA ANALYST,4 tahun 11 bulan,JUNIOR,59,75.86206897,86.0,98.469149928,0.8603355751,1.0,71.0634376852,71.0634376852,4.0,39.42612197315601,39.42612197315601,0.26235594124028094
Maintain data lakes and warehouses,Data Engineer,0006F238,3.25,1,DATA SCIENTIST,4 tahun 8 bulan,MIDDLE,56,97.22222222,,98.9522417154,54.9046621779,1.1,95.020460512,95.020460512,7.0,51.888344071359995,51.888344071359995,0.855428925091758
Maintain data lakes and warehouses,Data Engineer,0008CEE3,4.25,3,DATA ENGINEER,8 tahun 3 bulan,SENIOR,99,88.23529412,93.0,81.2753036437,0.0,1.3,99.8654925819,99.8654925819,21.0,54.92621106840701,54.92621106840701,1.0
Maintain data lakes and warehouses,Data Engineer,0008DB3D,3.25,3,AI ENGINEER,4 tahun 5 bulan,MIDDLE,53,78.94736842,95.5,97.9135943724,2.0205144715,1.3,99.7997608046,99.7997608046,26.0,54.42137322643801,54.42137322643801,0.9759749358550716
Maintain data lakes and warehouses,Data Engineer,0008EF5A,2.0,0,DATA SCIENTIST,3 tahun 9 bulan,JUNIOR,45,87.5,70.0,98.9522417154,0.0,1.0,66.4806914307,66.4806914307,2.0,36.174766458271,36.174766458271,0.10762501913187904
Maintain data lakes and warehouses,Data Engineer,00093BBA,1.25,2,MGT,4 tahun 11 bulan,-,59,,,,,,,,1.0,,,
Maintain data lakes and warehouses,Data Engineer,000BC56E,3.25,1,DATA ANALYST,3 tahun 2 bulan,JUNIOR,38,77.67241379,89.0,95.0048732943,0.4301677875,1.0,72.7677924824,72.7677924824,2.0,40.094430015672,40.094430015672,0.2941604975853346
Maintain data lakes and warehouses,Data Engineer,000BE0C5,3.75,3,DATA ANALYST,3 tahun 0 bulan,MIDDLE,36,79.13793103,90.5,96.8024832613,9.3020121433,1.0,75.3882483655,75.3882483655,0.0,41.718271633715005,41.718271633715005,0.3714385773792877
Maintain data lakes and warehouses,Data Engineer,000BF13A,1.5,2,DATA ANALYST,4 tahun 11 bulan,JUNIOR,59,85.34482759,84.0,76.9401195515,0.4301677875,1.0,71.3283335517,71.3283335517,2.0,38.509016782401,38.509016782401,0.2187112117770548
Maintain data lakes and warehouses,Data Engineer,000C7109,3.0,1,DATA SCIENTIST,6 tahun 6 bulan,MIDDLE,78,,,,,,,,9.0,,,
Maintain data lakes and warehouses,Data Engineer,000C72E4,4.0,1,DATA ENGINEER,5 tahun 0 bulan,MIDDLE,60,76.47058824,91.5,89.9596364099,0.0,1.2,87.8939523114,87.8939523114,3.0,48.46379472504201,48.46379472504201,0.6924557664397278
Maintain data lakes and warehouses,Data Engineer,000CEE2B,2.25,0,DATA ANALYST,3 tahun 11 bulan,MIDDLE,47,74.48275862,90.0,98.9522417154,10.5359979556,1.0,74.1194724896,74.1194724896,4.0,40.340820419488,40.340820419488,0.30588613454092867
Maintain data lakes and warehouses,Data Engineer,000FCFC2,4.75,3,AI ENGINEER,1 tahun 10 bulan,JUNIOR,22,80.52631579,95.0,98.9522417154,34.6152175938,1.0,81.9618884287,81.9618884287,16.0,45.672300867211,45.672300867211,0.5596095068705376
Maintain data lakes and warehouses,Data Engineer,00101A0D,1.75,0,DATA SCIENTIST,4 tahun 0 bulan,JUNIOR,48,82.5,94.0,39.414983165,7.0665492569,1.0,73.9040356956,73.9040356956,2.0,39.991638918668,39.991638918668,0.28926870363934837
Maintain data lakes and warehouses,Data Engineer,00103C57,3.5,1,DATA ANALYST,4 tahun 11 bulan,JUNIOR,59,80.60344828,81.5,80.2615189223,5.8627640301,1.0,69.7620596418,69.7620596418,15.0,38.618891610154,38.618891610154,0.22394011810147602
Maintain data lakes and warehouses,Data Engineer,00104933,1.0,2,MGT,3 tahun 11 bulan,-,47,89.65517241,,98.469149928,8.7007929068,1.0,69.5023814571,69.5023814571,1.0,37.306262172263004,37.306262172263004,0.1614725219306861
Maintain data lakes and warehouses,Data Engineer,001356B3,2.5,1,DATA SCIENTIST,1 tahun 10 bulan,JUNIOR,22,98.61111111,,98.9522417154,37.4823489904,1.0,82.7234066868,82.7234066868,7.0,45.018405544004004,45.018405544004004,0.5284908470195958
Maintain data lakes and warehouses,Data Engineer,0013A32D,1.0,2,MGT,5 tahun 9 bulan,-,69,79.13793103,99.0,88.8109161793,8.7722486646,1.0,78.9526210358,78.9526210358,1.0,42.314889148974,42.314889148974,0.3998314054964899
Maintain data lakes and warehouses,Data Engineer,0013D24E,2.75,1,DATA SCIENTIST,4 tahun 9 bulan,JUNIOR,57,66.25,92.0,97.9135943724,0.0,1.1,78.1589269578,78.1589269578,0.0,42.716731287634005,42.716731287634005,0.4189549385497722
Maintain data lakes and warehouses,Data Engineer,0014B046,2.5,1,DATA SCIENTIST,7 tahun 8 bulan,SENIOR,92,84.72222222,87.0,0.0,0.0,1.0,67.4019777006,67.4019777006,6.0,36.898048181317996,36.898048181317996,0.1420457545571078
Maintain data lakes and warehouses,Data Engineer,0014CA34,1.75,0,DATA SCIENTIST,4 tahun 1 bulan,JUNIOR,49,82.5,95.0,99.537037037,30.4375931247,1.0,81.9453180716,81.9453180716,1.0,44.253518577948,44.253518577948,0.49209013198713675
Maintain data lakes and warehouses,Data Engineer,0014EEF4,4.25,1,DATA ENGINEER,2 tahun 11 bulan,MIDDLE,35,85.0,93.5,80.9809654856,9.0371304039,1.2,92.960313373,92.960313373,8.0,51.266466087690006,51.266466087690006,0.8258339597268048
Maintain data lakes and warehouses,Data Engineer,0014F3E9,3.75,3,DATA ANALYST,3 tahun 1 bulan,JUNIOR,37,75.86206897,,98.257797271,12.7921561676,1.0,61.80993377,61.80993377,2.0,34.5217648981,34.5217648981,0.028959227439477233
Maintain data lakes and warehouses,Data Engineer,001ABDF5,3.0,1,DATA ANALYST,3 tahun 4 bulan,MIDDLE,40,82.24137931,98.5,98.9522417154,50.3029972195,1.0,86.5446547165,86.5446547165,8.0,47.278666999745,47.278666999745,0.636055934150725
Maintain data lakes and warehouses,Data Engineer,001AE6FC,2.75,0,DATA ANALYST,3 tahun 4 bulan,JUNIOR,40,82.24137931,84.5,98.469149928,0.4301677875,,72.1149630886,72.1149630886,2.0,39.513430436958004,39.513430436958004,0.2665109218476319
Maintain data lakes and warehouses,Data Engineer,001F9B47,4.0,1,DATA ENGINEER,3 tahun 1 bulan,JUNIOR,37,58.75,87.0,96.1884481736,8.6577453183,1.2,81.1247503422,81.1247503422,1.0,44.876117681366004,44.876117681366004,0.521719415199846
Maintain data lakes and warehouses,Data Engineer,002018BB,2.5,0,DATA SCIENTIST,10 tahun 10 bulan,SENIOR,130,97.22222222,98.0,50.5555555556,43.7450704533,1.0,86.4214334385,86.4214334385,18.0,46.978359722405,46.978359722405,0.6217644112071552
Maintain data lakes and warehouses,Data Engineer,0020C6B5,3.0,3,DATA ANALYST,2 tahun 10 bulan,MIDDLE,34,75.86206897,88.5,98.3674463938,3.3392709766,1.0,72.659385698,72.659385698,3.0,39.919474419939995,39.919474419939995,0.2858344192676284
Maintain data lakes and warehouses,Data Engineer,002201AD,1.75,0,DATA ANALYST,4 tahun 10 bulan,MIDDLE,58,91.37931034,95.0,99.537037037,0.4301677875,1.0,80.0052980974,80.0052980974,2.0,43.225307991622,43.225307991622,0.4431579338883789
Maintain data lakes and warehouses,Data Engineer,00270615,2.25,0,DATA ANALYST,3 tahun 9 bulan,JUNIOR,45,93.10344828,75.0,98.9814814815,29.9520058526,1.0,75.0818725109,75.0818725109,1.0,40.850892430777,40.850892430777,0.3301602910541472
Maintain data lakes and warehouses,Data Engineer,00277DF9,1.75,0,AI ENGINEER,0 tahun 5 bulan,MIDDLE,5,,,,,,,,4.0,,,
Maintain data lakes and warehouses,Data Engineer,002D5AC9,4.0,3,DATA SCIENTIST,3 tahun 8 bulan,MIDDLE,44,78.88888889,92.0,97.4707602339,57.4757263933,1.0,83.3553945397,83.3553945397,3.0,46.058359106041,46.058359106041,0.577981889407064
Maintain data lakes and warehouses,Data Engineer,002DF96D,3.25,3,DATA SCIENTIST,5 tahun 0 bulan,MIDDLE,60,78.88888889,91.0,46.8542261807,5.4541409456,1.1,78.7985129608,78.7985129608,15.0,43.290711869224,43.290711869224,0.4462704825606146
Maintain data lakes and warehouses,Data Engineer,002E9001,3.5,1,DATA ENGINEER,7 tahun 8 bulan,SENIOR,92,,,,,,,,10.0,,,
Maintain data lakes and warehouses,Data Engineer,002EC9F6,1.5,2,DATA SCIENTIST,4 tahun 7 bulan,MIDDLE,55,97.22222222,96.5,83.7230473171,43.7450704533,1.1,96.6970538768,96.6970538768,0.0,51.954438554704,51.954438554704,0.8585743394604041
Maintain data lakes and warehouses,Data Engineer,00302AE1,3.0,1,DATA ENGINEER,2 tahun 5 bulan,MIDDLE,29,84.70588235,89.0,97.8411306043,0.4301677875,1.2,90.0022582512,90.0022582512,2.0,49.111196873136,49.111196873136,0.7232654182575442
Maintain data lakes and warehouses,Data Engineer,00306ABB,3.25,1,DATA ENGINEER,3 tahun 3 bulan,JUNIOR,39,94.11764706,90.0,96.5971692516,0.0,1.2,93.696777586,93.696777586,3.0,51.186792120579995,51.186792120579995,0.8220423022650085
Maintain data lakes and warehouses,Data Engineer,0031857D,3.0,3,DATA SCIENTIST,2 tahun 11 bulan,MIDDLE,35,90.0,,97.6042024997,10.2336902669,1.0,70.0282735258,70.0282735258,5.0,38.524984968674,38.524984968674,0.21947113242403066
Maintain data lakes and warehouses,Data Engineer,0037569D,2.75,1,AI ENGINEER,2 tahun 8 bulan,MIDDLE,32,82.89473684,90.0,98.498389694,6.7355847106,1.3,98.749547614,98.749547614,21.0,53.629760235419994,53.629760235419994,0.938302338228497
Maintain data lakes and warehouses,Data Engineer,00392144,2.5,0,DATA SCIENTIST,4 tahun 10 bulan,MIDDLE,58,85.0,90.5,98.9522417154,10.5154493741,1.0,77.4187076743,77.4187076743,15.0,42.20691506737899,42.20691506737899,0.39469295504635704
Maintain data lakes and warehouses,Data Engineer,003A7A13,1.75,0,DATA SCIENTIST,2 tahun 10 bulan,JUNIOR,34,82.5,89.5,96.6027405114,1.0754194688,1.0,74.6209033424,74.6209033424,5.0,40.371578771472,40.371578771472,0.3073499142301172
Maintain data lakes and warehouses,Data Engineer,003B384C,4.0,3,DATA SCIENTIST,2 tahun 10 bulan,SENIOR,34,80.0,92.0,96.3395202983,44.3903221346,1.1,89.794363496,89.794363496,3.0,49.471012652880006,49.471012652880006,0.7403889309383507
Maintain data lakes and warehouses,Data Engineer,003C6A0D,2.0,0,DATA ANALYST,1 tahun 9 bulan,JUNIOR,21,76.20689655,98.0,45.3968253968,2.3230903964,1.0,73.7283503902,73.7283503902,7.0,40.016025706806005,40.016025706806005,0.2904292627349565
Maintain data lakes and warehouses,Data Engineer,003CFD5B,2.75,1,DATA ENGINEER,3 tahun 8 bulan,MIDDLE,44,77.5,80.0,98.9522417154,3.0893274449,1.3,89.6443972996,89.6443972996,0.0,48.804030568788,48.804030568788,0.7086474765114608
Maintain data lakes and warehouses,Data Engineer,003D5583,2.5,0,DATA SCIENTIST,3 tahun 9 bulan,JUNIOR,45,98.61111111,90.0,98.9522417154,31.463471719,1.0,84.2841556523,84.2841556523,1.0,45.845602495719,45.845602495719,0.567856873440932
Maintain data lakes and warehouses,Data Engineer,0042FA00,1.75,0,DATA ANALYST,3 tahun 1 bulan,JUNIOR,37,80.68965517,90.0,98.9522417154,38.3427977748,1.0,80.1122536136,80.1122536136,2.0,43.281994415208004,43.281994415208004,0.44585562183801536
Maintain data lakes and warehouses,Data Engineer,00430780,2.0,2,DATA ANALYST,2 tahun 10 bulan,MIDDLE,34,87.93103448,86.0,92.1643347143,0.4301677875,1.0,74.0835656652,74.0835656652,2.0,40.204289802556,40.204289802556,0.29938868811982744
Maintain data lakes and warehouses,Data Engineer,00434E84,3.5,1,DATA SCIENTIST,3 tahun 9 bulan,JUNIOR,45,80.27777778,95.0,96.1220230528,0.0,1.0,76.485383457,76.485383457,4.0,42.18225323221,42.18225323221,0.39351930655448536
Maintain data lakes and warehouses,Data Engineer,00456E77,2.5,1,DATA SCIENTIST,1 tahun 8 bulan,BASIC,20,75.55555556,90.0,17.7777777778,0.0,,67.4044956827,67.4044956827,8.0,36.899382711831,36.899382711831,0.14210926441812236
Maintain data lakes and warehouses,Data Engineer,0045D05E,2.0,1,DATA SCIENTIST,4 tahun 1 bulan,JUNIOR,49,73.75,85.0,96.7440037291,55.491056416,1.0,78.0721708555,78.0721708555,7.0,42.318250553415005,42.318250553415005,0.3999913736102059
Maintain data lakes and warehouses,Data Engineer,00464297,1.0,2,MGT,4 tahun 11 bulan,-,59,,,,,,,,1.0,,,
Maintain data lakes and warehouses,Data Engineer,005139FE,2.25,0,DATA ANALYST,4 tahun 1 bulan,MIDDLE,49,79.13793103,85.0,98.9522417154,0.4301677875,1.0,71.4912919476,71.4912919476,2.0,38.947884732228005,38.947884732228005,0.23959679080699312
Maintain data lakes and warehouses,Data Engineer,0052D29A,3.5,1,DATA ANALYST,5 tahun 1 bulan,SENIOR,61,73.10344828,86.0,97.7192982456,51.2417874977,1.0,77.8012250633,77.8012250633,4.0,42.879649283549,42.879649283549,0.4267081515160484
Maintain data lakes and warehouses,Data Engineer,00563DC3,3.25,0,DATA ANALYST,3 tahun 6 bulan,MIDDLE,42,76.20689655,96.0,3.7037037037,53.3266455725,1.0,77.6344597313,77.6344597313,4.0,42.67376365758901,42.67376365758901,0.4169101233989103
Maintain data lakes and warehouses,Data Engineer,00630639,3.0,1,DATA SCIENTIST,9 tahun 2 bulan,MIDDLE,110,80.0,75.0,98.9522417154,54.8821326185,1.0,75.0274646513,75.0274646513,0.0,41.174556265189,41.174556265189,0.34556334474127387
Maintain data lakes and warehouses,Data Engineer,0073D075,2.75,3,DATA SCIENTIST,4 tahun 0 bulan,JUNIOR,48,91.66666667,93.0,58.0116959064,8.2492354431,1.0,77.500618325,77.500618325,4.0,42.367827712250005,42.367827712250005,0.4023507340267876
Maintain data lakes and warehouses,Data Engineer,0084C542,2.0,0,DATA ANALYST,4 tahun 0 bulan,MIDDLE,48,74.48275862,80.0,98.9522417154,0.0,1.0,67.6149808506,67.6149808506,2.0,36.775939850818006,36.775939850818006,0.13623465992630446
Maintain data lakes and warehouses,Data Engineer,00897237,1.5,0,DATA ANALYST,3 tahun 9 bulan,MIDDLE,45,93.10344828,92.5,94.1423001949,2.5085548458,1.2,95.0743558155,95.0743558155,8.0,51.094408582215,51.094408582215,0.8176458005556722
Maintain data lakes and warehouses,Data Engineer,0097B743,2.0,0,MGT,3 tahun 1 bulan,-,37,90.27777778,,98.9522417154,37.0103448893,1.0,77.3225695827,77.3225695827,5.0,41.920961878831,41.920961878831,0.381084538390194
Maintain data lakes and warehouses,Data Engineer,009C501C,2.75,0,DATA ANALYST,2 tahun 9 bulan,MIDDLE,33,71.72413793,91.5,99.537037037,45.8959093909,1.1,87.3635004212,87.3635004212,9.0,47.595155223236,47.595155223236,0.6511175029127446
Maintain data lakes and warehouses,Data Engineer,017F0DF6,3.0,3,AI ENGINEER,3 tahun 8 bulan,JUNIOR,44,84.07894737,90.0,75.790084404,1.3470096476,1.3,96.1634426675,96.1634426675,9.0,52.37662461377499,52.37662461377499,0.8786660328855932
Manage cloud-based data processing,Data Engineer,0000ECE6,2.0,2,DATA ANALYST,4 tahun 10 bulan,JUNIOR,58,,,,,,,,9.0,,,
Manage cloud-based data processing,Data Engineer,0001741A,4.5,3,DATA SCIENTIST,4 tahun 11 bulan,JUNIOR,59,88.75,89.5,96.4930913886,12.6845989445,1.0,78.1787671463,78.1787671463,3.0,43.549746587539005,43.549746587539005,0.45604773699193923
Manage cloud-based data processing,Data Engineer,00017D8B,5.0,3,DATA ENGINEER,3 tahun 9 bulan,SENIOR,45,86.02941176,94.0,88.8888888889,14.482615467,1.2,95.2346475844,95.2346475844,0.0,52.824363219732,52.824363219732,0.8949692869942056
Manage cloud-based data processing,Data Engineer,00049B4B,1.5,0,DATA ANALYST,3 tahun 9 bulan,MIDDLE,45,76.66666667,,99.4152046784,13.616265803,1.0,62.6570672707,62.6570672707,8.0,33.913245653471,33.913245653471,0.0
Manage cloud-based data processing,Data Engineer,0004E1C5,1.5,1,AI ENGINEER,1 tahun 0 bulan,MIDDLE,12,98.68421053,,85.4256716671,27.4434510067,1.2,94.462392646,94.462392646,3.0,50.77006810238,50.77006810238,0.7977497001553883
Manage cloud-based data processing,Data Engineer,00050DC9,2.0,2,DATA ANALYST,3 tahun 6 bulan,MIDDLE,42,73.27586207,90.0,93.7469277057,9.2877346217,1.1,80.5550616974,80.5550616974,9.0,43.634182699622,43.634182699622,0.46004367889028064
Manage cloud-based data processing,Data Engineer,00055602,2.5,0,DATA SCIENTIST,0 tahun 9 bulan,JUNIOR,9,80.27777778,84.0,0.0,0.0,1.2,77.5622022708,77.5622022708,1.0,42.282967203524,42.282967203524,0.3960973592250783
Manage cloud-based data processing,Data Engineer,0006B570,4.0,3,DATA ANALYST,4 tahun 11 bulan,JUNIOR,59,75.86206897,86.0,98.469149928,0.8603355751,1.0,71.0634376852,71.0634376852,4.0,39.54362197315601,39.54362197315601,0.2664577523079634
Manage cloud-based data processing,Data Engineer,0006F238,3.0,1,DATA SCIENTIST,4 tahun 8 bulan,MIDDLE,56,97.22222222,,98.9522417154,54.9046621779,1.1,95.020460512,95.020460512,7.0,51.770844071359996,51.770844071359996,0.845111457188558
Manage cloud-based data processing,Data Engineer,0008CEE3,4.5,3,DATA ENGINEER,8 tahun 3 bulan,SENIOR,99,88.23529412,93.0,81.2753036437,0.0,1.3,99.8654925819,99.8654925819,21.0,55.043711068407006,55.043711068407006,1.0
Manage cloud-based data processing,Data Engineer,0008DB3D,3.0,3,AI ENGINEER,4 tahun 5 bulan,MIDDLE,53,78.94736842,95.5,97.9135943724,2.0205144715,1.3,99.7997608046,99.7997608046,26.0,54.303873226438,54.303873226438,0.9649871487711741
Manage cloud-based data processing,Data Engineer,0008EF5A,2.5,0,DATA SCIENTIST,3 tahun 9 bulan,JUNIOR,45,87.5,70.0,98.9522417154,0.0,1.0,66.4806914307,66.4806914307,2.0,36.409766458271,36.409766458271,0.11814793265440056
Manage cloud-based data processing,Data Engineer,00093BBA,1.0,2,MGT,4 tahun 11 bulan,-,59,,,,,,,,1.0,,,
Manage cloud-based data processing,Data Engineer,000BC56E,3.5,1,DATA ANALYST,3 tahun 2 bulan,JUNIOR,38,77.67241379,89.0,95.0048732943,0.4301677875,1.0,72.7677924824,72.7677924824,2.0,40.211930015672,40.211930015672,0.2980854533260207
Manage cloud-based data processing,Data Engineer,000BE0C5,4.0,3,DATA ANALYST,3 tahun 0 bulan,MIDDLE,36,79.13793103,90.5,96.8024832613,9.3020121433,1.0,75.3882483655,75.3882483655,0.0,41.835771633715005,41.835771633715005,0.3749338135564203
Manage cloud-based data processing,Data Engineer,000BF13A,1.5,2,DATA ANALYST,4 tahun 11 bulan,JUNIOR,59,85.34482759,84.0,76.9401195515,0.4301677875,1.0,71.3283335517,71.3283335517,2.0,38.509016782401,38.509016782401,0.21749502619480826
Manage cloud-based data processing,Data Engineer,000C7109,3.0,1,DATA SCIENTIST,6 tahun 6 bulan,MIDDLE,78,,,,,,,,9.0,,,
Manage cloud-based data processing,Data Engineer,000C72E4,4.5,1,DATA ENGINEER,5 tahun 0 bulan,MIDDLE,60,76.47058824,91.5,89.9596364099,0.0,1.2,87.8939523114,87.8939523114,3.0,48.698794725042006,48.698794725042006,0.6997266165808106
Manage cloud-based data processing,Data Engineer,000CEE2B,2.0,0,DATA ANALYST,3 tahun 11 bulan,MIDDLE,47,74.48275862,90.0,98.9522417154,10.5359979556,1.0,74.1194724896,74.1194724896,4.0,40.223320419488,40.223320419488,0.2986245045770141
Manage cloud-based data processing,Data Engineer,000FCFC2,4.5,3,AI ENGINEER,1 tahun 10 bulan,JUNIOR,22,80.52631579,95.0,98.9522417154,34.6152175938,1.0,81.9618884287,81.9618884287,16.0,45.554800867211,45.554800867211,0.5509369994998407
Manage cloud-based data processing,Data Engineer,00101A0D,2.0,0,DATA SCIENTIST,4 tahun 0 bulan,JUNIOR,48,82.5,94.0,39.414983165,7.0665492569,1.0,73.9040356956,73.9040356956,2.0,40.109138918668,40.109138918668,0.2932208611371831
Manage cloud-based data processing,Data Engineer,00103C57,3.5,1,DATA ANALYST,4 tahun 11 bulan,JUNIOR,59,80.60344828,81.5,80.2615189223,5.8627640301,1.0,69.7620596418,69.7620596418,15.0,38.618891610154,38.618891610154,0.22269485618413443
Manage cloud-based data processing,Data Engineer,00104933,1.0,2,MGT,3 tahun 11 bulan,-,47,89.65517241,,98.469149928,8.7007929068,1.0,69.5023814571,69.5023814571,1.0,37.306262172263004,37.306262172263004,0.1605746230461
Manage cloud-based data processing,Data Engineer,001356B3,2.0,1,DATA SCIENTIST,1 tahun 10 bulan,JUNIOR,22,98.61111111,,98.9522417154,37.4823489904,1.0,82.7234066868,82.7234066868,7.0,44.783405544004005,44.783405544004005,0.514430689389807
Manage cloud-based data processing,Data Engineer,0013A32D,1.0,2,MGT,5 tahun 9 bulan,-,69,79.13793103,99.0,88.8109161793,8.7722486646,1.0,78.9526210358,78.9526210358,1.0,42.314889148974,42.314889148974,0.3976080663876111
Manage cloud-based data processing,Data Engineer,0013D24E,2.5,1,DATA SCIENTIST,4 tahun 9 bulan,JUNIOR,57,66.25,92.0,97.9135943724,0.0,1.1,78.1589269578,78.1589269578,0.0,42.599231287634005,42.599231287634005,0.41106456784540774
Manage cloud-based data processing,Data Engineer,0014B046,3.0,1,DATA SCIENTIST,7 tahun 8 bulan,SENIOR,92,84.72222222,87.0,0.0,0.0,1.0,67.4019777006,67.4019777006,6.0,37.133048181317996,37.133048181317996,0.15237726498778803
Manage cloud-based data processing,Data Engineer,0014CA34,1.5,0,DATA SCIENTIST,4 tahun 1 bulan,JUNIOR,49,82.5,95.0,99.537037037,30.4375931247,1.0,81.9453180716,81.9453180716,1.0,44.136018577948,44.136018577948,0.48379307903228025
Manage cloud-based data processing,Data Engineer,0014EEF4,5.0,1,DATA ENGINEER,2 tahun 11 bulan,MIDDLE,35,85.0,93.5,80.9809654856,9.0371304039,1.2,92.960313373,92.960313373,8.0,51.618966087690005,51.618966087690005,0.8379238264058192
Manage cloud-based data processing,Data Engineer,0014F3E9,4.0,3,DATA ANALYST,3 tahun 1 bulan,JUNIOR,37,75.86206897,,98.257797271,12.7921561676,1.0,61.80993377,61.80993377,2.0,34.6392648981,34.6392648981,0.034358885636083344
Manage cloud-based data processing,Data Engineer,001ABDF5,3.5,1,DATA ANALYST,3 tahun 4 bulan,MIDDLE,40,82.24137931,98.5,98.9522417154,50.3029972195,1.0,86.5446547165,86.5446547165,8.0,47.513666999745006,47.513666999745006,0.6436404063613567
Manage cloud-based data processing,Data Engineer,001AE6FC,3.0,0,DATA ANALYST,3 tahun 4 bulan,JUNIOR,40,82.24137931,84.5,98.469149928,0.4301677875,,72.1149630886,72.1149630886,2.0,39.630930436958,39.630930436958,0.27058962834985517
Manage cloud-based data processing,Data Engineer,001F9B47,4.5,1,DATA ENGINEER,3 tahun 1 bulan,JUNIOR,37,58.75,87.0,96.1884481736,8.6577453183,1.2,81.1247503422,81.1247503422,1.0,45.111117681366004,45.111117681366004,0.5299396775226646
Manage cloud-based data processing,Data Engineer,002018BB,2.5,0,DATA SCIENTIST,10 tahun 10 bulan,SENIOR,130,97.22222222,98.0,50.5555555556,43.7450704533,1.0,86.4214334385,86.4214334385,18.0,46.978359722405,46.978359722405,0.6183069711138007
Manage cloud-based data processing,Data Engineer,0020C6B5,3.5,3,DATA ANALYST,2 tahun 10 bulan,MIDDLE,34,75.86206897,88.5,98.3674463938,3.3392709766,1.0,72.659385698,72.659385698,3.0,40.15447441994,40.15447441994,0.29536636528873644
Manage cloud-based data processing,Data Engineer,002201AD,1.5,0,DATA ANALYST,4 tahun 10 bulan,MIDDLE,58,91.37931034,95.0,99.537037037,0.4301677875,1.0,80.0052980974,80.0052980974,2.0,43.107807991622,43.107807991622,0.43513297779290055
Manage cloud-based data processing,Data Engineer,00270615,2.0,0,DATA ANALYST,3 tahun 9 bulan,JUNIOR,45,93.10344828,75.0,98.9814814815,29.9520058526,1.0,75.0818725109,75.0818725109,1.0,40.733392430777,40.733392430777,0.3227636799937781
Manage cloud-based data processing,Data Engineer,00277DF9,1.5,0,AI ENGINEER,0 tahun 5 bulan,MIDDLE,5,,,,,,,,4.0,,,
Manage cloud-based data processing,Data Engineer,002D5AC9,4.0,3,DATA SCIENTIST,3 tahun 8 bulan,MIDDLE,44,78.88888889,92.0,97.4707602339,57.4757263933,1.0,83.3553945397,83.3553945397,3.0,46.058359106041,46.058359106041,0.5747679104117255
Manage cloud-based data processing,Data Engineer,002DF96D,4.0,3,DATA SCIENTIST,5 tahun 0 bulan,MIDDLE,60,78.88888889,91.0,46.8542261807,5.4541409456,1.1,78.7985129608,78.7985129608,15.0,43.643211869224004,43.643211869224004,0.46047098465116654
Manage cloud-based data processing,Data Engineer,002E9001,3.5,1,DATA ENGINEER,7 tahun 8 bulan,SENIOR,92,,,,,,,,10.0,,,
Manage cloud-based data processing,Data Engineer,002EC9F6,1.5,2,DATA SCIENTIST,4 tahun 7 bulan,MIDDLE,55,97.22222222,96.5,83.7230473171,43.7450704533,1.1,96.6970538768,96.6970538768,0.0,51.954438554704,51.954438554704,0.8538000724054395
Manage cloud-based data processing,Data Engineer,00302AE1,3.5,1,DATA ENGINEER,2 tahun 5 bulan,MIDDLE,29,84.70588235,89.0,97.8411306043,0.4301677875,1.2,90.0022582512,90.0022582512,2.0,49.34619687313601,49.34619687313601,0.7303649454288059
Manage cloud-based data processing,Data Engineer,00306ABB,4.0,1,DATA ENGINEER,3 tahun 3 bulan,JUNIOR,39,94.11764706,90.0,96.5971692516,0.0,1.2,93.696777586,93.696777586,3.0,51.53929212058,51.53929212058,0.8341532531815453
Manage cloud-based data processing,Data Engineer,0031857D,3.0,3,DATA SCIENTIST,2 tahun 11 bulan,MIDDLE,35,90.0,,97.6042024997,10.2336902669,1.0,70.0282735258,70.0282735258,5.0,38.524984968674,38.524984968674,0.2182507211574811
Manage cloud-based data processing,Data Engineer,0037569D,2.5,1,AI ENGINEER,2 tahun 8 bulan,MIDDLE,32,82.89473684,90.0,98.498389694,6.7355847106,1.3,98.749547614,98.749547614,21.0,53.512260235419994,53.512260235419994,0.927524036839032
Manage cloud-based data processing,Data Engineer,00392144,2.0,0,DATA SCIENTIST,4 tahun 10 bulan,MIDDLE,58,85.0,90.5,98.9522417154,10.5154493741,1.0,77.4187076743,77.4187076743,15.0,41.971915067378994,41.971915067378994,0.3813768062208297
Manage cloud-based data processing,Data Engineer,003A7A13,1.5,0,DATA SCIENTIST,2 tahun 10 bulan,JUNIOR,34,82.5,89.5,96.6027405114,1.0754194688,1.0,74.6209033424,74.6209033424,5.0,40.254078771472,40.254078771472,0.30008014463888727
Manage cloud-based data processing,Data Engineer,003B384C,4.0,3,DATA SCIENTIST,2 tahun 10 bulan,SENIOR,34,80.0,92.0,96.3395202983,44.3903221346,1.1,89.794363496,89.794363496,3.0,49.471012652880006,49.471012652880006,0.736271856483201
Manage cloud-based data processing,Data Engineer,003C6A0D,1.5,0,DATA ANALYST,1 tahun 9 bulan,JUNIOR,21,76.20689655,98.0,45.3968253968,2.3230903964,1.0,73.7283503902,73.7283503902,7.0,39.781025706806005,39.781025706806005,0.27769289213986653
Manage cloud-based data processing,Data Engineer,003CFD5B,3.5,1,DATA ENGINEER,3 tahun 8 bulan,MIDDLE,44,77.5,80.0,98.9522417154,3.0893274449,1.3,89.6443972996,89.6443972996,0.0,49.15653056878801,49.15653056878801,0.721388981074801
Manage cloud-based data processing,Data Engineer,003D5583,2.5,0,DATA SCIENTIST,3 tahun 9 bulan,JUNIOR,45,98.61111111,90.0,98.9522417154,31.463471719,1.0,84.2841556523,84.2841556523,1.0,45.845602495719,45.845602495719,0.5646991965360899
Manage cloud-based data processing,Data Engineer,0042FA00,2.0,0,DATA ANALYST,3 tahun 1 bulan,JUNIOR,37,80.68965517,90.0,98.9522417154,38.3427977748,1.0,80.1122536136,80.1122536136,2.0,43.399494415208004,43.399494415208004,0.4489370477865422
Manage cloud-based data processing,Data Engineer,00430780,2.0,2,DATA ANALYST,2 tahun 10 bulan,MIDDLE,34,87.93103448,86.0,92.1643347143,0.4301677875,1.0,74.0835656652,74.0835656652,2.0,40.204289802556,40.204289802556,0.2977238799784406
Manage cloud-based data processing,Data Engineer,00434E84,4.0,1,DATA SCIENTIST,3 tahun 9 bulan,JUNIOR,45,80.27777778,95.0,96.1220230528,0.0,1.0,76.485383457,76.485383457,4.0,42.41725323221,42.41725323221,0.40245245013524256
Manage cloud-based data processing,Data Engineer,00456E77,2.5,1,DATA SCIENTIST,1 tahun 8 bulan,BASIC,20,75.55555556,90.0,17.7777777778,0.0,,67.4044956827,67.4044956827,8.0,36.899382711831,36.899382711831,0.14131903863552664
Manage cloud-based data processing,Data Engineer,0045D05E,2.0,1,DATA SCIENTIST,4 tahun 1 bulan,JUNIOR,49,73.75,85.0,96.7440037291,55.491056416,1.0,78.0721708555,78.0721708555,7.0,42.318250553415005,42.318250553415005,0.3977671449679926
Manage cloud-based data processing,Data Engineer,00464297,1.0,2,MGT,4 tahun 11 bulan,-,59,,,,,,,,1.0,,,
Manage cloud-based data processing,Data Engineer,005139FE,2.0,0,DATA ANALYST,4 tahun 1 bulan,MIDDLE,49,79.13793103,85.0,98.9522417154,0.4301677875,1.0,71.4912919476,71.4912919476,2.0,38.830384732228005,38.830384732228005,0.23270377543512782
Manage cloud-based data processing,Data Engineer,0052D29A,3.5,1,DATA ANALYST,5 tahun 1 bulan,SENIOR,61,73.10344828,86.0,97.7192982456,51.2417874977,1.0,77.8012250633,77.8012250633,4.0,42.879649283549,42.879649283549,0.4243353591132982
Manage cloud-based data processing,Data Engineer,00563DC3,3.5,0,DATA ANALYST,3 tahun 6 bulan,MIDDLE,42,76.20689655,96.0,3.7037037037,53.3266455725,1.0,77.6344597313,77.6344597313,4.0,42.791263657589006,42.791263657589006,0.42015250633536
Manage cloud-based data processing,Data Engineer,00630639,3.0,1,DATA SCIENTIST,9 tahun 2 bulan,MIDDLE,110,80.0,75.0,98.9522417154,54.8821326185,1.0,75.0274646513,75.0274646513,0.0,41.174556265189,41.174556265189,0.3436417735780377
Manage cloud-based data processing,Data Engineer,0073D075,2.5,3,DATA SCIENTIST,4 tahun 0 bulan,JUNIOR,48,91.66666667,93.0,58.0116959064,8.2492354431,1.0,77.500618325,77.500618325,4.0,42.250327712250005,42.250327712250005,0.3945526941818311
Manage cloud-based data processing,Data Engineer,0084C542,2.0,0,DATA ANALYST,4 tahun 0 bulan,MIDDLE,48,74.48275862,80.0,98.9522417154,0.0,1.0,67.6149808506,67.6149808506,2.0,36.775939850818006,36.775939850818006,0.13547710100713245
Manage cloud-based data processing,Data Engineer,00897237,1.5,0,DATA ANALYST,3 tahun 9 bulan,MIDDLE,45,93.10344828,92.5,94.1423001949,2.5085548458,1.2,95.0743558155,95.0743558155,8.0,51.094408582215,51.094408582215,0.8130991244802185
Manage cloud-based data processing,Data Engineer,0097B743,1.5,0,MGT,3 tahun 1 bulan,-,37,90.27777778,,98.9522417154,37.0103448893,1.0,77.3225695827,77.3225695827,5.0,41.685961878831,41.685961878831,0.3678440617718661
Manage cloud-based data processing,Data Engineer,009C501C,2.5,0,DATA ANALYST,2 tahun 9 bulan,MIDDLE,33,71.72413793,91.5,99.537037037,45.8959093909,1.1,87.3635004212,87.3635004212,9.0,47.477655223236,47.477655223236,0.641936147803779
Manage cloud-based data processing,Data Engineer,017F0DF6,2.5,3,AI ENGINEER,3 tahun 8 bulan,JUNIOR,44,84.07894737,90.0,75.790084404,1.3470096476,1.3,96.1634426675,96.1634426675,9.0,52.141624613774994,52.141624613774994,0.8626586590667008
Optimize AI model inference,AI Engineer,0000ECE6,1.0,2,DATA ANALYST,4 tahun 10 bulan,JUNIOR,58,,,,,,,,9.0,,,
Optimize AI model inference,AI Engineer,0001741A,5.0,3,DATA SCIENTIST,4 tahun 11 bulan,JUNIOR,59,88.75,89.5,96.4930913886,12.6845989445,1.0,78.1787671463,78.1787671463,3.0,43.784746587539004,43.784746587539004,0.46943965587008096
Optimize AI model inference,AI Engineer,00017D8B,4.25,3,DATA ENGINEER,3 tahun 9 bulan,SENIOR,45,86.02941176,94.0,88.8888888889,14.482615467,1.2,95.2346475844,95.2346475844,0.0,52.471863219732,52.471863219732,0.8875324026194022
Optimize AI model inference,AI Engineer,00049B4B,1.75,0,DATA ANALYST,3 tahun 9 bulan,MIDDLE,45,76.66666667,,99.4152046784,13.616265803,1.0,62.6570672707,62.6570672707,8.0,34.030745653471,34.030745653471,0.0
Optimize AI model inference,AI Engineer,0004E1C5,2.5,1,AI ENGINEER,1 tahun 0 bulan,MIDDLE,12,98.68421053,,85.4256716671,27.4434510067,1.2,94.462392646,94.462392646,3.0,51.24006810238,51.24006810238,0.8282486810059985
Optimize AI model inference,AI Engineer,00050DC9,1.5,2,DATA ANALYST,3 tahun 6 bulan,MIDDLE,42,73.27586207,90.0,93.7469277057,9.2877346217,1.1,80.5550616974,80.5550616974,9.0,43.399182699622,43.399182699622,0.4508832726912042
Optimize AI model inference,AI Engineer,00055602,2.75,0,DATA SCIENTIST,0 tahun 9 bulan,JUNIOR,9,80.27777778,84.0,0.0,0.0,1.2,77.5622022708,77.5622022708,1.0,42.400467203524,42.400467203524,0.40281718555737517
Optimize AI model inference,AI Engineer,0006B570,3.5,3,DATA ANALYST,4 tahun 11 bulan,JUNIOR,59,75.86206897,86.0,98.469149928,0.8603355751,1.0,71.0634376852,71.0634376852,4.0,39.30862197315601,39.30862197315601,0.25401314393810015
Optimize AI model inference,AI Engineer,0006F238,3.5,1,DATA SCIENTIST,4 tahun 8 bulan,MIDDLE,56,97.22222222,,98.9522417154,54.9046621779,1.1,95.020460512,95.020460512,7.0,52.00584407136,52.00584407136,0.8651038760978881
Optimize AI model inference,AI Engineer,0008CEE3,4.0,3,DATA ENGINEER,8 tahun 3 bulan,SENIOR,99,88.23529412,93.0,81.2753036437,0.0,1.3,99.8654925819,99.8654925819,21.0,54.80871106840701,54.80871106840701,1.0
Optimize AI model inference,AI Engineer,0008DB3D,4.0,3,AI ENGINEER,4 tahun 5 bulan,MIDDLE,53,78.94736842,95.5,97.9135943724,2.0205144715,1.3,99.7997608046,99.7997608046,26.0,54.773873226438006,54.773873226438006,0.998323327560072
Optimize AI model inference,AI Engineer,0008EF5A,2.5,0,DATA SCIENTIST,3 tahun 9 bulan,JUNIOR,45,87.5,70.0,98.9522417154,0.0,1.0,66.4806914307,66.4806914307,2.0,36.409766458271,36.409766458271,0.11449729351699986
Optimize AI model inference,AI Engineer,00093BBA,1.0,2,MGT,4 tahun 11 bulan,-,59,,,,,,,,1.0,,,
Optimize AI model inference,AI Engineer,000BC56E,2.25,1,DATA ANALYST,3 tahun 2 bulan,JUNIOR,38,77.67241379,89.0,95.0048732943,0.4301677875,1.0,72.7677924824,72.7677924824,2.0,39.624430015672,39.624430015672,0.2692123242336345
Optimize AI model inference,AI Engineer,000BE0C5,3.0,3,DATA ANALYST,3 tahun 0 bulan,MIDDLE,36,79.13793103,90.5,96.8024832613,9.3020121433,1.0,75.3882483655,75.3882483655,0.0,41.365771633715,41.365771633715,0.35301945275985963
Optimize AI model inference,AI Engineer,000BF13A,1.5,2,DATA ANALYST,4 tahun 11 bulan,JUNIOR,59,85.34482759,84.0,76.9401195515,0.4301677875,1.0,71.3283335517,71.3283335517,2.0,38.509016782401,38.509016782401,0.2155298191858016
Optimize AI model inference,AI Engineer,000C7109,3.0,1,DATA SCIENTIST,6 tahun 6 bulan,MIDDLE,78,,,,,,,,9.0,,,
Optimize AI model inference,AI Engineer,000C72E4,3.0,1,DATA ENGINEER,5 tahun 0 bulan,MIDDLE,60,76.47058824,91.5,89.9596364099,0.0,1.2,87.8939523114,87.8939523114,3.0,47.993794725042,47.993794725042,0.6720123357955837
Optimize AI model inference,AI Engineer,000CEE2B,2.0,0,DATA ANALYST,3 tahun 11 bulan,MIDDLE,47,74.48275862,90.0,98.9522417154,10.5359979556,1.0,74.1194724896,74.1194724896,4.0,40.223320419488,40.223320419488,0.298035666262373
Optimize AI model inference,AI Engineer,000FCFC2,4.75,3,AI ENGINEER,1 tahun 10 bulan,JUNIOR,22,80.52631579,95.0,98.9522417154,34.6152175938,1.0,81.9618884287,81.9618884287,16.0,45.672300867211,45.672300867211,0.5602836938679087
Optimize AI model inference,AI Engineer,00101A0D,2.5,0,DATA SCIENTIST,4 tahun 0 bulan,JUNIOR,48,82.5,94.0,39.414983165,7.0665492569,1.0,73.9040356956,73.9040356956,2.0,40.344138918668,40.344138918668,0.30385040782956974
Optimize AI model inference,AI Engineer,00103C57,2.75,1,DATA ANALYST,4 tahun 11 bulan,JUNIOR,59,80.60344828,81.5,80.2615189223,5.8627640301,1.0,69.7620596418,69.7620596418,15.0,38.266391610153995,38.266391610153995,0.20385277730986345
Optimize AI model inference,AI Engineer,00104933,1.0,2,MGT,3 tahun 11 bulan,-,47,89.65517241,,98.469149928,8.7007929068,1.0,69.5023814571,69.5023814571,1.0,37.306262172263004,37.306262172263004,0.15764375642080117
Optimize AI model inference,AI Engineer,001356B3,2.25,1,DATA SCIENTIST,1 tahun 10 bulan,JUNIOR,22,98.61111111,,98.9522417154,37.4823489904,1.0,82.7234066868,82.7234066868,7.0,44.900905544004004,44.900905544004004,0.5231580510149041
Optimize AI model inference,AI Engineer,0013A32D,1.0,2,MGT,5 tahun 9 bulan,-,69,79.13793103,99.0,88.8109161793,8.7722486646,1.0,78.9526210358,78.9526210358,1.0,42.314889148974,42.314889148974,0.3986984928537821
Optimize AI model inference,AI Engineer,0013D24E,3.0,1,DATA SCIENTIST,4 tahun 9 bulan,JUNIOR,57,66.25,92.0,97.9135943724,0.0,1.1,78.1589269578,78.1589269578,0.0,42.834231287634005,42.834231287634005,0.42369334332584446
Optimize AI model inference,AI Engineer,0014B046,2.0,1,DATA SCIENTIST,7 tahun 8 bulan,SENIOR,92,84.72222222,87.0,0.0,0.0,1.0,67.4019777006,67.4019777006,6.0,36.663048181318,36.663048181318,0.12668721288537688
Optimize AI model inference,AI Engineer,0014CA34,2.5,0,DATA SCIENTIST,4 tahun 1 bulan,JUNIOR,49,82.5,95.0,99.537037037,30.4375931247,1.0,81.9453180716,81.9453180716,1.0,44.606018577948,44.606018577948,0.5089657583545251
Optimize AI model inference,AI Engineer,0014EEF4,3.0,1,DATA ENGINEER,2 tahun 11 bulan,MIDDLE,35,85.0,93.5,80.9809654856,9.0371304039,1.2,92.960313373,92.960313373,8.0,50.67896608769,50.67896608769,0.8012440150781853
Optimize AI model inference,AI Engineer,0014F3E9,3.0,3,DATA ANALYST,3 tahun 1 bulan,JUNIOR,37,75.86206897,,98.257797271,12.7921561676,1.0,61.80993377,61.80993377,2.0,34.169264898099996,34.169264898099996,0.006666641408952481
Optimize AI model inference,AI Engineer,001ABDF5,2.25,1,DATA ANALYST,3 tahun 4 bulan,MIDDLE,40,82.24137931,98.5,98.9522417154,50.3029972195,1.0,86.5446547165,86.5446547165,8.0,46.926166999745,46.926166999745,0.6206296472610485
Optimize AI model inference,AI Engineer,001AE6FC,3.0,0,DATA ANALYST,3 tahun 4 bulan,JUNIOR,40,82.24137931,84.5,98.469149928,0.4301677875,,72.1149630886,72.1149630886,2.0,39.630930436958,39.630930436958,0.26952517590877173
Optimize AI model inference,AI Engineer,001F9B47,2.25,1,DATA ENGINEER,3 tahun 1 bulan,JUNIOR,37,58.75,87.0,96.1884481736,8.6577453183,1.2,81.1247503422,81.1247503422,1.0,44.053617681366,44.053617681366,0.4823798590351955
Optimize AI model inference,AI Engineer,002018BB,1.75,0,DATA SCIENTIST,10 tahun 10 bulan,SENIOR,130,97.22222222,98.0,50.5555555556,43.7450704533,1.0,86.4214334385,86.4214334385,18.0,46.625859722405,46.625859722405,0.6061764863599276
Optimize AI model inference,AI Engineer,0020C6B5,2.5,3,DATA ANALYST,2 tahun 10 bulan,MIDDLE,34,75.86206897,88.5,98.3674463938,3.3392709766,1.0,72.659385698,72.659385698,3.0,39.684474419939995,39.684474419939995,0.27210213577528025
Optimize AI model inference,AI Engineer,002201AD,1.25,0,DATA ANALYST,4 tahun 10 bulan,MIDDLE,58,91.37931034,95.0,99.537037037,0.4301677875,1.0,80.0052980974,80.0052980974,2.0,42.990307991622004,42.990307991622004,0.43120498851685074
Optimize AI model inference,AI Engineer,00270615,2.25,0,DATA ANALYST,3 tahun 9 bulan,JUNIOR,45,93.10344828,75.0,98.9814814815,29.9520058526,1.0,75.0818725109,75.0818725109,1.0,40.850892430777,40.850892430777,0.32823939404593555
Optimize AI model inference,AI Engineer,00277DF9,3.0,0,AI ENGINEER,0 tahun 5 bulan,MIDDLE,5,,,,,,,,4.0,,,
Optimize AI model inference,AI Engineer,002D5AC9,4.25,3,DATA SCIENTIST,3 tahun 8 bulan,MIDDLE,44,78.88888889,92.0,97.4707602339,57.4757263933,1.0,83.3553945397,83.3553945397,3.0,46.175859106041,46.175859106041,0.5845188982670856
Optimize AI model inference,AI Engineer,002DF96D,3.75,3,DATA SCIENTIST,5 tahun 0 bulan,MIDDLE,60,78.88888889,91.0,46.8542261807,5.4541409456,1.1,78.7985129608,78.7985129608,15.0,43.525711869224004,43.525711869224004,0.45697285687691314
Optimize AI model inference,AI Engineer,002E9001,2.75,1,DATA ENGINEER,7 tahun 8 bulan,SENIOR,92,,,,,,,,10.0,,,
Optimize AI model inference,AI Engineer,002EC9F6,1.75,2,DATA SCIENTIST,4 tahun 7 bulan,MIDDLE,55,97.22222222,96.5,83.7230473171,43.7450704533,1.1,96.6970538768,96.6970538768,0.0,52.071938554704,52.071938554704,0.8682848652863908
Optimize AI model inference,AI Engineer,00302AE1,2.5,1,DATA ENGINEER,2 tahun 5 bulan,MIDDLE,29,84.70588235,89.0,97.8411306043,0.4301677875,1.2,90.0022582512,90.0022582512,2.0,48.876196873136,48.876196873136,0.7144805048618242
Optimize AI model inference,AI Engineer,00306ABB,2.0,1,DATA ENGINEER,3 tahun 3 bulan,JUNIOR,39,94.11764706,90.0,96.5971692516,0.0,1.2,93.696777586,93.696777586,3.0,50.599292120579996,50.599292120579996,0.797409473749479
Optimize AI model inference,AI Engineer,0031857D,3.5,3,DATA SCIENTIST,2 tahun 11 bulan,MIDDLE,35,90.0,,97.6042024997,10.2336902669,1.0,70.0282735258,70.0282735258,5.0,38.759984968674004,38.759984968674004,0.22760839287004697
Optimize AI model inference,AI Engineer,0037569D,3.75,1,AI ENGINEER,2 tahun 8 bulan,MIDDLE,32,82.89473684,90.0,98.498389694,6.7355847106,1.3,98.749547614,98.749547614,21.0,54.09976023542,54.09976023542,0.9658796798036161
Optimize AI model inference,AI Engineer,00392144,2.25,0,DATA SCIENTIST,4 tahun 10 bulan,MIDDLE,58,85.0,90.5,98.9522417154,10.5154493741,1.0,77.4187076743,77.4187076743,15.0,42.089415067378994,42.089415067378994,0.3878468970843078
Optimize AI model inference,AI Engineer,003A7A13,2.5,0,DATA SCIENTIST,2 tahun 10 bulan,JUNIOR,34,82.5,89.5,96.6027405114,1.0754194688,1.0,74.6209033424,74.6209033424,5.0,40.724078771472,40.724078771472,0.32213611796608216
Optimize AI model inference,AI Engineer,003B384C,4.0,3,DATA SCIENTIST,2 tahun 10 bulan,SENIOR,34,80.0,92.0,96.3395202983,44.3903221346,1.1,89.794363496,89.794363496,3.0,49.471012652880006,49.471012652880006,0.7431077437596437
Optimize AI model inference,AI Engineer,003C6A0D,1.25,0,DATA ANALYST,1 tahun 9 bulan,JUNIOR,21,76.20689655,98.0,45.3968253968,2.3230903964,1.0,73.7283503902,73.7283503902,7.0,39.663525706806006,39.663525706806006,0.27109391804483146
Optimize AI model inference,AI Engineer,003CFD5B,2.0,1,DATA ENGINEER,3 tahun 8 bulan,MIDDLE,44,77.5,80.0,98.9522417154,3.0893274449,1.3,89.6443972996,89.6443972996,0.0,48.451530568788,48.451530568788,0.6940422041972782
Optimize AI model inference,AI Engineer,003D5583,3.0,0,DATA SCIENTIST,3 tahun 9 bulan,JUNIOR,45,98.61111111,90.0,98.9522417154,31.463471719,1.0,84.2841556523,84.2841556523,1.0,46.080602495719,46.080602495719,0.5799343969254128
Optimize AI model inference,AI Engineer,0042FA00,2.25,0,DATA ANALYST,3 tahun 1 bulan,JUNIOR,37,80.68965517,90.0,98.9522417154,38.3427977748,1.0,80.1122536136,80.1122536136,2.0,43.516994415208,43.516994415208,0.45655330405535854
Optimize AI model inference,AI Engineer,00430780,1.75,2,DATA ANALYST,2 tahun 10 bulan,MIDDLE,34,87.93103448,86.0,92.1643347143,0.4301677875,1.0,74.0835656652,74.0835656652,2.0,40.086789802556,40.086789802556,0.29146473334351003
Optimize AI model inference,AI Engineer,00434E84,3.25,1,DATA SCIENTIST,3 tahun 9 bulan,JUNIOR,45,80.27777778,95.0,96.1220230528,0.0,1.0,76.485383457,76.485383457,4.0,42.064753232209995,42.064753232209995,0.38665997455958023
Optimize AI model inference,AI Engineer,00456E77,3.0,1,DATA SCIENTIST,1 tahun 8 bulan,BASIC,20,75.55555556,90.0,17.7777777778,0.0,,67.4044956827,67.4044956827,8.0,37.134382711831,37.134382711831,0.14937155762753296
Optimize AI model inference,AI Engineer,0045D05E,2.25,1,DATA SCIENTIST,4 tahun 1 bulan,JUNIOR,49,73.75,85.0,96.7440037291,55.491056416,1.0,78.0721708555,78.0721708555,7.0,42.435750553415005,42.435750553415005,0.40451529936141684
Optimize AI model inference,AI Engineer,00464297,1.0,2,MGT,4 tahun 11 bulan,-,59,,,,,,,,1.0,,,
Optimize AI model inference,AI Engineer,005139FE,2.25,0,DATA ANALYST,4 tahun 1 bulan,MIDDLE,49,79.13793103,85.0,98.9522417154,0.4301677875,1.0,71.4912919476,71.4912919476,2.0,38.947884732228005,38.947884732228005,0.23665161533199847
Optimize AI model inference,AI Engineer,0052D29A,3.0,1,DATA ANALYST,5 tahun 1 bulan,SENIOR,61,73.10344828,86.0,97.7192982456,51.2417874977,1.0,77.8012250633,77.8012250633,4.0,42.64464928354899,42.64464928354899,0.4145691581470236
Optimize AI model inference,AI Engineer,00563DC3,2.5,0,DATA ANALYST,3 tahun 6 bulan,MIDDLE,42,76.20689655,96.0,3.7037037037,53.3266455725,1.0,77.6344597313,77.6344597313,4.0,42.321263657589,42.321263657589,0.3990052846155213
Optimize AI model inference,AI Engineer,00630639,3.25,1,DATA SCIENTIST,9 tahun 2 bulan,MIDDLE,110,80.0,75.0,98.9522417154,54.8821326185,1.0,75.0274646513,75.0274646513,0.0,41.292056265189004,41.292056265189004,0.34947168631334286
Optimize AI model inference,AI Engineer,0073D075,3.5,3,DATA SCIENTIST,4 tahun 0 bulan,JUNIOR,48,91.66666667,93.0,58.0116959064,8.2492354431,1.0,77.500618325,77.500618325,4.0,42.72032771225001,42.72032771225001,0.4182114025722943
Optimize AI model inference,AI Engineer,0084C542,1.5,0,DATA ANALYST,4 tahun 0 bulan,MIDDLE,48,74.48275862,80.0,98.9522417154,0.0,1.0,67.6149808506,67.6149808506,2.0,36.540939850818006,36.540939850818006,0.12081039443556779
Optimize AI model inference,AI Engineer,00897237,1.75,0,DATA ANALYST,3 tahun 9 bulan,MIDDLE,45,93.10344828,92.5,94.1423001949,2.5085548458,1.2,95.0743558155,95.0743558155,8.0,51.211908582215,51.211908582215,0.8268934222209031
Optimize AI model inference,AI Engineer,0097B743,1.75,0,MGT,3 tahun 1 bulan,-,37,90.27777778,,98.9522417154,37.0103448893,1.0,77.3225695827,77.3225695827,5.0,41.803461878831,41.803461878831,0.3740845684425228
Optimize AI model inference,AI Engineer,009C501C,2.0,0,DATA ANALYST,2 tahun 9 bulan,MIDDLE,33,71.72413793,91.5,99.537037037,45.8959093909,1.1,87.3635004212,87.3635004212,9.0,47.242655223236,47.242655223236,0.6358615632437123
Optimize AI model inference,AI Engineer,017F0DF6,3.25,3,AI ENGINEER,3 tahun 8 bulan,JUNIOR,44,84.07894737,90.0,75.790084404,1.3470096476,1.3,96.1634426675,96.1634426675,9.0,52.494124613775,52.494124613775,0.8886037969353731
Optimize business processes with AI,Data Scientist,0000ECE6,2.5,2,DATA ANALYST,4 tahun 10 bulan,JUNIOR,58,,,,,,,,9.0,,,
Optimize business processes with AI,Data Scientist,0001741A,4.75,3,DATA SCIENTIST,4 tahun 11 bulan,JUNIOR,59,88.75,89.5,96.4930913886,12.6845989445,1.0,78.1787671463,78.1787671463,3.0,43.667246587539005,43.667246587539005,0.4545306922249679
Optimize business processes with AI,Data Scientist,00017D8B,4.25,3,DATA ENGINEER,3 tahun 9 bulan,SENIOR,45,86.02941176,94.0,88.8888888889,14.482615467,1.2,95.2346475844,95.2346475844,0.0,52.471863219732,52.471863219732,0.8855914515922756
Optimize business processes with AI,Data Scientist,00049B4B,2.5,0,DATA ANALYST,3 tahun 9 bulan,MIDDLE,45,76.66666667,,99.4152046784,13.616265803,1.0,62.6570672707,62.6570672707,8.0,34.383245653471,34.383245653471,0.0
Optimize business processes with AI,Data Scientist,0004E1C5,3.0,1,AI ENGINEER,1 tahun 0 bulan,MIDDLE,12,98.68421053,,85.4256716671,27.4434510067,1.2,94.462392646,94.462392646,3.0,51.47506810238,51.47506810238,0.8367898650872699
Optimize business processes with AI,Data Scientist,00050DC9,2.5,2,DATA ANALYST,3 tahun 6 bulan,MIDDLE,42,73.27586207,90.0,93.7469277057,9.2877346217,1.1,80.5550616974,80.5550616974,9.0,43.869182699622,43.869182699622,0.46441717990007036
Optimize business processes with AI,Data Scientist,00055602,3.25,0,DATA SCIENTIST,0 tahun 9 bulan,JUNIOR,9,80.27777778,84.0,0.0,0.0,1.2,77.5622022708,77.5622022708,1.0,42.635467203524,42.635467203524,0.4040163287549184
Optimize business processes with AI,Data Scientist,0006B570,3.75,3,DATA ANALYST,4 tahun 11 bulan,JUNIOR,59,75.86206897,86.0,98.469149928,0.8603355751,1.0,71.0634376852,71.0634376852,4.0,39.42612197315601,39.42612197315601,0.2468916236296595
Optimize business processes with AI,Data Scientist,0006F238,3.0,1,DATA SCIENTIST,4 tahun 8 bulan,MIDDLE,56,97.22222222,,98.9522417154,54.9046621779,1.1,95.020460512,95.020460512,7.0,51.770844071359996,51.770844071359996,0.8512706107139381
Optimize business processes with AI,Data Scientist,0008CEE3,4.0,3,DATA ENGINEER,8 tahun 3 bulan,SENIOR,99,88.23529412,93.0,81.2753036437,0.0,1.3,99.8654925819,99.8654925819,21.0,54.80871106840701,54.80871106840701,1.0
Optimize business processes with AI,Data Scientist,0008DB3D,3.5,3,AI ENGINEER,4 tahun 5 bulan,MIDDLE,53,78.94736842,95.5,97.9135943724,2.0205144715,1.3,99.7997608046,99.7997608046,26.0,54.53887322643801,54.53887322643801,0.986789145975999
Optimize business processes with AI,Data Scientist,0008EF5A,2.75,0,DATA SCIENTIST,3 tahun 9 bulan,JUNIOR,45,87.5,70.0,98.9522417154,0.0,1.0,66.4806914307,66.4806914307,2.0,36.527266458271,36.527266458271,0.10496802698224918
Optimize business processes with AI,Data Scientist,00093BBA,2.0,2,MGT,4 tahun 11 bulan,-,59,,,,,,,,1.0,,,
Optimize business processes with AI,Data Scientist,000BC56E,3.5,1,DATA ANALYST,3 tahun 2 bulan,JUNIOR,38,77.67241379,89.0,95.0048732943,0.4301677875,1.0,72.7677924824,72.7677924824,2.0,40.211930015672,40.211930015672,0.2853636009654306
Optimize business processes with AI,Data Scientist,000BE0C5,4.5,3,DATA ANALYST,3 tahun 0 bulan,MIDDLE,36,79.13793103,90.5,96.8024832613,9.3020121433,1.0,75.3882483655,75.3882483655,0.0,42.070771633715005,42.070771633715005,0.37636968480642524
Optimize business processes with AI,Data Scientist,000BF13A,3.0,2,DATA ANALYST,4 tahun 11 bulan,JUNIOR,59,85.34482759,84.0,76.9401195515,0.4301677875,1.0,71.3283335517,71.3283335517,2.0,39.214016782400996,39.214016782400996,0.23650727319033435
Optimize business processes with AI,Data Scientist,000C7109,3.0,1,DATA SCIENTIST,6 tahun 6 bulan,MIDDLE,78,,,,,,,,9.0,,,
Optimize business processes with AI,Data Scientist,000C72E4,3.75,1,DATA ENGINEER,5 tahun 0 bulan,MIDDLE,60,76.47058824,91.5,89.9596364099,0.0,1.2,87.8939523114,87.8939523114,3.0,48.34629472504201,48.34629472504201,0.6836098364427283
Optimize business processes with AI,Data Scientist,000CEE2B,2.75,0,DATA ANALYST,3 tahun 11 bulan,MIDDLE,47,74.48275862,90.0,98.9522417154,10.5359979556,1.0,74.1194724896,74.1194724896,4.0,40.575820419488,40.575820419488,0.30317912665474495
Optimize business processes with AI,Data Scientist,000FCFC2,4.5,3,AI ENGINEER,1 tahun 10 bulan,JUNIOR,22,80.52631579,95.0,98.9522417154,34.6152175938,1.0,81.9618884287,81.9618884287,16.0,45.554800867211,45.554800867211,0.5469425047015508
Optimize business processes with AI,Data Scientist,00101A0D,3.0,0,DATA SCIENTIST,4 tahun 0 bulan,JUNIOR,48,82.5,94.0,39.414983165,7.0665492569,1.0,73.9040356956,73.9040356956,2.0,40.579138918668,40.579138918668,0.3033415953727198
Optimize business processes with AI,Data Scientist,00103C57,3.5,1,DATA ANALYST,4 tahun 11 bulan,JUNIOR,59,80.60344828,81.5,80.2615189223,5.8627640301,1.0,69.7620596418,69.7620596418,15.0,38.618891610154,38.618891610154,0.20737084177213944
Optimize business processes with AI,Data Scientist,00104933,1.5,2,MGT,3 tahun 11 bulan,-,47,89.65517241,,98.469149928,8.7007929068,1.0,69.5023814571,69.5023814571,1.0,37.541262172263,37.541262172263,0.1546117287727858
Optimize business processes with AI,Data Scientist,001356B3,2.75,1,DATA SCIENTIST,1 tahun 10 bulan,JUNIOR,22,98.61111111,,98.9522417154,37.4823489904,1.0,82.7234066868,82.7234066868,7.0,45.135905544004004,45.135905544004004,0.5264340210661825
Optimize business processes with AI,Data Scientist,0013A32D,1.25,2,MGT,5 tahun 9 bulan,-,69,79.13793103,99.0,88.8109161793,8.7722486646,1.0,78.9526210358,78.9526210358,1.0,42.432389148973996,42.432389148973996,0.3940739332978481
Optimize business processes with AI,Data Scientist,0013D24E,3.5,1,DATA SCIENTIST,4 tahun 9 bulan,JUNIOR,57,66.25,92.0,97.9135943724,0.0,1.1,78.1589269578,78.1589269578,0.0,43.06923128763401,43.06923128763401,0.4252527645128435
Optimize business processes with AI,Data Scientist,0014B046,2.5,1,DATA SCIENTIST,7 tahun 8 bulan,SENIOR,92,84.72222222,87.0,0.0,0.0,1.0,67.4019777006,67.4019777006,6.0,36.898048181317996,36.898048181317996,0.12312094127402652
Optimize business processes with AI,Data Scientist,0014CA34,2.75,0,DATA SCIENTIST,4 tahun 1 bulan,JUNIOR,49,82.5,95.0,99.537037037,30.4375931247,1.0,81.9453180716,81.9453180716,1.0,44.723518577948,44.723518577948,0.5062441767870676
Optimize business processes with AI,Data Scientist,0014EEF4,4.0,1,DATA ENGINEER,2 tahun 11 bulan,MIDDLE,35,85.0,93.5,80.9809654856,9.0371304039,1.2,92.960313373,92.960313373,8.0,51.148966087690006,51.148966087690006,0.8208244019722148
Optimize business processes with AI,Data Scientist,0014F3E9,4.25,3,DATA ANALYST,3 tahun 1 bulan,JUNIOR,37,75.86206897,,98.257797271,12.7921561676,1.0,61.80993377,61.80993377,2.0,34.7567648981,34.7567648981,0.01828693922224497
Optimize business processes with AI,Data Scientist,001ABDF5,3.5,1,DATA ANALYST,3 tahun 4 bulan,MIDDLE,40,82.24137931,98.5,98.9522417154,50.3029972195,1.0,86.5446547165,86.5446547165,8.0,47.513666999745006,47.513666999745006,0.6428456380079574
Optimize business processes with AI,Data Scientist,001AE6FC,3.0,0,DATA ANALYST,3 tahun 4 bulan,JUNIOR,40,82.24137931,84.5,98.469149928,0.4301677875,,72.1149630886,72.1149630886,2.0,39.630930436958,39.630930436958,0.2569187373155112
Optimize business processes with AI,Data Scientist,001F9B47,3.0,1,DATA ENGINEER,3 tahun 1 bulan,JUNIOR,37,58.75,87.0,96.1884481736,8.6577453183,1.2,81.1247503422,81.1247503422,1.0,44.406117681366,44.406117681366,0.49070470729963533
Optimize business processes with AI,Data Scientist,002018BB,3.0,0,DATA SCIENTIST,10 tahun 10 bulan,SENIOR,130,97.22222222,98.0,50.5555555556,43.7450704533,1.0,86.4214334385,86.4214334385,18.0,47.213359722405,47.213359722405,0.6281430463538937
Optimize business processes with AI,Data Scientist,0020C6B5,4.5,3,DATA ANALYST,2 tahun 10 bulan,MIDDLE,34,75.86206897,88.5,98.3674463938,3.3392709766,1.0,72.659385698,72.659385698,3.0,40.62447441994,40.62447441994,0.3055611531821026
Optimize business processes with AI,Data Scientist,002201AD,2.75,0,DATA ANALYST,4 tahun 10 bulan,MIDDLE,58,91.37931034,95.0,99.537037037,0.4301677875,1.0,80.0052980974,80.0052980974,2.0,43.695307991622,43.695307991622,0.4559045362727259
Optimize business processes with AI,Data Scientist,00270615,3.5,0,DATA ANALYST,3 tahun 9 bulan,JUNIOR,45,93.10344828,75.0,98.9814814815,29.9520058526,1.0,75.0818725109,75.0818725109,1.0,41.43839243077701,41.43839243077701,0.3454093521975255
Optimize business processes with AI,Data Scientist,00277DF9,3.0,0,AI ENGINEER,0 tahun 5 bulan,MIDDLE,5,,,,,,,,4.0,,,
Optimize business processes with AI,Data Scientist,002D5AC9,4.0,3,DATA SCIENTIST,3 tahun 8 bulan,MIDDLE,44,78.88888889,92.0,97.4707602339,57.4757263933,1.0,83.3553945397,83.3553945397,3.0,46.058359106041,46.058359106041,0.5715959570758491
Optimize business processes with AI,Data Scientist,002DF96D,4.0,3,DATA SCIENTIST,5 tahun 0 bulan,MIDDLE,60,78.88888889,91.0,46.8542261807,5.4541409456,1.1,78.7985129608,78.7985129608,15.0,43.643211869224004,43.643211869224004,0.4533539886431036
Optimize business processes with AI,Data Scientist,002E9001,3.75,1,DATA ENGINEER,7 tahun 8 bulan,SENIOR,92,,,,,,,,10.0,,,
Optimize business processes with AI,Data Scientist,002EC9F6,1.75,2,DATA SCIENTIST,4 tahun 7 bulan,MIDDLE,55,97.22222222,96.5,83.7230473171,43.7450704533,1.1,96.6970538768,96.6970538768,0.0,52.071938554704,52.071938554704,0.8660117427874245
Optimize business processes with AI,Data Scientist,00302AE1,3.0,1,DATA ENGINEER,2 tahun 5 bulan,MIDDLE,29,84.70588235,89.0,97.8411306043,0.4301677875,1.2,90.0022582512,90.0022582512,2.0,49.111196873136,49.111196873136,0.7210582926984503
Optimize business processes with AI,Data Scientist,00306ABB,3.5,1,DATA ENGINEER,3 tahun 3 bulan,JUNIOR,39,94.11764706,90.0,96.5971692516,0.0,1.2,93.696777586,93.696777586,3.0,51.30429212058,51.30429212058,0.8284289304240569
Optimize business processes with AI,Data Scientist,0031857D,4.25,3,DATA SCIENTIST,2 tahun 11 bulan,MIDDLE,35,90.0,,97.6042024997,10.2336902669,1.0,70.0282735258,70.0282735258,5.0,39.112484968674,39.112484968674,0.231536428626237
Optimize business processes with AI,Data Scientist,0037569D,3.0,1,AI ENGINEER,2 tahun 8 bulan,MIDDLE,32,82.89473684,90.0,98.498389694,6.7355847106,1.3,98.749547614,98.749547614,21.0,53.74726023541999,53.74726023541999,0.9480329671112007
Optimize business processes with AI,Data Scientist,00392144,3.0,0,DATA SCIENTIST,4 tahun 10 bulan,MIDDLE,58,85.0,90.5,98.9522417154,10.5154493741,1.0,77.4187076743,77.4187076743,15.0,42.44191506737899,42.44191506737899,0.39454030790481454
Optimize business processes with AI,Data Scientist,003A7A13,2.75,0,DATA SCIENTIST,2 tahun 10 bulan,JUNIOR,34,82.5,89.5,96.6027405114,1.0754194688,1.0,74.6209033424,74.6209033424,5.0,40.841578771472,40.841578771472,0.3161902549979782
Optimize business processes with AI,Data Scientist,003B384C,4.5,3,DATA SCIENTIST,2 tahun 10 bulan,SENIOR,34,80.0,92.0,96.3395202983,44.3903221346,1.1,89.794363496,89.794363496,3.0,49.706012652880005,49.706012652880005,0.7501795767260372
Optimize business processes with AI,Data Scientist,003C6A0D,3.0,0,DATA ANALYST,1 tahun 9 bulan,JUNIOR,21,76.20689655,98.0,45.3968253968,2.3230903964,1.0,73.7283503902,73.7283503902,7.0,40.486025706806004,40.486025706806004,0.29878291286681674
Optimize business processes with AI,Data Scientist,003CFD5B,2.75,1,DATA ENGINEER,3 tahun 8 bulan,MIDDLE,44,77.5,80.0,98.9522417154,3.0893274449,1.3,89.6443972996,89.6443972996,0.0,48.804030568788,48.804030568788,0.7060198934204889
Optimize business processes with AI,Data Scientist,003D5583,3.25,0,DATA SCIENTIST,3 tahun 9 bulan,JUNIOR,45,98.61111111,90.0,98.9522417154,31.463471719,1.0,84.2841556523,84.2841556523,1.0,46.198102495719,46.198102495719,0.5784375828033006
Optimize business processes with AI,Data Scientist,0042FA00,3.0,0,DATA ANALYST,3 tahun 1 bulan,JUNIOR,37,80.68965517,90.0,98.9522417154,38.3427977748,1.0,80.1122536136,80.1122536136,2.0,43.869494415208,43.869494415208,0.46443244102532105
Optimize business processes with AI,Data Scientist,00430780,2.25,2,DATA ANALYST,2 tahun 10 bulan,MIDDLE,34,87.93103448,86.0,92.1643347143,0.4301677875,1.0,74.0835656652,74.0835656652,2.0,40.321789802556,40.321789802556,0.2907421705427809
Optimize business processes with AI,Data Scientist,00434E84,3.5,1,DATA SCIENTIST,3 tahun 9 bulan,JUNIOR,45,80.27777778,95.0,96.1220230528,0.0,1.0,76.485383457,76.485383457,4.0,42.18225323221,42.18225323221,0.38182765583574024
Optimize business processes with AI,Data Scientist,00456E77,3.25,1,DATA SCIENTIST,1 tahun 8 bulan,BASIC,20,75.55555556,90.0,17.7777777778,0.0,,67.4044956827,67.4044956827,8.0,37.251882711831,37.251882711831,0.1404441465633545
Optimize business processes with AI,Data Scientist,0045D05E,2.5,1,DATA SCIENTIST,4 tahun 1 bulan,JUNIOR,49,73.75,85.0,96.7440037291,55.491056416,1.0,78.0721708555,78.0721708555,7.0,42.553250553415005,42.553250553415005,0.39999112548836874
Optimize business processes with AI,Data Scientist,00464297,1.5,2,MGT,4 tahun 11 bulan,-,59,,,,,,,,1.0,,,
Optimize business processes with AI,Data Scientist,005139FE,3.0,0,DATA ANALYST,4 tahun 1 bulan,MIDDLE,49,79.13793103,85.0,98.9522417154,0.4301677875,1.0,71.4912919476,71.4912919476,2.0,39.300384732228004,39.300384732228004,0.24073571783394337
Optimize business processes with AI,Data Scientist,0052D29A,3.0,1,DATA ANALYST,5 tahun 1 bulan,SENIOR,61,73.10344828,86.0,97.7192982456,51.2417874977,1.0,77.8012250633,77.8012250633,4.0,42.64464928354899,42.64464928354899,0.4044658695530574
Optimize business processes with AI,Data Scientist,00563DC3,3.5,0,DATA ANALYST,3 tahun 6 bulan,MIDDLE,42,76.20689655,96.0,3.7037037037,53.3266455725,1.0,77.6344597313,77.6344597313,4.0,42.791263657589006,42.791263657589006,0.41164388831843657
Optimize business processes with AI,Data Scientist,00630639,3.25,1,DATA SCIENTIST,9 tahun 2 bulan,MIDDLE,110,80.0,75.0,98.9522417154,54.8821326185,1.0,75.0274646513,75.0274646513,0.0,41.292056265189004,41.292056265189004,0.33824495409862115
Optimize business processes with AI,Data Scientist,0073D075,4.0,3,DATA SCIENTIST,4 tahun 0 bulan,JUNIOR,48,91.66666667,93.0,58.0116959064,8.2492354431,1.0,77.500618325,77.500618325,4.0,42.95532771225001,42.95532771225001,0.4196762171456188
Optimize business processes with AI,Data Scientist,0084C542,3.0,0,DATA ANALYST,4 tahun 0 bulan,MIDDLE,48,74.48275862,80.0,98.9522417154,0.0,1.0,67.6149808506,67.6149808506,2.0,37.245939850818004,37.245939850818004,0.14015319304566126
Optimize business processes with AI,Data Scientist,00897237,3.0,0,DATA ANALYST,3 tahun 9 bulan,MIDDLE,45,93.10344828,92.5,94.1423001949,2.5085548458,1.2,95.0743558155,95.0743558155,8.0,51.799408582215,51.799408582215,0.8526690861109353
Optimize business processes with AI,Data Scientist,0097B743,3.25,0,MGT,3 tahun 1 bulan,-,37,90.27777778,,98.9522417154,37.0103448893,1.0,77.3225695827,77.3225695827,5.0,42.508461878831,42.508461878831,0.39779833948941407
Optimize business processes with AI,Data Scientist,009C501C,3.5,0,DATA ANALYST,2 tahun 9 bulan,MIDDLE,33,71.72413793,91.5,99.537037037,45.8959093909,1.1,87.3635004212,87.3635004212,9.0,47.947655223236005,47.947655223236005,0.6640930472921369
Optimize business processes with AI,Data Scientist,017F0DF6,3.75,3,AI ENGINEER,3 tahun 8 bulan,JUNIOR,44,84.07894737,90.0,75.790084404,1.3470096476,1.3,96.1634426675,96.1634426675,9.0,52.729124613775,52.729124613775,0.898186581681937
Optimize database performance,Data Engineer,0000ECE6,1.0,2,DATA ANALYST,4 tahun 10 bulan,JUNIOR,58,,,,,,,,9.0,,,
Optimize database performance,Data Engineer,0001741A,5.0,3,DATA SCIENTIST,4 tahun 11 bulan,JUNIOR,59,88.75,89.5,96.4930913886,12.6845989445,1.0,78.1787671463,78.1787671463,3.0,43.784746587539004,43.784746587539004,0.4664222581888943
Optimize database performance,Data Engineer,00017D8B,5.0,3,DATA ENGINEER,3 tahun 9 bulan,SENIOR,45,86.02941176,94.0,88.8888888889,14.482615467,1.2,95.2346475844,95.2346475844,0.0,52.824363219732,52.824363219732,0.9039543490999739
Optimize database performance,Data Engineer,00049B4B,2.0,0,DATA ANALYST,3 tahun 9 bulan,MIDDLE,45,76.66666667,,99.4152046784,13.616265803,1.0,62.6570672707,62.6570672707,8.0,34.148245653471,34.148245653471,0.0
Optimize database performance,Data Engineer,0004E1C5,1.0,1,AI ENGINEER,1 tahun 0 bulan,MIDDLE,12,98.68421053,,85.4256716671,27.4434510067,1.2,94.462392646,94.462392646,3.0,50.53506810238,50.53506810238,0.7931487563229106
Optimize database performance,Data Engineer,00050DC9,2.0,2,DATA ANALYST,3 tahun 6 bulan,MIDDLE,42,73.27586207,90.0,93.7469277057,9.2877346217,1.1,80.5550616974,80.5550616974,9.0,43.634182699622,43.634182699622,0.45913472207133155
Optimize database performance,Data Engineer,00055602,2.0,0,DATA SCIENTIST,0 tahun 9 bulan,JUNIOR,9,80.27777778,84.0,0.0,0.0,1.2,77.5622022708,77.5622022708,1.0,42.047967203524,42.047967203524,0.3823593220868142
Optimize database performance,Data Engineer,0006B570,4.0,3,DATA ANALYST,4 tahun 11 bulan,JUNIOR,59,75.86206897,86.0,98.469149928,0.8603355751,1.0,71.0634376852,71.0634376852,4.0,39.54362197315601,39.54362197315601,0.26114495541734234
Optimize database performance,Data Engineer,0006F238,3.0,1,DATA SCIENTIST,4 tahun 8 bulan,MIDDLE,56,97.22222222,,98.9522417154,54.9046621779,1.1,95.020460512,95.020460512,7.0,51.770844071359996,51.770844071359996,0.8529623154156607
Optimize database performance,Data Engineer,0008CEE3,4.0,3,DATA ENGINEER,8 tahun 3 bulan,SENIOR,99,88.23529412,93.0,81.2753036437,0.0,1.3,99.8654925819,99.8654925819,21.0,54.80871106840701,54.80871106840701,1.0
Optimize database performance,Data Engineer,0008DB3D,3.0,3,AI ENGINEER,4 tahun 5 bulan,MIDDLE,53,78.94736842,95.5,97.9135943724,2.0205144715,1.3,99.7997608046,99.7997608046,26.0,54.303873226438,54.303873226438,0.9755650305145572
Optimize database performance,Data Engineer,0008EF5A,3.0,0,DATA SCIENTIST,3 tahun 9 bulan,JUNIOR,45,87.5,70.0,98.9522417154,0.0,1.0,66.4806914307,66.4806914307,2.0,36.644766458271,36.644766458271,0.12083565179491056
Optimize database performance,Data Engineer,00093BBA,1.0,2,MGT,4 tahun 11 bulan,-,59,,,,,,,,1.0,,,
Optimize database performance,Data Engineer,000BC56E,3.0,1,DATA ANALYST,3 tahun 2 bulan,JUNIOR,38,77.67241379,89.0,95.0048732943,0.4301677875,1.0,72.7677924824,72.7677924824,2.0,39.976930015671996,39.976930015671996,0.28211776671726296
Optimize database performance,Data Engineer,000BE0C5,3.0,3,DATA ANALYST,3 tahun 0 bulan,MIDDLE,36,79.13793103,90.5,96.8024832613,9.3020121433,1.0,75.3882483655,75.3882483655,0.0,41.365771633715,41.365771633715,0.3493399512203754
Optimize database performance,Data Engineer,000BF13A,1.0,2,DATA ANALYST,4 tahun 11 bulan,JUNIOR,59,85.34482759,84.0,76.9401195515,0.4301677875,1.0,71.3283335517,71.3283335517,2.0,38.274016782401,38.274016782401,0.1996940071808531
Optimize database performance,Data Engineer,000C7109,3.0,1,DATA SCIENTIST,6 tahun 6 bulan,MIDDLE,78,,,,,,,,9.0,,,
Optimize database performance,Data Engineer,000C72E4,4.0,1,DATA ENGINEER,5 tahun 0 bulan,MIDDLE,60,76.47058824,91.5,89.9596364099,0.0,1.2,87.8939523114,87.8939523114,3.0,48.46379472504201,48.46379472504201,0.6928957689995653
Optimize database performance,Data Engineer,000CEE2B,2.0,0,DATA ANALYST,3 tahun 11 bulan,MIDDLE,47,74.48275862,90.0,98.9522417154,10.5359979556,1.0,74.1194724896,74.1194724896,4.0,40.223320419488,40.223320419488,0.2940434614616746
Optimize database performance,Data Engineer,000FCFC2,4.0,3,AI ENGINEER,1 tahun 10 bulan,JUNIOR,22,80.52631579,95.0,98.9522417154,34.6152175938,1.0,81.9618884287,81.9618884287,16.0,45.319800867211,45.319800867211,0.5407213724074087
Optimize database performance,Data Engineer,00101A0D,2.0,0,DATA SCIENTIST,4 tahun 0 bulan,JUNIOR,48,82.5,94.0,39.414983165,7.0665492569,1.0,73.9040356956,73.9040356956,2.0,40.109138918668,40.109138918668,0.288516891826053
Optimize database performance,Data Engineer,00103C57,4.0,1,DATA ANALYST,4 tahun 11 bulan,JUNIOR,59,80.60344828,81.5,80.2615189223,5.8627640301,1.0,69.7620596418,69.7620596418,15.0,38.853891610154,38.853891610154,0.22776088835255193
Optimize database performance,Data Engineer,00104933,1.0,2,MGT,3 tahun 11 bulan,-,47,89.65517241,,98.469149928,8.7007929068,1.0,69.5023814571,69.5023814571,1.0,37.306262172263004,37.306262172263004,0.15285311610206942
Optimize database performance,Data Engineer,001356B3,2.0,1,DATA SCIENTIST,1 tahun 10 bulan,JUNIOR,22,98.61111111,,98.9522417154,37.4823489904,1.0,82.7234066868,82.7234066868,7.0,44.783405544004005,44.783405544004005,0.5147589697008742
Optimize database performance,Data Engineer,0013A32D,1.0,2,MGT,5 tahun 9 bulan,-,69,79.13793103,99.0,88.8109161793,8.7722486646,1.0,78.9526210358,78.9526210358,1.0,42.314889148974,42.314889148974,0.395278776711347
Optimize database performance,Data Engineer,0013D24E,2.0,1,DATA SCIENTIST,4 tahun 9 bulan,JUNIOR,57,66.25,92.0,97.9135943724,0.0,1.1,78.1589269578,78.1589269578,0.0,42.364231287634006,42.364231287634006,0.3976670161662209
Optimize database performance,Data Engineer,0014B046,3.0,1,DATA SCIENTIST,7 tahun 8 bulan,SENIOR,92,84.72222222,87.0,0.0,0.0,1.0,67.4019777006,67.4019777006,6.0,37.133048181317996,37.133048181317996,0.14446927830043949
Optimize database performance,Data Engineer,0014CA34,1.0,0,DATA SCIENTIST,4 tahun 1 bulan,JUNIOR,49,82.5,95.0,99.537037037,30.4375931247,1.0,81.9453180716,81.9453180716,1.0,43.901018577948,43.901018577948,0.4720500109076177
Optimize database performance,Data Engineer,0014EEF4,5.0,1,DATA ENGINEER,2 tahun 11 bulan,MIDDLE,35,85.0,93.5,80.9809654856,9.0371304039,1.2,92.960313373,92.960313373,8.0,51.618966087690005,51.618966087690005,0.8456111749345662
Optimize database performance,Data Engineer,0014F3E9,4.0,3,DATA ANALYST,3 tahun 1 bulan,JUNIOR,37,75.86206897,,98.257797271,12.7921561676,1.0,61.80993377,61.80993377,2.0,34.6392648981,34.6392648981,0.02376612698540809
Optimize database performance,Data Engineer,001ABDF5,5.0,1,DATA ANALYST,3 tahun 4 bulan,MIDDLE,40,82.24137931,98.5,98.9522417154,50.3029972195,1.0,86.5446547165,86.5446547165,8.0,48.218666999745004,48.218666999745004,0.6810311899412546
Optimize database performance,Data Engineer,001AE6FC,3.0,0,DATA ANALYST,3 tahun 4 bulan,JUNIOR,40,82.24137931,84.5,98.469149928,0.4301677875,,72.1149630886,72.1149630886,2.0,39.630930436958,39.630930436958,0.2653708265218179
Optimize database performance,Data Engineer,001F9B47,4.0,1,DATA ENGINEER,3 tahun 1 bulan,JUNIOR,37,58.75,87.0,96.1884481736,8.6577453183,1.2,81.1247503422,81.1247503422,1.0,44.876117681366004,44.876117681366004,0.5192463873606418
Optimize database performance,Data Engineer,002018BB,1.0,0,DATA SCIENTIST,10 tahun 10 bulan,SENIOR,130,97.22222222,98.0,50.5555555556,43.7450704533,1.0,86.4214334385,86.4214334385,18.0,46.273359722405004,46.273359722405004,0.5868751659470571
Optimize database performance,Data Engineer,0020C6B5,4.0,3,DATA ANALYST,2 tahun 10 bulan,MIDDLE,34,75.86206897,88.5,98.3674463938,3.3392709766,1.0,72.659385698,72.659385698,3.0,40.38947441994,40.38947441994,0.30208558428490423
Optimize database performance,Data Engineer,002201AD,1.0,0,DATA ANALYST,4 tahun 10 bulan,MIDDLE,58,91.37931034,95.0,99.537037037,0.4301677875,1.0,80.0052980974,80.0052980974,2.0,42.872807991622004,42.872807991622004,0.42228295263105653
Optimize database performance,Data Engineer,00270615,1.0,0,DATA ANALYST,3 tahun 9 bulan,JUNIOR,45,93.10344828,75.0,98.9814814815,29.9520058526,1.0,75.0818725109,75.0818725109,1.0,40.263392430777,40.263392430777,0.29598301173240743
Optimize database performance,Data Engineer,00277DF9,1.0,0,AI ENGINEER,0 tahun 5 bulan,MIDDLE,5,,,,,,,,4.0,,,
Optimize database performance,Data Engineer,002D5AC9,4.0,3,DATA SCIENTIST,3 tahun 8 bulan,MIDDLE,44,78.88888889,92.0,97.4707602339,57.4757263933,1.0,83.3553945397,83.3553945397,3.0,46.058359106041,46.058359106041,0.5764687877727992
Optimize database performance,Data Engineer,002DF96D,4.0,3,DATA SCIENTIST,5 tahun 0 bulan,MIDDLE,60,78.88888889,91.0,46.8542261807,5.4541409456,1.1,78.7985129608,78.7985129608,15.0,43.643211869224004,43.643211869224004,0.4595717485090552
Optimize database performance,Data Engineer,002E9001,3.0,1,DATA ENGINEER,7 tahun 8 bulan,SENIOR,92,,,,,,,,10.0,,,
Optimize database performance,Data Engineer,002EC9F6,1.0,2,DATA SCIENTIST,4 tahun 7 bulan,MIDDLE,55,97.22222222,96.5,83.7230473171,43.7450704533,1.1,96.6970538768,96.6970538768,0.0,51.719438554704,51.719438554704,0.8504742051227128
Optimize database performance,Data Engineer,00302AE1,3.0,1,DATA ENGINEER,2 tahun 5 bulan,MIDDLE,29,84.70588235,89.0,97.8411306043,0.4301677875,1.2,90.0022582512,90.0022582512,2.0,49.111196873136,49.111196873136,0.7242310818829804
Optimize database performance,Data Engineer,00306ABB,4.0,1,DATA ENGINEER,3 tahun 3 bulan,JUNIOR,39,94.11764706,90.0,96.5971692516,0.0,1.2,93.696777586,93.696777586,3.0,51.53929212058,51.53929212058,0.841754825839332
Optimize database performance,Data Engineer,0031857D,3.0,3,DATA SCIENTIST,2 tahun 11 bulan,MIDDLE,35,90.0,,97.6042024997,10.2336902669,1.0,70.0282735258,70.0282735258,5.0,38.524984968674,38.524984968674,0.21184127401306915
Optimize database performance,Data Engineer,0037569D,3.0,1,AI ENGINEER,2 tahun 8 bulan,MIDDLE,32,82.89473684,90.0,98.498389694,6.7355847106,1.3,98.749547614,98.749547614,21.0,53.74726023541999,53.74726023541999,0.9486240599294699
Optimize database performance,Data Engineer,00392144,2.0,0,DATA SCIENTIST,4 tahun 10 bulan,MIDDLE,58,85.0,90.5,98.9522417154,10.5154493741,1.0,77.4187076743,77.4187076743,15.0,41.971915067378994,41.971915067378994,0.37867827547834676
Optimize database performance,Data Engineer,003A7A13,2.0,0,DATA SCIENTIST,2 tahun 10 bulan,JUNIOR,34,82.5,89.5,96.6027405114,1.0754194688,1.0,74.6209033424,74.6209033424,5.0,40.489078771472,40.489078771472,0.30690659627720884
Optimize database performance,Data Engineer,003B384C,4.0,3,DATA SCIENTIST,2 tahun 10 bulan,SENIOR,34,80.0,92.0,96.3395202983,44.3903221346,1.1,89.794363496,89.794363496,3.0,49.471012652880006,49.471012652880006,0.7416467485931737
Optimize database performance,Data Engineer,003C6A0D,1.0,0,DATA ANALYST,1 tahun 9 bulan,JUNIOR,21,76.20689655,98.0,45.3968253968,2.3230903964,1.0,73.7283503902,73.7283503902,7.0,39.546025706806006,39.546025706806006,0.26126130002051184
Optimize database performance,Data Engineer,003CFD5B,3.0,1,DATA ENGINEER,3 tahun 8 bulan,MIDDLE,44,77.5,80.0,98.9522417154,3.0893274449,1.3,89.6443972996,89.6443972996,0.0,48.921530568788,48.921530568788,0.7150509254567419
Optimize database performance,Data Engineer,003D5583,2.0,0,DATA SCIENTIST,3 tahun 9 bulan,JUNIOR,45,98.61111111,90.0,98.9522417154,31.463471719,1.0,84.2841556523,84.2841556523,1.0,45.610602495719,45.610602495719,0.5547966423816161
Optimize database performance,Data Engineer,0042FA00,3.0,0,DATA ANALYST,3 tahun 1 bulan,JUNIOR,37,80.68965517,90.0,98.9522417154,38.3427977748,1.0,80.1122536136,80.1122536136,2.0,43.869494415208,43.869494415208,0.4705241903558111
Optimize database performance,Data Engineer,00430780,2.0,2,DATA ANALYST,2 tahun 10 bulan,MIDDLE,34,87.93103448,86.0,92.1643347143,0.4301677875,1.0,74.0835656652,74.0835656652,2.0,40.204289802556,40.204289802556,0.2931223487689159
Optimize database performance,Data Engineer,00434E84,4.0,1,DATA SCIENTIST,3 tahun 9 bulan,JUNIOR,45,80.27777778,95.0,96.1220230528,0.0,1.0,76.485383457,76.485383457,4.0,42.41725323221,42.41725323221,0.40023336418942007
Optimize database performance,Data Engineer,00456E77,2.0,1,DATA SCIENTIST,1 tahun 8 bulan,BASIC,20,75.55555556,90.0,17.7777777778,0.0,,67.4044956827,67.4044956827,8.0,36.664382711831,36.664382711831,0.12178511024930826
Optimize database performance,Data Engineer,0045D05E,1.0,1,DATA SCIENTIST,4 tahun 1 bulan,JUNIOR,49,73.75,85.0,96.7440037291,55.491056416,1.0,78.0721708555,78.0721708555,7.0,41.848250553415006,41.848250553415006,0.3726927126422556
Optimize database performance,Data Engineer,00464297,1.0,2,MGT,4 tahun 11 bulan,-,59,,,,,,,,1.0,,,
Optimize database performance,Data Engineer,005139FE,2.0,0,DATA ANALYST,4 tahun 1 bulan,MIDDLE,49,79.13793103,85.0,98.9522417154,0.4301677875,1.0,71.4912919476,71.4912919476,2.0,38.830384732228005,38.830384732228005,0.22662311737528235
Optimize database performance,Data Engineer,0052D29A,4.0,1,DATA ANALYST,5 tahun 1 bulan,SENIOR,61,73.10344828,86.0,97.7192982456,51.2417874977,1.0,77.8012250633,77.8012250633,4.0,43.114649283549,43.114649283549,0.4339884629896064
Optimize database performance,Data Engineer,00563DC3,3.0,0,DATA ANALYST,3 tahun 6 bulan,MIDDLE,42,76.20689655,96.0,3.7037037037,53.3266455725,1.0,77.6344597313,77.6344597313,4.0,42.556263657589,42.556263657589,0.40696169400131793
Optimize database performance,Data Engineer,00630639,3.0,1,DATA SCIENTIST,9 tahun 2 bulan,MIDDLE,110,80.0,75.0,98.9522417154,54.8821326185,1.0,75.0274646513,75.0274646513,0.0,41.174556265189,41.174556265189,0.3400848175781407
Optimize database performance,Data Engineer,0073D075,2.0,3,DATA SCIENTIST,4 tahun 0 bulan,JUNIOR,48,91.66666667,93.0,58.0116959064,8.2492354431,1.0,77.500618325,77.500618325,4.0,42.015327712250006,42.015327712250006,0.38077951782691594
Optimize database performance,Data Engineer,0084C542,2.0,0,DATA ANALYST,4 tahun 0 bulan,MIDDLE,48,74.48275862,80.0,98.9522417154,0.0,1.0,67.6149808506,67.6149808506,2.0,36.775939850818006,36.775939850818006,0.12718465652024344
Optimize database performance,Data Engineer,00897237,2.0,0,DATA ANALYST,3 tahun 9 bulan,MIDDLE,45,93.10344828,92.5,94.1423001949,2.5085548458,1.2,95.0743558155,95.0743558155,8.0,51.329408582215,51.329408582215,0.8315961225308737
Optimize database performance,Data Engineer,0097B743,1.0,0,MGT,3 tahun 1 bulan,-,37,90.27777778,,98.9522417154,37.0103448893,1.0,77.3225695827,77.3225695827,5.0,41.450961878831,41.450961878831,0.3534632971085284
Optimize database performance,Data Engineer,009C501C,2.0,0,DATA ANALYST,2 tahun 9 bulan,MIDDLE,33,71.72413793,91.5,99.537037037,45.8959093909,1.1,87.3635004212,87.3635004212,9.0,47.242655223236,47.242655223236,0.6337906386319205
Optimize database performance,Data Engineer,017F0DF6,2.0,3,AI ENGINEER,3 tahun 8 bulan,JUNIOR,44,84.07894737,90.0,75.790084404,1.3470096476,1.3,96.1634426675,96.1634426675,9.0,51.906624613774994,51.906624613774994,0.859534313659071
Perform machine learning analysis,Data Scientist,0000ECE6,1.0,2,DATA ANALYST,4 tahun 10 bulan,JUNIOR,58,,,,,,,,9.0,,,
Perform machine learning analysis,Data Scientist,0001741A,5.0,3,DATA SCIENTIST,4 tahun 11 bulan,JUNIOR,59,88.75,89.5,96.4930913886,12.6845989445,1.0,78.1787671463,78.1787671463,3.0,43.784746587539004,43.784746587539004,0.45680086552232746
Perform machine learning analysis,Data Scientist,00017D8B,4.0,3,DATA ENGINEER,3 tahun 9 bulan,SENIOR,45,86.02941176,94.0,88.8888888889,14.482615467,1.2,95.2346475844,95.2346475844,0.0,52.354363219732,52.354363219732,0.8630280138994885
Perform machine learning analysis,Data Scientist,00049B4B,2.0,0,DATA ANALYST,3 tahun 9 bulan,MIDDLE,45,76.66666667,,99.4152046784,13.616265803,1.0,62.6570672707,62.6570672707,8.0,34.148245653471,34.148245653471,0.0
Perform machine learning analysis,Data Scientist,0004E1C5,3.0,1,AI ENGINEER,1 tahun 0 bulan,MIDDLE,12,98.68421053,,85.4256716671,27.4434510067,1.2,94.462392646,94.462392646,3.0,51.47506810238,51.47506810238,0.8213466221366393
Perform machine learning analysis,Data Scientist,00050DC9,1.5,2,DATA ANALYST,3 tahun 6 bulan,MIDDLE,42,73.27586207,90.0,93.7469277057,9.2877346217,1.1,80.5550616974,80.5550616974,9.0,43.399182699622,43.399182699622,0.4385239080540849
Perform machine learning analysis,Data Scientist,00055602,4.0,0,DATA SCIENTIST,0 tahun 9 bulan,JUNIOR,9,80.27777778,84.0,0.0,0.0,1.2,77.5622022708,77.5622022708,1.0,42.98796720352401,42.98796720352401,0.4190309825805168
Perform machine learning analysis,Data Scientist,0006B570,3.5,3,DATA ANALYST,4 tahun 11 bulan,JUNIOR,59,75.86206897,86.0,98.469149928,0.8603355751,1.0,71.0634376852,71.0634376852,4.0,39.30862197315601,39.30862197315601,0.24461828887696957
Perform machine learning analysis,Data Scientist,0006F238,4.0,1,DATA SCIENTIST,4 tahun 8 bulan,MIDDLE,56,97.22222222,,98.9522417154,54.9046621779,1.1,95.020460512,95.020460512,7.0,52.24084407136,52.24084407136,0.8576468443666385
Perform machine learning analysis,Data Scientist,0008CEE3,4.0,3,DATA ENGINEER,8 tahun 3 bulan,SENIOR,99,88.23529412,93.0,81.2753036437,0.0,1.3,99.8654925819,99.8654925819,21.0,54.80871106840701,54.80871106840701,0.9793719264086442
Perform machine learning analysis,Data Scientist,0008DB3D,5.0,3,AI ENGINEER,4 tahun 5 bulan,MIDDLE,53,78.94736842,95.5,97.9135943724,2.0205144715,1.3,99.7997608046,99.7997608046,26.0,55.243873226438005,55.243873226438005,1.0
Perform machine learning analysis,Data Scientist,0008EF5A,3.0,0,DATA SCIENTIST,3 tahun 9 bulan,JUNIOR,45,87.5,70.0,98.9522417154,0.0,1.0,66.4806914307,66.4806914307,2.0,36.644766458271,36.644766458271,0.11834304507722569
Perform machine learning analysis,Data Scientist,00093BBA,1.0,2,MGT,4 tahun 11 bulan,-,59,,,,,,,,1.0,,,
Perform machine learning analysis,Data Scientist,000BC56E,2.0,1,DATA ANALYST,3 tahun 2 bulan,JUNIOR,38,77.67241379,89.0,95.0048732943,0.4301677875,1.0,72.7677924824,72.7677924824,2.0,39.506930015672,39.506930015672,0.2540187222999653
Perform machine learning analysis,Data Scientist,000BE0C5,3.0,3,DATA ANALYST,3 tahun 0 bulan,MIDDLE,36,79.13793103,90.5,96.8024832613,9.3020121433,1.0,75.3882483655,75.3882483655,0.0,41.365771633715,41.365771633715,0.3421337409982009
Perform machine learning analysis,Data Scientist,000BF13A,2.0,2,DATA ANALYST,4 tahun 11 bulan,JUNIOR,59,85.34482759,84.0,76.9401195515,0.4301677875,1.0,71.3283335517,71.3283335517,2.0,38.744016782401,38.744016782401,0.2178542028689987
Perform machine learning analysis,Data Scientist,000C7109,3.0,1,DATA SCIENTIST,6 tahun 6 bulan,MIDDLE,78,,,,,,,,9.0,,,
Perform machine learning analysis,Data Scientist,000C72E4,2.5,1,DATA ENGINEER,5 tahun 0 bulan,MIDDLE,60,76.47058824,91.5,89.9596364099,0.0,1.2,87.8939523114,87.8939523114,3.0,47.758794725042,47.758794725042,0.6451834165394653
Perform machine learning analysis,Data Scientist,000CEE2B,2.5,0,DATA ANALYST,3 tahun 11 bulan,MIDDLE,47,74.48275862,90.0,98.9522417154,10.5359979556,1.0,74.1194724896,74.1194724896,4.0,40.458320419488,40.458320419488,0.29911766048159866
Perform machine learning analysis,Data Scientist,000FCFC2,5.0,3,AI ENGINEER,1 tahun 10 bulan,JUNIOR,22,80.52631579,95.0,98.9522417154,34.6152175938,1.0,81.9618884287,81.9618884287,16.0,45.789800867211,45.789800867211,0.5518468305089947
Perform machine learning analysis,Data Scientist,00101A0D,3.5,0,DATA SCIENTIST,4 tahun 0 bulan,JUNIOR,48,82.5,94.0,39.414983165,7.0665492569,1.0,73.9040356956,73.9040356956,2.0,40.81413891866801,40.81413891866801,0.31598459169515375
Perform machine learning analysis,Data Scientist,00103C57,2.0,1,DATA ANALYST,4 tahun 11 bulan,JUNIOR,59,80.60344828,81.5,80.2615189223,5.8627640301,1.0,69.7620596418,69.7620596418,15.0,37.913891610153996,37.913891610153996,0.17850362325833258
Perform machine learning analysis,Data Scientist,00104933,1.0,2,MGT,3 tahun 11 bulan,-,47,89.65517241,,98.469149928,8.7007929068,1.0,69.5023814571,69.5023814571,1.0,37.306262172263004,37.306262172263004,0.14970005077444787
Perform machine learning analysis,Data Scientist,001356B3,2.5,1,DATA SCIENTIST,1 tahun 10 bulan,JUNIOR,22,98.61111111,,98.9522417154,37.4823489904,1.0,82.7234066868,82.7234066868,7.0,45.018405544004004,45.018405544004004,0.5152802329740866
Perform machine learning analysis,Data Scientist,0013A32D,1.0,2,MGT,5 tahun 9 bulan,-,69,79.13793103,99.0,88.8109161793,8.7722486646,1.0,78.9526210358,78.9526210358,1.0,42.314889148974,42.314889148974,0.3871249370162442
Perform machine learning analysis,Data Scientist,0013D24E,3.5,1,DATA SCIENTIST,4 tahun 9 bulan,JUNIOR,57,66.25,92.0,97.9135943724,0.0,1.1,78.1589269578,78.1589269578,0.0,43.06923128763401,43.06923128763401,0.4228831592379271
Perform machine learning analysis,Data Scientist,0014B046,2.0,1,DATA SCIENTIST,7 tahun 8 bulan,SENIOR,92,84.72222222,87.0,0.0,0.0,1.0,67.4019777006,67.4019777006,6.0,36.663048181318,36.663048181318,0.11920965703194296
Perform machine learning analysis,Data Scientist,0014CA34,3.5,0,DATA SCIENTIST,4 tahun 1 bulan,JUNIOR,49,82.5,95.0,99.537037037,30.4375931247,1.0,81.9453180716,81.9453180716,1.0,45.076018577948005,45.076018577948005,0.5180112744538778
Perform machine learning analysis,Data Scientist,0014EEF4,2.5,1,DATA ENGINEER,2 tahun 11 bulan,MIDDLE,35,85.0,93.5,80.9809654856,9.0371304039,1.2,92.960313373,92.960313373,8.0,50.44396608769,50.44396608769,0.7724690994782802
Perform machine learning analysis,Data Scientist,0014F3E9,3.0,3,DATA ANALYST,3 tahun 1 bulan,JUNIOR,37,75.86206897,,98.257797271,12.7921561676,1.0,61.80993377,61.80993377,2.0,34.169264898099996,34.169264898099996,0.000996379204946256
Perform machine learning analysis,Data Scientist,001ABDF5,1.5,1,DATA ANALYST,3 tahun 4 bulan,MIDDLE,40,82.24137931,98.5,98.9522417154,50.3029972195,1.0,86.5446547165,86.5446547165,8.0,46.573666999745,46.573666999745,0.5890045841630499
Perform machine learning analysis,Data Scientist,001AE6FC,3.5,0,DATA ANALYST,3 tahun 4 bulan,JUNIOR,40,82.24137931,84.5,98.469149928,0.4301677875,,72.1149630886,72.1149630886,2.0,39.86593043695801,39.86593043695801,0.2710364867653398
Perform machine learning analysis,Data Scientist,001F9B47,1.0,1,DATA ENGINEER,3 tahun 1 bulan,JUNIOR,37,58.75,87.0,96.1884481736,8.6577453183,1.2,81.1247503422,81.1247503422,1.0,43.466117681366,43.466117681366,0.44169683957804545
Perform machine learning analysis,Data Scientist,002018BB,2.5,0,DATA SCIENTIST,10 tahun 10 bulan,SENIOR,130,97.22222222,98.0,50.5555555556,43.7450704533,1.0,86.4214334385,86.4214334385,18.0,46.978359722405,46.978359722405,0.6081883093809995
Perform machine learning analysis,Data Scientist,0020C6B5,2.5,3,DATA ANALYST,2 tahun 10 bulan,MIDDLE,34,75.86206897,88.5,98.3674463938,3.3392709766,1.0,72.659385698,72.659385698,3.0,39.684474419939995,39.684474419939995,0.2624348930753497
Perform machine learning analysis,Data Scientist,002201AD,1.5,0,DATA ANALYST,4 tahun 10 bulan,MIDDLE,58,91.37931034,95.0,99.537037037,0.4301677875,1.0,80.0052980974,80.0052980974,2.0,43.107807991622,43.107807991622,0.42471181798982055
Perform machine learning analysis,Data Scientist,00270615,3.0,0,DATA ANALYST,3 tahun 9 bulan,JUNIOR,45,93.10344828,75.0,98.9814814815,29.9520058526,1.0,75.0818725109,75.0818725109,1.0,41.203392430777,41.203392430777,0.3344364491126502
Perform machine learning analysis,Data Scientist,00277DF9,4.0,0,AI ENGINEER,0 tahun 5 bulan,MIDDLE,5,,,,,,,,4.0,,,
Perform machine learning analysis,Data Scientist,002D5AC9,4.5,3,DATA SCIENTIST,3 tahun 8 bulan,MIDDLE,44,78.88888889,92.0,97.4707602339,57.4757263933,1.0,83.3553945397,83.3553945397,3.0,46.293359106041,46.293359106041,0.5757170963775147
Perform machine learning analysis,Data Scientist,002DF96D,5.0,3,DATA SCIENTIST,5 tahun 0 bulan,MIDDLE,60,78.88888889,91.0,46.8542261807,5.4541409456,1.1,78.7985129608,78.7985129608,15.0,44.113211869224,44.113211869224,0.47237116702432735
Perform machine learning analysis,Data Scientist,002E9001,2.5,1,DATA ENGINEER,7 tahun 8 bulan,SENIOR,92,,,,,,,,10.0,,,
Perform machine learning analysis,Data Scientist,002EC9F6,2.0,2,DATA SCIENTIST,4 tahun 7 bulan,MIDDLE,55,97.22222222,96.5,83.7230473171,43.7450704533,1.1,96.6970538768,96.6970538768,0.0,52.189438554704,52.189438554704,0.8552100589959166
Perform machine learning analysis,Data Scientist,00302AE1,2.5,1,DATA ENGINEER,2 tahun 5 bulan,MIDDLE,29,84.70588235,89.0,97.8411306043,0.4301677875,1.2,90.0022582512,90.0022582512,2.0,48.876196873136,48.876196873136,0.6981518406467384
Perform machine learning analysis,Data Scientist,00306ABB,1.0,1,DATA ENGINEER,3 tahun 3 bulan,JUNIOR,39,94.11764706,90.0,96.5971692516,0.0,1.2,93.696777586,93.696777586,3.0,50.12929212058,50.12929212058,0.7575525502539641
Perform machine learning analysis,Data Scientist,0031857D,4.0,3,DATA SCIENTIST,2 tahun 11 bulan,MIDDLE,35,90.0,,97.6042024997,10.2336902669,1.0,70.0282735258,70.0282735258,5.0,38.994984968674004,38.994984968674004,0.2297508949870663
Perform machine learning analysis,Data Scientist,0037569D,4.5,1,AI ENGINEER,2 tahun 8 bulan,MIDDLE,32,82.89473684,90.0,98.498389694,6.7355847106,1.3,98.749547614,98.749547614,21.0,54.45226023542,54.45226023542,0.9624750205567518
Perform machine learning analysis,Data Scientist,00392144,2.5,0,DATA SCIENTIST,4 tahun 10 bulan,MIDDLE,58,85.0,90.5,98.9522417154,10.5154493741,1.0,77.4187076743,77.4187076743,15.0,42.20691506737899,42.20691506737899,0.3820066213263442
Perform machine learning analysis,Data Scientist,003A7A13,3.5,0,DATA SCIENTIST,2 tahun 10 bulan,JUNIOR,34,82.5,89.5,96.6027405114,1.0754194688,1.0,74.6209033424,74.6209033424,5.0,41.19407877147201,41.19407877147201,0.33399495196956785
Perform machine learning analysis,Data Scientist,003B384C,4.0,3,DATA SCIENTIST,2 tahun 10 bulan,SENIOR,34,80.0,92.0,96.3395202983,44.3903221346,1.1,89.794363496,89.794363496,3.0,49.471012652880006,49.471012652880006,0.726348004884404
Perform machine learning analysis,Data Scientist,003C6A0D,1.5,0,DATA ANALYST,1 tahun 9 bulan,JUNIOR,21,76.20689655,98.0,45.3968253968,2.3230903964,1.0,73.7283503902,73.7283503902,7.0,39.781025706806005,39.781025706806005,0.26701173187912797
Perform machine learning analysis,Data Scientist,003CFD5B,1.5,1,DATA ENGINEER,3 tahun 8 bulan,MIDDLE,44,77.5,80.0,98.9522417154,3.0893274449,1.3,89.6443972996,89.6443972996,0.0,48.216530568788,48.216530568788,0.6668815547988156
Perform machine learning analysis,Data Scientist,003D5583,3.5,0,DATA SCIENTIST,3 tahun 9 bulan,JUNIOR,45,98.61111111,90.0,98.9522417154,31.463471719,1.0,84.2841556523,84.2841556523,1.0,46.315602495719006,46.315602495719006,0.5767715039603688
Perform machine learning analysis,Data Scientist,0042FA00,2.5,0,DATA ANALYST,3 tahun 1 bulan,JUNIOR,37,80.68965517,90.0,98.9522417154,38.3427977748,1.0,80.1122536136,80.1122536136,2.0,43.634494415208,43.634494415208,0.44967843354862586
Perform machine learning analysis,Data Scientist,00430780,2.0,2,DATA ANALYST,2 tahun 10 bulan,MIDDLE,34,87.93103448,86.0,92.1643347143,0.4301677875,1.0,74.0835656652,74.0835656652,2.0,40.204289802556,40.204289802556,0.28707579938723965
Perform machine learning analysis,Data Scientist,00434E84,3.0,1,DATA SCIENTIST,3 tahun 9 bulan,JUNIOR,45,80.27777778,95.0,96.1220230528,0.0,1.0,76.485383457,76.485383457,4.0,41.947253232209995,41.947253232209995,0.36969782253517947
Perform machine learning analysis,Data Scientist,00456E77,4.0,1,DATA SCIENTIST,1 tahun 8 bulan,BASIC,20,75.55555556,90.0,17.7777777778,0.0,,67.4044956827,67.4044956827,8.0,37.60438271183101,37.60438271183101,0.16383191476080447
Perform machine learning analysis,Data Scientist,0045D05E,3.0,1,DATA SCIENTIST,4 tahun 1 bulan,JUNIOR,49,73.75,85.0,96.7440037291,55.491056416,1.0,78.0721708555,78.0721708555,7.0,42.788250553415004,42.788250553415004,0.40956377666695915
Perform machine learning analysis,Data Scientist,00464297,1.0,2,MGT,4 tahun 11 bulan,-,59,,,,,,,,1.0,,,
Perform machine learning analysis,Data Scientist,005139FE,2.5,0,DATA ANALYST,4 tahun 1 bulan,MIDDLE,49,79.13793103,85.0,98.9522417154,0.4301677875,1.0,71.4912919476,71.4912919476,2.0,39.065384732228004,39.065384732228004,0.23308806821457506
Perform machine learning analysis,Data Scientist,0052D29A,2.5,1,DATA ANALYST,5 tahun 1 bulan,SENIOR,61,73.10344828,86.0,97.7192982456,51.2417874977,1.0,77.8012250633,77.8012250633,4.0,42.409649283548994,42.409649283548994,0.3916168694912196
Perform machine learning analysis,Data Scientist,00563DC3,2.5,0,DATA ANALYST,3 tahun 6 bulan,MIDDLE,42,76.20689655,96.0,3.7037037037,53.3266455725,1.0,77.6344597313,77.6344597313,4.0,42.321263657589,42.321263657589,0.3874271090465834
Perform machine learning analysis,Data Scientist,00630639,3.5,1,DATA SCIENTIST,9 tahun 2 bulan,MIDDLE,110,80.0,75.0,98.9522417154,54.8821326185,1.0,75.0274646513,75.0274646513,0.0,41.409556265189,41.409556265189,0.3442092721158488
Perform machine learning analysis,Data Scientist,0073D075,4.5,3,DATA SCIENTIST,4 tahun 0 bulan,JUNIOR,48,91.66666667,93.0,58.0116959064,8.2492354431,1.0,77.500618325,77.500618325,4.0,43.19032771225001,43.19032771225001,0.42862351582116415
Perform machine learning analysis,Data Scientist,0084C542,1.5,0,DATA ANALYST,4 tahun 0 bulan,MIDDLE,48,74.48275862,80.0,98.9522417154,0.0,1.0,67.6149808506,67.6149808506,2.0,36.540939850818006,36.540939850818006,0.11342133288384004
Perform machine learning analysis,Data Scientist,00897237,2.0,0,DATA ANALYST,3 tahun 9 bulan,MIDDLE,45,93.10344828,92.5,94.1423001949,2.5085548458,1.2,95.0743558155,95.0743558155,8.0,51.329408582215,51.329408582215,0.8144418965170207
Perform machine learning analysis,Data Scientist,0097B743,2.5,0,MGT,3 tahun 1 bulan,-,37,90.27777778,,98.9522417154,37.0103448893,1.0,77.3225695827,77.3225695827,5.0,42.155961878831,42.155961878831,0.3795912777499679
Perform machine learning analysis,Data Scientist,009C501C,2.0,0,DATA ANALYST,2 tahun 9 bulan,MIDDLE,33,71.72413793,91.5,99.537037037,45.8959093909,1.1,87.3635004212,87.3635004212,9.0,47.242655223236,47.242655223236,0.620716758696709
Perform machine learning analysis,Data Scientist,017F0DF6,4.0,3,AI ENGINEER,3 tahun 8 bulan,JUNIOR,44,84.07894737,90.0,75.790084404,1.3470096476,1.3,96.1634426675,96.1634426675,9.0,52.846624613775,52.846624613775,0.8863627733106665
Product performance evaluation,Data Analyst,0000ECE6,3.0,2,DATA ANALYST,4 tahun 10 bulan,JUNIOR,58,,,,,,,,9.0,,,
Product performance evaluation,Data Analyst,0001741A,4.666666666666667,3,DATA SCIENTIST,4 tahun 11 bulan,JUNIOR,59,88.75,89.5,96.4930913886,12.6845989445,1.0,78.1787671463,78.1787671463,3.0,43.62807992087234,43.62807992087234,0.4428061031533671
Product performance evaluation,Data Analyst,00017D8B,4.666666666666667,3,DATA ENGINEER,3 tahun 9 bulan,SENIOR,45,86.02941176,94.0,88.8888888889,14.482615467,1.2,95.2346475844,95.2346475844,0.0,52.66769655306533,52.66769655306533,0.8870759194566864
Product performance evaluation,Data Analyst,00049B4B,3.0,0,DATA ANALYST,3 tahun 9 bulan,MIDDLE,45,76.66666667,,99.4152046784,13.616265803,1.0,62.6570672707,62.6570672707,8.0,34.618245653471,34.618245653471,0.0
Product performance evaluation,Data Analyst,0004E1C5,2.6666666666666665,1,AI ENGINEER,1 tahun 0 bulan,MIDDLE,12,98.68421053,,85.4256716671,27.4434510067,1.2,94.462392646,94.462392646,3.0,51.318401435713334,51.318401435713334,0.8207621455085635
Product performance evaluation,Data Analyst,00050DC9,3.0,2,DATA ANALYST,3 tahun 6 bulan,MIDDLE,42,73.27586207,90.0,93.7469277057,9.2877346217,1.1,80.5550616974,80.5550616974,9.0,44.104182699622,44.104182699622,0.4662051147113715
Product performance evaluation,Data Analyst,00055602,4.0,0,DATA SCIENTIST,0 tahun 9 bulan,JUNIOR,9,80.27777778,84.0,0.0,0.0,1.2,77.5622022708,77.5622022708,1.0,42.98796720352401,42.98796720352401,0.4113464991766915
Product performance evaluation,Data Analyst,0006B570,4.666666666666667,3,DATA ANALYST,4 tahun 11 bulan,JUNIOR,59,75.86206897,86.0,98.469149928,0.8603355751,1.0,71.0634376852,71.0634376852,4.0,39.85695530648934,39.85695530648934,0.2574667344767983
Product performance evaluation,Data Analyst,0006F238,3.0,1,DATA SCIENTIST,4 tahun 8 bulan,MIDDLE,56,97.22222222,,98.9522417154,54.9046621779,1.1,95.020460512,95.020460512,7.0,51.770844071359996,51.770844071359996,0.8429983325953789
Product performance evaluation,Data Analyst,0008CEE3,4.333333333333333,3,DATA ENGINEER,8 tahun 3 bulan,SENIOR,99,88.23529412,93.0,81.2753036437,0.0,1.3,99.8654925819,99.8654925819,21.0,54.96537773507367,54.96537773507367,1.0
Product performance evaluation,Data Analyst,0008DB3D,3.6666666666666665,3,AI ENGINEER,4 tahun 5 bulan,MIDDLE,53,78.94736842,95.5,97.9135943724,2.0205144715,1.3,99.7997608046,99.7997608046,26.0,54.61720655977134,54.61720655977134,0.9828884398102895
Product performance evaluation,Data Analyst,0008EF5A,3.3333333333333335,0,DATA SCIENTIST,3 tahun 9 bulan,JUNIOR,45,87.5,70.0,98.9522417154,0.0,1.0,66.4806914307,66.4806914307,2.0,36.801433124937674,36.801433124937674,0.10729706096716465
Product performance evaluation,Data Analyst,00093BBA,2.3333333333333335,2,MGT,4 tahun 11 bulan,-,59,,,,,,,,1.0,,,
Product performance evaluation,Data Analyst,000BC56E,4.0,1,DATA ANALYST,3 tahun 2 bulan,JUNIOR,38,77.67241379,89.0,95.0048732943,0.4301677875,1.0,72.7677924824,72.7677924824,2.0,40.446930015672,40.446930015672,0.28646220699924296
Product performance evaluation,Data Analyst,000BE0C5,5.0,3,DATA ANALYST,3 tahun 0 bulan,MIDDLE,36,79.13793103,90.5,96.8024832613,9.3020121433,1.0,75.3882483655,75.3882483655,0.0,42.305771633715004,42.305771633715004,0.3778186502851111
Product performance evaluation,Data Analyst,000BF13A,3.6666666666666665,2,DATA ANALYST,4 tahun 11 bulan,JUNIOR,59,85.34482759,84.0,76.9401195515,0.4301677875,1.0,71.3283335517,71.3283335517,2.0,39.527350115734336,39.527350115734336,0.2412676362730262
Product performance evaluation,Data Analyst,000C7109,3.0,1,DATA SCIENTIST,6 tahun 6 bulan,MIDDLE,78,,,,,,,,9.0,,,
Product performance evaluation,Data Analyst,000C72E4,4.333333333333333,1,DATA ENGINEER,5 tahun 0 bulan,MIDDLE,60,76.47058824,91.5,89.9596364099,0.0,1.2,87.8939523114,87.8939523114,3.0,48.62046139170867,48.62046139170867,0.6881665525186274
Product performance evaluation,Data Analyst,000CEE2B,3.3333333333333335,0,DATA ANALYST,3 tahun 11 bulan,MIDDLE,47,74.48275862,90.0,98.9522417154,10.5359979556,1.0,74.1194724896,74.1194724896,4.0,40.84998708615467,40.84998708615467,0.3062712429295253
Product performance evaluation,Data Analyst,000FCFC2,4.333333333333333,3,AI ENGINEER,1 tahun 10 bulan,JUNIOR,22,80.52631579,95.0,98.9522417154,34.6152175938,1.0,81.9618884287,81.9618884287,16.0,45.47646753387767,45.47646753387767,0.533648763710753
Product performance evaluation,Data Analyst,00101A0D,3.6666666666666665,0,DATA SCIENTIST,4 tahun 0 bulan,JUNIOR,48,82.5,94.0,39.414983165,7.0665492569,1.0,73.9040356956,73.9040356956,2.0,40.89247225200134,40.89247225200134,0.30835926033051736
Product performance evaluation,Data Analyst,00103C57,3.6666666666666665,1,DATA ANALYST,4 tahun 11 bulan,JUNIOR,59,80.60344828,81.5,80.2615189223,5.8627640301,1.0,69.7620596418,69.7620596418,15.0,38.697224943487335,38.697224943487335,0.20046949484858545
Product performance evaluation,Data Analyst,00104933,1.6666666666666667,2,MGT,3 tahun 11 bulan,-,47,89.65517241,,98.469149928,8.7007929068,1.0,69.5023814571,69.5023814571,1.0,37.61959550559634,37.61959550559634,0.14750726736762457
Product performance evaluation,Data Analyst,001356B3,2.6666666666666665,1,DATA SCIENTIST,1 tahun 10 bulan,JUNIOR,22,98.61111111,,98.9522417154,37.4823489904,1.0,82.7234066868,82.7234066868,7.0,45.09673887733734,45.09673887733734,0.514986248766759
Product performance evaluation,Data Analyst,0013A32D,1.3333333333333333,2,MGT,5 tahun 9 bulan,-,69,79.13793103,99.0,88.8109161793,8.7722486646,1.0,78.9526210358,78.9526210358,1.0,42.47155581564066,42.47155581564066,0.38596644139693836
Product performance evaluation,Data Analyst,0013D24E,3.6666666666666665,1,DATA SCIENTIST,4 tahun 9 bulan,JUNIOR,57,66.25,92.0,97.9135943724,0.0,1.1,78.1589269578,78.1589269578,0.0,43.147564620967344,43.147564620967344,0.41919022952666257
Product performance evaluation,Data Analyst,0014B046,3.0,1,DATA SCIENTIST,7 tahun 8 bulan,SENIOR,92,84.72222222,87.0,0.0,0.0,1.0,67.4019777006,67.4019777006,6.0,37.133048181317996,37.133048181317996,0.12359493798739392
Product performance evaluation,Data Analyst,0014CA34,3.3333333333333335,0,DATA SCIENTIST,4 tahun 1 bulan,JUNIOR,49,82.5,95.0,99.537037037,30.4375931247,1.0,81.9453180716,81.9453180716,1.0,44.99768524461467,44.99768524461467,0.5101180623154494
Product performance evaluation,Data Analyst,0014EEF4,4.333333333333333,1,DATA ENGINEER,2 tahun 11 bulan,MIDDLE,35,85.0,93.5,80.9809654856,9.0371304039,1.2,92.960313373,92.960313373,8.0,51.30563275435667,51.30563275435667,0.8201346034399588
Product performance evaluation,Data Analyst,0014F3E9,4.666666666666667,3,DATA ANALYST,3 tahun 1 bulan,JUNIOR,37,75.86206897,,98.257797271,12.7921561676,1.0,61.80993377,61.80993377,2.0,34.952598231433335,34.952598231433335,0.016432417926094234
Product performance evaluation,Data Analyst,001ABDF5,4.0,1,DATA ANALYST,3 tahun 4 bulan,MIDDLE,40,82.24137931,98.5,98.9522417154,50.3029972195,1.0,86.5446547165,86.5446547165,8.0,47.748666999745005,47.748666999745005,0.6453204949775786
Product performance evaluation,Data Analyst,001AE6FC,3.6666666666666665,0,DATA ANALYST,3 tahun 4 bulan,JUNIOR,40,82.24137931,84.5,98.469149928,0.4301677875,,72.1149630886,72.1149630886,2.0,39.94426377029134,39.94426377029134,0.2617576814000232
Product performance evaluation,Data Analyst,001F9B47,3.6666666666666665,1,DATA ENGINEER,3 tahun 1 bulan,JUNIOR,37,58.75,87.0,96.1884481736,8.6577453183,1.2,81.1247503422,81.1247503422,1.0,44.71945101469934,44.71945101469934,0.4964436914606543
Product performance evaluation,Data Analyst,002018BB,3.6666666666666665,0,DATA SCIENTIST,10 tahun 10 bulan,SENIOR,130,97.22222222,98.0,50.5555555556,43.7450704533,1.0,86.4214334385,86.4214334385,18.0,47.52669305573834,47.52669305573834,0.6344111470106792
Product performance evaluation,Data Analyst,0020C6B5,4.333333333333333,3,DATA ANALYST,2 tahun 10 bulan,MIDDLE,34,75.86206897,88.5,98.3674463938,3.3392709766,1.0,72.659385698,72.659385698,3.0,40.54614108660667,40.54614108660667,0.2913381310624857
Product performance evaluation,Data Analyst,002201AD,3.3333333333333335,0,DATA ANALYST,4 tahun 10 bulan,MIDDLE,58,91.37931034,95.0,99.537037037,0.4301677875,1.0,80.0052980974,80.0052980974,2.0,43.969474658288675,43.969474658288675,0.45958462191695326
Product performance evaluation,Data Analyst,00270615,4.333333333333333,0,DATA ANALYST,3 tahun 9 bulan,JUNIOR,45,93.10344828,75.0,98.9814814815,29.9520058526,1.0,75.0818725109,75.0818725109,1.0,41.83005909744367,41.83005909744367,0.35443881796459165
Product performance evaluation,Data Analyst,00277DF9,3.3333333333333335,0,AI ENGINEER,0 tahun 5 bulan,MIDDLE,5,,,,,,,,4.0,,,
Product performance evaluation,Data Analyst,002D5AC9,4.0,3,DATA SCIENTIST,3 tahun 8 bulan,MIDDLE,44,78.88888889,92.0,97.4707602339,57.4757263933,1.0,83.3553945397,83.3553945397,3.0,46.058359106041,46.058359106041,0.5622469744969044
Product performance evaluation,Data Analyst,002DF96D,4.0,3,DATA SCIENTIST,5 tahun 0 bulan,MIDDLE,60,78.88888889,91.0,46.8542261807,5.4541409456,1.1,78.7985129608,78.7985129608,15.0,43.643211869224004,43.643211869224004,0.4435497926468534
Product performance evaluation,Data Analyst,002E9001,4.666666666666667,1,DATA ENGINEER,7 tahun 8 bulan,SENIOR,92,,,,,,,,10.0,,,
Product performance evaluation,Data Analyst,002EC9F6,2.0,2,DATA SCIENTIST,4 tahun 7 bulan,MIDDLE,55,97.22222222,96.5,83.7230473171,43.7450704533,1.1,96.6970538768,96.6970538768,0.0,52.189438554704,52.189438554704,0.8635709853734324
Product performance evaluation,Data Analyst,00302AE1,3.6666666666666665,1,DATA ENGINEER,2 tahun 5 bulan,MIDDLE,29,84.70588235,89.0,97.8411306043,0.4301677875,1.2,90.0022582512,90.0022582512,2.0,49.42453020646934,49.42453020646934,0.7276841027825137
Product performance evaluation,Data Analyst,00306ABB,4.333333333333333,1,DATA ENGINEER,3 tahun 3 bulan,JUNIOR,39,94.11764706,90.0,96.5971692516,0.0,1.2,93.696777586,93.696777586,3.0,51.69595878724667,51.69595878724667,0.8393179473787794
Product performance evaluation,Data Analyst,0031857D,4.333333333333333,3,DATA SCIENTIST,2 tahun 11 bulan,MIDDLE,35,90.0,,97.6042024997,10.2336902669,1.0,70.0282735258,70.0282735258,5.0,39.15165163534067,39.15165163534067,0.2228031922969947
Product performance evaluation,Data Analyst,0037569D,2.6666666666666665,1,AI ENGINEER,2 tahun 8 bulan,MIDDLE,32,82.89473684,90.0,98.498389694,6.7355847106,1.3,98.749547614,98.749547614,21.0,53.59059356875333,53.59059356875333,0.9324335163891039
Product performance evaluation,Data Analyst,00392144,3.6666666666666665,0,DATA SCIENTIST,4 tahun 10 bulan,MIDDLE,58,85.0,90.5,98.9522417154,10.5154493741,1.0,77.4187076743,77.4187076743,15.0,42.75524840071233,42.75524840071233,0.3999090738983599
Product performance evaluation,Data Analyst,003A7A13,3.0,0,DATA SCIENTIST,2 tahun 10 bulan,JUNIOR,34,82.5,89.5,96.6027405114,1.0754194688,1.0,74.6209033424,74.6209033424,5.0,40.959078771472,40.959078771472,0.31163276930483047
Product performance evaluation,Data Analyst,003B384C,4.666666666666667,3,DATA SCIENTIST,2 tahun 10 bulan,SENIOR,34,80.0,92.0,96.3395202983,44.3903221346,1.1,89.794363496,89.794363496,3.0,49.78434598621334,49.78434598621334,0.7453679600603329
Product performance evaluation,Data Analyst,003C6A0D,3.6666666666666665,0,DATA ANALYST,1 tahun 9 bulan,JUNIOR,21,76.20689655,98.0,45.3968253968,2.3230903964,1.0,73.7283503902,73.7283503902,7.0,40.79935904013934,40.79935904013934,0.30378302759714915
Product performance evaluation,Data Analyst,003CFD5B,3.0,1,DATA ENGINEER,3 tahun 8 bulan,MIDDLE,44,77.5,80.0,98.9522417154,3.0893274449,1.3,89.6443972996,89.6443972996,0.0,48.921530568788,48.921530568788,0.7029631919600917
Product performance evaluation,Data Analyst,003D5583,3.6666666666666665,0,DATA SCIENTIST,3 tahun 9 bulan,JUNIOR,45,98.61111111,90.0,98.9522417154,31.463471719,1.0,84.2841556523,84.2841556523,1.0,46.39393582905234,46.39393582905234,0.5787395554496154
Product performance evaluation,Data Analyst,0042FA00,3.0,0,DATA ANALYST,3 tahun 1 bulan,JUNIOR,37,80.68965517,90.0,98.9522417154,38.3427977748,1.0,80.1122536136,80.1122536136,2.0,43.869494415208,43.869494415208,0.4546708953691676
Product performance evaluation,Data Analyst,00430780,2.6666666666666665,2,DATA ANALYST,2 tahun 10 bulan,MIDDLE,34,87.93103448,86.0,92.1643347143,0.4301677875,1.0,74.0835656652,74.0835656652,2.0,40.51762313588933,40.51762313588933,0.2899365600399473
Product performance evaluation,Data Analyst,00434E84,3.6666666666666665,1,DATA SCIENTIST,3 tahun 9 bulan,JUNIOR,45,80.27777778,95.0,96.1220230528,0.0,1.0,76.485383457,76.485383457,4.0,42.260586565543335,42.260586565543335,0.37559794085095327
Product performance evaluation,Data Analyst,00456E77,3.6666666666666665,1,DATA SCIENTIST,1 tahun 8 bulan,BASIC,20,75.55555556,90.0,17.7777777778,0.0,,67.4044956827,67.4044956827,8.0,37.44771604516434,37.44771604516434,0.13905991175295274
Product performance evaluation,Data Analyst,0045D05E,2.6666666666666665,1,DATA SCIENTIST,4 tahun 1 bulan,JUNIOR,49,73.75,85.0,96.7440037291,55.491056416,1.0,78.0721708555,78.0721708555,7.0,42.63158388674834,42.63158388674834,0.3938313370719592
Product performance evaluation,Data Analyst,00464297,1.6666666666666667,2,MGT,4 tahun 11 bulan,-,59,,,,,,,,1.0,,,
Product performance evaluation,Data Analyst,005139FE,3.3333333333333335,0,DATA ANALYST,4 tahun 1 bulan,MIDDLE,49,79.13793103,85.0,98.9522417154,0.4301677875,1.0,71.4912919476,71.4912919476,2.0,39.45705139889468,39.45705139889468,0.2378126669654243
Product performance evaluation,Data Analyst,0052D29A,3.6666666666666665,1,DATA ANALYST,5 tahun 1 bulan,SENIOR,61,73.10344828,86.0,97.7192982456,51.2417874977,1.0,77.8012250633,77.8012250633,4.0,42.95798261688233,42.95798261688233,0.4098728474344499
Product performance evaluation,Data Analyst,00563DC3,4.333333333333333,0,DATA ANALYST,3 tahun 6 bulan,MIDDLE,42,76.20689655,96.0,3.7037037037,53.3266455725,1.0,77.6344597313,77.6344597313,4.0,43.18293032425567,43.18293032425567,0.42092834687639485
Product performance evaluation,Data Analyst,00630639,3.6666666666666665,1,DATA SCIENTIST,9 tahun 2 bulan,MIDDLE,110,80.0,75.0,98.9522417154,54.8821326185,1.0,75.0274646513,75.0274646513,0.0,41.48788959852234,41.48788959852234,0.33762222201637365
Product performance evaluation,Data Analyst,0073D075,4.333333333333333,3,DATA SCIENTIST,4 tahun 0 bulan,JUNIOR,48,91.66666667,93.0,58.0116959064,8.2492354431,1.0,77.500618325,77.500618325,4.0,43.11199437891668,43.11199437891668,0.417442059715408
Product performance evaluation,Data Analyst,0084C542,3.0,0,DATA ANALYST,4 tahun 0 bulan,MIDDLE,48,74.48275862,80.0,98.9522417154,0.0,1.0,67.6149808506,67.6149808506,2.0,37.245939850818004,37.245939850818004,0.12914322209186888
Product performance evaluation,Data Analyst,00897237,3.6666666666666665,0,DATA ANALYST,3 tahun 9 bulan,MIDDLE,45,93.10344828,92.5,94.1423001949,2.5085548458,1.2,95.0743558155,95.0743558155,8.0,52.11274191554834,52.11274191554834,0.8598015775351157
Product performance evaluation,Data Analyst,0097B743,3.0,0,MGT,3 tahun 1 bulan,-,37,90.27777778,,98.9522417154,37.0103448893,1.0,77.3225695827,77.3225695827,5.0,42.390961878831,42.390961878831,0.38200549316666993
Product performance evaluation,Data Analyst,009C501C,4.0,0,DATA ANALYST,2 tahun 9 bulan,MIDDLE,33,71.72413793,91.5,99.537037037,45.8959093909,1.1,87.3635004212,87.3635004212,9.0,48.182655223236004,48.182655223236004,0.6666497035240448
Product performance evaluation,Data Analyst,017F0DF6,3.6666666666666665,3,AI ENGINEER,3 tahun 8 bulan,JUNIOR,44,84.07894737,90.0,75.790084404,1.3470096476,1.3,96.1634426675,96.1634426675,9.0,52.68995794710833,52.68995794710833,0.8881699996422241
Work on computer vision and NLP,AI Engineer,0000ECE6,1.0,2,DATA ANALYST,4 tahun 10 bulan,JUNIOR,58,,,,,,,,9.0,,,
Work on computer vision and NLP,AI Engineer,0001741A,5.0,3,DATA SCIENTIST,4 tahun 11 bulan,JUNIOR,59,88.75,89.5,96.4930913886,12.6845989445,1.0,78.1787671463,78.1787671463,3.0,43.784746587539004,43.784746587539004,0.45680086552232746
Work on computer vision and NLP,AI Engineer,00017D8B,4.0,3,DATA ENGINEER,3 tahun 9 bulan,SENIOR,45,86.02941176,94.0,88.8888888889,14.482615467,1.2,95.2346475844,95.2346475844,0.0,52.354363219732,52.354363219732,0.8630280138994885
Work on computer vision and NLP,AI Engineer,00049B4B,2.0,0,DATA ANALYST,3 tahun 9 bulan,MIDDLE,45,76.66666667,,99.4152046784,13.616265803,1.0,62.6570672707,62.6570672707,8.0,34.148245653471,34.148245653471,0.0
Work on computer vision and NLP,AI Engineer,0004E1C5,3.0,1,AI ENGINEER,1 tahun 0 bulan,MIDDLE,12,98.68421053,,85.4256716671,27.4434510067,1.2,94.462392646,94.462392646,3.0,51.47506810238,51.47506810238,0.8213466221366393
Work on computer vision and NLP,AI Engineer,00050DC9,1.5,2,DATA ANALYST,3 tahun 6 bulan,MIDDLE,42,73.27586207,90.0,93.7469277057,9.2877346217,1.1,80.5550616974,80.5550616974,9.0,43.399182699622,43.399182699622,0.4385239080540849
Work on computer vision and NLP,AI Engineer,00055602,4.0,0,DATA SCIENTIST,0 tahun 9 bulan,JUNIOR,9,80.27777778,84.0,0.0,0.0,1.2,77.5622022708,77.5622022708,1.0,42.98796720352401,42.98796720352401,0.4190309825805168
Work on computer vision and NLP,AI Engineer,0006B570,3.5,3,DATA ANALYST,4 tahun 11 bulan,JUNIOR,59,75.86206897,86.0,98.469149928,0.8603355751,1.0,71.0634376852,71.0634376852,4.0,39.30862197315601,39.30862197315601,0.24461828887696957
Work on computer vision and NLP,AI Engineer,0006F238,4.0,1,DATA SCIENTIST,4 tahun 8 bulan,MIDDLE,56,97.22222222,,98.9522417154,54.9046621779,1.1,95.020460512,95.020460512,7.0,52.24084407136,52.24084407136,0.8576468443666385
Work on computer vision and NLP,AI Engineer,0008CEE3,4.0,3,DATA ENGINEER,8 tahun 3 bulan,SENIOR,99,88.23529412,93.0,81.2753036437,0.0,1.3,99.8654925819,99.8654925819,21.0,54.80871106840701,54.80871106840701,0.9793719264086442
Work on computer vision and NLP,AI Engineer,0008DB3D,5.0,3,AI ENGINEER,4 tahun 5 bulan,MIDDLE,53,78.94736842,95.5,97.9135943724,2.0205144715,1.3,99.7997608046,99.7997608046,26.0,55.243873226438005,55.243873226438005,1.0
Work on computer vision and NLP,AI Engineer,0008EF5A,3.0,0,DATA SCIENTIST,3 tahun 9 bulan,JUNIOR,45,87.5,70.0,98.9522417154,0.0,1.0,66.4806914307,66.4806914307,2.0,36.644766458271,36.644766458271,0.11834304507722569
Work on computer vision and NLP,AI Engineer,00093BBA,1.0,2,MGT,4 tahun 11 bulan,-,59,,,,,,,,1.0,,,
Work on computer vision and NLP,AI Engineer,000BC56E,2.0,1,DATA ANALYST,3 tahun 2 bulan,JUNIOR,38,77.67241379,89.0,95.0048732943,0.4301677875,1.0,72.7677924824,72.7677924824,2.0,39.506930015672,39.506930015672,0.2540187222999653
Work on computer vision and NLP,AI Engineer,000BE0C5,3.0,3,DATA ANALYST,3 tahun 0 bulan,MIDDLE,36,79.13793103,90.5,96.8024832613,9.3020121433,1.0,75.3882483655,75.3882483655,0.0,41.365771633715,41.365771633715,0.3421337409982009
Work on computer vision and NLP,AI Engineer,000BF13A,2.0,2,DATA ANALYST,4 tahun 11 bulan,JUNIOR,59,85.34482759,84.0,76.9401195515,0.4301677875,1.0,71.3283335517,71.3283335517,2.0,38.744016782401,38.744016782401,0.2178542028689987
Work on computer vision and NLP,AI Engineer,000C7109,3.0,1,DATA SCIENTIST,6 tahun 6 bulan,MIDDLE,78,,,,,,,,9.0,,,
Work on computer vision and NLP,AI Engineer,000C72E4,2.5,1,DATA ENGINEER,5 tahun 0 bulan,MIDDLE,60,76.47058824,91.5,89.9596364099,0.0,1.2,87.8939523114,87.8939523114,3.0,47.758794725042,47.758794725042,0.6451834165394653
Work on computer vision and NLP,AI Engineer,000CEE2B,2.5,0,DATA ANALYST,3 tahun 11 bulan,MIDDLE,47,74.48275862,90.0,98.9522417154,10.5359979556,1.0,74.1194724896,74.1194724896,4.0,40.458320419488,40.458320419488,0.29911766048159866
Work on computer vision and NLP,AI Engineer,000FCFC2,5.0,3,AI ENGINEER,1 tahun 10 bulan,JUNIOR,22,80.52631579,95.0,98.9522417154,34.6152175938,1.0,81.9618884287,81.9618884287,16.0,45.789800867211,45.789800867211,0.5518468305089947
Work on computer vision and NLP,AI Engineer,00101A0D,3.5,0,DATA SCIENTIST,4 tahun 0 bulan,JUNIOR,48,82.5,94.0,39.414983165,7.0665492569,1.0,73.9040356956,73.9040356956,2.0,40.81413891866801,40.81413891866801,0.31598459169515375
Work on computer vision and NLP,AI Engineer,00103C57,2.0,1,DATA ANALYST,4 tahun 11 bulan,JUNIOR,59,80.60344828,81.5,80.2615189223,5.8627640301,1.0,69.7620596418,69.7620596418,15.0,37.913891610153996,37.913891610153996,0.17850362325833258
Work on computer vision and NLP,AI Engineer,00104933,1.0,2,MGT,3 tahun 11 bulan,-,47,89.65517241,,98.469149928,8.7007929068,1.0,69.5023814571,69.5023814571,1.0,37.306262172263004,37.306262172263004,0.14970005077444787
Work on computer vision and NLP,AI Engineer,001356B3,2.5,1,DATA SCIENTIST,1 tahun 10 bulan,JUNIOR,22,98.61111111,,98.9522417154,37.4823489904,1.0,82.7234066868,82.7234066868,7.0,45.018405544004004,45.018405544004004,0.5152802329740866
Work on computer vision and NLP,AI Engineer,0013A32D,1.0,2,MGT,5 tahun 9 bulan,-,69,79.13793103,99.0,88.8109161793,8.7722486646,1.0,78.9526210358,78.9526210358,1.0,42.314889148974,42.314889148974,0.3871249370162442
Work on computer vision and NLP,AI Engineer,0013D24E,3.5,1,DATA SCIENTIST,4 tahun 9 bulan,JUNIOR,57,66.25,92.0,97.9135943724,0.0,1.1,78.1589269578,78.1589269578,0.0,43.06923128763401,43.06923128763401,0.4228831592379271
Work on computer vision and NLP,AI Engineer,0014B046,2.0,1,DATA SCIENTIST,7 tahun 8 bulan,SENIOR,92,84.72222222,87.0,0.0,0.0,1.0,67.4019777006,67.4019777006,6.0,36.663048181318,36.663048181318,0.11920965703194296
Work on computer vision and NLP,AI Engineer,0014CA34,3.5,0,DATA SCIENTIST,4 tahun 1 bulan,JUNIOR,49,82.5,95.0,99.537037037,30.4375931247,1.0,81.9453180716,81.9453180716,1.0,45.076018577948005,45.076018577948005,0.5180112744538778
Work on computer vision and NLP,AI Engineer,0014EEF4,2.5,1,DATA ENGINEER,2 tahun 11 bulan,MIDDLE,35,85.0,93.5,80.9809654856,9.0371304039,1.2,92.960313373,92.960313373,8.0,50.44396608769,50.44396608769,0.7724690994782802
Work on computer vision and NLP,AI Engineer,0014F3E9,3.0,3,DATA ANALYST,3 tahun 1 bulan,JUNIOR,37,75.86206897,,98.257797271,12.7921561676,1.0,61.80993377,61.80993377,2.0,34.169264898099996,34.169264898099996,0.000996379204946256
Work on computer vision and NLP,AI Engineer,001ABDF5,1.5,1,DATA ANALYST,3 tahun 4 bulan,MIDDLE,40,82.24137931,98.5,98.9522417154,50.3029972195,1.0,86.5446547165,86.5446547165,8.0,46.573666999745,46.573666999745,0.5890045841630499
Work on computer vision and NLP,AI Engineer,001AE6FC,3.5,0,DATA ANALYST,3 tahun 4 bulan,JUNIOR,40,82.24137931,84.5,98.469149928,0.4301677875,,72.1149630886,72.1149630886,2.0,39.86593043695801,39.86593043695801,0.2710364867653398
Work on computer vision and NLP,AI Engineer,001F9B47,1.0,1,DATA ENGINEER,3 tahun 1 bulan,JUNIOR,37,58.75,87.0,96.1884481736,8.6577453183,1.2,81.1247503422,81.1247503422,1.0,43.466117681366,43.466117681366,0.44169683957804545
Work on computer vision and NLP,AI Engineer,002018BB,2.5,0,DATA SCIENTIST,10 tahun 10 bulan,SENIOR,130,97.22222222,98.0,50.5555555556,43.7450704533,1.0,86.4214334385,86.4214334385,18.0,46.978359722405,46.978359722405,0.6081883093809995
Work on computer vision and NLP,AI Engineer,0020C6B5,2.5,3,DATA ANALYST,2 tahun 10 bulan,MIDDLE,34,75.86206897,88.5,98.3674463938,3.3392709766,1.0,72.659385698,72.659385698,3.0,39.684474419939995,39.684474419939995,0.2624348930753497
Work on computer vision and NLP,AI Engineer,002201AD,1.5,0,DATA ANALYST,4 tahun 10 bulan,MIDDLE,58,91.37931034,95.0,99.537037037,0.4301677875,1.0,80.0052980974,80.0052980974,2.0,43.107807991622,43.107807991622,0.42471181798982055
Work on computer vision and NLP,AI Engineer,00270615,3.0,0,DATA ANALYST,3 tahun 9 bulan,JUNIOR,45,93.10344828,75.0,98.9814814815,29.9520058526,1.0,75.0818725109,75.0818725109,1.0,41.203392430777,41.203392430777,0.3344364491126502
Work on computer vision and NLP,AI Engineer,00277DF9,4.0,0,AI ENGINEER,0 tahun 5 bulan,MIDDLE,5,,,,,,,,4.0,,,
Work on computer vision and NLP,AI Engineer,002D5AC9,4.5,3,DATA SCIENTIST,3 tahun 8 bulan,MIDDLE,44,78.88888889,92.0,97.4707602339,57.4757263933,1.0,83.3553945397,83.3553945397,3.0,46.293359106041,46.293359106041,0.5757170963775147
Work on computer vision and NLP,AI Engineer,002DF96D,5.0,3,DATA SCIENTIST,5 tahun 0 bulan,MIDDLE,60,78.88888889,91.0,46.8542261807,5.4541409456,1.1,78.7985129608,78.7985129608,15.0,44.113211869224,44.113211869224,0.47237116702432735
Work on computer vision and NLP,AI Engineer,002E9001,2.5,1,DATA ENGINEER,7 tahun 8 bulan,SENIOR,92,,,,,,,,10.0,,,
Work on computer vision and NLP,AI Engineer,002EC9F6,2.0,2,DATA SCIENTIST,4 tahun 7 bulan,MIDDLE,55,97.22222222,96.5,83.7230473171,43.7450704533,1.1,96.6970538768,96.6970538768,0.0,52.189438554704,52.189438554704,0.8552100589959166
Work on computer vision and NLP,AI Engineer,00302AE1,2.5,1,DATA ENGINEER,2 tahun 5 bulan,MIDDLE,29,84.70588235,89.0,97.8411306043,0.4301677875,1.2,90.0022582512,90.0022582512,2.0,48.876196873136,48.876196873136,0.6981518406467384
Work on computer vision and NLP,AI Engineer,00306ABB,1.0,1,DATA ENGINEER,3 tahun 3 bulan,JUNIOR,39,94.11764706,90.0,96.5971692516,0.0,1.2,93.696777586,93.696777586,3.0,50.12929212058,50.12929212058,0.7575525502539641
Work on computer vision and NLP,AI Engineer,0031857D,4.0,3,DATA SCIENTIST,2 tahun 11 bulan,MIDDLE,35,90.0,,97.6042024997,10.2336902669,1.0,70.0282735258,70.0282735258,5.0,38.994984968674004,38.994984968674004,0.2297508949870663
Work on computer vision and NLP,AI Engineer,0037569D,4.5,1,AI ENGINEER,2 tahun 8 bulan,MIDDLE,32,82.89473684,90.0,98.498389694,6.7355847106,1.3,98.749547614,98.749547614,21.0,54.45226023542,54.45226023542,0.9624750205567518
Work on computer vision and NLP,AI Engineer,00392144,2.5,0,DATA SCIENTIST,4 tahun 10 bulan,MIDDLE,58,85.0,90.5,98.9522417154,10.5154493741,1.0,77.4187076743,77.4187076743,15.0,42.20691506737899,42.20691506737899,0.3820066213263442
Work on computer vision and NLP,AI Engineer,003A7A13,3.5,0,DATA SCIENTIST,2 tahun 10 bulan,JUNIOR,34,82.5,89.5,96.6027405114,1.0754194688,1.0,74.6209033424,74.6209033424,5.0,41.19407877147201,41.19407877147201,0.33399495196956785
Work on computer vision and NLP,AI Engineer,003B384C,4.0,3,DATA SCIENTIST,2 tahun 10 bulan,SENIOR,34,80.0,92.0,96.3395202983,44.3903221346,1.1,89.794363496,89.794363496,3.0,49.471012652880006,49.471012652880006,0.726348004884404
Work on computer vision and NLP,AI Engineer,003C6A0D,1.5,0,DATA ANALYST,1 tahun 9 bulan,JUNIOR,21,76.20689655,98.0,45.3968253968,2.3230903964,1.0,73.7283503902,73.7283503902,7.0,39.781025706806005,39.781025706806005,0.26701173187912797
Work on computer vision and NLP,AI Engineer,003CFD5B,1.5,1,DATA ENGINEER,3 tahun 8 bulan,MIDDLE,44,77.5,80.0,98.9522417154,3.0893274449,1.3,89.6443972996,89.6443972996,0.0,48.216530568788,48.216530568788,0.6668815547988156
Work on computer vision and NLP,AI Engineer,003D5583,3.5,0,DATA SCIENTIST,3 tahun 9 bulan,JUNIOR,45,98.61111111,90.0,98.9522417154,31.463471719,1.0,84.2841556523,84.2841556523,1.0,46.315602495719006,46.315602495719006,0.5767715039603688
Work on computer vision and NLP,AI Engineer,0042FA00,2.5,0,DATA ANALYST,3 tahun 1 bulan,JUNIOR,37,80.68965517,90.0,98.9522417154,38.3427977748,1.0,80.1122536136,80.1122536136,2.0,43.634494415208,43.634494415208,0.44967843354862586
Work on computer vision and NLP,AI Engineer,00430780,2.0,2,DATA ANALYST,2 tahun 10 bulan,MIDDLE,34,87.93103448,86.0,92.1643347143,0.4301677875,1.0,74.0835656652,74.0835656652,2.0,40.204289802556,40.204289802556,0.28707579938723965
Work on computer vision and NLP,AI Engineer,00434E84,3.0,1,DATA SCIENTIST,3 tahun 9 bulan,JUNIOR,45,80.27777778,95.0,96.1220230528,0.0,1.0,76.485383457,76.485383457,4.0,41.947253232209995,41.947253232209995,0.36969782253517947
Work on computer vision and NLP,AI Engineer,00456E77,4.0,1,DATA SCIENTIST,1 tahun 8 bulan,BASIC,20,75.55555556,90.0,17.7777777778,0.0,,67.4044956827,67.4044956827,8.0,37.60438271183101,37.60438271183101,0.16383191476080447
Work on computer vision and NLP,AI Engineer,0045D05E,3.0,1,DATA SCIENTIST,4 tahun 1 bulan,JUNIOR,49,73.75,85.0,96.7440037291,55.491056416,1.0,78.0721708555,78.0721708555,7.0,42.788250553415004,42.788250553415004,0.40956377666695915
Work on computer vision and NLP,AI Engineer,00464297,1.0,2,MGT,4 tahun 11 bulan,-,59,,,,,,,,1.0,,,
Work on computer vision and NLP,AI Engineer,005139FE,2.5,0,DATA ANALYST,4 tahun 1 bulan,MIDDLE,49,79.13793103,85.0,98.9522417154,0.4301677875,1.0,71.4912919476,71.4912919476,2.0,39.065384732228004,39.065384732228004,0.23308806821457506
Work on computer vision and NLP,AI Engineer,0052D29A,2.5,1,DATA ANALYST,5 tahun 1 bulan,SENIOR,61,73.10344828,86.0,97.7192982456,51.2417874977,1.0,77.8012250633,77.8012250633,4.0,42.409649283548994,42.409649283548994,0.3916168694912196
Work on computer vision and NLP,AI Engineer,00563DC3,2.5,0,DATA ANALYST,3 tahun 6 bulan,MIDDLE,42,76.20689655,96.0,3.7037037037,53.3266455725,1.0,77.6344597313,77.6344597313,4.0,42.321263657589,42.321263657589,0.3874271090465834
Work on computer vision and NLP,AI Engineer,00630639,3.5,1,DATA SCIENTIST,9 tahun 2 bulan,MIDDLE,110,80.0,75.0,98.9522417154,54.8821326185,1.0,75.0274646513,75.0274646513,0.0,41.409556265189,41.409556265189,0.3442092721158488
Work on computer vision and NLP,AI Engineer,0073D075,4.5,3,DATA SCIENTIST,4 tahun 0 bulan,JUNIOR,48,91.66666667,93.0,58.0116959064,8.2492354431,1.0,77.500618325,77.500618325,4.0,43.19032771225001,43.19032771225001,0.42862351582116415
Work on computer vision and NLP,AI Engineer,0084C542,1.5,0,DATA ANALYST,4 tahun 0 bulan,MIDDLE,48,74.48275862,80.0,98.9522417154,0.0,1.0,67.6149808506,67.6149808506,2.0,36.540939850818006,36.540939850818006,0.11342133288384004
Work on computer vision and NLP,AI Engineer,00897237,2.0,0,DATA ANALYST,3 tahun 9 bulan,MIDDLE,45,93.10344828,92.5,94.1423001949,2.5085548458,1.2,95.0743558155,95.0743558155,8.0,51.329408582215,51.329408582215,0.8144418965170207
Work on computer vision and NLP,AI Engineer,0097B743,2.5,0,MGT,3 tahun 1 bulan,-,37,90.27777778,,98.9522417154,37.0103448893,1.0,77.3225695827,77.3225695827,5.0,42.155961878831,42.155961878831,0.3795912777499679
Work on computer vision and NLP,AI Engineer,009C501C,2.0,0,DATA ANALYST,2 tahun 9 bulan,MIDDLE,33,71.72413793,91.5,99.537037037,45.8959093909,1.1,87.3635004212,87.3635004212,9.0,47.242655223236,47.242655223236,0.620716758696709
Work on computer vision and NLP,AI Engineer,017F0DF6,4.0,3,AI ENGINEER,3 tahun 8 bulan,JUNIOR,44,84.07894737,90.0,75.790084404,1.3470096476,1.3,96.1634426675,96.1634426675,9.0,52.846624613775,52.846624613775,0.8863627733106665
