Responsibilities,Role,UNIQUE ID,Avg_SkillScore,Cluster,ROLE,LAMA KERJA BERJALAN,GRADE,Durasi Bulan,Technical Score,Personal Evaluation Score ,Discipline Score ,Development Score,Expert Judgement,Capability Score,scoring_eval,job_count
Analyze structured and unstructured data,Data Scientist,0000ECE6,2.5,2,DATA ANALYST,4 tahun 10 bulan,JUNIOR,58,,,,,,,,9.0
Analyze structured and unstructured data,Data Scientist,0001741A,4.5,3,DATA SCIENTIST,4 tahun 11 bulan,JUNIOR,59,88.75,89.5,96.4930913886,12.6845989445,1.0,78.1787671463,78.1787671463,3.0
Analyze structured and unstructured data,Data Scientist,00017D8B,5.0,3,DATA ENGINEER,3 tahun 9 bulan,SENIOR,45,86.02941176,94.0,88.8888888889,14.482615467,1.2,95.2346475844,95.2346475844,0.0
Analyze structured and unstructured data,Data Scientist,00049B4B,2.5,0,DATA ANALYST,3 tahun 9 bulan,MIDDLE,45,76.66666667,,99.4152046784,13.616265803,1.0,62.6570672707,62.6570672707,8.0
Analyze structured and unstructured data,Data Scientist,0004E1C5,2.5,1,AI ENGINEER,1 tahun 0 bulan,MIDDLE,12,98.68421053,,85.4256716671,27.4434510067,1.2,94.462392646,94.462392646,3.0
Analyze structured and unstructured data,Data Scientist,00050DC9,3.0,2,DATA ANALYST,3 tahun 6 bulan,MIDDLE,42,73.27586207,90.0,93.7469277057,9.2877346217,1.1,80.5550616974,80.5550616974,9.0
Analyze structured and unstructured data,Data Scientist,00055602,4.0,0,DATA SCIENTIST,0 tahun 9 bulan,JUNIOR,9,80.27777778,84.0,0.0,0.0,1.2,77.5622022708,77.5622022708,1.0
Analyze structured and unstructured data,Data Scientist,0006B570,4.5,3,DATA ANALYST,4 tahun 11 bulan,JUNIOR,59,75.86206897,86.0,98.469149928,0.8603355751,1.0,71.0634376852,71.0634376852,4.0
Analyze structured and unstructured data,Data Scientist,0006F238,3.0,1,DATA SCIENTIST,4 tahun 8 bulan,MIDDLE,56,97.22222222,,98.9522417154,54.9046621779,1.1,95.020460512,95.020460512,7.0
Analyze structured and unstructured data,Data Scientist,0008CEE3,4.5,3,DATA ENGINEER,8 tahun 3 bulan,SENIOR,99,88.23529412,93.0,81.2753036437,0.0,1.3,99.8654925819,99.8654925819,21.0
Analyze structured and unstructured data,Data Scientist,0008DB3D,3.5,3,AI ENGINEER,4 tahun 5 bulan,MIDDLE,53,78.94736842,95.5,97.9135943724,2.0205144715,1.3,99.7997608046,99.7997608046,26.0
Analyze structured and unstructured data,Data Scientist,0008EF5A,3.0,0,DATA SCIENTIST,3 tahun 9 bulan,JUNIOR,45,87.5,70.0,98.9522417154,0.0,1.0,66.4806914307,66.4806914307,2.0
Analyze structured and unstructured data,Data Scientist,00093BBA,2.0,2,MGT,4 tahun 11 bulan,-,59,,,,,,,,1.0
Analyze structured and unstructured data,Data Scientist,000BC56E,4.0,1,DATA ANALYST,3 tahun 2 bulan,JUNIOR,38,77.67241379,89.0,95.0048732943,0.4301677875,1.0,72.7677924824,72.7677924824,2.0
Analyze structured and unstructured data,Data Scientist,000BE0C5,5.0,3,DATA ANALYST,3 tahun 0 bulan,MIDDLE,36,79.13793103,90.5,96.8024832613,9.3020121433,1.0,75.3882483655,75.3882483655,0.0
Analyze structured and unstructured data,Data Scientist,000BF13A,3.0,2,DATA ANALYST,4 tahun 11 bulan,JUNIOR,59,85.34482759,84.0,76.9401195515,0.4301677875,1.0,71.3283335517,71.3283335517,2.0
Analyze structured and unstructured data,Data Scientist,000C7109,3.0,1,DATA SCIENTIST,6 tahun 6 bulan,MIDDLE,78,,,,,,,,9.0
Analyze structured and unstructured data,Data Scientist,000C72E4,4.5,1,DATA ENGINEER,5 tahun 0 bulan,MIDDLE,60,76.47058824,91.5,89.9596364099,0.0,1.2,87.8939523114,87.8939523114,3.0
Analyze structured and unstructured data,Data Scientist,000CEE2B,3.0,0,DATA ANALYST,3 tahun 11 bulan,MIDDLE,47,74.48275862,90.0,98.9522417154,10.5359979556,1.0,74.1194724896,74.1194724896,4.0
Analyze structured and unstructured data,Data Scientist,000FCFC2,4.5,3,AI ENGINEER,1 tahun 10 bulan,JUNIOR,22,80.52631579,95.0,98.9522417154,34.6152175938,1.0,81.9618884287,81.9618884287,16.0
Analyze structured and unstructured data,Data Scientist,00101A0D,3.5,0,DATA SCIENTIST,4 tahun 0 bulan,JUNIOR,48,82.5,94.0,39.414983165,7.0665492569,1.0,73.9040356956,73.9040356956,2.0
Analyze structured and unstructured data,Data Scientist,00103C57,3.5,1,DATA ANALYST,4 tahun 11 bulan,JUNIOR,59,80.60344828,81.5,80.2615189223,5.8627640301,1.0,69.7620596418,69.7620596418,15.0
Analyze structured and unstructured data,Data Scientist,00104933,1.5,2,MGT,3 tahun 11 bulan,-,47,89.65517241,,98.469149928,8.7007929068,1.0,69.5023814571,69.5023814571,1.0
Analyze structured and unstructured data,Data Scientist,001356B3,2.5,1,DATA SCIENTIST,1 tahun 10 bulan,JUNIOR,22,98.61111111,,98.9522417154,37.4823489904,1.0,82.7234066868,82.7234066868,7.0
Analyze structured and unstructured data,Data Scientist,0013A32D,1.0,2,MGT,5 tahun 9 bulan,-,69,79.13793103,99.0,88.8109161793,8.7722486646,1.0,78.9526210358,78.9526210358,1.0
Analyze structured and unstructured data,Data Scientist,0013D24E,3.5,1,DATA SCIENTIST,4 tahun 9 bulan,JUNIOR,57,66.25,92.0,97.9135943724,0.0,1.1,78.1589269578,78.1589269578,0.0
Analyze structured and unstructured data,Data Scientist,0014B046,3.0,1,DATA SCIENTIST,7 tahun 8 bulan,SENIOR,92,84.72222222,87.0,0.0,0.0,1.0,67.4019777006,67.4019777006,6.0
Analyze structured and unstructured data,Data Scientist,0014CA34,3.0,0,DATA SCIENTIST,4 tahun 1 bulan,JUNIOR,49,82.5,95.0,99.537037037,30.4375931247,1.0,81.9453180716,81.9453180716,1.0
Analyze structured and unstructured data,Data Scientist,0014EEF4,4.5,1,DATA ENGINEER,2 tahun 11 bulan,MIDDLE,35,85.0,93.5,80.9809654856,9.0371304039,1.2,92.960313373,92.960313373,8.0
Analyze structured and unstructured data,Data Scientist,0014F3E9,4.5,3,DATA ANALYST,3 tahun 1 bulan,JUNIOR,37,75.86206897,,98.257797271,12.7921561676,1.0,61.80993377,61.80993377,2.0
Analyze structured and unstructured data,Data Scientist,001ABDF5,3.5,1,DATA ANALYST,3 tahun 4 bulan,MIDDLE,40,82.24137931,98.5,98.9522417154,50.3029972195,1.0,86.5446547165,86.5446547165,8.0
Analyze structured and unstructured data,Data Scientist,001AE6FC,3.5,0,DATA ANALYST,3 tahun 4 bulan,JUNIOR,40,82.24137931,84.5,98.469149928,0.4301677875,,72.1149630886,72.1149630886,2.0
Analyze structured and unstructured data,Data Scientist,001F9B47,4.5,1,DATA ENGINEER,3 tahun 1 bulan,JUNIOR,37,58.75,87.0,96.1884481736,8.6577453183,1.2,81.1247503422,81.1247503422,1.0
Analyze structured and unstructured data,Data Scientist,002018BB,4.0,0,DATA SCIENTIST,10 tahun 10 bulan,SENIOR,130,97.22222222,98.0,50.5555555556,43.7450704533,1.0,86.4214334385,86.4214334385,18.0
Analyze structured and unstructured data,Data Scientist,0020C6B5,4.0,3,DATA ANALYST,2 tahun 10 bulan,MIDDLE,34,75.86206897,88.5,98.3674463938,3.3392709766,1.0,72.659385698,72.659385698,3.0
Analyze structured and unstructured data,Data Scientist,002201AD,3.0,0,DATA ANALYST,4 tahun 10 bulan,MIDDLE,58,91.37931034,95.0,99.537037037,0.4301677875,1.0,80.0052980974,80.0052980974,2.0
Analyze structured and unstructured data,Data Scientist,00270615,4.0,0,DATA ANALYST,3 tahun 9 bulan,JUNIOR,45,93.10344828,75.0,98.9814814815,29.9520058526,1.0,75.0818725109,75.0818725109,1.0
Analyze structured and unstructured data,Data Scientist,00277DF9,3.5,0,AI ENGINEER,0 tahun 5 bulan,MIDDLE,5,,,,,,,,4.0
Analyze structured and unstructured data,Data Scientist,002D5AC9,4.0,3,DATA SCIENTIST,3 tahun 8 bulan,MIDDLE,44,78.88888889,92.0,97.4707602339,57.4757263933,1.0,83.3553945397,83.3553945397,3.0
Analyze structured and unstructured data,Data Scientist,002DF96D,4.0,3,DATA SCIENTIST,5 tahun 0 bulan,MIDDLE,60,78.88888889,91.0,46.8542261807,5.4541409456,1.1,78.7985129608,78.7985129608,15.0
Analyze structured and unstructured data,Data Scientist,002E9001,4.5,1,DATA ENGINEER,7 tahun 8 bulan,SENIOR,92,,,,,,,,10.0
Analyze structured and unstructured data,Data Scientist,002EC9F6,2.0,2,DATA SCIENTIST,4 tahun 7 bulan,MIDDLE,55,97.22222222,96.5,83.7230473171,43.7450704533,1.1,96.6970538768,96.6970538768,0.0
Analyze structured and unstructured data,Data Scientist,00302AE1,4.0,1,DATA ENGINEER,2 tahun 5 bulan,MIDDLE,29,84.70588235,89.0,97.8411306043,0.4301677875,1.2,90.0022582512,90.0022582512,2.0
Analyze structured and unstructured data,Data Scientist,00306ABB,4.0,1,DATA ENGINEER,3 tahun 3 bulan,JUNIOR,39,94.11764706,90.0,96.5971692516,0.0,1.2,93.696777586,93.696777586,3.0
Analyze structured and unstructured data,Data Scientist,0031857D,4.0,3,DATA SCIENTIST,2 tahun 11 bulan,MIDDLE,35,90.0,,97.6042024997,10.2336902669,1.0,70.0282735258,70.0282735258,5.0
Analyze structured and unstructured data,Data Scientist,0037569D,3.0,1,AI ENGINEER,2 tahun 8 bulan,MIDDLE,32,82.89473684,90.0,98.498389694,6.7355847106,1.3,98.749547614,98.749547614,21.0
Analyze structured and unstructured data,Data Scientist,00392144,3.0,0,DATA SCIENTIST,4 tahun 10 bulan,MIDDLE,58,85.0,90.5,98.9522417154,10.5154493741,1.0,77.4187076743,77.4187076743,15.0
Analyze structured and unstructured data,Data Scientist,003A7A13,2.5,0,DATA SCIENTIST,2 tahun 10 bulan,JUNIOR,34,82.5,89.5,96.6027405114,1.0754194688,1.0,74.6209033424,74.6209033424,5.0
Analyze structured and unstructured data,Data Scientist,003B384C,4.5,3,DATA SCIENTIST,2 tahun 10 bulan,SENIOR,34,80.0,92.0,96.3395202983,44.3903221346,1.1,89.794363496,89.794363496,3.0
Analyze structured and unstructured data,Data Scientist,003C6A0D,3.0,0,DATA ANALYST,1 tahun 9 bulan,JUNIOR,21,76.20689655,98.0,45.3968253968,2.3230903964,1.0,73.7283503902,73.7283503902,7.0
Analyze structured and unstructured data,Data Scientist,003CFD5B,3.5,1,DATA ENGINEER,3 tahun 8 bulan,MIDDLE,44,77.5,80.0,98.9522417154,3.0893274449,1.3,89.6443972996,89.6443972996,0.0
Analyze structured and unstructured data,Data Scientist,003D5583,3.5,0,DATA SCIENTIST,3 tahun 9 bulan,JUNIOR,45,98.61111111,90.0,98.9522417154,31.463471719,1.0,84.2841556523,84.2841556523,1.0
Analyze structured and unstructured data,Data Scientist,0042FA00,2.5,0,DATA ANALYST,3 tahun 1 bulan,JUNIOR,37,80.68965517,90.0,98.9522417154,38.3427977748,1.0,80.1122536136,80.1122536136,2.0
Analyze structured and unstructured data,Data Scientist,00430780,2.5,2,DATA ANALYST,2 tahun 10 bulan,MIDDLE,34,87.93103448,86.0,92.1643347143,0.4301677875,1.0,74.0835656652,74.0835656652,2.0
Analyze structured and unstructured data,Data Scientist,00434E84,4.0,1,DATA SCIENTIST,3 tahun 9 bulan,JUNIOR,45,80.27777778,95.0,96.1220230528,0.0,1.0,76.485383457,76.485383457,4.0
Analyze structured and unstructured data,Data Scientist,00456E77,3.5,1,DATA SCIENTIST,1 tahun 8 bulan,BASIC,20,75.55555556,90.0,17.7777777778,0.0,,67.4044956827,67.4044956827,8.0
Analyze structured and unstructured data,Data Scientist,0045D05E,2.5,1,DATA SCIENTIST,4 tahun 1 bulan,JUNIOR,49,73.75,85.0,96.7440037291,55.491056416,1.0,78.0721708555,78.0721708555,7.0
Analyze structured and unstructured data,Data Scientist,00464297,1.5,2,MGT,4 tahun 11 bulan,-,59,,,,,,,,1.0
Analyze structured and unstructured data,Data Scientist,005139FE,3.0,0,DATA ANALYST,4 tahun 1 bulan,MIDDLE,49,79.13793103,85.0,98.9522417154,0.4301677875,1.0,71.4912919476,71.4912919476,2.0
Analyze structured and unstructured data,Data Scientist,0052D29A,3.5,1,DATA ANALYST,5 tahun 1 bulan,SENIOR,61,73.10344828,86.0,97.7192982456,51.2417874977,1.0,77.8012250633,77.8012250633,4.0
Analyze structured and unstructured data,Data Scientist,00563DC3,4.0,0,DATA ANALYST,3 tahun 6 bulan,MIDDLE,42,76.20689655,96.0,3.7037037037,53.3266455725,1.0,77.6344597313,77.6344597313,4.0
Analyze structured and unstructured data,Data Scientist,00630639,3.5,1,DATA SCIENTIST,9 tahun 2 bulan,MIDDLE,110,80.0,75.0,98.9522417154,54.8821326185,1.0,75.0274646513,75.0274646513,0.0
Analyze structured and unstructured data,Data Scientist,0073D075,4.0,3,DATA SCIENTIST,4 tahun 0 bulan,JUNIOR,48,91.66666667,93.0,58.0116959064,8.2492354431,1.0,77.500618325,77.500618325,4.0
Analyze structured and unstructured data,Data Scientist,0084C542,3.0,0,DATA ANALYST,4 tahun 0 bulan,MIDDLE,48,74.48275862,80.0,98.9522417154,0.0,1.0,67.6149808506,67.6149808506,2.0
Analyze structured and unstructured data,Data Scientist,00897237,3.0,0,DATA ANALYST,3 tahun 9 bulan,MIDDLE,45,93.10344828,92.5,94.1423001949,2.5085548458,1.2,95.0743558155,95.0743558155,8.0
Analyze structured and unstructured data,Data Scientist,0097B743,2.5,0,MGT,3 tahun 1 bulan,-,37,90.27777778,,98.9522417154,37.0103448893,1.0,77.3225695827,77.3225695827,5.0
Analyze structured and unstructured data,Data Scientist,009C501C,3.5,0,DATA ANALYST,2 tahun 9 bulan,MIDDLE,33,71.72413793,91.5,99.537037037,45.8959093909,1.1,87.3635004212,87.3635004212,9.0
Analyze structured and unstructured data,Data Scientist,017F0DF6,3.5,3,AI ENGINEER,3 tahun 8 bulan,JUNIOR,44,84.07894737,90.0,75.790084404,1.3470096476,1.3,96.1634426675,96.1634426675,9.0
Automate data analysis workflows,Data Scientist,0000ECE6,2.0,2,DATA ANALYST,4 tahun 10 bulan,JUNIOR,58,,,,,,,,9.0
Automate data analysis workflows,Data Scientist,0001741A,4.666666666666667,3,DATA SCIENTIST,4 tahun 11 bulan,JUNIOR,59,88.75,89.5,96.4930913886,12.6845989445,1.0,78.1787671463,78.1787671463,3.0
Automate data analysis workflows,Data Scientist,00017D8B,4.5,3,DATA ENGINEER,3 tahun 9 bulan,SENIOR,45,86.02941176,94.0,88.8888888889,14.482615467,1.2,95.2346475844,95.2346475844,0.0
Automate data analysis workflows,Data Scientist,00049B4B,2.0,0,DATA ANALYST,3 tahun 9 bulan,MIDDLE,45,76.66666667,,99.4152046784,13.616265803,1.0,62.6570672707,62.6570672707,8.0
Automate data analysis workflows,Data Scientist,0004E1C5,2.5,1,AI ENGINEER,1 tahun 0 bulan,MIDDLE,12,98.68421053,,85.4256716671,27.4434510067,1.2,94.462392646,94.462392646,3.0
Automate data analysis workflows,Data Scientist,00050DC9,2.1666666666666665,2,DATA ANALYST,3 tahun 6 bulan,MIDDLE,42,73.27586207,90.0,93.7469277057,9.2877346217,1.1,80.5550616974,80.5550616974,9.0
Automate data analysis workflows,Data Scientist,00055602,2.6666666666666665,0,DATA SCIENTIST,0 tahun 9 bulan,JUNIOR,9,80.27777778,84.0,0.0,0.0,1.2,77.5622022708,77.5622022708,1.0
Automate data analysis workflows,Data Scientist,0006B570,3.8333333333333335,3,DATA ANALYST,4 tahun 11 bulan,JUNIOR,59,75.86206897,86.0,98.469149928,0.8603355751,1.0,71.0634376852,71.0634376852,4.0
Automate data analysis workflows,Data Scientist,0006F238,3.3333333333333335,1,DATA SCIENTIST,4 tahun 8 bulan,MIDDLE,56,97.22222222,,98.9522417154,54.9046621779,1.1,95.020460512,95.020460512,7.0
Automate data analysis workflows,Data Scientist,0008CEE3,4.333333333333333,3,DATA ENGINEER,8 tahun 3 bulan,SENIOR,99,88.23529412,93.0,81.2753036437,0.0,1.3,99.8654925819,99.8654925819,21.0
Automate data analysis workflows,Data Scientist,0008DB3D,3.6666666666666665,3,AI ENGINEER,4 tahun 5 bulan,MIDDLE,53,78.94736842,95.5,97.9135943724,2.0205144715,1.3,99.7997608046,99.7997608046,26.0
Automate data analysis workflows,Data Scientist,0008EF5A,2.6666666666666665,0,DATA SCIENTIST,3 tahun 9 bulan,JUNIOR,45,87.5,70.0,98.9522417154,0.0,1.0,66.4806914307,66.4806914307,2.0
Automate data analysis workflows,Data Scientist,00093BBA,1.3333333333333333,2,MGT,4 tahun 11 bulan,-,59,,,,,,,,1.0
Automate data analysis workflows,Data Scientist,000BC56E,2.8333333333333335,1,DATA ANALYST,3 tahun 2 bulan,JUNIOR,38,77.67241379,89.0,95.0048732943,0.4301677875,1.0,72.7677924824,72.7677924824,2.0
Automate data analysis workflows,Data Scientist,000BE0C5,3.8333333333333335,3,DATA ANALYST,3 tahun 0 bulan,MIDDLE,36,79.13793103,90.5,96.8024832613,9.3020121433,1.0,75.3882483655,75.3882483655,0.0
Automate data analysis workflows,Data Scientist,000BF13A,1.8333333333333333,2,DATA ANALYST,4 tahun 11 bulan,JUNIOR,59,85.34482759,84.0,76.9401195515,0.4301677875,1.0,71.3283335517,71.3283335517,2.0
Automate data analysis workflows,Data Scientist,000C7109,3.0,1,DATA SCIENTIST,6 tahun 6 bulan,MIDDLE,78,,,,,,,,9.0
Automate data analysis workflows,Data Scientist,000C72E4,3.8333333333333335,1,DATA ENGINEER,5 tahun 0 bulan,MIDDLE,60,76.47058824,91.5,89.9596364099,0.0,1.2,87.8939523114,87.8939523114,3.0
Automate data analysis workflows,Data Scientist,000CEE2B,2.3333333333333335,0,DATA ANALYST,3 tahun 11 bulan,MIDDLE,47,74.48275862,90.0,98.9522417154,10.5359979556,1.0,74.1194724896,74.1194724896,4.0
Automate data analysis workflows,Data Scientist,000FCFC2,4.666666666666667,3,AI ENGINEER,1 tahun 10 bulan,JUNIOR,22,80.52631579,95.0,98.9522417154,34.6152175938,1.0,81.9618884287,81.9618884287,16.0
Automate data analysis workflows,Data Scientist,00101A0D,2.5,0,DATA SCIENTIST,4 tahun 0 bulan,JUNIOR,48,82.5,94.0,39.414983165,7.0665492569,1.0,73.9040356956,73.9040356956,2.0
Automate data analysis workflows,Data Scientist,00103C57,3.3333333333333335,1,DATA ANALYST,4 tahun 11 bulan,JUNIOR,59,80.60344828,81.5,80.2615189223,5.8627640301,1.0,69.7620596418,69.7620596418,15.0
Automate data analysis workflows,Data Scientist,00104933,1.1666666666666667,2,MGT,3 tahun 11 bulan,-,47,89.65517241,,98.469149928,8.7007929068,1.0,69.5023814571,69.5023814571,1.0
Automate data analysis workflows,Data Scientist,001356B3,2.3333333333333335,1,DATA SCIENTIST,1 tahun 10 bulan,JUNIOR,22,98.61111111,,98.9522417154,37.4823489904,1.0,82.7234066868,82.7234066868,7.0
Automate data analysis workflows,Data Scientist,0013A32D,1.0,2,MGT,5 tahun 9 bulan,-,69,79.13793103,99.0,88.8109161793,8.7722486646,1.0,78.9526210358,78.9526210358,1.0
Automate data analysis workflows,Data Scientist,0013D24E,3.0,1,DATA SCIENTIST,4 tahun 9 bulan,JUNIOR,57,66.25,92.0,97.9135943724,0.0,1.1,78.1589269578,78.1589269578,0.0
Automate data analysis workflows,Data Scientist,0014B046,2.6666666666666665,1,DATA SCIENTIST,7 tahun 8 bulan,SENIOR,92,84.72222222,87.0,0.0,0.0,1.0,67.4019777006,67.4019777006,6.0
Automate data analysis workflows,Data Scientist,0014CA34,2.5,0,DATA SCIENTIST,4 tahun 1 bulan,JUNIOR,49,82.5,95.0,99.537037037,30.4375931247,1.0,81.9453180716,81.9453180716,1.0
Automate data analysis workflows,Data Scientist,0014EEF4,3.8333333333333335,1,DATA ENGINEER,2 tahun 11 bulan,MIDDLE,35,85.0,93.5,80.9809654856,9.0371304039,1.2,92.960313373,92.960313373,8.0
Automate data analysis workflows,Data Scientist,0014F3E9,3.5,3,DATA ANALYST,3 tahun 1 bulan,JUNIOR,37,75.86206897,,98.257797271,12.7921561676,1.0,61.80993377,61.80993377,2.0
Automate data analysis workflows,Data Scientist,001ABDF5,3.0,1,DATA ANALYST,3 tahun 4 bulan,MIDDLE,40,82.24137931,98.5,98.9522417154,50.3029972195,1.0,86.5446547165,86.5446547165,8.0
Automate data analysis workflows,Data Scientist,001AE6FC,2.6666666666666665,0,DATA ANALYST,3 tahun 4 bulan,JUNIOR,40,82.24137931,84.5,98.469149928,0.4301677875,,72.1149630886,72.1149630886,2.0
Automate data analysis workflows,Data Scientist,001F9B47,3.5,1,DATA ENGINEER,3 tahun 1 bulan,JUNIOR,37,58.75,87.0,96.1884481736,8.6577453183,1.2,81.1247503422,81.1247503422,1.0
Automate data analysis workflows,Data Scientist,002018BB,2.5,0,DATA SCIENTIST,10 tahun 10 bulan,SENIOR,130,97.22222222,98.0,50.5555555556,43.7450704533,1.0,86.4214334385,86.4214334385,18.0
Automate data analysis workflows,Data Scientist,0020C6B5,3.0,3,DATA ANALYST,2 tahun 10 bulan,MIDDLE,34,75.86206897,88.5,98.3674463938,3.3392709766,1.0,72.659385698,72.659385698,3.0
Automate data analysis workflows,Data Scientist,002201AD,1.8333333333333333,0,DATA ANALYST,4 tahun 10 bulan,MIDDLE,58,91.37931034,95.0,99.537037037,0.4301677875,1.0,80.0052980974,80.0052980974,2.0
Automate data analysis workflows,Data Scientist,00270615,2.6666666666666665,0,DATA ANALYST,3 tahun 9 bulan,JUNIOR,45,93.10344828,75.0,98.9814814815,29.9520058526,1.0,75.0818725109,75.0818725109,1.0
Automate data analysis workflows,Data Scientist,00277DF9,2.8333333333333335,0,AI ENGINEER,0 tahun 5 bulan,MIDDLE,5,,,,,,,,4.0
Automate data analysis workflows,Data Scientist,002D5AC9,4.166666666666667,3,DATA SCIENTIST,3 tahun 8 bulan,MIDDLE,44,78.88888889,92.0,97.4707602339,57.4757263933,1.0,83.3553945397,83.3553945397,3.0
Automate data analysis workflows,Data Scientist,002DF96D,3.5,3,DATA SCIENTIST,5 tahun 0 bulan,MIDDLE,60,78.88888889,91.0,46.8542261807,5.4541409456,1.1,78.7985129608,78.7985129608,15.0
Automate data analysis workflows,Data Scientist,002E9001,3.5,1,DATA ENGINEER,7 tahun 8 bulan,SENIOR,92,,,,,,,,10.0
Automate data analysis workflows,Data Scientist,002EC9F6,1.6666666666666667,2,DATA SCIENTIST,4 tahun 7 bulan,MIDDLE,55,97.22222222,96.5,83.7230473171,43.7450704533,1.1,96.6970538768,96.6970538768,0.0
Automate data analysis workflows,Data Scientist,00302AE1,3.0,1,DATA ENGINEER,2 tahun 5 bulan,MIDDLE,29,84.70588235,89.0,97.8411306043,0.4301677875,1.2,90.0022582512,90.0022582512,2.0
Automate data analysis workflows,Data Scientist,00306ABB,3.0,1,DATA ENGINEER,3 tahun 3 bulan,JUNIOR,39,94.11764706,90.0,96.5971692516,0.0,1.2,93.696777586,93.696777586,3.0
Automate data analysis workflows,Data Scientist,0031857D,3.3333333333333335,3,DATA SCIENTIST,2 tahun 11 bulan,MIDDLE,35,90.0,,97.6042024997,10.2336902669,1.0,70.0282735258,70.0282735258,5.0
Automate data analysis workflows,Data Scientist,0037569D,3.3333333333333335,1,AI ENGINEER,2 tahun 8 bulan,MIDDLE,32,82.89473684,90.0,98.498389694,6.7355847106,1.3,98.749547614,98.749547614,21.0
Automate data analysis workflows,Data Scientist,00392144,2.6666666666666665,0,DATA SCIENTIST,4 tahun 10 bulan,MIDDLE,58,85.0,90.5,98.9522417154,10.5154493741,1.0,77.4187076743,77.4187076743,15.0
Automate data analysis workflows,Data Scientist,003A7A13,2.3333333333333335,0,DATA SCIENTIST,2 tahun 10 bulan,JUNIOR,34,82.5,89.5,96.6027405114,1.0754194688,1.0,74.6209033424,74.6209033424,5.0
Automate data analysis workflows,Data Scientist,003B384C,3.8333333333333335,3,DATA SCIENTIST,2 tahun 10 bulan,SENIOR,34,80.0,92.0,96.3395202983,44.3903221346,1.1,89.794363496,89.794363496,3.0
Automate data analysis workflows,Data Scientist,003C6A0D,1.8333333333333333,0,DATA ANALYST,1 tahun 9 bulan,JUNIOR,21,76.20689655,98.0,45.3968253968,2.3230903964,1.0,73.7283503902,73.7283503902,7.0
Automate data analysis workflows,Data Scientist,003CFD5B,3.0,1,DATA ENGINEER,3 tahun 8 bulan,MIDDLE,44,77.5,80.0,98.9522417154,3.0893274449,1.3,89.6443972996,89.6443972996,0.0
Automate data analysis workflows,Data Scientist,003D5583,3.0,0,DATA SCIENTIST,3 tahun 9 bulan,JUNIOR,45,98.61111111,90.0,98.9522417154,31.463471719,1.0,84.2841556523,84.2841556523,1.0
Automate data analysis workflows,Data Scientist,0042FA00,2.1666666666666665,0,DATA ANALYST,3 tahun 1 bulan,JUNIOR,37,80.68965517,90.0,98.9522417154,38.3427977748,1.0,80.1122536136,80.1122536136,2.0
Automate data analysis workflows,Data Scientist,00430780,2.1666666666666665,2,DATA ANALYST,2 tahun 10 bulan,MIDDLE,34,87.93103448,86.0,92.1643347143,0.4301677875,1.0,74.0835656652,74.0835656652,2.0
Automate data analysis workflows,Data Scientist,00434E84,3.5,1,DATA SCIENTIST,3 tahun 9 bulan,JUNIOR,45,80.27777778,95.0,96.1220230528,0.0,1.0,76.485383457,76.485383457,4.0
Automate data analysis workflows,Data Scientist,00456E77,3.0,1,DATA SCIENTIST,1 tahun 8 bulan,BASIC,20,75.55555556,90.0,17.7777777778,0.0,,67.4044956827,67.4044956827,8.0
Automate data analysis workflows,Data Scientist,0045D05E,2.3333333333333335,1,DATA SCIENTIST,4 tahun 1 bulan,JUNIOR,49,73.75,85.0,96.7440037291,55.491056416,1.0,78.0721708555,78.0721708555,7.0
Automate data analysis workflows,Data Scientist,00464297,1.1666666666666667,2,MGT,4 tahun 11 bulan,-,59,,,,,,,,1.0
Automate data analysis workflows,Data Scientist,005139FE,2.5,0,DATA ANALYST,4 tahun 1 bulan,MIDDLE,49,79.13793103,85.0,98.9522417154,0.4301677875,1.0,71.4912919476,71.4912919476,2.0
Automate data analysis workflows,Data Scientist,0052D29A,3.3333333333333335,1,DATA ANALYST,5 tahun 1 bulan,SENIOR,61,73.10344828,86.0,97.7192982456,51.2417874977,1.0,77.8012250633,77.8012250633,4.0
Automate data analysis workflows,Data Scientist,00563DC3,2.8333333333333335,0,DATA ANALYST,3 tahun 6 bulan,MIDDLE,42,76.20689655,96.0,3.7037037037,53.3266455725,1.0,77.6344597313,77.6344597313,4.0
Automate data analysis workflows,Data Scientist,00630639,3.3333333333333335,1,DATA SCIENTIST,9 tahun 2 bulan,MIDDLE,110,80.0,75.0,98.9522417154,54.8821326185,1.0,75.0274646513,75.0274646513,0.0
Automate data analysis workflows,Data Scientist,0073D075,3.5,3,DATA SCIENTIST,4 tahun 0 bulan,JUNIOR,48,91.66666667,93.0,58.0116959064,8.2492354431,1.0,77.500618325,77.500618325,4.0
Automate data analysis workflows,Data Scientist,0084C542,2.1666666666666665,0,DATA ANALYST,4 tahun 0 bulan,MIDDLE,48,74.48275862,80.0,98.9522417154,0.0,1.0,67.6149808506,67.6149808506,2.0
Automate data analysis workflows,Data Scientist,00897237,2.1666666666666665,0,DATA ANALYST,3 tahun 9 bulan,MIDDLE,45,93.10344828,92.5,94.1423001949,2.5085548458,1.2,95.0743558155,95.0743558155,8.0
Automate data analysis workflows,Data Scientist,0097B743,1.8333333333333333,0,MGT,3 tahun 1 bulan,-,37,90.27777778,,98.9522417154,37.0103448893,1.0,77.3225695827,77.3225695827,5.0
Automate data analysis workflows,Data Scientist,009C501C,2.5,0,DATA ANALYST,2 tahun 9 bulan,MIDDLE,33,71.72413793,91.5,99.537037037,45.8959093909,1.1,87.3635004212,87.3635004212,9.0
Automate data analysis workflows,Data Scientist,017F0DF6,3.3333333333333335,3,AI ENGINEER,3 tahun 8 bulan,JUNIOR,44,84.07894737,90.0,75.790084404,1.3470096476,1.3,96.1634426675,96.1634426675,9.0
Build and deploy AI models,AI Engineer,0000ECE6,1.0,2,DATA ANALYST,4 tahun 10 bulan,JUNIOR,58,,,,,,,,9.0
Build and deploy AI models,AI Engineer,0001741A,5.0,3,DATA SCIENTIST,4 tahun 11 bulan,JUNIOR,59,88.75,89.5,96.4930913886,12.6845989445,1.0,78.1787671463,78.1787671463,3.0
Build and deploy AI models,AI Engineer,00017D8B,3.75,3,DATA ENGINEER,3 tahun 9 bulan,SENIOR,45,86.02941176,94.0,88.8888888889,14.482615467,1.2,95.2346475844,95.2346475844,0.0
Build and deploy AI models,AI Engineer,00049B4B,1.5,0,DATA ANALYST,3 tahun 9 bulan,MIDDLE,45,76.66666667,,99.4152046784,13.616265803,1.0,62.6570672707,62.6570672707,8.0
Build and deploy AI models,AI Engineer,0004E1C5,3.25,1,AI ENGINEER,1 tahun 0 bulan,MIDDLE,12,98.68421053,,85.4256716671,27.4434510067,1.2,94.462392646,94.462392646,3.0
Build and deploy AI models,AI Engineer,00050DC9,1.25,2,DATA ANALYST,3 tahun 6 bulan,MIDDLE,42,73.27586207,90.0,93.7469277057,9.2877346217,1.1,80.5550616974,80.5550616974,9.0
Build and deploy AI models,AI Engineer,00055602,2.5,0,DATA SCIENTIST,0 tahun 9 bulan,JUNIOR,9,80.27777778,84.0,0.0,0.0,1.2,77.5622022708,77.5622022708,1.0
Build and deploy AI models,AI Engineer,0006B570,2.75,3,DATA ANALYST,4 tahun 11 bulan,JUNIOR,59,75.86206897,86.0,98.469149928,0.8603355751,1.0,71.0634376852,71.0634376852,4.0
Build and deploy AI models,AI Engineer,0006F238,3.5,1,DATA SCIENTIST,4 tahun 8 bulan,MIDDLE,56,97.22222222,,98.9522417154,54.9046621779,1.1,95.020460512,95.020460512,7.0
Build and deploy AI models,AI Engineer,0008CEE3,3.75,3,DATA ENGINEER,8 tahun 3 bulan,SENIOR,99,88.23529412,93.0,81.2753036437,0.0,1.3,99.8654925819,99.8654925819,21.0
Build and deploy AI models,AI Engineer,0008DB3D,4.0,3,AI ENGINEER,4 tahun 5 bulan,MIDDLE,53,78.94736842,95.5,97.9135943724,2.0205144715,1.3,99.7997608046,99.7997608046,26.0
Build and deploy AI models,AI Engineer,0008EF5A,2.0,0,DATA SCIENTIST,3 tahun 9 bulan,JUNIOR,45,87.5,70.0,98.9522417154,0.0,1.0,66.4806914307,66.4806914307,2.0
Build and deploy AI models,AI Engineer,00093BBA,1.0,2,MGT,4 tahun 11 bulan,-,59,,,,,,,,1.0
Build and deploy AI models,AI Engineer,000BC56E,2.0,1,DATA ANALYST,3 tahun 2 bulan,JUNIOR,38,77.67241379,89.0,95.0048732943,0.4301677875,1.0,72.7677924824,72.7677924824,2.0
Build and deploy AI models,AI Engineer,000BE0C5,3.0,3,DATA ANALYST,3 tahun 0 bulan,MIDDLE,36,79.13793103,90.5,96.8024832613,9.3020121433,1.0,75.3882483655,75.3882483655,0.0
Build and deploy AI models,AI Engineer,000BF13A,1.5,2,DATA ANALYST,4 tahun 11 bulan,JUNIOR,59,85.34482759,84.0,76.9401195515,0.4301677875,1.0,71.3283335517,71.3283335517,2.0
Build and deploy AI models,AI Engineer,000C7109,3.0,1,DATA SCIENTIST,6 tahun 6 bulan,MIDDLE,78,,,,,,,,9.0
Build and deploy AI models,AI Engineer,000C72E4,2.5,1,DATA ENGINEER,5 tahun 0 bulan,MIDDLE,60,76.47058824,91.5,89.9596364099,0.0,1.2,87.8939523114,87.8939523114,3.0
Build and deploy AI models,AI Engineer,000CEE2B,1.75,0,DATA ANALYST,3 tahun 11 bulan,MIDDLE,47,74.48275862,90.0,98.9522417154,10.5359979556,1.0,74.1194724896,74.1194724896,4.0
Build and deploy AI models,AI Engineer,000FCFC2,5.0,3,AI ENGINEER,1 tahun 10 bulan,JUNIOR,22,80.52631579,95.0,98.9522417154,34.6152175938,1.0,81.9618884287,81.9618884287,16.0
Build and deploy AI models,AI Engineer,00101A0D,2.25,0,DATA SCIENTIST,4 tahun 0 bulan,JUNIOR,48,82.5,94.0,39.414983165,7.0665492569,1.0,73.9040356956,73.9040356956,2.0
Build and deploy AI models,AI Engineer,00103C57,2.5,1,DATA ANALYST,4 tahun 11 bulan,JUNIOR,59,80.60344828,81.5,80.2615189223,5.8627640301,1.0,69.7620596418,69.7620596418,15.0
Build and deploy AI models,AI Engineer,00104933,1.0,2,MGT,3 tahun 11 bulan,-,47,89.65517241,,98.469149928,8.7007929068,1.0,69.5023814571,69.5023814571,1.0
Build and deploy AI models,AI Engineer,001356B3,2.5,1,DATA SCIENTIST,1 tahun 10 bulan,JUNIOR,22,98.61111111,,98.9522417154,37.4823489904,1.0,82.7234066868,82.7234066868,7.0
Build and deploy AI models,AI Engineer,0013A32D,1.0,2,MGT,5 tahun 9 bulan,-,69,79.13793103,99.0,88.8109161793,8.7722486646,1.0,78.9526210358,78.9526210358,1.0
Build and deploy AI models,AI Engineer,0013D24E,3.25,1,DATA SCIENTIST,4 tahun 9 bulan,JUNIOR,57,66.25,92.0,97.9135943724,0.0,1.1,78.1589269578,78.1589269578,0.0
Build and deploy AI models,AI Engineer,0014B046,1.5,1,DATA SCIENTIST,7 tahun 8 bulan,SENIOR,92,84.72222222,87.0,0.0,0.0,1.0,67.4019777006,67.4019777006,6.0
Build and deploy AI models,AI Engineer,0014CA34,2.5,0,DATA SCIENTIST,4 tahun 1 bulan,JUNIOR,49,82.5,95.0,99.537037037,30.4375931247,1.0,81.9453180716,81.9453180716,1.0
Build and deploy AI models,AI Engineer,0014EEF4,2.5,1,DATA ENGINEER,2 tahun 11 bulan,MIDDLE,35,85.0,93.5,80.9809654856,9.0371304039,1.2,92.960313373,92.960313373,8.0
Build and deploy AI models,AI Engineer,0014F3E9,2.75,3,DATA ANALYST,3 tahun 1 bulan,JUNIOR,37,75.86206897,,98.257797271,12.7921561676,1.0,61.80993377,61.80993377,2.0
Build and deploy AI models,AI Engineer,001ABDF5,1.5,1,DATA ANALYST,3 tahun 4 bulan,MIDDLE,40,82.24137931,98.5,98.9522417154,50.3029972195,1.0,86.5446547165,86.5446547165,8.0
Build and deploy AI models,AI Engineer,001AE6FC,2.5,0,DATA ANALYST,3 tahun 4 bulan,JUNIOR,40,82.24137931,84.5,98.469149928,0.4301677875,,72.1149630886,72.1149630886,2.0
Build and deploy AI models,AI Engineer,001F9B47,1.5,1,DATA ENGINEER,3 tahun 1 bulan,JUNIOR,37,58.75,87.0,96.1884481736,8.6577453183,1.2,81.1247503422,81.1247503422,1.0
Build and deploy AI models,AI Engineer,002018BB,1.75,0,DATA SCIENTIST,10 tahun 10 bulan,SENIOR,130,97.22222222,98.0,50.5555555556,43.7450704533,1.0,86.4214334385,86.4214334385,18.0
Build and deploy AI models,AI Engineer,0020C6B5,2.75,3,DATA ANALYST,2 tahun 10 bulan,MIDDLE,34,75.86206897,88.5,98.3674463938,3.3392709766,1.0,72.659385698,72.659385698,3.0
Build and deploy AI models,AI Engineer,002201AD,1.25,0,DATA ANALYST,4 tahun 10 bulan,MIDDLE,58,91.37931034,95.0,99.537037037,0.4301677875,1.0,80.0052980974,80.0052980974,2.0
Build and deploy AI models,AI Engineer,00270615,2.25,0,DATA ANALYST,3 tahun 9 bulan,JUNIOR,45,93.10344828,75.0,98.9814814815,29.9520058526,1.0,75.0818725109,75.0818725109,1.0
Build and deploy AI models,AI Engineer,00277DF9,3.25,0,AI ENGINEER,0 tahun 5 bulan,MIDDLE,5,,,,,,,,4.0
Build and deploy AI models,AI Engineer,002D5AC9,4.25,3,DATA SCIENTIST,3 tahun 8 bulan,MIDDLE,44,78.88888889,92.0,97.4707602339,57.4757263933,1.0,83.3553945397,83.3553945397,3.0
Build and deploy AI models,AI Engineer,002DF96D,3.75,3,DATA SCIENTIST,5 tahun 0 bulan,MIDDLE,60,78.88888889,91.0,46.8542261807,5.4541409456,1.1,78.7985129608,78.7985129608,15.0
Build and deploy AI models,AI Engineer,002E9001,2.25,1,DATA ENGINEER,7 tahun 8 bulan,SENIOR,92,,,,,,,,10.0
Build and deploy AI models,AI Engineer,002EC9F6,1.75,2,DATA SCIENTIST,4 tahun 7 bulan,MIDDLE,55,97.22222222,96.5,83.7230473171,43.7450704533,1.1,96.6970538768,96.6970538768,0.0
Build and deploy AI models,AI Engineer,00302AE1,2.0,1,DATA ENGINEER,2 tahun 5 bulan,MIDDLE,29,84.70588235,89.0,97.8411306043,0.4301677875,1.2,90.0022582512,90.0022582512,2.0
Build and deploy AI models,AI Engineer,00306ABB,1.25,1,DATA ENGINEER,3 tahun 3 bulan,JUNIOR,39,94.11764706,90.0,96.5971692516,0.0,1.2,93.696777586,93.696777586,3.0
Build and deploy AI models,AI Engineer,0031857D,3.75,3,DATA SCIENTIST,2 tahun 11 bulan,MIDDLE,35,90.0,,97.6042024997,10.2336902669,1.0,70.0282735258,70.0282735258,5.0
Build and deploy AI models,AI Engineer,0037569D,4.0,1,AI ENGINEER,2 tahun 8 bulan,MIDDLE,32,82.89473684,90.0,98.498389694,6.7355847106,1.3,98.749547614,98.749547614,21.0
Build and deploy AI models,AI Engineer,00392144,2.0,0,DATA SCIENTIST,4 tahun 10 bulan,MIDDLE,58,85.0,90.5,98.9522417154,10.5154493741,1.0,77.4187076743,77.4187076743,15.0
Build and deploy AI models,AI Engineer,003A7A13,2.5,0,DATA SCIENTIST,2 tahun 10 bulan,JUNIOR,34,82.5,89.5,96.6027405114,1.0754194688,1.0,74.6209033424,74.6209033424,5.0
Build and deploy AI models,AI Engineer,003B384C,4.0,3,DATA SCIENTIST,2 tahun 10 bulan,SENIOR,34,80.0,92.0,96.3395202983,44.3903221346,1.1,89.794363496,89.794363496,3.0
Build and deploy AI models,AI Engineer,003C6A0D,1.25,0,DATA ANALYST,1 tahun 9 bulan,JUNIOR,21,76.20689655,98.0,45.3968253968,2.3230903964,1.0,73.7283503902,73.7283503902,7.0
Build and deploy AI models,AI Engineer,003CFD5B,1.75,1,DATA ENGINEER,3 tahun 8 bulan,MIDDLE,44,77.5,80.0,98.9522417154,3.0893274449,1.3,89.6443972996,89.6443972996,0.0
Build and deploy AI models,AI Engineer,003D5583,3.0,0,DATA SCIENTIST,3 tahun 9 bulan,JUNIOR,45,98.61111111,90.0,98.9522417154,31.463471719,1.0,84.2841556523,84.2841556523,1.0
Build and deploy AI models,AI Engineer,0042FA00,2.25,0,DATA ANALYST,3 tahun 1 bulan,JUNIOR,37,80.68965517,90.0,98.9522417154,38.3427977748,1.0,80.1122536136,80.1122536136,2.0
Build and deploy AI models,AI Engineer,00430780,1.5,2,DATA ANALYST,2 tahun 10 bulan,MIDDLE,34,87.93103448,86.0,92.1643347143,0.4301677875,1.0,74.0835656652,74.0835656652,2.0
Build and deploy AI models,AI Engineer,00434E84,3.0,1,DATA SCIENTIST,3 tahun 9 bulan,JUNIOR,45,80.27777778,95.0,96.1220230528,0.0,1.0,76.485383457,76.485383457,4.0
Build and deploy AI models,AI Engineer,00456E77,3.0,1,DATA SCIENTIST,1 tahun 8 bulan,BASIC,20,75.55555556,90.0,17.7777777778,0.0,,67.4044956827,67.4044956827,8.0
Build and deploy AI models,AI Engineer,0045D05E,2.5,1,DATA SCIENTIST,4 tahun 1 bulan,JUNIOR,49,73.75,85.0,96.7440037291,55.491056416,1.0,78.0721708555,78.0721708555,7.0
Build and deploy AI models,AI Engineer,00464297,1.0,2,MGT,4 tahun 11 bulan,-,59,,,,,,,,1.0
Build and deploy AI models,AI Engineer,005139FE,2.25,0,DATA ANALYST,4 tahun 1 bulan,MIDDLE,49,79.13793103,85.0,98.9522417154,0.4301677875,1.0,71.4912919476,71.4912919476,2.0
Build and deploy AI models,AI Engineer,0052D29A,2.25,1,DATA ANALYST,5 tahun 1 bulan,SENIOR,61,73.10344828,86.0,97.7192982456,51.2417874977,1.0,77.8012250633,77.8012250633,4.0
Build and deploy AI models,AI Engineer,00563DC3,2.0,0,DATA ANALYST,3 tahun 6 bulan,MIDDLE,42,76.20689655,96.0,3.7037037037,53.3266455725,1.0,77.6344597313,77.6344597313,4.0
Build and deploy AI models,AI Engineer,00630639,3.0,1,DATA SCIENTIST,9 tahun 2 bulan,MIDDLE,110,80.0,75.0,98.9522417154,54.8821326185,1.0,75.0274646513,75.0274646513,0.0
Build and deploy AI models,AI Engineer,0073D075,3.75,3,DATA SCIENTIST,4 tahun 0 bulan,JUNIOR,48,91.66666667,93.0,58.0116959064,8.2492354431,1.0,77.500618325,77.500618325,4.0
Build and deploy AI models,AI Engineer,0084C542,1.75,0,DATA ANALYST,4 tahun 0 bulan,MIDDLE,48,74.48275862,80.0,98.9522417154,0.0,1.0,67.6149808506,67.6149808506,2.0
Build and deploy AI models,AI Engineer,00897237,1.5,0,DATA ANALYST,3 tahun 9 bulan,MIDDLE,45,93.10344828,92.5,94.1423001949,2.5085548458,1.2,95.0743558155,95.0743558155,8.0
Build and deploy AI models,AI Engineer,0097B743,2.5,0,MGT,3 tahun 1 bulan,-,37,90.27777778,,98.9522417154,37.0103448893,1.0,77.3225695827,77.3225695827,5.0
Build and deploy AI models,AI Engineer,009C501C,2.0,0,DATA ANALYST,2 tahun 9 bulan,MIDDLE,33,71.72413793,91.5,99.537037037,45.8959093909,1.1,87.3635004212,87.3635004212,9.0
Build and deploy AI models,AI Engineer,017F0DF6,3.75,3,AI ENGINEER,3 tahun 8 bulan,JUNIOR,44,84.07894737,90.0,75.790084404,1.3470096476,1.3,96.1634426675,96.1634426675,9.0
Build dashboards and reports,Data Analyst,0000ECE6,2.4,2,DATA ANALYST,4 tahun 10 bulan,JUNIOR,58,,,,,,,,9.0
Build dashboards and reports,Data Analyst,0001741A,4.6,3,DATA SCIENTIST,4 tahun 11 bulan,JUNIOR,59,88.75,89.5,96.4930913886,12.6845989445,1.0,78.1787671463,78.1787671463,3.0
Build dashboards and reports,Data Analyst,00017D8B,4.8,3,DATA ENGINEER,3 tahun 9 bulan,SENIOR,45,86.02941176,94.0,88.8888888889,14.482615467,1.2,95.2346475844,95.2346475844,0.0
Build dashboards and reports,Data Analyst,00049B4B,2.6,0,DATA ANALYST,3 tahun 9 bulan,MIDDLE,45,76.66666667,,99.4152046784,13.616265803,1.0,62.6570672707,62.6570672707,8.0
Build dashboards and reports,Data Analyst,0004E1C5,2.4,1,AI ENGINEER,1 tahun 0 bulan,MIDDLE,12,98.68421053,,85.4256716671,27.4434510067,1.2,94.462392646,94.462392646,3.0
Build dashboards and reports,Data Analyst,00050DC9,2.8,2,DATA ANALYST,3 tahun 6 bulan,MIDDLE,42,73.27586207,90.0,93.7469277057,9.2877346217,1.1,80.5550616974,80.5550616974,9.0
Build dashboards and reports,Data Analyst,00055602,3.2,0,DATA SCIENTIST,0 tahun 9 bulan,JUNIOR,9,80.27777778,84.0,0.0,0.0,1.2,77.5622022708,77.5622022708,1.0
Build dashboards and reports,Data Analyst,0006B570,4.4,3,DATA ANALYST,4 tahun 11 bulan,JUNIOR,59,75.86206897,86.0,98.469149928,0.8603355751,1.0,71.0634376852,71.0634376852,4.0
Build dashboards and reports,Data Analyst,0006F238,3.2,1,DATA SCIENTIST,4 tahun 8 bulan,MIDDLE,56,97.22222222,,98.9522417154,54.9046621779,1.1,95.020460512,95.020460512,7.0
Build dashboards and reports,Data Analyst,0008CEE3,4.2,3,DATA ENGINEER,8 tahun 3 bulan,SENIOR,99,88.23529412,93.0,81.2753036437,0.0,1.3,99.8654925819,99.8654925819,21.0
Build dashboards and reports,Data Analyst,0008DB3D,3.6,3,AI ENGINEER,4 tahun 5 bulan,MIDDLE,53,78.94736842,95.5,97.9135943724,2.0205144715,1.3,99.7997608046,99.7997608046,26.0
Build dashboards and reports,Data Analyst,0008EF5A,3.0,0,DATA SCIENTIST,3 tahun 9 bulan,JUNIOR,45,87.5,70.0,98.9522417154,0.0,1.0,66.4806914307,66.4806914307,2.0
Build dashboards and reports,Data Analyst,00093BBA,2.0,2,MGT,4 tahun 11 bulan,-,59,,,,,,,,1.0
Build dashboards and reports,Data Analyst,000BC56E,3.8,1,DATA ANALYST,3 tahun 2 bulan,JUNIOR,38,77.67241379,89.0,95.0048732943,0.4301677875,1.0,72.7677924824,72.7677924824,2.0
Build dashboards and reports,Data Analyst,000BE0C5,4.4,3,DATA ANALYST,3 tahun 0 bulan,MIDDLE,36,79.13793103,90.5,96.8024832613,9.3020121433,1.0,75.3882483655,75.3882483655,0.0
Build dashboards and reports,Data Analyst,000BF13A,2.8,2,DATA ANALYST,4 tahun 11 bulan,JUNIOR,59,85.34482759,84.0,76.9401195515,0.4301677875,1.0,71.3283335517,71.3283335517,2.0
Build dashboards and reports,Data Analyst,000C7109,3.0,1,DATA SCIENTIST,6 tahun 6 bulan,MIDDLE,78,,,,,,,,9.0
Build dashboards and reports,Data Analyst,000C72E4,4.2,1,DATA ENGINEER,5 tahun 0 bulan,MIDDLE,60,76.47058824,91.5,89.9596364099,0.0,1.2,87.8939523114,87.8939523114,3.0
Build dashboards and reports,Data Analyst,000CEE2B,3.2,0,DATA ANALYST,3 tahun 11 bulan,MIDDLE,47,74.48275862,90.0,98.9522417154,10.5359979556,1.0,74.1194724896,74.1194724896,4.0
Build dashboards and reports,Data Analyst,000FCFC2,4.4,3,AI ENGINEER,1 tahun 10 bulan,JUNIOR,22,80.52631579,95.0,98.9522417154,34.6152175938,1.0,81.9618884287,81.9618884287,16.0
Build dashboards and reports,Data Analyst,00101A0D,3.0,0,DATA SCIENTIST,4 tahun 0 bulan,JUNIOR,48,82.5,94.0,39.414983165,7.0665492569,1.0,73.9040356956,73.9040356956,2.0
Build dashboards and reports,Data Analyst,00103C57,3.8,1,DATA ANALYST,4 tahun 11 bulan,JUNIOR,59,80.60344828,81.5,80.2615189223,5.8627640301,1.0,69.7620596418,69.7620596418,15.0
Build dashboards and reports,Data Analyst,00104933,1.4,2,MGT,3 tahun 11 bulan,-,47,89.65517241,,98.469149928,8.7007929068,1.0,69.5023814571,69.5023814571,1.0
Build dashboards and reports,Data Analyst,001356B3,2.8,1,DATA SCIENTIST,1 tahun 10 bulan,JUNIOR,22,98.61111111,,98.9522417154,37.4823489904,1.0,82.7234066868,82.7234066868,7.0
Build dashboards and reports,Data Analyst,0013A32D,1.2,2,MGT,5 tahun 9 bulan,-,69,79.13793103,99.0,88.8109161793,8.7722486646,1.0,78.9526210358,78.9526210358,1.0
Build dashboards and reports,Data Analyst,0013D24E,3.2,1,DATA SCIENTIST,4 tahun 9 bulan,JUNIOR,57,66.25,92.0,97.9135943724,0.0,1.1,78.1589269578,78.1589269578,0.0
Build dashboards and reports,Data Analyst,0014B046,3.0,1,DATA SCIENTIST,7 tahun 8 bulan,SENIOR,92,84.72222222,87.0,0.0,0.0,1.0,67.4019777006,67.4019777006,6.0
Build dashboards and reports,Data Analyst,0014CA34,2.6,0,DATA SCIENTIST,4 tahun 1 bulan,JUNIOR,49,82.5,95.0,99.537037037,30.4375931247,1.0,81.9453180716,81.9453180716,1.0
Build dashboards and reports,Data Analyst,0014EEF4,4.6,1,DATA ENGINEER,2 tahun 11 bulan,MIDDLE,35,85.0,93.5,80.9809654856,9.0371304039,1.2,92.960313373,92.960313373,8.0
Build dashboards and reports,Data Analyst,0014F3E9,4.6,3,DATA ANALYST,3 tahun 1 bulan,JUNIOR,37,75.86206897,,98.257797271,12.7921561676,1.0,61.80993377,61.80993377,2.0
Build dashboards and reports,Data Analyst,001ABDF5,4.2,1,DATA ANALYST,3 tahun 4 bulan,MIDDLE,40,82.24137931,98.5,98.9522417154,50.3029972195,1.0,86.5446547165,86.5446547165,8.0
Build dashboards and reports,Data Analyst,001AE6FC,3.4,0,DATA ANALYST,3 tahun 4 bulan,JUNIOR,40,82.24137931,84.5,98.469149928,0.4301677875,,72.1149630886,72.1149630886,2.0
Build dashboards and reports,Data Analyst,001F9B47,3.8,1,DATA ENGINEER,3 tahun 1 bulan,JUNIOR,37,58.75,87.0,96.1884481736,8.6577453183,1.2,81.1247503422,81.1247503422,1.0
Build dashboards and reports,Data Analyst,002018BB,3.2,0,DATA SCIENTIST,10 tahun 10 bulan,SENIOR,130,97.22222222,98.0,50.5555555556,43.7450704533,1.0,86.4214334385,86.4214334385,18.0
Build dashboards and reports,Data Analyst,0020C6B5,4.2,3,DATA ANALYST,2 tahun 10 bulan,MIDDLE,34,75.86206897,88.5,98.3674463938,3.3392709766,1.0,72.659385698,72.659385698,3.0
Build dashboards and reports,Data Analyst,002201AD,2.8,0,DATA ANALYST,4 tahun 10 bulan,MIDDLE,58,91.37931034,95.0,99.537037037,0.4301677875,1.0,80.0052980974,80.0052980974,2.0
Build dashboards and reports,Data Analyst,00270615,3.4,0,DATA ANALYST,3 tahun 9 bulan,JUNIOR,45,93.10344828,75.0,98.9814814815,29.9520058526,1.0,75.0818725109,75.0818725109,1.0
Build dashboards and reports,Data Analyst,00277DF9,2.4,0,AI ENGINEER,0 tahun 5 bulan,MIDDLE,5,,,,,,,,4.0
Build dashboards and reports,Data Analyst,002D5AC9,4.0,3,DATA SCIENTIST,3 tahun 8 bulan,MIDDLE,44,78.88888889,92.0,97.4707602339,57.4757263933,1.0,83.3553945397,83.3553945397,3.0
Build dashboards and reports,Data Analyst,002DF96D,4.0,3,DATA SCIENTIST,5 tahun 0 bulan,MIDDLE,60,78.88888889,91.0,46.8542261807,5.4541409456,1.1,78.7985129608,78.7985129608,15.0
Build dashboards and reports,Data Analyst,002E9001,4.2,1,DATA ENGINEER,7 tahun 8 bulan,SENIOR,92,,,,,,,,10.0
Build dashboards and reports,Data Analyst,002EC9F6,1.6,2,DATA SCIENTIST,4 tahun 7 bulan,MIDDLE,55,97.22222222,96.5,83.7230473171,43.7450704533,1.1,96.6970538768,96.6970538768,0.0
Build dashboards and reports,Data Analyst,00302AE1,3.4,1,DATA ENGINEER,2 tahun 5 bulan,MIDDLE,29,84.70588235,89.0,97.8411306043,0.4301677875,1.2,90.0022582512,90.0022582512,2.0
Build dashboards and reports,Data Analyst,00306ABB,4.0,1,DATA ENGINEER,3 tahun 3 bulan,JUNIOR,39,94.11764706,90.0,96.5971692516,0.0,1.2,93.696777586,93.696777586,3.0
Build dashboards and reports,Data Analyst,0031857D,3.8,3,DATA SCIENTIST,2 tahun 11 bulan,MIDDLE,35,90.0,,97.6042024997,10.2336902669,1.0,70.0282735258,70.0282735258,5.0
Build dashboards and reports,Data Analyst,0037569D,2.8,1,AI ENGINEER,2 tahun 8 bulan,MIDDLE,32,82.89473684,90.0,98.498389694,6.7355847106,1.3,98.749547614,98.749547614,21.0
Build dashboards and reports,Data Analyst,00392144,3.4,0,DATA SCIENTIST,4 tahun 10 bulan,MIDDLE,58,85.0,90.5,98.9522417154,10.5154493741,1.0,77.4187076743,77.4187076743,15.0
Build dashboards and reports,Data Analyst,003A7A13,2.8,0,DATA SCIENTIST,2 tahun 10 bulan,JUNIOR,34,82.5,89.5,96.6027405114,1.0754194688,1.0,74.6209033424,74.6209033424,5.0
Build dashboards and reports,Data Analyst,003B384C,4.4,3,DATA SCIENTIST,2 tahun 10 bulan,SENIOR,34,80.0,92.0,96.3395202983,44.3903221346,1.1,89.794363496,89.794363496,3.0
Build dashboards and reports,Data Analyst,003C6A0D,3.2,0,DATA ANALYST,1 tahun 9 bulan,JUNIOR,21,76.20689655,98.0,45.3968253968,2.3230903964,1.0,73.7283503902,73.7283503902,7.0
Build dashboards and reports,Data Analyst,003CFD5B,2.8,1,DATA ENGINEER,3 tahun 8 bulan,MIDDLE,44,77.5,80.0,98.9522417154,3.0893274449,1.3,89.6443972996,89.6443972996,0.0
Build dashboards and reports,Data Analyst,003D5583,3.0,0,DATA SCIENTIST,3 tahun 9 bulan,JUNIOR,45,98.61111111,90.0,98.9522417154,31.463471719,1.0,84.2841556523,84.2841556523,1.0
Build dashboards and reports,Data Analyst,0042FA00,2.8,0,DATA ANALYST,3 tahun 1 bulan,JUNIOR,37,80.68965517,90.0,98.9522417154,38.3427977748,1.0,80.1122536136,80.1122536136,2.0
Build dashboards and reports,Data Analyst,00430780,2.6,2,DATA ANALYST,2 tahun 10 bulan,MIDDLE,34,87.93103448,86.0,92.1643347143,0.4301677875,1.0,74.0835656652,74.0835656652,2.0
Build dashboards and reports,Data Analyst,00434E84,3.6,1,DATA SCIENTIST,3 tahun 9 bulan,JUNIOR,45,80.27777778,95.0,96.1220230528,0.0,1.0,76.485383457,76.485383457,4.0
Build dashboards and reports,Data Analyst,00456E77,3.2,1,DATA SCIENTIST,1 tahun 8 bulan,BASIC,20,75.55555556,90.0,17.7777777778,0.0,,67.4044956827,67.4044956827,8.0
Build dashboards and reports,Data Analyst,0045D05E,2.2,1,DATA SCIENTIST,4 tahun 1 bulan,JUNIOR,49,73.75,85.0,96.7440037291,55.491056416,1.0,78.0721708555,78.0721708555,7.0
Build dashboards and reports,Data Analyst,00464297,1.4,2,MGT,4 tahun 11 bulan,-,59,,,,,,,,1.0
Build dashboards and reports,Data Analyst,005139FE,3.0,0,DATA ANALYST,4 tahun 1 bulan,MIDDLE,49,79.13793103,85.0,98.9522417154,0.4301677875,1.0,71.4912919476,71.4912919476,2.0
Build dashboards and reports,Data Analyst,0052D29A,3.8,1,DATA ANALYST,5 tahun 1 bulan,SENIOR,61,73.10344828,86.0,97.7192982456,51.2417874977,1.0,77.8012250633,77.8012250633,4.0
Build dashboards and reports,Data Analyst,00563DC3,4.0,0,DATA ANALYST,3 tahun 6 bulan,MIDDLE,42,76.20689655,96.0,3.7037037037,53.3266455725,1.0,77.6344597313,77.6344597313,4.0
Build dashboards and reports,Data Analyst,00630639,3.4,1,DATA SCIENTIST,9 tahun 2 bulan,MIDDLE,110,80.0,75.0,98.9522417154,54.8821326185,1.0,75.0274646513,75.0274646513,0.0
Build dashboards and reports,Data Analyst,0073D075,3.6,3,DATA SCIENTIST,4 tahun 0 bulan,JUNIOR,48,91.66666667,93.0,58.0116959064,8.2492354431,1.0,77.500618325,77.500618325,4.0
Build dashboards and reports,Data Analyst,0084C542,2.8,0,DATA ANALYST,4 tahun 0 bulan,MIDDLE,48,74.48275862,80.0,98.9522417154,0.0,1.0,67.6149808506,67.6149808506,2.0
Build dashboards and reports,Data Analyst,00897237,3.0,0,DATA ANALYST,3 tahun 9 bulan,MIDDLE,45,93.10344828,92.5,94.1423001949,2.5085548458,1.2,95.0743558155,95.0743558155,8.0
Build dashboards and reports,Data Analyst,0097B743,2.8,0,MGT,3 tahun 1 bulan,-,37,90.27777778,,98.9522417154,37.0103448893,1.0,77.3225695827,77.3225695827,5.0
Build dashboards and reports,Data Analyst,009C501C,3.6,0,DATA ANALYST,2 tahun 9 bulan,MIDDLE,33,71.72413793,91.5,99.537037037,45.8959093909,1.1,87.3635004212,87.3635004212,9.0
Build dashboards and reports,Data Analyst,017F0DF6,3.4,3,AI ENGINEER,3 tahun 8 bulan,JUNIOR,44,84.07894737,90.0,75.790084404,1.3470096476,1.3,96.1634426675,96.1634426675,9.0
Customer behavior analysis,Data Analyst,0000ECE6,1.0,2,DATA ANALYST,4 tahun 10 bulan,JUNIOR,58,,,,,,,,9.0
Customer behavior analysis,Data Analyst,0001741A,5.0,3,DATA SCIENTIST,4 tahun 11 bulan,JUNIOR,59,88.75,89.5,96.4930913886,12.6845989445,1.0,78.1787671463,78.1787671463,3.0
Customer behavior analysis,Data Analyst,00017D8B,2.0,3,DATA ENGINEER,3 tahun 9 bulan,SENIOR,45,86.02941176,94.0,88.8888888889,14.482615467,1.2,95.2346475844,95.2346475844,0.0
Customer behavior analysis,Data Analyst,00049B4B,4.0,0,DATA ANALYST,3 tahun 9 bulan,MIDDLE,45,76.66666667,,99.4152046784,13.616265803,1.0,62.6570672707,62.6570672707,8.0
Customer behavior analysis,Data Analyst,0004E1C5,3.0,1,AI ENGINEER,1 tahun 0 bulan,MIDDLE,12,98.68421053,,85.4256716671,27.4434510067,1.2,94.462392646,94.462392646,3.0
Customer behavior analysis,Data Analyst,00050DC9,3.0,2,DATA ANALYST,3 tahun 6 bulan,MIDDLE,42,73.27586207,90.0,93.7469277057,9.2877346217,1.1,80.5550616974,80.5550616974,9.0
Customer behavior analysis,Data Analyst,00055602,4.0,0,DATA SCIENTIST,0 tahun 9 bulan,JUNIOR,9,80.27777778,84.0,0.0,0.0,1.2,77.5622022708,77.5622022708,1.0
Customer behavior analysis,Data Analyst,0006B570,4.0,3,DATA ANALYST,4 tahun 11 bulan,JUNIOR,59,75.86206897,86.0,98.469149928,0.8603355751,1.0,71.0634376852,71.0634376852,4.0
Customer behavior analysis,Data Analyst,0006F238,3.0,1,DATA SCIENTIST,4 tahun 8 bulan,MIDDLE,56,97.22222222,,98.9522417154,54.9046621779,1.1,95.020460512,95.020460512,7.0
Customer behavior analysis,Data Analyst,0008CEE3,4.0,3,DATA ENGINEER,8 tahun 3 bulan,SENIOR,99,88.23529412,93.0,81.2753036437,0.0,1.3,99.8654925819,99.8654925819,21.0
Customer behavior analysis,Data Analyst,0008DB3D,4.0,3,AI ENGINEER,4 tahun 5 bulan,MIDDLE,53,78.94736842,95.5,97.9135943724,2.0205144715,1.3,99.7997608046,99.7997608046,26.0
Customer behavior analysis,Data Analyst,0008EF5A,4.0,0,DATA SCIENTIST,3 tahun 9 bulan,JUNIOR,45,87.5,70.0,98.9522417154,0.0,1.0,66.4806914307,66.4806914307,2.0
Customer behavior analysis,Data Analyst,00093BBA,3.0,2,MGT,4 tahun 11 bulan,-,59,,,,,,,,1.0
Customer behavior analysis,Data Analyst,000BC56E,4.0,1,DATA ANALYST,3 tahun 2 bulan,JUNIOR,38,77.67241379,89.0,95.0048732943,0.4301677875,1.0,72.7677924824,72.7677924824,2.0
Customer behavior analysis,Data Analyst,000BE0C5,4.0,3,DATA ANALYST,3 tahun 0 bulan,MIDDLE,36,79.13793103,90.5,96.8024832613,9.3020121433,1.0,75.3882483655,75.3882483655,0.0
Customer behavior analysis,Data Analyst,000BF13A,2.0,2,DATA ANALYST,4 tahun 11 bulan,JUNIOR,59,85.34482759,84.0,76.9401195515,0.4301677875,1.0,71.3283335517,71.3283335517,2.0
Customer behavior analysis,Data Analyst,000C7109,3.0,1,DATA SCIENTIST,6 tahun 6 bulan,MIDDLE,78,,,,,,,,9.0
Customer behavior analysis,Data Analyst,000C72E4,3.0,1,DATA ENGINEER,5 tahun 0 bulan,MIDDLE,60,76.47058824,91.5,89.9596364099,0.0,1.2,87.8939523114,87.8939523114,3.0
Customer behavior analysis,Data Analyst,000CEE2B,4.0,0,DATA ANALYST,3 tahun 11 bulan,MIDDLE,47,74.48275862,90.0,98.9522417154,10.5359979556,1.0,74.1194724896,74.1194724896,4.0
Customer behavior analysis,Data Analyst,000FCFC2,5.0,3,AI ENGINEER,1 tahun 10 bulan,JUNIOR,22,80.52631579,95.0,98.9522417154,34.6152175938,1.0,81.9618884287,81.9618884287,16.0
Customer behavior analysis,Data Analyst,00101A0D,4.0,0,DATA SCIENTIST,4 tahun 0 bulan,JUNIOR,48,82.5,94.0,39.414983165,7.0665492569,1.0,73.9040356956,73.9040356956,2.0
Customer behavior analysis,Data Analyst,00103C57,4.0,1,DATA ANALYST,4 tahun 11 bulan,JUNIOR,59,80.60344828,81.5,80.2615189223,5.8627640301,1.0,69.7620596418,69.7620596418,15.0
Customer behavior analysis,Data Analyst,00104933,1.0,2,MGT,3 tahun 11 bulan,-,47,89.65517241,,98.469149928,8.7007929068,1.0,69.5023814571,69.5023814571,1.0
Customer behavior analysis,Data Analyst,001356B3,2.0,1,DATA SCIENTIST,1 tahun 10 bulan,JUNIOR,22,98.61111111,,98.9522417154,37.4823489904,1.0,82.7234066868,82.7234066868,7.0
Customer behavior analysis,Data Analyst,0013A32D,3.0,2,MGT,5 tahun 9 bulan,-,69,79.13793103,99.0,88.8109161793,8.7722486646,1.0,78.9526210358,78.9526210358,1.0
Customer behavior analysis,Data Analyst,0013D24E,3.0,1,DATA SCIENTIST,4 tahun 9 bulan,JUNIOR,57,66.25,92.0,97.9135943724,0.0,1.1,78.1589269578,78.1589269578,0.0
Customer behavior analysis,Data Analyst,0014B046,3.0,1,DATA SCIENTIST,7 tahun 8 bulan,SENIOR,92,84.72222222,87.0,0.0,0.0,1.0,67.4019777006,67.4019777006,6.0
Customer behavior analysis,Data Analyst,0014CA34,3.0,0,DATA SCIENTIST,4 tahun 1 bulan,JUNIOR,49,82.5,95.0,99.537037037,30.4375931247,1.0,81.9453180716,81.9453180716,1.0
Customer behavior analysis,Data Analyst,0014EEF4,3.0,1,DATA ENGINEER,2 tahun 11 bulan,MIDDLE,35,85.0,93.5,80.9809654856,9.0371304039,1.2,92.960313373,92.960313373,8.0
Customer behavior analysis,Data Analyst,0014F3E9,3.0,3,DATA ANALYST,3 tahun 1 bulan,JUNIOR,37,75.86206897,,98.257797271,12.7921561676,1.0,61.80993377,61.80993377,2.0
Customer behavior analysis,Data Analyst,001ABDF5,4.0,1,DATA ANALYST,3 tahun 4 bulan,MIDDLE,40,82.24137931,98.5,98.9522417154,50.3029972195,1.0,86.5446547165,86.5446547165,8.0
Customer behavior analysis,Data Analyst,001AE6FC,4.0,0,DATA ANALYST,3 tahun 4 bulan,JUNIOR,40,82.24137931,84.5,98.469149928,0.4301677875,,72.1149630886,72.1149630886,2.0
Customer behavior analysis,Data Analyst,001F9B47,2.0,1,DATA ENGINEER,3 tahun 1 bulan,JUNIOR,37,58.75,87.0,96.1884481736,8.6577453183,1.2,81.1247503422,81.1247503422,1.0
Customer behavior analysis,Data Analyst,002018BB,4.0,0,DATA SCIENTIST,10 tahun 10 bulan,SENIOR,130,97.22222222,98.0,50.5555555556,43.7450704533,1.0,86.4214334385,86.4214334385,18.0
Customer behavior analysis,Data Analyst,0020C6B5,4.0,3,DATA ANALYST,2 tahun 10 bulan,MIDDLE,34,75.86206897,88.5,98.3674463938,3.3392709766,1.0,72.659385698,72.659385698,3.0
Customer behavior analysis,Data Analyst,002201AD,3.0,0,DATA ANALYST,4 tahun 10 bulan,MIDDLE,58,91.37931034,95.0,99.537037037,0.4301677875,1.0,80.0052980974,80.0052980974,2.0
Customer behavior analysis,Data Analyst,00270615,5.0,0,DATA ANALYST,3 tahun 9 bulan,JUNIOR,45,93.10344828,75.0,98.9814814815,29.9520058526,1.0,75.0818725109,75.0818725109,1.0
Customer behavior analysis,Data Analyst,00277DF9,5.0,0,AI ENGINEER,0 tahun 5 bulan,MIDDLE,5,,,,,,,,4.0
Customer behavior analysis,Data Analyst,002D5AC9,4.0,3,DATA SCIENTIST,3 tahun 8 bulan,MIDDLE,44,78.88888889,92.0,97.4707602339,57.4757263933,1.0,83.3553945397,83.3553945397,3.0
Customer behavior analysis,Data Analyst,002DF96D,3.0,3,DATA SCIENTIST,5 tahun 0 bulan,MIDDLE,60,78.88888889,91.0,46.8542261807,5.4541409456,1.1,78.7985129608,78.7985129608,15.0
Customer behavior analysis,Data Analyst,002E9001,3.0,1,DATA ENGINEER,7 tahun 8 bulan,SENIOR,92,,,,,,,,10.0
Customer behavior analysis,Data Analyst,002EC9F6,2.0,2,DATA SCIENTIST,4 tahun 7 bulan,MIDDLE,55,97.22222222,96.5,83.7230473171,43.7450704533,1.1,96.6970538768,96.6970538768,0.0
Customer behavior analysis,Data Analyst,00302AE1,2.0,1,DATA ENGINEER,2 tahun 5 bulan,MIDDLE,29,84.70588235,89.0,97.8411306043,0.4301677875,1.2,90.0022582512,90.0022582512,2.0
Customer behavior analysis,Data Analyst,00306ABB,3.0,1,DATA ENGINEER,3 tahun 3 bulan,JUNIOR,39,94.11764706,90.0,96.5971692516,0.0,1.2,93.696777586,93.696777586,3.0
Customer behavior analysis,Data Analyst,0031857D,4.0,3,DATA SCIENTIST,2 tahun 11 bulan,MIDDLE,35,90.0,,97.6042024997,10.2336902669,1.0,70.0282735258,70.0282735258,5.0
Customer behavior analysis,Data Analyst,0037569D,3.0,1,AI ENGINEER,2 tahun 8 bulan,MIDDLE,32,82.89473684,90.0,98.498389694,6.7355847106,1.3,98.749547614,98.749547614,21.0
Customer behavior analysis,Data Analyst,00392144,3.0,0,DATA SCIENTIST,4 tahun 10 bulan,MIDDLE,58,85.0,90.5,98.9522417154,10.5154493741,1.0,77.4187076743,77.4187076743,15.0
Customer behavior analysis,Data Analyst,003A7A13,4.0,0,DATA SCIENTIST,2 tahun 10 bulan,JUNIOR,34,82.5,89.5,96.6027405114,1.0754194688,1.0,74.6209033424,74.6209033424,5.0
Customer behavior analysis,Data Analyst,003B384C,4.0,3,DATA SCIENTIST,2 tahun 10 bulan,SENIOR,34,80.0,92.0,96.3395202983,44.3903221346,1.1,89.794363496,89.794363496,3.0
Customer behavior analysis,Data Analyst,003C6A0D,4.0,0,DATA ANALYST,1 tahun 9 bulan,JUNIOR,21,76.20689655,98.0,45.3968253968,2.3230903964,1.0,73.7283503902,73.7283503902,7.0
Customer behavior analysis,Data Analyst,003CFD5B,3.0,1,DATA ENGINEER,3 tahun 8 bulan,MIDDLE,44,77.5,80.0,98.9522417154,3.0893274449,1.3,89.6443972996,89.6443972996,0.0
Customer behavior analysis,Data Analyst,003D5583,4.0,0,DATA SCIENTIST,3 tahun 9 bulan,JUNIOR,45,98.61111111,90.0,98.9522417154,31.463471719,1.0,84.2841556523,84.2841556523,1.0
Customer behavior analysis,Data Analyst,0042FA00,2.0,0,DATA ANALYST,3 tahun 1 bulan,JUNIOR,37,80.68965517,90.0,98.9522417154,38.3427977748,1.0,80.1122536136,80.1122536136,2.0
Customer behavior analysis,Data Analyst,00430780,3.0,2,DATA ANALYST,2 tahun 10 bulan,MIDDLE,34,87.93103448,86.0,92.1643347143,0.4301677875,1.0,74.0835656652,74.0835656652,2.0
Customer behavior analysis,Data Analyst,00434E84,3.0,1,DATA SCIENTIST,3 tahun 9 bulan,JUNIOR,45,80.27777778,95.0,96.1220230528,0.0,1.0,76.485383457,76.485383457,4.0
Customer behavior analysis,Data Analyst,00456E77,3.0,1,DATA SCIENTIST,1 tahun 8 bulan,BASIC,20,75.55555556,90.0,17.7777777778,0.0,,67.4044956827,67.4044956827,8.0
Customer behavior analysis,Data Analyst,0045D05E,3.0,1,DATA SCIENTIST,4 tahun 1 bulan,JUNIOR,49,73.75,85.0,96.7440037291,55.491056416,1.0,78.0721708555,78.0721708555,7.0
Customer behavior analysis,Data Analyst,00464297,2.0,2,MGT,4 tahun 11 bulan,-,59,,,,,,,,1.0
Customer behavior analysis,Data Analyst,005139FE,3.0,0,DATA ANALYST,4 tahun 1 bulan,MIDDLE,49,79.13793103,85.0,98.9522417154,0.4301677875,1.0,71.4912919476,71.4912919476,2.0
Customer behavior analysis,Data Analyst,0052D29A,3.0,1,DATA ANALYST,5 tahun 1 bulan,SENIOR,61,73.10344828,86.0,97.7192982456,51.2417874977,1.0,77.8012250633,77.8012250633,4.0
Customer behavior analysis,Data Analyst,00563DC3,4.0,0,DATA ANALYST,3 tahun 6 bulan,MIDDLE,42,76.20689655,96.0,3.7037037037,53.3266455725,1.0,77.6344597313,77.6344597313,4.0
Customer behavior analysis,Data Analyst,00630639,3.0,1,DATA SCIENTIST,9 tahun 2 bulan,MIDDLE,110,80.0,75.0,98.9522417154,54.8821326185,1.0,75.0274646513,75.0274646513,0.0
Customer behavior analysis,Data Analyst,0073D075,4.0,3,DATA SCIENTIST,4 tahun 0 bulan,JUNIOR,48,91.66666667,93.0,58.0116959064,8.2492354431,1.0,77.500618325,77.500618325,4.0
Customer behavior analysis,Data Analyst,0084C542,3.0,0,DATA ANALYST,4 tahun 0 bulan,MIDDLE,48,74.48275862,80.0,98.9522417154,0.0,1.0,67.6149808506,67.6149808506,2.0
Customer behavior analysis,Data Analyst,00897237,5.0,0,DATA ANALYST,3 tahun 9 bulan,MIDDLE,45,93.10344828,92.5,94.1423001949,2.5085548458,1.2,95.0743558155,95.0743558155,8.0
Customer behavior analysis,Data Analyst,0097B743,3.0,0,MGT,3 tahun 1 bulan,-,37,90.27777778,,98.9522417154,37.0103448893,1.0,77.3225695827,77.3225695827,5.0
Customer behavior analysis,Data Analyst,009C501C,3.0,0,DATA ANALYST,2 tahun 9 bulan,MIDDLE,33,71.72413793,91.5,99.537037037,45.8959093909,1.1,87.3635004212,87.3635004212,9.0
Customer behavior analysis,Data Analyst,017F0DF6,4.0,3,AI ENGINEER,3 tahun 8 bulan,JUNIOR,44,84.07894737,90.0,75.790084404,1.3470096476,1.3,96.1634426675,96.1634426675,9.0
"Data extraction, transformation, and visualization",Data Analyst,0000ECE6,2.75,2,DATA ANALYST,4 tahun 10 bulan,JUNIOR,58,,,,,,,,9.0
"Data extraction, transformation, and visualization",Data Analyst,0001741A,4.5,3,DATA SCIENTIST,4 tahun 11 bulan,JUNIOR,59,88.75,89.5,96.4930913886,12.6845989445,1.0,78.1787671463,78.1787671463,3.0
"Data extraction, transformation, and visualization",Data Analyst,00017D8B,4.75,3,DATA ENGINEER,3 tahun 9 bulan,SENIOR,45,86.02941176,94.0,88.8888888889,14.482615467,1.2,95.2346475844,95.2346475844,0.0
"Data extraction, transformation, and visualization",Data Analyst,00049B4B,2.75,0,DATA ANALYST,3 tahun 9 bulan,MIDDLE,45,76.66666667,,99.4152046784,13.616265803,1.0,62.6570672707,62.6570672707,8.0
"Data extraction, transformation, and visualization",Data Analyst,0004E1C5,2.75,1,AI ENGINEER,1 tahun 0 bulan,MIDDLE,12,98.68421053,,85.4256716671,27.4434510067,1.2,94.462392646,94.462392646,3.0
"Data extraction, transformation, and visualization",Data Analyst,00050DC9,3.0,2,DATA ANALYST,3 tahun 6 bulan,MIDDLE,42,73.27586207,90.0,93.7469277057,9.2877346217,1.1,80.5550616974,80.5550616974,9.0
"Data extraction, transformation, and visualization",Data Analyst,00055602,3.5,0,DATA SCIENTIST,0 tahun 9 bulan,JUNIOR,9,80.27777778,84.0,0.0,0.0,1.2,77.5622022708,77.5622022708,1.0
"Data extraction, transformation, and visualization",Data Analyst,0006B570,4.5,3,DATA ANALYST,4 tahun 11 bulan,JUNIOR,59,75.86206897,86.0,98.469149928,0.8603355751,1.0,71.0634376852,71.0634376852,4.0
"Data extraction, transformation, and visualization",Data Analyst,0006F238,3.25,1,DATA SCIENTIST,4 tahun 8 bulan,MIDDLE,56,97.22222222,,98.9522417154,54.9046621779,1.1,95.020460512,95.020460512,7.0
"Data extraction, transformation, and visualization",Data Analyst,0008CEE3,4.25,3,DATA ENGINEER,8 tahun 3 bulan,SENIOR,99,88.23529412,93.0,81.2753036437,0.0,1.3,99.8654925819,99.8654925819,21.0
"Data extraction, transformation, and visualization",Data Analyst,0008DB3D,3.75,3,AI ENGINEER,4 tahun 5 bulan,MIDDLE,53,78.94736842,95.5,97.9135943724,2.0205144715,1.3,99.7997608046,99.7997608046,26.0
"Data extraction, transformation, and visualization",Data Analyst,0008EF5A,3.0,0,DATA SCIENTIST,3 tahun 9 bulan,JUNIOR,45,87.5,70.0,98.9522417154,0.0,1.0,66.4806914307,66.4806914307,2.0
"Data extraction, transformation, and visualization",Data Analyst,00093BBA,2.25,2,MGT,4 tahun 11 bulan,-,59,,,,,,,,1.0
"Data extraction, transformation, and visualization",Data Analyst,000BC56E,4.0,1,DATA ANALYST,3 tahun 2 bulan,JUNIOR,38,77.67241379,89.0,95.0048732943,0.4301677875,1.0,72.7677924824,72.7677924824,2.0
"Data extraction, transformation, and visualization",Data Analyst,000BE0C5,4.75,3,DATA ANALYST,3 tahun 0 bulan,MIDDLE,36,79.13793103,90.5,96.8024832613,9.3020121433,1.0,75.3882483655,75.3882483655,0.0
"Data extraction, transformation, and visualization",Data Analyst,000BF13A,3.25,2,DATA ANALYST,4 tahun 11 bulan,JUNIOR,59,85.34482759,84.0,76.9401195515,0.4301677875,1.0,71.3283335517,71.3283335517,2.0
"Data extraction, transformation, and visualization",Data Analyst,000C7109,3.0,1,DATA SCIENTIST,6 tahun 6 bulan,MIDDLE,78,,,,,,,,9.0
"Data extraction, transformation, and visualization",Data Analyst,000C72E4,4.25,1,DATA ENGINEER,5 tahun 0 bulan,MIDDLE,60,76.47058824,91.5,89.9596364099,0.0,1.2,87.8939523114,87.8939523114,3.0
"Data extraction, transformation, and visualization",Data Analyst,000CEE2B,3.5,0,DATA ANALYST,3 tahun 11 bulan,MIDDLE,47,74.48275862,90.0,98.9522417154,10.5359979556,1.0,74.1194724896,74.1194724896,4.0
"Data extraction, transformation, and visualization",Data Analyst,000FCFC2,4.5,3,AI ENGINEER,1 tahun 10 bulan,JUNIOR,22,80.52631579,95.0,98.9522417154,34.6152175938,1.0,81.9618884287,81.9618884287,16.0
"Data extraction, transformation, and visualization",Data Analyst,00101A0D,3.25,0,DATA SCIENTIST,4 tahun 0 bulan,JUNIOR,48,82.5,94.0,39.414983165,7.0665492569,1.0,73.9040356956,73.9040356956,2.0
"Data extraction, transformation, and visualization",Data Analyst,00103C57,3.75,1,DATA ANALYST,4 tahun 11 bulan,JUNIOR,59,80.60344828,81.5,80.2615189223,5.8627640301,1.0,69.7620596418,69.7620596418,15.0
"Data extraction, transformation, and visualization",Data Analyst,00104933,1.5,2,MGT,3 tahun 11 bulan,-,47,89.65517241,,98.469149928,8.7007929068,1.0,69.5023814571,69.5023814571,1.0
"Data extraction, transformation, and visualization",Data Analyst,001356B3,3.0,1,DATA SCIENTIST,1 tahun 10 bulan,JUNIOR,22,98.61111111,,98.9522417154,37.4823489904,1.0,82.7234066868,82.7234066868,7.0
"Data extraction, transformation, and visualization",Data Analyst,0013A32D,1.25,2,MGT,5 tahun 9 bulan,-,69,79.13793103,99.0,88.8109161793,8.7722486646,1.0,78.9526210358,78.9526210358,1.0
"Data extraction, transformation, and visualization",Data Analyst,0013D24E,3.5,1,DATA SCIENTIST,4 tahun 9 bulan,JUNIOR,57,66.25,92.0,97.9135943724,0.0,1.1,78.1589269578,78.1589269578,0.0
"Data extraction, transformation, and visualization",Data Analyst,0014B046,3.0,1,DATA SCIENTIST,7 tahun 8 bulan,SENIOR,92,84.72222222,87.0,0.0,0.0,1.0,67.4019777006,67.4019777006,6.0
"Data extraction, transformation, and visualization",Data Analyst,0014CA34,3.0,0,DATA SCIENTIST,4 tahun 1 bulan,JUNIOR,49,82.5,95.0,99.537037037,30.4375931247,1.0,81.9453180716,81.9453180716,1.0
"Data extraction, transformation, and visualization",Data Analyst,0014EEF4,4.5,1,DATA ENGINEER,2 tahun 11 bulan,MIDDLE,35,85.0,93.5,80.9809654856,9.0371304039,1.2,92.960313373,92.960313373,8.0
"Data extraction, transformation, and visualization",Data Analyst,0014F3E9,4.75,3,DATA ANALYST,3 tahun 1 bulan,JUNIOR,37,75.86206897,,98.257797271,12.7921561676,1.0,61.80993377,61.80993377,2.0
"Data extraction, transformation, and visualization",Data Analyst,001ABDF5,4.0,1,DATA ANALYST,3 tahun 4 bulan,MIDDLE,40,82.24137931,98.5,98.9522417154,50.3029972195,1.0,86.5446547165,86.5446547165,8.0
"Data extraction, transformation, and visualization",Data Analyst,001AE6FC,3.5,0,DATA ANALYST,3 tahun 4 bulan,JUNIOR,40,82.24137931,84.5,98.469149928,0.4301677875,,72.1149630886,72.1149630886,2.0
"Data extraction, transformation, and visualization",Data Analyst,001F9B47,3.75,1,DATA ENGINEER,3 tahun 1 bulan,JUNIOR,37,58.75,87.0,96.1884481736,8.6577453183,1.2,81.1247503422,81.1247503422,1.0
"Data extraction, transformation, and visualization",Data Analyst,002018BB,3.75,0,DATA SCIENTIST,10 tahun 10 bulan,SENIOR,130,97.22222222,98.0,50.5555555556,43.7450704533,1.0,86.4214334385,86.4214334385,18.0
"Data extraction, transformation, and visualization",Data Analyst,0020C6B5,4.25,3,DATA ANALYST,2 tahun 10 bulan,MIDDLE,34,75.86206897,88.5,98.3674463938,3.3392709766,1.0,72.659385698,72.659385698,3.0
"Data extraction, transformation, and visualization",Data Analyst,002201AD,3.25,0,DATA ANALYST,4 tahun 10 bulan,MIDDLE,58,91.37931034,95.0,99.537037037,0.4301677875,1.0,80.0052980974,80.0052980974,2.0
"Data extraction, transformation, and visualization",Data Analyst,00270615,4.0,0,DATA ANALYST,3 tahun 9 bulan,JUNIOR,45,93.10344828,75.0,98.9814814815,29.9520058526,1.0,75.0818725109,75.0818725109,1.0
"Data extraction, transformation, and visualization",Data Analyst,00277DF9,2.75,0,AI ENGINEER,0 tahun 5 bulan,MIDDLE,5,,,,,,,,4.0
"Data extraction, transformation, and visualization",Data Analyst,002D5AC9,4.0,3,DATA SCIENTIST,3 tahun 8 bulan,MIDDLE,44,78.88888889,92.0,97.4707602339,57.4757263933,1.0,83.3553945397,83.3553945397,3.0
"Data extraction, transformation, and visualization",Data Analyst,002DF96D,4.0,3,DATA SCIENTIST,5 tahun 0 bulan,MIDDLE,60,78.88888889,91.0,46.8542261807,5.4541409456,1.1,78.7985129608,78.7985129608,15.0
"Data extraction, transformation, and visualization",Data Analyst,002E9001,4.5,1,DATA ENGINEER,7 tahun 8 bulan,SENIOR,92,,,,,,,,10.0
"Data extraction, transformation, and visualization",Data Analyst,002EC9F6,1.75,2,DATA SCIENTIST,4 tahun 7 bulan,MIDDLE,55,97.22222222,96.5,83.7230473171,43.7450704533,1.1,96.6970538768,96.6970538768,0.0
"Data extraction, transformation, and visualization",Data Analyst,00302AE1,3.5,1,DATA ENGINEER,2 tahun 5 bulan,MIDDLE,29,84.70588235,89.0,97.8411306043,0.4301677875,1.2,90.0022582512,90.0022582512,2.0
"Data extraction, transformation, and visualization",Data Analyst,00306ABB,4.0,1,DATA ENGINEER,3 tahun 3 bulan,JUNIOR,39,94.11764706,90.0,96.5971692516,0.0,1.2,93.696777586,93.696777586,3.0
"Data extraction, transformation, and visualization",Data Analyst,0031857D,4.0,3,DATA SCIENTIST,2 tahun 11 bulan,MIDDLE,35,90.0,,97.6042024997,10.2336902669,1.0,70.0282735258,70.0282735258,5.0
"Data extraction, transformation, and visualization",Data Analyst,0037569D,2.75,1,AI ENGINEER,2 tahun 8 bulan,MIDDLE,32,82.89473684,90.0,98.498389694,6.7355847106,1.3,98.749547614,98.749547614,21.0
"Data extraction, transformation, and visualization",Data Analyst,00392144,3.75,0,DATA SCIENTIST,4 tahun 10 bulan,MIDDLE,58,85.0,90.5,98.9522417154,10.5154493741,1.0,77.4187076743,77.4187076743,15.0
"Data extraction, transformation, and visualization",Data Analyst,003A7A13,3.0,0,DATA SCIENTIST,2 tahun 10 bulan,JUNIOR,34,82.5,89.5,96.6027405114,1.0754194688,1.0,74.6209033424,74.6209033424,5.0
"Data extraction, transformation, and visualization",Data Analyst,003B384C,4.5,3,DATA SCIENTIST,2 tahun 10 bulan,SENIOR,34,80.0,92.0,96.3395202983,44.3903221346,1.1,89.794363496,89.794363496,3.0
"Data extraction, transformation, and visualization",Data Analyst,003C6A0D,3.75,0,DATA ANALYST,1 tahun 9 bulan,JUNIOR,21,76.20689655,98.0,45.3968253968,2.3230903964,1.0,73.7283503902,73.7283503902,7.0
"Data extraction, transformation, and visualization",Data Analyst,003CFD5B,2.75,1,DATA ENGINEER,3 tahun 8 bulan,MIDDLE,44,77.5,80.0,98.9522417154,3.0893274449,1.3,89.6443972996,89.6443972996,0.0
"Data extraction, transformation, and visualization",Data Analyst,003D5583,3.25,0,DATA SCIENTIST,3 tahun 9 bulan,JUNIOR,45,98.61111111,90.0,98.9522417154,31.463471719,1.0,84.2841556523,84.2841556523,1.0
"Data extraction, transformation, and visualization",Data Analyst,0042FA00,2.75,0,DATA ANALYST,3 tahun 1 bulan,JUNIOR,37,80.68965517,90.0,98.9522417154,38.3427977748,1.0,80.1122536136,80.1122536136,2.0
"Data extraction, transformation, and visualization",Data Analyst,00430780,2.75,2,DATA ANALYST,2 tahun 10 bulan,MIDDLE,34,87.93103448,86.0,92.1643347143,0.4301677875,1.0,74.0835656652,74.0835656652,2.0
"Data extraction, transformation, and visualization",Data Analyst,00434E84,3.5,1,DATA SCIENTIST,3 tahun 9 bulan,JUNIOR,45,80.27777778,95.0,96.1220230528,0.0,1.0,76.485383457,76.485383457,4.0
"Data extraction, transformation, and visualization",Data Analyst,00456E77,3.5,1,DATA SCIENTIST,1 tahun 8 bulan,BASIC,20,75.55555556,90.0,17.7777777778,0.0,,67.4044956827,67.4044956827,8.0
"Data extraction, transformation, and visualization",Data Analyst,0045D05E,2.5,1,DATA SCIENTIST,4 tahun 1 bulan,JUNIOR,49,73.75,85.0,96.7440037291,55.491056416,1.0,78.0721708555,78.0721708555,7.0
"Data extraction, transformation, and visualization",Data Analyst,00464297,1.5,2,MGT,4 tahun 11 bulan,-,59,,,,,,,,1.0
"Data extraction, transformation, and visualization",Data Analyst,005139FE,3.25,0,DATA ANALYST,4 tahun 1 bulan,MIDDLE,49,79.13793103,85.0,98.9522417154,0.4301677875,1.0,71.4912919476,71.4912919476,2.0
"Data extraction, transformation, and visualization",Data Analyst,0052D29A,3.75,1,DATA ANALYST,5 tahun 1 bulan,SENIOR,61,73.10344828,86.0,97.7192982456,51.2417874977,1.0,77.8012250633,77.8012250633,4.0
"Data extraction, transformation, and visualization",Data Analyst,00563DC3,4.25,0,DATA ANALYST,3 tahun 6 bulan,MIDDLE,42,76.20689655,96.0,3.7037037037,53.3266455725,1.0,77.6344597313,77.6344597313,4.0
"Data extraction, transformation, and visualization",Data Analyst,00630639,3.5,1,DATA SCIENTIST,9 tahun 2 bulan,MIDDLE,110,80.0,75.0,98.9522417154,54.8821326185,1.0,75.0274646513,75.0274646513,0.0
"Data extraction, transformation, and visualization",Data Analyst,0073D075,4.0,3,DATA SCIENTIST,4 tahun 0 bulan,JUNIOR,48,91.66666667,93.0,58.0116959064,8.2492354431,1.0,77.500618325,77.500618325,4.0
"Data extraction, transformation, and visualization",Data Analyst,0084C542,3.0,0,DATA ANALYST,4 tahun 0 bulan,MIDDLE,48,74.48275862,80.0,98.9522417154,0.0,1.0,67.6149808506,67.6149808506,2.0
"Data extraction, transformation, and visualization",Data Analyst,00897237,3.25,0,DATA ANALYST,3 tahun 9 bulan,MIDDLE,45,93.10344828,92.5,94.1423001949,2.5085548458,1.2,95.0743558155,95.0743558155,8.0
"Data extraction, transformation, and visualization",Data Analyst,0097B743,3.25,0,MGT,3 tahun 1 bulan,-,37,90.27777778,,98.9522417154,37.0103448893,1.0,77.3225695827,77.3225695827,5.0
"Data extraction, transformation, and visualization",Data Analyst,009C501C,4.0,0,DATA ANALYST,2 tahun 9 bulan,MIDDLE,33,71.72413793,91.5,99.537037037,45.8959093909,1.1,87.3635004212,87.3635004212,9.0
"Data extraction, transformation, and visualization",Data Analyst,017F0DF6,3.75,3,AI ENGINEER,3 tahun 8 bulan,JUNIOR,44,84.07894737,90.0,75.790084404,1.3470096476,1.3,96.1634426675,96.1634426675,9.0
Develop ETL/ELT pipelines,Data Engineer,0000ECE6,2.75,2,DATA ANALYST,4 tahun 10 bulan,JUNIOR,58,,,,,,,,9.0
Develop ETL/ELT pipelines,Data Engineer,0001741A,4.25,3,DATA SCIENTIST,4 tahun 11 bulan,JUNIOR,59,88.75,89.5,96.4930913886,12.6845989445,1.0,78.1787671463,78.1787671463,3.0
Develop ETL/ELT pipelines,Data Engineer,00017D8B,4.75,3,DATA ENGINEER,3 tahun 9 bulan,SENIOR,45,86.02941176,94.0,88.8888888889,14.482615467,1.2,95.2346475844,95.2346475844,0.0
Develop ETL/ELT pipelines,Data Engineer,00049B4B,2.0,0,DATA ANALYST,3 tahun 9 bulan,MIDDLE,45,76.66666667,,99.4152046784,13.616265803,1.0,62.6570672707,62.6570672707,8.0
Develop ETL/ELT pipelines,Data Engineer,0004E1C5,2.75,1,AI ENGINEER,1 tahun 0 bulan,MIDDLE,12,98.68421053,,85.4256716671,27.4434510067,1.2,94.462392646,94.462392646,3.0
Develop ETL/ELT pipelines,Data Engineer,00050DC9,2.75,2,DATA ANALYST,3 tahun 6 bulan,MIDDLE,42,73.27586207,90.0,93.7469277057,9.2877346217,1.1,80.5550616974,80.5550616974,9.0
Develop ETL/ELT pipelines,Data Engineer,00055602,2.75,0,DATA SCIENTIST,0 tahun 9 bulan,JUNIOR,9,80.27777778,84.0,0.0,0.0,1.2,77.5622022708,77.5622022708,1.0
Develop ETL/ELT pipelines,Data Engineer,0006B570,4.0,3,DATA ANALYST,4 tahun 11 bulan,JUNIOR,59,75.86206897,86.0,98.469149928,0.8603355751,1.0,71.0634376852,71.0634376852,4.0
Develop ETL/ELT pipelines,Data Engineer,0006F238,3.5,1,DATA SCIENTIST,4 tahun 8 bulan,MIDDLE,56,97.22222222,,98.9522417154,54.9046621779,1.1,95.020460512,95.020460512,7.0
Develop ETL/ELT pipelines,Data Engineer,0008CEE3,4.5,3,DATA ENGINEER,8 tahun 3 bulan,SENIOR,99,88.23529412,93.0,81.2753036437,0.0,1.3,99.8654925819,99.8654925819,21.0
Develop ETL/ELT pipelines,Data Engineer,0008DB3D,3.75,3,AI ENGINEER,4 tahun 5 bulan,MIDDLE,53,78.94736842,95.5,97.9135943724,2.0205144715,1.3,99.7997608046,99.7997608046,26.0
Develop ETL/ELT pipelines,Data Engineer,0008EF5A,2.5,0,DATA SCIENTIST,3 tahun 9 bulan,JUNIOR,45,87.5,70.0,98.9522417154,0.0,1.0,66.4806914307,66.4806914307,2.0
Develop ETL/ELT pipelines,Data Engineer,00093BBA,1.75,2,MGT,4 tahun 11 bulan,-,59,,,,,,,,1.0
Develop ETL/ELT pipelines,Data Engineer,000BC56E,3.5,1,DATA ANALYST,3 tahun 2 bulan,JUNIOR,38,77.67241379,89.0,95.0048732943,0.4301677875,1.0,72.7677924824,72.7677924824,2.0
Develop ETL/ELT pipelines,Data Engineer,000BE0C5,4.5,3,DATA ANALYST,3 tahun 0 bulan,MIDDLE,36,79.13793103,90.5,96.8024832613,9.3020121433,1.0,75.3882483655,75.3882483655,0.0
Develop ETL/ELT pipelines,Data Engineer,000BF13A,2.25,2,DATA ANALYST,4 tahun 11 bulan,JUNIOR,59,85.34482759,84.0,76.9401195515,0.4301677875,1.0,71.3283335517,71.3283335517,2.0
Develop ETL/ELT pipelines,Data Engineer,000C7109,3.0,1,DATA SCIENTIST,6 tahun 6 bulan,MIDDLE,78,,,,,,,,9.0
Develop ETL/ELT pipelines,Data Engineer,000C72E4,4.25,1,DATA ENGINEER,5 tahun 0 bulan,MIDDLE,60,76.47058824,91.5,89.9596364099,0.0,1.2,87.8939523114,87.8939523114,3.0
Develop ETL/ELT pipelines,Data Engineer,000CEE2B,2.75,0,DATA ANALYST,3 tahun 11 bulan,MIDDLE,47,74.48275862,90.0,98.9522417154,10.5359979556,1.0,74.1194724896,74.1194724896,4.0
Develop ETL/ELT pipelines,Data Engineer,000FCFC2,4.75,3,AI ENGINEER,1 tahun 10 bulan,JUNIOR,22,80.52631579,95.0,98.9522417154,34.6152175938,1.0,81.9618884287,81.9618884287,16.0
Develop ETL/ELT pipelines,Data Engineer,00101A0D,2.5,0,DATA SCIENTIST,4 tahun 0 bulan,JUNIOR,48,82.5,94.0,39.414983165,7.0665492569,1.0,73.9040356956,73.9040356956,2.0
Develop ETL/ELT pipelines,Data Engineer,00103C57,3.75,1,DATA ANALYST,4 tahun 11 bulan,JUNIOR,59,80.60344828,81.5,80.2615189223,5.8627640301,1.0,69.7620596418,69.7620596418,15.0
Develop ETL/ELT pipelines,Data Engineer,00104933,1.25,2,MGT,3 tahun 11 bulan,-,47,89.65517241,,98.469149928,8.7007929068,1.0,69.5023814571,69.5023814571,1.0
Develop ETL/ELT pipelines,Data Engineer,001356B3,2.75,1,DATA SCIENTIST,1 tahun 10 bulan,JUNIOR,22,98.61111111,,98.9522417154,37.4823489904,1.0,82.7234066868,82.7234066868,7.0
Develop ETL/ELT pipelines,Data Engineer,0013A32D,1.0,2,MGT,5 tahun 9 bulan,-,69,79.13793103,99.0,88.8109161793,8.7722486646,1.0,78.9526210358,78.9526210358,1.0
Develop ETL/ELT pipelines,Data Engineer,0013D24E,3.0,1,DATA SCIENTIST,4 tahun 9 bulan,JUNIOR,57,66.25,92.0,97.9135943724,0.0,1.1,78.1589269578,78.1589269578,0.0
Develop ETL/ELT pipelines,Data Engineer,0014B046,3.0,1,DATA SCIENTIST,7 tahun 8 bulan,SENIOR,92,84.72222222,87.0,0.0,0.0,1.0,67.4019777006,67.4019777006,6.0
Develop ETL/ELT pipelines,Data Engineer,0014CA34,2.5,0,DATA SCIENTIST,4 tahun 1 bulan,JUNIOR,49,82.5,95.0,99.537037037,30.4375931247,1.0,81.9453180716,81.9453180716,1.0
Develop ETL/ELT pipelines,Data Engineer,0014EEF4,4.75,1,DATA ENGINEER,2 tahun 11 bulan,MIDDLE,35,85.0,93.5,80.9809654856,9.0371304039,1.2,92.960313373,92.960313373,8.0
Develop ETL/ELT pipelines,Data Engineer,0014F3E9,4.25,3,DATA ANALYST,3 tahun 1 bulan,JUNIOR,37,75.86206897,,98.257797271,12.7921561676,1.0,61.80993377,61.80993377,2.0
Develop ETL/ELT pipelines,Data Engineer,001ABDF5,3.5,1,DATA ANALYST,3 tahun 4 bulan,MIDDLE,40,82.24137931,98.5,98.9522417154,50.3029972195,1.0,86.5446547165,86.5446547165,8.0
Develop ETL/ELT pipelines,Data Engineer,001AE6FC,2.75,0,DATA ANALYST,3 tahun 4 bulan,JUNIOR,40,82.24137931,84.5,98.469149928,0.4301677875,,72.1149630886,72.1149630886,2.0
Develop ETL/ELT pipelines,Data Engineer,001F9B47,4.25,1,DATA ENGINEER,3 tahun 1 bulan,JUNIOR,37,58.75,87.0,96.1884481736,8.6577453183,1.2,81.1247503422,81.1247503422,1.0
Develop ETL/ELT pipelines,Data Engineer,002018BB,3.25,0,DATA SCIENTIST,10 tahun 10 bulan,SENIOR,130,97.22222222,98.0,50.5555555556,43.7450704533,1.0,86.4214334385,86.4214334385,18.0
Develop ETL/ELT pipelines,Data Engineer,0020C6B5,3.5,3,DATA ANALYST,2 tahun 10 bulan,MIDDLE,34,75.86206897,88.5,98.3674463938,3.3392709766,1.0,72.659385698,72.659385698,3.0
Develop ETL/ELT pipelines,Data Engineer,002201AD,2.5,0,DATA ANALYST,4 tahun 10 bulan,MIDDLE,58,91.37931034,95.0,99.537037037,0.4301677875,1.0,80.0052980974,80.0052980974,2.0
Develop ETL/ELT pipelines,Data Engineer,00270615,3.0,0,DATA ANALYST,3 tahun 9 bulan,JUNIOR,45,93.10344828,75.0,98.9814814815,29.9520058526,1.0,75.0818725109,75.0818725109,1.0
Develop ETL/ELT pipelines,Data Engineer,00277DF9,2.5,0,AI ENGINEER,0 tahun 5 bulan,MIDDLE,5,,,,,,,,4.0
Develop ETL/ELT pipelines,Data Engineer,002D5AC9,4.0,3,DATA SCIENTIST,3 tahun 8 bulan,MIDDLE,44,78.88888889,92.0,97.4707602339,57.4757263933,1.0,83.3553945397,83.3553945397,3.0
Develop ETL/ELT pipelines,Data Engineer,002DF96D,3.75,3,DATA SCIENTIST,5 tahun 0 bulan,MIDDLE,60,78.88888889,91.0,46.8542261807,5.4541409456,1.1,78.7985129608,78.7985129608,15.0
Develop ETL/ELT pipelines,Data Engineer,002E9001,4.0,1,DATA ENGINEER,7 tahun 8 bulan,SENIOR,92,,,,,,,,10.0
Develop ETL/ELT pipelines,Data Engineer,002EC9F6,1.5,2,DATA SCIENTIST,4 tahun 7 bulan,MIDDLE,55,97.22222222,96.5,83.7230473171,43.7450704533,1.1,96.6970538768,96.6970538768,0.0
Develop ETL/ELT pipelines,Data Engineer,00302AE1,3.5,1,DATA ENGINEER,2 tahun 5 bulan,MIDDLE,29,84.70588235,89.0,97.8411306043,0.4301677875,1.2,90.0022582512,90.0022582512,2.0
Develop ETL/ELT pipelines,Data Engineer,00306ABB,3.5,1,DATA ENGINEER,3 tahun 3 bulan,JUNIOR,39,94.11764706,90.0,96.5971692516,0.0,1.2,93.696777586,93.696777586,3.0
Develop ETL/ELT pipelines,Data Engineer,0031857D,3.25,3,DATA SCIENTIST,2 tahun 11 bulan,MIDDLE,35,90.0,,97.6042024997,10.2336902669,1.0,70.0282735258,70.0282735258,5.0
Develop ETL/ELT pipelines,Data Engineer,0037569D,3.0,1,AI ENGINEER,2 tahun 8 bulan,MIDDLE,32,82.89473684,90.0,98.498389694,6.7355847106,1.3,98.749547614,98.749547614,21.0
Develop ETL/ELT pipelines,Data Engineer,00392144,3.25,0,DATA SCIENTIST,4 tahun 10 bulan,MIDDLE,58,85.0,90.5,98.9522417154,10.5154493741,1.0,77.4187076743,77.4187076743,15.0
Develop ETL/ELT pipelines,Data Engineer,003A7A13,2.5,0,DATA SCIENTIST,2 tahun 10 bulan,JUNIOR,34,82.5,89.5,96.6027405114,1.0754194688,1.0,74.6209033424,74.6209033424,5.0
Develop ETL/ELT pipelines,Data Engineer,003B384C,3.75,3,DATA SCIENTIST,2 tahun 10 bulan,SENIOR,34,80.0,92.0,96.3395202983,44.3903221346,1.1,89.794363496,89.794363496,3.0
Develop ETL/ELT pipelines,Data Engineer,003C6A0D,2.75,0,DATA ANALYST,1 tahun 9 bulan,JUNIOR,21,76.20689655,98.0,45.3968253968,2.3230903964,1.0,73.7283503902,73.7283503902,7.0
Develop ETL/ELT pipelines,Data Engineer,003CFD5B,3.25,1,DATA ENGINEER,3 tahun 8 bulan,MIDDLE,44,77.5,80.0,98.9522417154,3.0893274449,1.3,89.6443972996,89.6443972996,0.0
Develop ETL/ELT pipelines,Data Engineer,003D5583,2.75,0,DATA SCIENTIST,3 tahun 9 bulan,JUNIOR,45,98.61111111,90.0,98.9522417154,31.463471719,1.0,84.2841556523,84.2841556523,1.0
Develop ETL/ELT pipelines,Data Engineer,0042FA00,2.25,0,DATA ANALYST,3 tahun 1 bulan,JUNIOR,37,80.68965517,90.0,98.9522417154,38.3427977748,1.0,80.1122536136,80.1122536136,2.0
Develop ETL/ELT pipelines,Data Engineer,00430780,2.75,2,DATA ANALYST,2 tahun 10 bulan,MIDDLE,34,87.93103448,86.0,92.1643347143,0.4301677875,1.0,74.0835656652,74.0835656652,2.0
Develop ETL/ELT pipelines,Data Engineer,00434E84,3.5,1,DATA SCIENTIST,3 tahun 9 bulan,JUNIOR,45,80.27777778,95.0,96.1220230528,0.0,1.0,76.485383457,76.485383457,4.0
Develop ETL/ELT pipelines,Data Engineer,00456E77,3.25,1,DATA SCIENTIST,1 tahun 8 bulan,BASIC,20,75.55555556,90.0,17.7777777778,0.0,,67.4044956827,67.4044956827,8.0
Develop ETL/ELT pipelines,Data Engineer,0045D05E,2.5,1,DATA SCIENTIST,4 tahun 1 bulan,JUNIOR,49,73.75,85.0,96.7440037291,55.491056416,1.0,78.0721708555,78.0721708555,7.0
Develop ETL/ELT pipelines,Data Engineer,00464297,1.25,2,MGT,4 tahun 11 bulan,-,59,,,,,,,,1.0
Develop ETL/ELT pipelines,Data Engineer,005139FE,2.75,0,DATA ANALYST,4 tahun 1 bulan,MIDDLE,49,79.13793103,85.0,98.9522417154,0.4301677875,1.0,71.4912919476,71.4912919476,2.0
Develop ETL/ELT pipelines,Data Engineer,0052D29A,3.5,1,DATA ANALYST,5 tahun 1 bulan,SENIOR,61,73.10344828,86.0,97.7192982456,51.2417874977,1.0,77.8012250633,77.8012250633,4.0
Develop ETL/ELT pipelines,Data Engineer,00563DC3,3.25,0,DATA ANALYST,3 tahun 6 bulan,MIDDLE,42,76.20689655,96.0,3.7037037037,53.3266455725,1.0,77.6344597313,77.6344597313,4.0
Develop ETL/ELT pipelines,Data Engineer,00630639,3.25,1,DATA SCIENTIST,9 tahun 2 bulan,MIDDLE,110,80.0,75.0,98.9522417154,54.8821326185,1.0,75.0274646513,75.0274646513,0.0
Develop ETL/ELT pipelines,Data Engineer,0073D075,3.5,3,DATA SCIENTIST,4 tahun 0 bulan,JUNIOR,48,91.66666667,93.0,58.0116959064,8.2492354431,1.0,77.500618325,77.500618325,4.0
Develop ETL/ELT pipelines,Data Engineer,0084C542,2.75,0,DATA ANALYST,4 tahun 0 bulan,MIDDLE,48,74.48275862,80.0,98.9522417154,0.0,1.0,67.6149808506,67.6149808506,2.0
Develop ETL/ELT pipelines,Data Engineer,00897237,2.25,0,DATA ANALYST,3 tahun 9 bulan,MIDDLE,45,93.10344828,92.5,94.1423001949,2.5085548458,1.2,95.0743558155,95.0743558155,8.0
Develop ETL/ELT pipelines,Data Engineer,0097B743,2.5,0,MGT,3 tahun 1 bulan,-,37,90.27777778,,98.9522417154,37.0103448893,1.0,77.3225695827,77.3225695827,5.0
Develop ETL/ELT pipelines,Data Engineer,009C501C,3.25,0,DATA ANALYST,2 tahun 9 bulan,MIDDLE,33,71.72413793,91.5,99.537037037,45.8959093909,1.1,87.3635004212,87.3635004212,9.0
Develop ETL/ELT pipelines,Data Engineer,017F0DF6,3.75,3,AI ENGINEER,3 tahun 8 bulan,JUNIOR,44,84.07894737,90.0,75.790084404,1.3470096476,1.3,96.1634426675,96.1634426675,9.0
Develop MLOps pipelines,AI Engineer,0000ECE6,1.0,2,DATA ANALYST,4 tahun 10 bulan,JUNIOR,58,,,,,,,,9.0
Develop MLOps pipelines,AI Engineer,0001741A,5.0,3,DATA SCIENTIST,4 tahun 11 bulan,JUNIOR,59,88.75,89.5,96.4930913886,12.6845989445,1.0,78.1787671463,78.1787671463,3.0
Develop MLOps pipelines,AI Engineer,00017D8B,4.0,3,DATA ENGINEER,3 tahun 9 bulan,SENIOR,45,86.02941176,94.0,88.8888888889,14.482615467,1.2,95.2346475844,95.2346475844,0.0
Develop MLOps pipelines,AI Engineer,00049B4B,1.0,0,DATA ANALYST,3 tahun 9 bulan,MIDDLE,45,76.66666667,,99.4152046784,13.616265803,1.0,62.6570672707,62.6570672707,8.0
Develop MLOps pipelines,AI Engineer,0004E1C5,3.0,1,AI ENGINEER,1 tahun 0 bulan,MIDDLE,12,98.68421053,,85.4256716671,27.4434510067,1.2,94.462392646,94.462392646,3.0
Develop MLOps pipelines,AI Engineer,00050DC9,1.0,2,DATA ANALYST,3 tahun 6 bulan,MIDDLE,42,73.27586207,90.0,93.7469277057,9.2877346217,1.1,80.5550616974,80.5550616974,9.0
Develop MLOps pipelines,AI Engineer,00055602,1.0,0,DATA SCIENTIST,0 tahun 9 bulan,JUNIOR,9,80.27777778,84.0,0.0,0.0,1.2,77.5622022708,77.5622022708,1.0
Develop MLOps pipelines,AI Engineer,0006B570,3.0,3,DATA ANALYST,4 tahun 11 bulan,JUNIOR,59,75.86206897,86.0,98.469149928,0.8603355751,1.0,71.0634376852,71.0634376852,4.0
Develop MLOps pipelines,AI Engineer,0006F238,3.0,1,DATA SCIENTIST,4 tahun 8 bulan,MIDDLE,56,97.22222222,,98.9522417154,54.9046621779,1.1,95.020460512,95.020460512,7.0
Develop MLOps pipelines,AI Engineer,0008CEE3,4.0,3,DATA ENGINEER,8 tahun 3 bulan,SENIOR,99,88.23529412,93.0,81.2753036437,0.0,1.3,99.8654925819,99.8654925819,21.0
Develop MLOps pipelines,AI Engineer,0008DB3D,3.0,3,AI ENGINEER,4 tahun 5 bulan,MIDDLE,53,78.94736842,95.5,97.9135943724,2.0205144715,1.3,99.7997608046,99.7997608046,26.0
Develop MLOps pipelines,AI Engineer,0008EF5A,1.0,0,DATA SCIENTIST,3 tahun 9 bulan,JUNIOR,45,87.5,70.0,98.9522417154,0.0,1.0,66.4806914307,66.4806914307,2.0
Develop MLOps pipelines,AI Engineer,00093BBA,1.0,2,MGT,4 tahun 11 bulan,-,59,,,,,,,,1.0
Develop MLOps pipelines,AI Engineer,000BC56E,2.0,1,DATA ANALYST,3 tahun 2 bulan,JUNIOR,38,77.67241379,89.0,95.0048732943,0.4301677875,1.0,72.7677924824,72.7677924824,2.0
Develop MLOps pipelines,AI Engineer,000BE0C5,3.0,3,DATA ANALYST,3 tahun 0 bulan,MIDDLE,36,79.13793103,90.5,96.8024832613,9.3020121433,1.0,75.3882483655,75.3882483655,0.0
Develop MLOps pipelines,AI Engineer,000BF13A,1.0,2,DATA ANALYST,4 tahun 11 bulan,JUNIOR,59,85.34482759,84.0,76.9401195515,0.4301677875,1.0,71.3283335517,71.3283335517,2.0
Develop MLOps pipelines,AI Engineer,000C7109,3.0,1,DATA SCIENTIST,6 tahun 6 bulan,MIDDLE,78,,,,,,,,9.0
Develop MLOps pipelines,AI Engineer,000C72E4,3.0,1,DATA ENGINEER,5 tahun 0 bulan,MIDDLE,60,76.47058824,91.5,89.9596364099,0.0,1.2,87.8939523114,87.8939523114,3.0
Develop MLOps pipelines,AI Engineer,000CEE2B,1.0,0,DATA ANALYST,3 tahun 11 bulan,MIDDLE,47,74.48275862,90.0,98.9522417154,10.5359979556,1.0,74.1194724896,74.1194724896,4.0
Develop MLOps pipelines,AI Engineer,000FCFC2,5.0,3,AI ENGINEER,1 tahun 10 bulan,JUNIOR,22,80.52631579,95.0,98.9522417154,34.6152175938,1.0,81.9618884287,81.9618884287,16.0
Develop MLOps pipelines,AI Engineer,00101A0D,1.0,0,DATA SCIENTIST,4 tahun 0 bulan,JUNIOR,48,82.5,94.0,39.414983165,7.0665492569,1.0,73.9040356956,73.9040356956,2.0
Develop MLOps pipelines,AI Engineer,00103C57,3.0,1,DATA ANALYST,4 tahun 11 bulan,JUNIOR,59,80.60344828,81.5,80.2615189223,5.8627640301,1.0,69.7620596418,69.7620596418,15.0
Develop MLOps pipelines,AI Engineer,00104933,1.0,2,MGT,3 tahun 11 bulan,-,47,89.65517241,,98.469149928,8.7007929068,1.0,69.5023814571,69.5023814571,1.0
Develop MLOps pipelines,AI Engineer,001356B3,2.0,1,DATA SCIENTIST,1 tahun 10 bulan,JUNIOR,22,98.61111111,,98.9522417154,37.4823489904,1.0,82.7234066868,82.7234066868,7.0
Develop MLOps pipelines,AI Engineer,0013A32D,1.0,2,MGT,5 tahun 9 bulan,-,69,79.13793103,99.0,88.8109161793,8.7722486646,1.0,78.9526210358,78.9526210358,1.0
Develop MLOps pipelines,AI Engineer,0013D24E,3.0,1,DATA SCIENTIST,4 tahun 9 bulan,JUNIOR,57,66.25,92.0,97.9135943724,0.0,1.1,78.1589269578,78.1589269578,0.0
Develop MLOps pipelines,AI Engineer,0014B046,1.0,1,DATA SCIENTIST,7 tahun 8 bulan,SENIOR,92,84.72222222,87.0,0.0,0.0,1.0,67.4019777006,67.4019777006,6.0
Develop MLOps pipelines,AI Engineer,0014CA34,2.0,0,DATA SCIENTIST,4 tahun 1 bulan,JUNIOR,49,82.5,95.0,99.537037037,30.4375931247,1.0,81.9453180716,81.9453180716,1.0
Develop MLOps pipelines,AI Engineer,0014EEF4,2.0,1,DATA ENGINEER,2 tahun 11 bulan,MIDDLE,35,85.0,93.5,80.9809654856,9.0371304039,1.2,92.960313373,92.960313373,8.0
Develop MLOps pipelines,AI Engineer,0014F3E9,2.0,3,DATA ANALYST,3 tahun 1 bulan,JUNIOR,37,75.86206897,,98.257797271,12.7921561676,1.0,61.80993377,61.80993377,2.0
Develop MLOps pipelines,AI Engineer,001ABDF5,1.0,1,DATA ANALYST,3 tahun 4 bulan,MIDDLE,40,82.24137931,98.5,98.9522417154,50.3029972195,1.0,86.5446547165,86.5446547165,8.0
Develop MLOps pipelines,AI Engineer,001AE6FC,2.0,0,DATA ANALYST,3 tahun 4 bulan,JUNIOR,40,82.24137931,84.5,98.469149928,0.4301677875,,72.1149630886,72.1149630886,2.0
Develop MLOps pipelines,AI Engineer,001F9B47,3.0,1,DATA ENGINEER,3 tahun 1 bulan,JUNIOR,37,58.75,87.0,96.1884481736,8.6577453183,1.2,81.1247503422,81.1247503422,1.0
Develop MLOps pipelines,AI Engineer,002018BB,1.0,0,DATA SCIENTIST,10 tahun 10 bulan,SENIOR,130,97.22222222,98.0,50.5555555556,43.7450704533,1.0,86.4214334385,86.4214334385,18.0
Develop MLOps pipelines,AI Engineer,0020C6B5,1.0,3,DATA ANALYST,2 tahun 10 bulan,MIDDLE,34,75.86206897,88.5,98.3674463938,3.3392709766,1.0,72.659385698,72.659385698,3.0
Develop MLOps pipelines,AI Engineer,002201AD,1.0,0,DATA ANALYST,4 tahun 10 bulan,MIDDLE,58,91.37931034,95.0,99.537037037,0.4301677875,1.0,80.0052980974,80.0052980974,2.0
Develop MLOps pipelines,AI Engineer,00270615,2.0,0,DATA ANALYST,3 tahun 9 bulan,JUNIOR,45,93.10344828,75.0,98.9814814815,29.9520058526,1.0,75.0818725109,75.0818725109,1.0
Develop MLOps pipelines,AI Engineer,00277DF9,3.0,0,AI ENGINEER,0 tahun 5 bulan,MIDDLE,5,,,,,,,,4.0
Develop MLOps pipelines,AI Engineer,002D5AC9,4.0,3,DATA SCIENTIST,3 tahun 8 bulan,MIDDLE,44,78.88888889,92.0,97.4707602339,57.4757263933,1.0,83.3553945397,83.3553945397,3.0
Develop MLOps pipelines,AI Engineer,002DF96D,1.0,3,DATA SCIENTIST,5 tahun 0 bulan,MIDDLE,60,78.88888889,91.0,46.8542261807,5.4541409456,1.1,78.7985129608,78.7985129608,15.0
Develop MLOps pipelines,AI Engineer,002E9001,3.0,1,DATA ENGINEER,7 tahun 8 bulan,SENIOR,92,,,,,,,,10.0
Develop MLOps pipelines,AI Engineer,002EC9F6,2.0,2,DATA SCIENTIST,4 tahun 7 bulan,MIDDLE,55,97.22222222,96.5,83.7230473171,43.7450704533,1.1,96.6970538768,96.6970538768,0.0
Develop MLOps pipelines,AI Engineer,00302AE1,2.0,1,DATA ENGINEER,2 tahun 5 bulan,MIDDLE,29,84.70588235,89.0,97.8411306043,0.4301677875,1.2,90.0022582512,90.0022582512,2.0
Develop MLOps pipelines,AI Engineer,00306ABB,2.0,1,DATA ENGINEER,3 tahun 3 bulan,JUNIOR,39,94.11764706,90.0,96.5971692516,0.0,1.2,93.696777586,93.696777586,3.0
Develop MLOps pipelines,AI Engineer,0031857D,3.0,3,DATA SCIENTIST,2 tahun 11 bulan,MIDDLE,35,90.0,,97.6042024997,10.2336902669,1.0,70.0282735258,70.0282735258,5.0
Develop MLOps pipelines,AI Engineer,0037569D,3.0,1,AI ENGINEER,2 tahun 8 bulan,MIDDLE,32,82.89473684,90.0,98.498389694,6.7355847106,1.3,98.749547614,98.749547614,21.0
Develop MLOps pipelines,AI Engineer,00392144,2.0,0,DATA SCIENTIST,4 tahun 10 bulan,MIDDLE,58,85.0,90.5,98.9522417154,10.5154493741,1.0,77.4187076743,77.4187076743,15.0
Develop MLOps pipelines,AI Engineer,003A7A13,1.0,0,DATA SCIENTIST,2 tahun 10 bulan,JUNIOR,34,82.5,89.5,96.6027405114,1.0754194688,1.0,74.6209033424,74.6209033424,5.0
Develop MLOps pipelines,AI Engineer,003B384C,4.0,3,DATA SCIENTIST,2 tahun 10 bulan,SENIOR,34,80.0,92.0,96.3395202983,44.3903221346,1.1,89.794363496,89.794363496,3.0
Develop MLOps pipelines,AI Engineer,003C6A0D,1.0,0,DATA ANALYST,1 tahun 9 bulan,JUNIOR,21,76.20689655,98.0,45.3968253968,2.3230903964,1.0,73.7283503902,73.7283503902,7.0
Develop MLOps pipelines,AI Engineer,003CFD5B,2.0,1,DATA ENGINEER,3 tahun 8 bulan,MIDDLE,44,77.5,80.0,98.9522417154,3.0893274449,1.3,89.6443972996,89.6443972996,0.0
Develop MLOps pipelines,AI Engineer,003D5583,3.0,0,DATA SCIENTIST,3 tahun 9 bulan,JUNIOR,45,98.61111111,90.0,98.9522417154,31.463471719,1.0,84.2841556523,84.2841556523,1.0
Develop MLOps pipelines,AI Engineer,0042FA00,1.0,0,DATA ANALYST,3 tahun 1 bulan,JUNIOR,37,80.68965517,90.0,98.9522417154,38.3427977748,1.0,80.1122536136,80.1122536136,2.0
Develop MLOps pipelines,AI Engineer,00430780,1.0,2,DATA ANALYST,2 tahun 10 bulan,MIDDLE,34,87.93103448,86.0,92.1643347143,0.4301677875,1.0,74.0835656652,74.0835656652,2.0
Develop MLOps pipelines,AI Engineer,00434E84,3.0,1,DATA SCIENTIST,3 tahun 9 bulan,JUNIOR,45,80.27777778,95.0,96.1220230528,0.0,1.0,76.485383457,76.485383457,4.0
Develop MLOps pipelines,AI Engineer,00456E77,2.0,1,DATA SCIENTIST,1 tahun 8 bulan,BASIC,20,75.55555556,90.0,17.7777777778,0.0,,67.4044956827,67.4044956827,8.0
Develop MLOps pipelines,AI Engineer,0045D05E,2.0,1,DATA SCIENTIST,4 tahun 1 bulan,JUNIOR,49,73.75,85.0,96.7440037291,55.491056416,1.0,78.0721708555,78.0721708555,7.0
Develop MLOps pipelines,AI Engineer,00464297,1.0,2,MGT,4 tahun 11 bulan,-,59,,,,,,,,1.0
Develop MLOps pipelines,AI Engineer,005139FE,2.0,0,DATA ANALYST,4 tahun 1 bulan,MIDDLE,49,79.13793103,85.0,98.9522417154,0.4301677875,1.0,71.4912919476,71.4912919476,2.0
Develop MLOps pipelines,AI Engineer,0052D29A,3.0,1,DATA ANALYST,5 tahun 1 bulan,SENIOR,61,73.10344828,86.0,97.7192982456,51.2417874977,1.0,77.8012250633,77.8012250633,4.0
Develop MLOps pipelines,AI Engineer,00563DC3,2.0,0,DATA ANALYST,3 tahun 6 bulan,MIDDLE,42,76.20689655,96.0,3.7037037037,53.3266455725,1.0,77.6344597313,77.6344597313,4.0
Develop MLOps pipelines,AI Engineer,00630639,3.0,1,DATA SCIENTIST,9 tahun 2 bulan,MIDDLE,110,80.0,75.0,98.9522417154,54.8821326185,1.0,75.0274646513,75.0274646513,0.0
Develop MLOps pipelines,AI Engineer,0073D075,3.0,3,DATA SCIENTIST,4 tahun 0 bulan,JUNIOR,48,91.66666667,93.0,58.0116959064,8.2492354431,1.0,77.500618325,77.500618325,4.0
Develop MLOps pipelines,AI Engineer,0084C542,1.0,0,DATA ANALYST,4 tahun 0 bulan,MIDDLE,48,74.48275862,80.0,98.9522417154,0.0,1.0,67.6149808506,67.6149808506,2.0
Develop MLOps pipelines,AI Engineer,00897237,1.0,0,DATA ANALYST,3 tahun 9 bulan,MIDDLE,45,93.10344828,92.5,94.1423001949,2.5085548458,1.2,95.0743558155,95.0743558155,8.0
Develop MLOps pipelines,AI Engineer,0097B743,1.0,0,MGT,3 tahun 1 bulan,-,37,90.27777778,,98.9522417154,37.0103448893,1.0,77.3225695827,77.3225695827,5.0
Develop MLOps pipelines,AI Engineer,009C501C,2.0,0,DATA ANALYST,2 tahun 9 bulan,MIDDLE,33,71.72413793,91.5,99.537037037,45.8959093909,1.1,87.3635004212,87.3635004212,9.0
Develop MLOps pipelines,AI Engineer,017F0DF6,3.0,3,AI ENGINEER,3 tahun 8 bulan,JUNIOR,44,84.07894737,90.0,75.790084404,1.3470096476,1.3,96.1634426675,96.1634426675,9.0
Develop predictive models and clustering,Data Scientist,0000ECE6,1.3333333333333333,2,DATA ANALYST,4 tahun 10 bulan,JUNIOR,58,,,,,,,,9.0
Develop predictive models and clustering,Data Scientist,0001741A,5.0,3,DATA SCIENTIST,4 tahun 11 bulan,JUNIOR,59,88.75,89.5,96.4930913886,12.6845989445,1.0,78.1787671463,78.1787671463,3.0
Develop predictive models and clustering,Data Scientist,00017D8B,4.333333333333333,3,DATA ENGINEER,3 tahun 9 bulan,SENIOR,45,86.02941176,94.0,88.8888888889,14.482615467,1.2,95.2346475844,95.2346475844,0.0
Develop predictive models and clustering,Data Scientist,00049B4B,2.6666666666666665,0,DATA ANALYST,3 tahun 9 bulan,MIDDLE,45,76.66666667,,99.4152046784,13.616265803,1.0,62.6570672707,62.6570672707,8.0
Develop predictive models and clustering,Data Scientist,0004E1C5,3.0,1,AI ENGINEER,1 tahun 0 bulan,MIDDLE,12,98.68421053,,85.4256716671,27.4434510067,1.2,94.462392646,94.462392646,3.0
Develop predictive models and clustering,Data Scientist,00050DC9,2.3333333333333335,2,DATA ANALYST,3 tahun 6 bulan,MIDDLE,42,73.27586207,90.0,93.7469277057,9.2877346217,1.1,80.5550616974,80.5550616974,9.0
Develop predictive models and clustering,Data Scientist,00055602,4.333333333333333,0,DATA SCIENTIST,0 tahun 9 bulan,JUNIOR,9,80.27777778,84.0,0.0,0.0,1.2,77.5622022708,77.5622022708,1.0
Develop predictive models and clustering,Data Scientist,0006B570,4.0,3,DATA ANALYST,4 tahun 11 bulan,JUNIOR,59,75.86206897,86.0,98.469149928,0.8603355751,1.0,71.0634376852,71.0634376852,4.0
Develop predictive models and clustering,Data Scientist,0006F238,3.6666666666666665,1,DATA SCIENTIST,4 tahun 8 bulan,MIDDLE,56,97.22222222,,98.9522417154,54.9046621779,1.1,95.020460512,95.020460512,7.0
Develop predictive models and clustering,Data Scientist,0008CEE3,4.0,3,DATA ENGINEER,8 tahun 3 bulan,SENIOR,99,88.23529412,93.0,81.2753036437,0.0,1.3,99.8654925819,99.8654925819,21.0
Develop predictive models and clustering,Data Scientist,0008DB3D,4.666666666666667,3,AI ENGINEER,4 tahun 5 bulan,MIDDLE,53,78.94736842,95.5,97.9135943724,2.0205144715,1.3,99.7997608046,99.7997608046,26.0
Develop predictive models and clustering,Data Scientist,0008EF5A,3.3333333333333335,0,DATA SCIENTIST,3 tahun 9 bulan,JUNIOR,45,87.5,70.0,98.9522417154,0.0,1.0,66.4806914307,66.4806914307,2.0
Develop predictive models and clustering,Data Scientist,00093BBA,1.6666666666666667,2,MGT,4 tahun 11 bulan,-,59,,,,,,,,1.0
Develop predictive models and clustering,Data Scientist,000BC56E,2.6666666666666665,1,DATA ANALYST,3 tahun 2 bulan,JUNIOR,38,77.67241379,89.0,95.0048732943,0.4301677875,1.0,72.7677924824,72.7677924824,2.0
Develop predictive models and clustering,Data Scientist,000BE0C5,3.6666666666666665,3,DATA ANALYST,3 tahun 0 bulan,MIDDLE,36,79.13793103,90.5,96.8024832613,9.3020121433,1.0,75.3882483655,75.3882483655,0.0
Develop predictive models and clustering,Data Scientist,000BF13A,2.6666666666666665,2,DATA ANALYST,4 tahun 11 bulan,JUNIOR,59,85.34482759,84.0,76.9401195515,0.4301677875,1.0,71.3283335517,71.3283335517,2.0
Develop predictive models and clustering,Data Scientist,000C7109,3.0,1,DATA SCIENTIST,6 tahun 6 bulan,MIDDLE,78,,,,,,,,9.0
Develop predictive models and clustering,Data Scientist,000C72E4,3.0,1,DATA ENGINEER,5 tahun 0 bulan,MIDDLE,60,76.47058824,91.5,89.9596364099,0.0,1.2,87.8939523114,87.8939523114,3.0
Develop predictive models and clustering,Data Scientist,000CEE2B,3.0,0,DATA ANALYST,3 tahun 11 bulan,MIDDLE,47,74.48275862,90.0,98.9522417154,10.5359979556,1.0,74.1194724896,74.1194724896,4.0
Develop predictive models and clustering,Data Scientist,000FCFC2,4.666666666666667,3,AI ENGINEER,1 tahun 10 bulan,JUNIOR,22,80.52631579,95.0,98.9522417154,34.6152175938,1.0,81.9618884287,81.9618884287,16.0
Develop predictive models and clustering,Data Scientist,00101A0D,4.0,0,DATA SCIENTIST,4 tahun 0 bulan,JUNIOR,48,82.5,94.0,39.414983165,7.0665492569,1.0,73.9040356956,73.9040356956,2.0
Develop predictive models and clustering,Data Scientist,00103C57,2.6666666666666665,1,DATA ANALYST,4 tahun 11 bulan,JUNIOR,59,80.60344828,81.5,80.2615189223,5.8627640301,1.0,69.7620596418,69.7620596418,15.0
Develop predictive models and clustering,Data Scientist,00104933,1.3333333333333333,2,MGT,3 tahun 11 bulan,-,47,89.65517241,,98.469149928,8.7007929068,1.0,69.5023814571,69.5023814571,1.0
Develop predictive models and clustering,Data Scientist,001356B3,2.6666666666666665,1,DATA SCIENTIST,1 tahun 10 bulan,JUNIOR,22,98.61111111,,98.9522417154,37.4823489904,1.0,82.7234066868,82.7234066868,7.0
Develop predictive models and clustering,Data Scientist,0013A32D,1.0,2,MGT,5 tahun 9 bulan,-,69,79.13793103,99.0,88.8109161793,8.7722486646,1.0,78.9526210358,78.9526210358,1.0
Develop predictive models and clustering,Data Scientist,0013D24E,3.6666666666666665,1,DATA SCIENTIST,4 tahun 9 bulan,JUNIOR,57,66.25,92.0,97.9135943724,0.0,1.1,78.1589269578,78.1589269578,0.0
Develop predictive models and clustering,Data Scientist,0014B046,2.3333333333333335,1,DATA SCIENTIST,7 tahun 8 bulan,SENIOR,92,84.72222222,87.0,0.0,0.0,1.0,67.4019777006,67.4019777006,6.0
Develop predictive models and clustering,Data Scientist,0014CA34,3.6666666666666665,0,DATA SCIENTIST,4 tahun 1 bulan,JUNIOR,49,82.5,95.0,99.537037037,30.4375931247,1.0,81.9453180716,81.9453180716,1.0
Develop predictive models and clustering,Data Scientist,0014EEF4,3.0,1,DATA ENGINEER,2 tahun 11 bulan,MIDDLE,35,85.0,93.5,80.9809654856,9.0371304039,1.2,92.960313373,92.960313373,8.0
Develop predictive models and clustering,Data Scientist,0014F3E9,3.6666666666666665,3,DATA ANALYST,3 tahun 1 bulan,JUNIOR,37,75.86206897,,98.257797271,12.7921561676,1.0,61.80993377,61.80993377,2.0
Develop predictive models and clustering,Data Scientist,001ABDF5,2.6666666666666665,1,DATA ANALYST,3 tahun 4 bulan,MIDDLE,40,82.24137931,98.5,98.9522417154,50.3029972195,1.0,86.5446547165,86.5446547165,8.0
Develop predictive models and clustering,Data Scientist,001AE6FC,3.6666666666666665,0,DATA ANALYST,3 tahun 4 bulan,JUNIOR,40,82.24137931,84.5,98.469149928,0.4301677875,,72.1149630886,72.1149630886,2.0
Develop predictive models and clustering,Data Scientist,001F9B47,2.0,1,DATA ENGINEER,3 tahun 1 bulan,JUNIOR,37,58.75,87.0,96.1884481736,8.6577453183,1.2,81.1247503422,81.1247503422,1.0
Develop predictive models and clustering,Data Scientist,002018BB,3.0,0,DATA SCIENTIST,10 tahun 10 bulan,SENIOR,130,97.22222222,98.0,50.5555555556,43.7450704533,1.0,86.4214334385,86.4214334385,18.0
Develop predictive models and clustering,Data Scientist,0020C6B5,3.3333333333333335,3,DATA ANALYST,2 tahun 10 bulan,MIDDLE,34,75.86206897,88.5,98.3674463938,3.3392709766,1.0,72.659385698,72.659385698,3.0
Develop predictive models and clustering,Data Scientist,002201AD,2.3333333333333335,0,DATA ANALYST,4 tahun 10 bulan,MIDDLE,58,91.37931034,95.0,99.537037037,0.4301677875,1.0,80.0052980974,80.0052980974,2.0
Develop predictive models and clustering,Data Scientist,00270615,3.6666666666666665,0,DATA ANALYST,3 tahun 9 bulan,JUNIOR,45,93.10344828,75.0,98.9814814815,29.9520058526,1.0,75.0818725109,75.0818725109,1.0
Develop predictive models and clustering,Data Scientist,00277DF9,4.333333333333333,0,AI ENGINEER,0 tahun 5 bulan,MIDDLE,5,,,,,,,,4.0
Develop predictive models and clustering,Data Scientist,002D5AC9,4.333333333333333,3,DATA SCIENTIST,3 tahun 8 bulan,MIDDLE,44,78.88888889,92.0,97.4707602339,57.4757263933,1.0,83.3553945397,83.3553945397,3.0
Develop predictive models and clustering,Data Scientist,002DF96D,4.666666666666667,3,DATA SCIENTIST,5 tahun 0 bulan,MIDDLE,60,78.88888889,91.0,46.8542261807,5.4541409456,1.1,78.7985129608,78.7985129608,15.0
Develop predictive models and clustering,Data Scientist,002E9001,3.3333333333333335,1,DATA ENGINEER,7 tahun 8 bulan,SENIOR,92,,,,,,,,10.0
Develop predictive models and clustering,Data Scientist,002EC9F6,2.0,2,DATA SCIENTIST,4 tahun 7 bulan,MIDDLE,55,97.22222222,96.5,83.7230473171,43.7450704533,1.1,96.6970538768,96.6970538768,0.0
Develop predictive models and clustering,Data Scientist,00302AE1,3.0,1,DATA ENGINEER,2 tahun 5 bulan,MIDDLE,29,84.70588235,89.0,97.8411306043,0.4301677875,1.2,90.0022582512,90.0022582512,2.0
Develop predictive models and clustering,Data Scientist,00306ABB,2.0,1,DATA ENGINEER,3 tahun 3 bulan,JUNIOR,39,94.11764706,90.0,96.5971692516,0.0,1.2,93.696777586,93.696777586,3.0
Develop predictive models and clustering,Data Scientist,0031857D,4.333333333333333,3,DATA SCIENTIST,2 tahun 11 bulan,MIDDLE,35,90.0,,97.6042024997,10.2336902669,1.0,70.0282735258,70.0282735258,5.0
Develop predictive models and clustering,Data Scientist,0037569D,4.333333333333333,1,AI ENGINEER,2 tahun 8 bulan,MIDDLE,32,82.89473684,90.0,98.498389694,6.7355847106,1.3,98.749547614,98.749547614,21.0
Develop predictive models and clustering,Data Scientist,00392144,3.0,0,DATA SCIENTIST,4 tahun 10 bulan,MIDDLE,58,85.0,90.5,98.9522417154,10.5154493741,1.0,77.4187076743,77.4187076743,15.0
Develop predictive models and clustering,Data Scientist,003A7A13,3.6666666666666665,0,DATA SCIENTIST,2 tahun 10 bulan,JUNIOR,34,82.5,89.5,96.6027405114,1.0754194688,1.0,74.6209033424,74.6209033424,5.0
Develop predictive models and clustering,Data Scientist,003B384C,4.333333333333333,3,DATA SCIENTIST,2 tahun 10 bulan,SENIOR,34,80.0,92.0,96.3395202983,44.3903221346,1.1,89.794363496,89.794363496,3.0
Develop predictive models and clustering,Data Scientist,003C6A0D,2.3333333333333335,0,DATA ANALYST,1 tahun 9 bulan,JUNIOR,21,76.20689655,98.0,45.3968253968,2.3230903964,1.0,73.7283503902,73.7283503902,7.0
Develop predictive models and clustering,Data Scientist,003CFD5B,2.0,1,DATA ENGINEER,3 tahun 8 bulan,MIDDLE,44,77.5,80.0,98.9522417154,3.0893274449,1.3,89.6443972996,89.6443972996,0.0
Develop predictive models and clustering,Data Scientist,003D5583,3.6666666666666665,0,DATA SCIENTIST,3 tahun 9 bulan,JUNIOR,45,98.61111111,90.0,98.9522417154,31.463471719,1.0,84.2841556523,84.2841556523,1.0
Develop predictive models and clustering,Data Scientist,0042FA00,3.0,0,DATA ANALYST,3 tahun 1 bulan,JUNIOR,37,80.68965517,90.0,98.9522417154,38.3427977748,1.0,80.1122536136,80.1122536136,2.0
Develop predictive models and clustering,Data Scientist,00430780,2.3333333333333335,2,DATA ANALYST,2 tahun 10 bulan,MIDDLE,34,87.93103448,86.0,92.1643347143,0.4301677875,1.0,74.0835656652,74.0835656652,2.0
Develop predictive models and clustering,Data Scientist,00434E84,3.3333333333333335,1,DATA SCIENTIST,3 tahun 9 bulan,JUNIOR,45,80.27777778,95.0,96.1220230528,0.0,1.0,76.485383457,76.485383457,4.0
Develop predictive models and clustering,Data Scientist,00456E77,4.0,1,DATA SCIENTIST,1 tahun 8 bulan,BASIC,20,75.55555556,90.0,17.7777777778,0.0,,67.4044956827,67.4044956827,8.0
Develop predictive models and clustering,Data Scientist,0045D05E,2.6666666666666665,1,DATA SCIENTIST,4 tahun 1 bulan,JUNIOR,49,73.75,85.0,96.7440037291,55.491056416,1.0,78.0721708555,78.0721708555,7.0
Develop predictive models and clustering,Data Scientist,00464297,1.3333333333333333,2,MGT,4 tahun 11 bulan,-,59,,,,,,,,1.0
Develop predictive models and clustering,Data Scientist,005139FE,3.0,0,DATA ANALYST,4 tahun 1 bulan,MIDDLE,49,79.13793103,85.0,98.9522417154,0.4301677875,1.0,71.4912919476,71.4912919476,2.0
Develop predictive models and clustering,Data Scientist,0052D29A,3.0,1,DATA ANALYST,5 tahun 1 bulan,SENIOR,61,73.10344828,86.0,97.7192982456,51.2417874977,1.0,77.8012250633,77.8012250633,4.0
Develop predictive models and clustering,Data Scientist,00563DC3,3.0,0,DATA ANALYST,3 tahun 6 bulan,MIDDLE,42,76.20689655,96.0,3.7037037037,53.3266455725,1.0,77.6344597313,77.6344597313,4.0
Develop predictive models and clustering,Data Scientist,00630639,3.6666666666666665,1,DATA SCIENTIST,9 tahun 2 bulan,MIDDLE,110,80.0,75.0,98.9522417154,54.8821326185,1.0,75.0274646513,75.0274646513,0.0
Develop predictive models and clustering,Data Scientist,0073D075,4.666666666666667,3,DATA SCIENTIST,4 tahun 0 bulan,JUNIOR,48,91.66666667,93.0,58.0116959064,8.2492354431,1.0,77.500618325,77.500618325,4.0
Develop predictive models and clustering,Data Scientist,0084C542,2.3333333333333335,0,DATA ANALYST,4 tahun 0 bulan,MIDDLE,48,74.48275862,80.0,98.9522417154,0.0,1.0,67.6149808506,67.6149808506,2.0
Develop predictive models and clustering,Data Scientist,00897237,3.0,0,DATA ANALYST,3 tahun 9 bulan,MIDDLE,45,93.10344828,92.5,94.1423001949,2.5085548458,1.2,95.0743558155,95.0743558155,8.0
Develop predictive models and clustering,Data Scientist,0097B743,2.6666666666666665,0,MGT,3 tahun 1 bulan,-,37,90.27777778,,98.9522417154,37.0103448893,1.0,77.3225695827,77.3225695827,5.0
Develop predictive models and clustering,Data Scientist,009C501C,2.6666666666666665,0,DATA ANALYST,2 tahun 9 bulan,MIDDLE,33,71.72413793,91.5,99.537037037,45.8959093909,1.1,87.3635004212,87.3635004212,9.0
Develop predictive models and clustering,Data Scientist,017F0DF6,4.0,3,AI ENGINEER,3 tahun 8 bulan,JUNIOR,44,84.07894737,90.0,75.790084404,1.3470096476,1.3,96.1634426675,96.1634426675,9.0
Ensure data security and integrity,Data Engineer,0000ECE6,2.0,2,DATA ANALYST,4 tahun 10 bulan,JUNIOR,58,,,,,,,,9.0
Ensure data security and integrity,Data Engineer,0001741A,4.333333333333333,3,DATA SCIENTIST,4 tahun 11 bulan,JUNIOR,59,88.75,89.5,96.4930913886,12.6845989445,1.0,78.1787671463,78.1787671463,3.0
Ensure data security and integrity,Data Engineer,00017D8B,5.0,3,DATA ENGINEER,3 tahun 9 bulan,SENIOR,45,86.02941176,94.0,88.8888888889,14.482615467,1.2,95.2346475844,95.2346475844,0.0
Ensure data security and integrity,Data Engineer,00049B4B,1.6666666666666667,0,DATA ANALYST,3 tahun 9 bulan,MIDDLE,45,76.66666667,,99.4152046784,13.616265803,1.0,62.6570672707,62.6570672707,8.0
Ensure data security and integrity,Data Engineer,0004E1C5,2.0,1,AI ENGINEER,1 tahun 0 bulan,MIDDLE,12,98.68421053,,85.4256716671,27.4434510067,1.2,94.462392646,94.462392646,3.0
Ensure data security and integrity,Data Engineer,00050DC9,2.3333333333333335,2,DATA ANALYST,3 tahun 6 bulan,MIDDLE,42,73.27586207,90.0,93.7469277057,9.2877346217,1.1,80.5550616974,80.5550616974,9.0
Ensure data security and integrity,Data Engineer,00055602,2.3333333333333335,0,DATA SCIENTIST,0 tahun 9 bulan,JUNIOR,9,80.27777778,84.0,0.0,0.0,1.2,77.5622022708,77.5622022708,1.0
Ensure data security and integrity,Data Engineer,0006B570,4.0,3,DATA ANALYST,4 tahun 11 bulan,JUNIOR,59,75.86206897,86.0,98.469149928,0.8603355751,1.0,71.0634376852,71.0634376852,4.0
Ensure data security and integrity,Data Engineer,0006F238,3.3333333333333335,1,DATA SCIENTIST,4 tahun 8 bulan,MIDDLE,56,97.22222222,,98.9522417154,54.9046621779,1.1,95.020460512,95.020460512,7.0
Ensure data security and integrity,Data Engineer,0008CEE3,4.333333333333333,3,DATA ENGINEER,8 tahun 3 bulan,SENIOR,99,88.23529412,93.0,81.2753036437,0.0,1.3,99.8654925819,99.8654925819,21.0
Ensure data security and integrity,Data Engineer,0008DB3D,3.3333333333333335,3,AI ENGINEER,4 tahun 5 bulan,MIDDLE,53,78.94736842,95.5,97.9135943724,2.0205144715,1.3,99.7997608046,99.7997608046,26.0
Ensure data security and integrity,Data Engineer,0008EF5A,2.3333333333333335,0,DATA SCIENTIST,3 tahun 9 bulan,JUNIOR,45,87.5,70.0,98.9522417154,0.0,1.0,66.4806914307,66.4806914307,2.0
Ensure data security and integrity,Data Engineer,00093BBA,1.3333333333333333,2,MGT,4 tahun 11 bulan,-,59,,,,,,,,1.0
Ensure data security and integrity,Data Engineer,000BC56E,3.6666666666666665,1,DATA ANALYST,3 tahun 2 bulan,JUNIOR,38,77.67241379,89.0,95.0048732943,0.4301677875,1.0,72.7677924824,72.7677924824,2.0
Ensure data security and integrity,Data Engineer,000BE0C5,4.0,3,DATA ANALYST,3 tahun 0 bulan,MIDDLE,36,79.13793103,90.5,96.8024832613,9.3020121433,1.0,75.3882483655,75.3882483655,0.0
Ensure data security and integrity,Data Engineer,000BF13A,1.6666666666666667,2,DATA ANALYST,4 tahun 11 bulan,JUNIOR,59,85.34482759,84.0,76.9401195515,0.4301677875,1.0,71.3283335517,71.3283335517,2.0
Ensure data security and integrity,Data Engineer,000C7109,3.0,1,DATA SCIENTIST,6 tahun 6 bulan,MIDDLE,78,,,,,,,,9.0
Ensure data security and integrity,Data Engineer,000C72E4,4.333333333333333,1,DATA ENGINEER,5 tahun 0 bulan,MIDDLE,60,76.47058824,91.5,89.9596364099,0.0,1.2,87.8939523114,87.8939523114,3.0
Ensure data security and integrity,Data Engineer,000CEE2B,2.6666666666666665,0,DATA ANALYST,3 tahun 11 bulan,MIDDLE,47,74.48275862,90.0,98.9522417154,10.5359979556,1.0,74.1194724896,74.1194724896,4.0
Ensure data security and integrity,Data Engineer,000FCFC2,4.666666666666667,3,AI ENGINEER,1 tahun 10 bulan,JUNIOR,22,80.52631579,95.0,98.9522417154,34.6152175938,1.0,81.9618884287,81.9618884287,16.0
Ensure data security and integrity,Data Engineer,00101A0D,2.0,0,DATA SCIENTIST,4 tahun 0 bulan,JUNIOR,48,82.5,94.0,39.414983165,7.0665492569,1.0,73.9040356956,73.9040356956,2.0
Ensure data security and integrity,Data Engineer,00103C57,3.6666666666666665,1,DATA ANALYST,4 tahun 11 bulan,JUNIOR,59,80.60344828,81.5,80.2615189223,5.8627640301,1.0,69.7620596418,69.7620596418,15.0
Ensure data security and integrity,Data Engineer,00104933,1.0,2,MGT,3 tahun 11 bulan,-,47,89.65517241,,98.469149928,8.7007929068,1.0,69.5023814571,69.5023814571,1.0
Ensure data security and integrity,Data Engineer,001356B3,2.6666666666666665,1,DATA SCIENTIST,1 tahun 10 bulan,JUNIOR,22,98.61111111,,98.9522417154,37.4823489904,1.0,82.7234066868,82.7234066868,7.0
Ensure data security and integrity,Data Engineer,0013A32D,1.0,2,MGT,5 tahun 9 bulan,-,69,79.13793103,99.0,88.8109161793,8.7722486646,1.0,78.9526210358,78.9526210358,1.0
Ensure data security and integrity,Data Engineer,0013D24E,2.6666666666666665,1,DATA SCIENTIST,4 tahun 9 bulan,JUNIOR,57,66.25,92.0,97.9135943724,0.0,1.1,78.1589269578,78.1589269578,0.0
Ensure data security and integrity,Data Engineer,0014B046,3.0,1,DATA SCIENTIST,7 tahun 8 bulan,SENIOR,92,84.72222222,87.0,0.0,0.0,1.0,67.4019777006,67.4019777006,6.0
Ensure data security and integrity,Data Engineer,0014CA34,1.6666666666666667,0,DATA SCIENTIST,4 tahun 1 bulan,JUNIOR,49,82.5,95.0,99.537037037,30.4375931247,1.0,81.9453180716,81.9453180716,1.0
Ensure data security and integrity,Data Engineer,0014EEF4,5.0,1,DATA ENGINEER,2 tahun 11 bulan,MIDDLE,35,85.0,93.5,80.9809654856,9.0371304039,1.2,92.960313373,92.960313373,8.0
Ensure data security and integrity,Data Engineer,0014F3E9,4.333333333333333,3,DATA ANALYST,3 tahun 1 bulan,JUNIOR,37,75.86206897,,98.257797271,12.7921561676,1.0,61.80993377,61.80993377,2.0
Ensure data security and integrity,Data Engineer,001ABDF5,3.6666666666666665,1,DATA ANALYST,3 tahun 4 bulan,MIDDLE,40,82.24137931,98.5,98.9522417154,50.3029972195,1.0,86.5446547165,86.5446547165,8.0
Ensure data security and integrity,Data Engineer,001AE6FC,3.0,0,DATA ANALYST,3 tahun 4 bulan,JUNIOR,40,82.24137931,84.5,98.469149928,0.4301677875,,72.1149630886,72.1149630886,2.0
Ensure data security and integrity,Data Engineer,001F9B47,4.333333333333333,1,DATA ENGINEER,3 tahun 1 bulan,JUNIOR,37,58.75,87.0,96.1884481736,8.6577453183,1.2,81.1247503422,81.1247503422,1.0
Ensure data security and integrity,Data Engineer,002018BB,3.0,0,DATA SCIENTIST,10 tahun 10 bulan,SENIOR,130,97.22222222,98.0,50.5555555556,43.7450704533,1.0,86.4214334385,86.4214334385,18.0
Ensure data security and integrity,Data Engineer,0020C6B5,3.6666666666666665,3,DATA ANALYST,2 tahun 10 bulan,MIDDLE,34,75.86206897,88.5,98.3674463938,3.3392709766,1.0,72.659385698,72.659385698,3.0
Ensure data security and integrity,Data Engineer,002201AD,2.0,0,DATA ANALYST,4 tahun 10 bulan,MIDDLE,58,91.37931034,95.0,99.537037037,0.4301677875,1.0,80.0052980974,80.0052980974,2.0
Ensure data security and integrity,Data Engineer,00270615,2.3333333333333335,0,DATA ANALYST,3 tahun 9 bulan,JUNIOR,45,93.10344828,75.0,98.9814814815,29.9520058526,1.0,75.0818725109,75.0818725109,1.0
Ensure data security and integrity,Data Engineer,00277DF9,1.3333333333333333,0,AI ENGINEER,0 tahun 5 bulan,MIDDLE,5,,,,,,,,4.0
Ensure data security and integrity,Data Engineer,002D5AC9,4.0,3,DATA SCIENTIST,3 tahun 8 bulan,MIDDLE,44,78.88888889,92.0,97.4707602339,57.4757263933,1.0,83.3553945397,83.3553945397,3.0
Ensure data security and integrity,Data Engineer,002DF96D,4.0,3,DATA SCIENTIST,5 tahun 0 bulan,MIDDLE,60,78.88888889,91.0,46.8542261807,5.4541409456,1.1,78.7985129608,78.7985129608,15.0
Ensure data security and integrity,Data Engineer,002E9001,3.6666666666666665,1,DATA ENGINEER,7 tahun 8 bulan,SENIOR,92,,,,,,,,10.0
Ensure data security and integrity,Data Engineer,002EC9F6,1.3333333333333333,2,DATA SCIENTIST,4 tahun 7 bulan,MIDDLE,55,97.22222222,96.5,83.7230473171,43.7450704533,1.1,96.6970538768,96.6970538768,0.0
Ensure data security and integrity,Data Engineer,00302AE1,3.3333333333333335,1,DATA ENGINEER,2 tahun 5 bulan,MIDDLE,29,84.70588235,89.0,97.8411306043,0.4301677875,1.2,90.0022582512,90.0022582512,2.0
Ensure data security and integrity,Data Engineer,00306ABB,3.6666666666666665,1,DATA ENGINEER,3 tahun 3 bulan,JUNIOR,39,94.11764706,90.0,96.5971692516,0.0,1.2,93.696777586,93.696777586,3.0
Ensure data security and integrity,Data Engineer,0031857D,3.0,3,DATA SCIENTIST,2 tahun 11 bulan,MIDDLE,35,90.0,,97.6042024997,10.2336902669,1.0,70.0282735258,70.0282735258,5.0
Ensure data security and integrity,Data Engineer,0037569D,2.6666666666666665,1,AI ENGINEER,2 tahun 8 bulan,MIDDLE,32,82.89473684,90.0,98.498389694,6.7355847106,1.3,98.749547614,98.749547614,21.0
Ensure data security and integrity,Data Engineer,00392144,2.6666666666666665,0,DATA SCIENTIST,4 tahun 10 bulan,MIDDLE,58,85.0,90.5,98.9522417154,10.5154493741,1.0,77.4187076743,77.4187076743,15.0
Ensure data security and integrity,Data Engineer,003A7A13,2.0,0,DATA SCIENTIST,2 tahun 10 bulan,JUNIOR,34,82.5,89.5,96.6027405114,1.0754194688,1.0,74.6209033424,74.6209033424,5.0
Ensure data security and integrity,Data Engineer,003B384C,4.0,3,DATA SCIENTIST,2 tahun 10 bulan,SENIOR,34,80.0,92.0,96.3395202983,44.3903221346,1.1,89.794363496,89.794363496,3.0
Ensure data security and integrity,Data Engineer,003C6A0D,2.3333333333333335,0,DATA ANALYST,1 tahun 9 bulan,JUNIOR,21,76.20689655,98.0,45.3968253968,2.3230903964,1.0,73.7283503902,73.7283503902,7.0
Ensure data security and integrity,Data Engineer,003CFD5B,3.0,1,DATA ENGINEER,3 tahun 8 bulan,MIDDLE,44,77.5,80.0,98.9522417154,3.0893274449,1.3,89.6443972996,89.6443972996,0.0
Ensure data security and integrity,Data Engineer,003D5583,2.3333333333333335,0,DATA SCIENTIST,3 tahun 9 bulan,JUNIOR,45,98.61111111,90.0,98.9522417154,31.463471719,1.0,84.2841556523,84.2841556523,1.0
Ensure data security and integrity,Data Engineer,0042FA00,2.0,0,DATA ANALYST,3 tahun 1 bulan,JUNIOR,37,80.68965517,90.0,98.9522417154,38.3427977748,1.0,80.1122536136,80.1122536136,2.0
Ensure data security and integrity,Data Engineer,00430780,2.3333333333333335,2,DATA ANALYST,2 tahun 10 bulan,MIDDLE,34,87.93103448,86.0,92.1643347143,0.4301677875,1.0,74.0835656652,74.0835656652,2.0
Ensure data security and integrity,Data Engineer,00434E84,3.6666666666666665,1,DATA SCIENTIST,3 tahun 9 bulan,JUNIOR,45,80.27777778,95.0,96.1220230528,0.0,1.0,76.485383457,76.485383457,4.0
Ensure data security and integrity,Data Engineer,00456E77,2.6666666666666665,1,DATA SCIENTIST,1 tahun 8 bulan,BASIC,20,75.55555556,90.0,17.7777777778,0.0,,67.4044956827,67.4044956827,8.0
Ensure data security and integrity,Data Engineer,0045D05E,2.0,1,DATA SCIENTIST,4 tahun 1 bulan,JUNIOR,49,73.75,85.0,96.7440037291,55.491056416,1.0,78.0721708555,78.0721708555,7.0
Ensure data security and integrity,Data Engineer,00464297,1.0,2,MGT,4 tahun 11 bulan,-,59,,,,,,,,1.0
Ensure data security and integrity,Data Engineer,005139FE,2.3333333333333335,0,DATA ANALYST,4 tahun 1 bulan,MIDDLE,49,79.13793103,85.0,98.9522417154,0.4301677875,1.0,71.4912919476,71.4912919476,2.0
Ensure data security and integrity,Data Engineer,0052D29A,3.6666666666666665,1,DATA ANALYST,5 tahun 1 bulan,SENIOR,61,73.10344828,86.0,97.7192982456,51.2417874977,1.0,77.8012250633,77.8012250633,4.0
Ensure data security and integrity,Data Engineer,00563DC3,3.6666666666666665,0,DATA ANALYST,3 tahun 6 bulan,MIDDLE,42,76.20689655,96.0,3.7037037037,53.3266455725,1.0,77.6344597313,77.6344597313,4.0
Ensure data security and integrity,Data Engineer,00630639,3.0,1,DATA SCIENTIST,9 tahun 2 bulan,MIDDLE,110,80.0,75.0,98.9522417154,54.8821326185,1.0,75.0274646513,75.0274646513,0.0
Ensure data security and integrity,Data Engineer,0073D075,2.6666666666666665,3,DATA SCIENTIST,4 tahun 0 bulan,JUNIOR,48,91.66666667,93.0,58.0116959064,8.2492354431,1.0,77.500618325,77.500618325,4.0
Ensure data security and integrity,Data Engineer,0084C542,2.3333333333333335,0,DATA ANALYST,4 tahun 0 bulan,MIDDLE,48,74.48275862,80.0,98.9522417154,0.0,1.0,67.6149808506,67.6149808506,2.0
Ensure data security and integrity,Data Engineer,00897237,1.6666666666666667,0,DATA ANALYST,3 tahun 9 bulan,MIDDLE,45,93.10344828,92.5,94.1423001949,2.5085548458,1.2,95.0743558155,95.0743558155,8.0
Ensure data security and integrity,Data Engineer,0097B743,2.3333333333333335,0,MGT,3 tahun 1 bulan,-,37,90.27777778,,98.9522417154,37.0103448893,1.0,77.3225695827,77.3225695827,5.0
Ensure data security and integrity,Data Engineer,009C501C,3.0,0,DATA ANALYST,2 tahun 9 bulan,MIDDLE,33,71.72413793,91.5,99.537037037,45.8959093909,1.1,87.3635004212,87.3635004212,9.0
Ensure data security and integrity,Data Engineer,017F0DF6,3.0,3,AI ENGINEER,3 tahun 8 bulan,JUNIOR,44,84.07894737,90.0,75.790084404,1.3470096476,1.3,96.1634426675,96.1634426675,9.0
Integrate AI solutions into business applications,AI Engineer,0000ECE6,2.0,2,DATA ANALYST,4 tahun 10 bulan,JUNIOR,58,,,,,,,,9.0
Integrate AI solutions into business applications,AI Engineer,0001741A,4.666666666666667,3,DATA SCIENTIST,4 tahun 11 bulan,JUNIOR,59,88.75,89.5,96.4930913886,12.6845989445,1.0,78.1787671463,78.1787671463,3.0
Integrate AI solutions into business applications,AI Engineer,00017D8B,4.0,3,DATA ENGINEER,3 tahun 9 bulan,SENIOR,45,86.02941176,94.0,88.8888888889,14.482615467,1.2,95.2346475844,95.2346475844,0.0
Integrate AI solutions into business applications,AI Engineer,00049B4B,1.3333333333333333,0,DATA ANALYST,3 tahun 9 bulan,MIDDLE,45,76.66666667,,99.4152046784,13.616265803,1.0,62.6570672707,62.6570672707,8.0
Integrate AI solutions into business applications,AI Engineer,0004E1C5,2.6666666666666665,1,AI ENGINEER,1 tahun 0 bulan,MIDDLE,12,98.68421053,,85.4256716671,27.4434510067,1.2,94.462392646,94.462392646,3.0
Integrate AI solutions into business applications,AI Engineer,00050DC9,1.6666666666666667,2,DATA ANALYST,3 tahun 6 bulan,MIDDLE,42,73.27586207,90.0,93.7469277057,9.2877346217,1.1,80.5550616974,80.5550616974,9.0
Integrate AI solutions into business applications,AI Engineer,00055602,1.3333333333333333,0,DATA SCIENTIST,0 tahun 9 bulan,JUNIOR,9,80.27777778,84.0,0.0,0.0,1.2,77.5622022708,77.5622022708,1.0
Integrate AI solutions into business applications,AI Engineer,0006B570,2.6666666666666665,3,DATA ANALYST,4 tahun 11 bulan,JUNIOR,59,75.86206897,86.0,98.469149928,0.8603355751,1.0,71.0634376852,71.0634376852,4.0
Integrate AI solutions into business applications,AI Engineer,0006F238,3.3333333333333335,1,DATA SCIENTIST,4 tahun 8 bulan,MIDDLE,56,97.22222222,,98.9522417154,54.9046621779,1.1,95.020460512,95.020460512,7.0
Integrate AI solutions into business applications,AI Engineer,0008CEE3,4.0,3,DATA ENGINEER,8 tahun 3 bulan,SENIOR,99,88.23529412,93.0,81.2753036437,0.0,1.3,99.8654925819,99.8654925819,21.0
Integrate AI solutions into business applications,AI Engineer,0008DB3D,3.3333333333333335,3,AI ENGINEER,4 tahun 5 bulan,MIDDLE,53,78.94736842,95.5,97.9135943724,2.0205144715,1.3,99.7997608046,99.7997608046,26.0
Integrate AI solutions into business applications,AI Engineer,0008EF5A,2.0,0,DATA SCIENTIST,3 tahun 9 bulan,JUNIOR,45,87.5,70.0,98.9522417154,0.0,1.0,66.4806914307,66.4806914307,2.0
Integrate AI solutions into business applications,AI Engineer,00093BBA,1.0,2,MGT,4 tahun 11 bulan,-,59,,,,,,,,1.0
Integrate AI solutions into business applications,AI Engineer,000BC56E,2.3333333333333335,1,DATA ANALYST,3 tahun 2 bulan,JUNIOR,38,77.67241379,89.0,95.0048732943,0.4301677875,1.0,72.7677924824,72.7677924824,2.0
Integrate AI solutions into business applications,AI Engineer,000BE0C5,3.3333333333333335,3,DATA ANALYST,3 tahun 0 bulan,MIDDLE,36,79.13793103,90.5,96.8024832613,9.3020121433,1.0,75.3882483655,75.3882483655,0.0
Integrate AI solutions into business applications,AI Engineer,000BF13A,1.0,2,DATA ANALYST,4 tahun 11 bulan,JUNIOR,59,85.34482759,84.0,76.9401195515,0.4301677875,1.0,71.3283335517,71.3283335517,2.0
Integrate AI solutions into business applications,AI Engineer,000C7109,3.0,1,DATA SCIENTIST,6 tahun 6 bulan,MIDDLE,78,,,,,,,,9.0
Integrate AI solutions into business applications,AI Engineer,000C72E4,3.3333333333333335,1,DATA ENGINEER,5 tahun 0 bulan,MIDDLE,60,76.47058824,91.5,89.9596364099,0.0,1.2,87.8939523114,87.8939523114,3.0
Integrate AI solutions into business applications,AI Engineer,000CEE2B,1.3333333333333333,0,DATA ANALYST,3 tahun 11 bulan,MIDDLE,47,74.48275862,90.0,98.9522417154,10.5359979556,1.0,74.1194724896,74.1194724896,4.0
Integrate AI solutions into business applications,AI Engineer,000FCFC2,4.666666666666667,3,AI ENGINEER,1 tahun 10 bulan,JUNIOR,22,80.52631579,95.0,98.9522417154,34.6152175938,1.0,81.9618884287,81.9618884287,16.0
Integrate AI solutions into business applications,AI Engineer,00101A0D,1.3333333333333333,0,DATA SCIENTIST,4 tahun 0 bulan,JUNIOR,48,82.5,94.0,39.414983165,7.0665492569,1.0,73.9040356956,73.9040356956,2.0
Integrate AI solutions into business applications,AI Engineer,00103C57,3.6666666666666665,1,DATA ANALYST,4 tahun 11 bulan,JUNIOR,59,80.60344828,81.5,80.2615189223,5.8627640301,1.0,69.7620596418,69.7620596418,15.0
Integrate AI solutions into business applications,AI Engineer,00104933,1.0,2,MGT,3 tahun 11 bulan,-,47,89.65517241,,98.469149928,8.7007929068,1.0,69.5023814571,69.5023814571,1.0
Integrate AI solutions into business applications,AI Engineer,001356B3,2.3333333333333335,1,DATA SCIENTIST,1 tahun 10 bulan,JUNIOR,22,98.61111111,,98.9522417154,37.4823489904,1.0,82.7234066868,82.7234066868,7.0
Integrate AI solutions into business applications,AI Engineer,0013A32D,1.0,2,MGT,5 tahun 9 bulan,-,69,79.13793103,99.0,88.8109161793,8.7722486646,1.0,78.9526210358,78.9526210358,1.0
Integrate AI solutions into business applications,AI Engineer,0013D24E,2.3333333333333335,1,DATA SCIENTIST,4 tahun 9 bulan,JUNIOR,57,66.25,92.0,97.9135943724,0.0,1.1,78.1589269578,78.1589269578,0.0
Integrate AI solutions into business applications,AI Engineer,0014B046,2.3333333333333335,1,DATA SCIENTIST,7 tahun 8 bulan,SENIOR,92,84.72222222,87.0,0.0,0.0,1.0,67.4019777006,67.4019777006,6.0
Integrate AI solutions into business applications,AI Engineer,0014CA34,1.3333333333333333,0,DATA SCIENTIST,4 tahun 1 bulan,JUNIOR,49,82.5,95.0,99.537037037,30.4375931247,1.0,81.9453180716,81.9453180716,1.0
Integrate AI solutions into business applications,AI Engineer,0014EEF4,4.333333333333333,1,DATA ENGINEER,2 tahun 11 bulan,MIDDLE,35,85.0,93.5,80.9809654856,9.0371304039,1.2,92.960313373,92.960313373,8.0
Integrate AI solutions into business applications,AI Engineer,0014F3E9,3.3333333333333335,3,DATA ANALYST,3 tahun 1 bulan,JUNIOR,37,75.86206897,,98.257797271,12.7921561676,1.0,61.80993377,61.80993377,2.0
Integrate AI solutions into business applications,AI Engineer,001ABDF5,3.3333333333333335,1,DATA ANALYST,3 tahun 4 bulan,MIDDLE,40,82.24137931,98.5,98.9522417154,50.3029972195,1.0,86.5446547165,86.5446547165,8.0
Integrate AI solutions into business applications,AI Engineer,001AE6FC,1.6666666666666667,0,DATA ANALYST,3 tahun 4 bulan,JUNIOR,40,82.24137931,84.5,98.469149928,0.4301677875,,72.1149630886,72.1149630886,2.0
Integrate AI solutions into business applications,AI Engineer,001F9B47,3.0,1,DATA ENGINEER,3 tahun 1 bulan,JUNIOR,37,58.75,87.0,96.1884481736,8.6577453183,1.2,81.1247503422,81.1247503422,1.0
Integrate AI solutions into business applications,AI Engineer,002018BB,1.0,0,DATA SCIENTIST,10 tahun 10 bulan,SENIOR,130,97.22222222,98.0,50.5555555556,43.7450704533,1.0,86.4214334385,86.4214334385,18.0
Integrate AI solutions into business applications,AI Engineer,0020C6B5,3.6666666666666665,3,DATA ANALYST,2 tahun 10 bulan,MIDDLE,34,75.86206897,88.5,98.3674463938,3.3392709766,1.0,72.659385698,72.659385698,3.0
Integrate AI solutions into business applications,AI Engineer,002201AD,1.0,0,DATA ANALYST,4 tahun 10 bulan,MIDDLE,58,91.37931034,95.0,99.537037037,0.4301677875,1.0,80.0052980974,80.0052980974,2.0
Integrate AI solutions into business applications,AI Engineer,00270615,1.0,0,DATA ANALYST,3 tahun 9 bulan,JUNIOR,45,93.10344828,75.0,98.9814814815,29.9520058526,1.0,75.0818725109,75.0818725109,1.0
Integrate AI solutions into business applications,AI Engineer,00277DF9,1.6666666666666667,0,AI ENGINEER,0 tahun 5 bulan,MIDDLE,5,,,,,,,,4.0
Integrate AI solutions into business applications,AI Engineer,002D5AC9,4.0,3,DATA SCIENTIST,3 tahun 8 bulan,MIDDLE,44,78.88888889,92.0,97.4707602339,57.4757263933,1.0,83.3553945397,83.3553945397,3.0
Integrate AI solutions into business applications,AI Engineer,002DF96D,3.6666666666666665,3,DATA SCIENTIST,5 tahun 0 bulan,MIDDLE,60,78.88888889,91.0,46.8542261807,5.4541409456,1.1,78.7985129608,78.7985129608,15.0
Integrate AI solutions into business applications,AI Engineer,002E9001,2.3333333333333335,1,DATA ENGINEER,7 tahun 8 bulan,SENIOR,92,,,,,,,,10.0
Integrate AI solutions into business applications,AI Engineer,002EC9F6,1.0,2,DATA SCIENTIST,4 tahun 7 bulan,MIDDLE,55,97.22222222,96.5,83.7230473171,43.7450704533,1.1,96.6970538768,96.6970538768,0.0
Integrate AI solutions into business applications,AI Engineer,00302AE1,2.3333333333333335,1,DATA ENGINEER,2 tahun 5 bulan,MIDDLE,29,84.70588235,89.0,97.8411306043,0.4301677875,1.2,90.0022582512,90.0022582512,2.0
Integrate AI solutions into business applications,AI Engineer,00306ABB,2.6666666666666665,1,DATA ENGINEER,3 tahun 3 bulan,JUNIOR,39,94.11764706,90.0,96.5971692516,0.0,1.2,93.696777586,93.696777586,3.0
Integrate AI solutions into business applications,AI Engineer,0031857D,3.0,3,DATA SCIENTIST,2 tahun 11 bulan,MIDDLE,35,90.0,,97.6042024997,10.2336902669,1.0,70.0282735258,70.0282735258,5.0
Integrate AI solutions into business applications,AI Engineer,0037569D,3.3333333333333335,1,AI ENGINEER,2 tahun 8 bulan,MIDDLE,32,82.89473684,90.0,98.498389694,6.7355847106,1.3,98.749547614,98.749547614,21.0
Integrate AI solutions into business applications,AI Engineer,00392144,2.0,0,DATA SCIENTIST,4 tahun 10 bulan,MIDDLE,58,85.0,90.5,98.9522417154,10.5154493741,1.0,77.4187076743,77.4187076743,15.0
Integrate AI solutions into business applications,AI Engineer,003A7A13,2.0,0,DATA SCIENTIST,2 tahun 10 bulan,JUNIOR,34,82.5,89.5,96.6027405114,1.0754194688,1.0,74.6209033424,74.6209033424,5.0
Integrate AI solutions into business applications,AI Engineer,003B384C,3.3333333333333335,3,DATA SCIENTIST,2 tahun 10 bulan,SENIOR,34,80.0,92.0,96.3395202983,44.3903221346,1.1,89.794363496,89.794363496,3.0
Integrate AI solutions into business applications,AI Engineer,003C6A0D,1.0,0,DATA ANALYST,1 tahun 9 bulan,JUNIOR,21,76.20689655,98.0,45.3968253968,2.3230903964,1.0,73.7283503902,73.7283503902,7.0
Integrate AI solutions into business applications,AI Engineer,003CFD5B,3.0,1,DATA ENGINEER,3 tahun 8 bulan,MIDDLE,44,77.5,80.0,98.9522417154,3.0893274449,1.3,89.6443972996,89.6443972996,0.0
Integrate AI solutions into business applications,AI Engineer,003D5583,2.0,0,DATA SCIENTIST,3 tahun 9 bulan,JUNIOR,45,98.61111111,90.0,98.9522417154,31.463471719,1.0,84.2841556523,84.2841556523,1.0
Integrate AI solutions into business applications,AI Engineer,0042FA00,2.6666666666666665,0,DATA ANALYST,3 tahun 1 bulan,JUNIOR,37,80.68965517,90.0,98.9522417154,38.3427977748,1.0,80.1122536136,80.1122536136,2.0
Integrate AI solutions into business applications,AI Engineer,00430780,2.0,2,DATA ANALYST,2 tahun 10 bulan,MIDDLE,34,87.93103448,86.0,92.1643347143,0.4301677875,1.0,74.0835656652,74.0835656652,2.0
Integrate AI solutions into business applications,AI Engineer,00434E84,3.3333333333333335,1,DATA SCIENTIST,3 tahun 9 bulan,JUNIOR,45,80.27777778,95.0,96.1220230528,0.0,1.0,76.485383457,76.485383457,4.0
Integrate AI solutions into business applications,AI Engineer,00456E77,2.3333333333333335,1,DATA SCIENTIST,1 tahun 8 bulan,BASIC,20,75.55555556,90.0,17.7777777778,0.0,,67.4044956827,67.4044956827,8.0
Integrate AI solutions into business applications,AI Engineer,0045D05E,2.0,1,DATA SCIENTIST,4 tahun 1 bulan,JUNIOR,49,73.75,85.0,96.7440037291,55.491056416,1.0,78.0721708555,78.0721708555,7.0
Integrate AI solutions into business applications,AI Engineer,00464297,1.0,2,MGT,4 tahun 11 bulan,-,59,,,,,,,,1.0
Integrate AI solutions into business applications,AI Engineer,005139FE,2.0,0,DATA ANALYST,4 tahun 1 bulan,MIDDLE,49,79.13793103,85.0,98.9522417154,0.4301677875,1.0,71.4912919476,71.4912919476,2.0
Integrate AI solutions into business applications,AI Engineer,0052D29A,2.6666666666666665,1,DATA ANALYST,5 tahun 1 bulan,SENIOR,61,73.10344828,86.0,97.7192982456,51.2417874977,1.0,77.8012250633,77.8012250633,4.0
Integrate AI solutions into business applications,AI Engineer,00563DC3,1.6666666666666667,0,DATA ANALYST,3 tahun 6 bulan,MIDDLE,42,76.20689655,96.0,3.7037037037,53.3266455725,1.0,77.6344597313,77.6344597313,4.0
Integrate AI solutions into business applications,AI Engineer,00630639,2.6666666666666665,1,DATA SCIENTIST,9 tahun 2 bulan,MIDDLE,110,80.0,75.0,98.9522417154,54.8821326185,1.0,75.0274646513,75.0274646513,0.0
Integrate AI solutions into business applications,AI Engineer,0073D075,2.6666666666666665,3,DATA SCIENTIST,4 tahun 0 bulan,JUNIOR,48,91.66666667,93.0,58.0116959064,8.2492354431,1.0,77.500618325,77.500618325,4.0
Integrate AI solutions into business applications,AI Engineer,0084C542,2.3333333333333335,0,DATA ANALYST,4 tahun 0 bulan,MIDDLE,48,74.48275862,80.0,98.9522417154,0.0,1.0,67.6149808506,67.6149808506,2.0
Integrate AI solutions into business applications,AI Engineer,00897237,1.3333333333333333,0,DATA ANALYST,3 tahun 9 bulan,MIDDLE,45,93.10344828,92.5,94.1423001949,2.5085548458,1.2,95.0743558155,95.0743558155,8.0
Integrate AI solutions into business applications,AI Engineer,0097B743,2.0,0,MGT,3 tahun 1 bulan,-,37,90.27777778,,98.9522417154,37.0103448893,1.0,77.3225695827,77.3225695827,5.0
Integrate AI solutions into business applications,AI Engineer,009C501C,2.0,0,DATA ANALYST,2 tahun 9 bulan,MIDDLE,33,71.72413793,91.5,99.537037037,45.8959093909,1.1,87.3635004212,87.3635004212,9.0
Integrate AI solutions into business applications,AI Engineer,017F0DF6,3.3333333333333335,3,AI ENGINEER,3 tahun 8 bulan,JUNIOR,44,84.07894737,90.0,75.790084404,1.3470096476,1.3,96.1634426675,96.1634426675,9.0
Maintain data lakes and warehouses,Data Engineer,0000ECE6,1.75,2,DATA ANALYST,4 tahun 10 bulan,JUNIOR,58,,,,,,,,9.0
Maintain data lakes and warehouses,Data Engineer,0001741A,4.5,3,DATA SCIENTIST,4 tahun 11 bulan,JUNIOR,59,88.75,89.5,96.4930913886,12.6845989445,1.0,78.1787671463,78.1787671463,3.0
Maintain data lakes and warehouses,Data Engineer,00017D8B,4.75,3,DATA ENGINEER,3 tahun 9 bulan,SENIOR,45,86.02941176,94.0,88.8888888889,14.482615467,1.2,95.2346475844,95.2346475844,0.0
Maintain data lakes and warehouses,Data Engineer,00049B4B,1.5,0,DATA ANALYST,3 tahun 9 bulan,MIDDLE,45,76.66666667,,99.4152046784,13.616265803,1.0,62.6570672707,62.6570672707,8.0
Maintain data lakes and warehouses,Data Engineer,0004E1C5,2.25,1,AI ENGINEER,1 tahun 0 bulan,MIDDLE,12,98.68421053,,85.4256716671,27.4434510067,1.2,94.462392646,94.462392646,3.0
Maintain data lakes and warehouses,Data Engineer,00050DC9,2.0,2,DATA ANALYST,3 tahun 6 bulan,MIDDLE,42,73.27586207,90.0,93.7469277057,9.2877346217,1.1,80.5550616974,80.5550616974,9.0
Maintain data lakes and warehouses,Data Engineer,00055602,2.0,0,DATA SCIENTIST,0 tahun 9 bulan,JUNIOR,9,80.27777778,84.0,0.0,0.0,1.2,77.5622022708,77.5622022708,1.0
Maintain data lakes and warehouses,Data Engineer,0006B570,3.75,3,DATA ANALYST,4 tahun 11 bulan,JUNIOR,59,75.86206897,86.0,98.469149928,0.8603355751,1.0,71.0634376852,71.0634376852,4.0
Maintain data lakes and warehouses,Data Engineer,0006F238,3.25,1,DATA SCIENTIST,4 tahun 8 bulan,MIDDLE,56,97.22222222,,98.9522417154,54.9046621779,1.1,95.020460512,95.020460512,7.0
Maintain data lakes and warehouses,Data Engineer,0008CEE3,4.25,3,DATA ENGINEER,8 tahun 3 bulan,SENIOR,99,88.23529412,93.0,81.2753036437,0.0,1.3,99.8654925819,99.8654925819,21.0
Maintain data lakes and warehouses,Data Engineer,0008DB3D,3.25,3,AI ENGINEER,4 tahun 5 bulan,MIDDLE,53,78.94736842,95.5,97.9135943724,2.0205144715,1.3,99.7997608046,99.7997608046,26.0
Maintain data lakes and warehouses,Data Engineer,0008EF5A,2.0,0,DATA SCIENTIST,3 tahun 9 bulan,JUNIOR,45,87.5,70.0,98.9522417154,0.0,1.0,66.4806914307,66.4806914307,2.0
Maintain data lakes and warehouses,Data Engineer,00093BBA,1.25,2,MGT,4 tahun 11 bulan,-,59,,,,,,,,1.0
Maintain data lakes and warehouses,Data Engineer,000BC56E,3.25,1,DATA ANALYST,3 tahun 2 bulan,JUNIOR,38,77.67241379,89.0,95.0048732943,0.4301677875,1.0,72.7677924824,72.7677924824,2.0
Maintain data lakes and warehouses,Data Engineer,000BE0C5,3.75,3,DATA ANALYST,3 tahun 0 bulan,MIDDLE,36,79.13793103,90.5,96.8024832613,9.3020121433,1.0,75.3882483655,75.3882483655,0.0
Maintain data lakes and warehouses,Data Engineer,000BF13A,1.5,2,DATA ANALYST,4 tahun 11 bulan,JUNIOR,59,85.34482759,84.0,76.9401195515,0.4301677875,1.0,71.3283335517,71.3283335517,2.0
Maintain data lakes and warehouses,Data Engineer,000C7109,3.0,1,DATA SCIENTIST,6 tahun 6 bulan,MIDDLE,78,,,,,,,,9.0
Maintain data lakes and warehouses,Data Engineer,000C72E4,4.0,1,DATA ENGINEER,5 tahun 0 bulan,MIDDLE,60,76.47058824,91.5,89.9596364099,0.0,1.2,87.8939523114,87.8939523114,3.0
Maintain data lakes and warehouses,Data Engineer,000CEE2B,2.25,0,DATA ANALYST,3 tahun 11 bulan,MIDDLE,47,74.48275862,90.0,98.9522417154,10.5359979556,1.0,74.1194724896,74.1194724896,4.0
Maintain data lakes and warehouses,Data Engineer,000FCFC2,4.75,3,AI ENGINEER,1 tahun 10 bulan,JUNIOR,22,80.52631579,95.0,98.9522417154,34.6152175938,1.0,81.9618884287,81.9618884287,16.0
Maintain data lakes and warehouses,Data Engineer,00101A0D,1.75,0,DATA SCIENTIST,4 tahun 0 bulan,JUNIOR,48,82.5,94.0,39.414983165,7.0665492569,1.0,73.9040356956,73.9040356956,2.0
Maintain data lakes and warehouses,Data Engineer,00103C57,3.5,1,DATA ANALYST,4 tahun 11 bulan,JUNIOR,59,80.60344828,81.5,80.2615189223,5.8627640301,1.0,69.7620596418,69.7620596418,15.0
Maintain data lakes and warehouses,Data Engineer,00104933,1.0,2,MGT,3 tahun 11 bulan,-,47,89.65517241,,98.469149928,8.7007929068,1.0,69.5023814571,69.5023814571,1.0
Maintain data lakes and warehouses,Data Engineer,001356B3,2.5,1,DATA SCIENTIST,1 tahun 10 bulan,JUNIOR,22,98.61111111,,98.9522417154,37.4823489904,1.0,82.7234066868,82.7234066868,7.0
Maintain data lakes and warehouses,Data Engineer,0013A32D,1.0,2,MGT,5 tahun 9 bulan,-,69,79.13793103,99.0,88.8109161793,8.7722486646,1.0,78.9526210358,78.9526210358,1.0
Maintain data lakes and warehouses,Data Engineer,0013D24E,2.75,1,DATA SCIENTIST,4 tahun 9 bulan,JUNIOR,57,66.25,92.0,97.9135943724,0.0,1.1,78.1589269578,78.1589269578,0.0
Maintain data lakes and warehouses,Data Engineer,0014B046,2.5,1,DATA SCIENTIST,7 tahun 8 bulan,SENIOR,92,84.72222222,87.0,0.0,0.0,1.0,67.4019777006,67.4019777006,6.0
Maintain data lakes and warehouses,Data Engineer,0014CA34,1.75,0,DATA SCIENTIST,4 tahun 1 bulan,JUNIOR,49,82.5,95.0,99.537037037,30.4375931247,1.0,81.9453180716,81.9453180716,1.0
Maintain data lakes and warehouses,Data Engineer,0014EEF4,4.25,1,DATA ENGINEER,2 tahun 11 bulan,MIDDLE,35,85.0,93.5,80.9809654856,9.0371304039,1.2,92.960313373,92.960313373,8.0
Maintain data lakes and warehouses,Data Engineer,0014F3E9,3.75,3,DATA ANALYST,3 tahun 1 bulan,JUNIOR,37,75.86206897,,98.257797271,12.7921561676,1.0,61.80993377,61.80993377,2.0
Maintain data lakes and warehouses,Data Engineer,001ABDF5,3.0,1,DATA ANALYST,3 tahun 4 bulan,MIDDLE,40,82.24137931,98.5,98.9522417154,50.3029972195,1.0,86.5446547165,86.5446547165,8.0
Maintain data lakes and warehouses,Data Engineer,001AE6FC,2.75,0,DATA ANALYST,3 tahun 4 bulan,JUNIOR,40,82.24137931,84.5,98.469149928,0.4301677875,,72.1149630886,72.1149630886,2.0
Maintain data lakes and warehouses,Data Engineer,001F9B47,4.0,1,DATA ENGINEER,3 tahun 1 bulan,JUNIOR,37,58.75,87.0,96.1884481736,8.6577453183,1.2,81.1247503422,81.1247503422,1.0
Maintain data lakes and warehouses,Data Engineer,002018BB,2.5,0,DATA SCIENTIST,10 tahun 10 bulan,SENIOR,130,97.22222222,98.0,50.5555555556,43.7450704533,1.0,86.4214334385,86.4214334385,18.0
Maintain data lakes and warehouses,Data Engineer,0020C6B5,3.0,3,DATA ANALYST,2 tahun 10 bulan,MIDDLE,34,75.86206897,88.5,98.3674463938,3.3392709766,1.0,72.659385698,72.659385698,3.0
Maintain data lakes and warehouses,Data Engineer,002201AD,1.75,0,DATA ANALYST,4 tahun 10 bulan,MIDDLE,58,91.37931034,95.0,99.537037037,0.4301677875,1.0,80.0052980974,80.0052980974,2.0
Maintain data lakes and warehouses,Data Engineer,00270615,2.25,0,DATA ANALYST,3 tahun 9 bulan,JUNIOR,45,93.10344828,75.0,98.9814814815,29.9520058526,1.0,75.0818725109,75.0818725109,1.0
Maintain data lakes and warehouses,Data Engineer,00277DF9,1.75,0,AI ENGINEER,0 tahun 5 bulan,MIDDLE,5,,,,,,,,4.0
Maintain data lakes and warehouses,Data Engineer,002D5AC9,4.0,3,DATA SCIENTIST,3 tahun 8 bulan,MIDDLE,44,78.88888889,92.0,97.4707602339,57.4757263933,1.0,83.3553945397,83.3553945397,3.0
Maintain data lakes and warehouses,Data Engineer,002DF96D,3.25,3,DATA SCIENTIST,5 tahun 0 bulan,MIDDLE,60,78.88888889,91.0,46.8542261807,5.4541409456,1.1,78.7985129608,78.7985129608,15.0
Maintain data lakes and warehouses,Data Engineer,002E9001,3.5,1,DATA ENGINEER,7 tahun 8 bulan,SENIOR,92,,,,,,,,10.0
Maintain data lakes and warehouses,Data Engineer,002EC9F6,1.5,2,DATA SCIENTIST,4 tahun 7 bulan,MIDDLE,55,97.22222222,96.5,83.7230473171,43.7450704533,1.1,96.6970538768,96.6970538768,0.0
Maintain data lakes and warehouses,Data Engineer,00302AE1,3.0,1,DATA ENGINEER,2 tahun 5 bulan,MIDDLE,29,84.70588235,89.0,97.8411306043,0.4301677875,1.2,90.0022582512,90.0022582512,2.0
Maintain data lakes and warehouses,Data Engineer,00306ABB,3.25,1,DATA ENGINEER,3 tahun 3 bulan,JUNIOR,39,94.11764706,90.0,96.5971692516,0.0,1.2,93.696777586,93.696777586,3.0
Maintain data lakes and warehouses,Data Engineer,0031857D,3.0,3,DATA SCIENTIST,2 tahun 11 bulan,MIDDLE,35,90.0,,97.6042024997,10.2336902669,1.0,70.0282735258,70.0282735258,5.0
Maintain data lakes and warehouses,Data Engineer,0037569D,2.75,1,AI ENGINEER,2 tahun 8 bulan,MIDDLE,32,82.89473684,90.0,98.498389694,6.7355847106,1.3,98.749547614,98.749547614,21.0
Maintain data lakes and warehouses,Data Engineer,00392144,2.5,0,DATA SCIENTIST,4 tahun 10 bulan,MIDDLE,58,85.0,90.5,98.9522417154,10.5154493741,1.0,77.4187076743,77.4187076743,15.0
Maintain data lakes and warehouses,Data Engineer,003A7A13,1.75,0,DATA SCIENTIST,2 tahun 10 bulan,JUNIOR,34,82.5,89.5,96.6027405114,1.0754194688,1.0,74.6209033424,74.6209033424,5.0
Maintain data lakes and warehouses,Data Engineer,003B384C,4.0,3,DATA SCIENTIST,2 tahun 10 bulan,SENIOR,34,80.0,92.0,96.3395202983,44.3903221346,1.1,89.794363496,89.794363496,3.0
Maintain data lakes and warehouses,Data Engineer,003C6A0D,2.0,0,DATA ANALYST,1 tahun 9 bulan,JUNIOR,21,76.20689655,98.0,45.3968253968,2.3230903964,1.0,73.7283503902,73.7283503902,7.0
Maintain data lakes and warehouses,Data Engineer,003CFD5B,2.75,1,DATA ENGINEER,3 tahun 8 bulan,MIDDLE,44,77.5,80.0,98.9522417154,3.0893274449,1.3,89.6443972996,89.6443972996,0.0
Maintain data lakes and warehouses,Data Engineer,003D5583,2.5,0,DATA SCIENTIST,3 tahun 9 bulan,JUNIOR,45,98.61111111,90.0,98.9522417154,31.463471719,1.0,84.2841556523,84.2841556523,1.0
Maintain data lakes and warehouses,Data Engineer,0042FA00,1.75,0,DATA ANALYST,3 tahun 1 bulan,JUNIOR,37,80.68965517,90.0,98.9522417154,38.3427977748,1.0,80.1122536136,80.1122536136,2.0
Maintain data lakes and warehouses,Data Engineer,00430780,2.0,2,DATA ANALYST,2 tahun 10 bulan,MIDDLE,34,87.93103448,86.0,92.1643347143,0.4301677875,1.0,74.0835656652,74.0835656652,2.0
Maintain data lakes and warehouses,Data Engineer,00434E84,3.5,1,DATA SCIENTIST,3 tahun 9 bulan,JUNIOR,45,80.27777778,95.0,96.1220230528,0.0,1.0,76.485383457,76.485383457,4.0
Maintain data lakes and warehouses,Data Engineer,00456E77,2.5,1,DATA SCIENTIST,1 tahun 8 bulan,BASIC,20,75.55555556,90.0,17.7777777778,0.0,,67.4044956827,67.4044956827,8.0
Maintain data lakes and warehouses,Data Engineer,0045D05E,2.0,1,DATA SCIENTIST,4 tahun 1 bulan,JUNIOR,49,73.75,85.0,96.7440037291,55.491056416,1.0,78.0721708555,78.0721708555,7.0
Maintain data lakes and warehouses,Data Engineer,00464297,1.0,2,MGT,4 tahun 11 bulan,-,59,,,,,,,,1.0
Maintain data lakes and warehouses,Data Engineer,005139FE,2.25,0,DATA ANALYST,4 tahun 1 bulan,MIDDLE,49,79.13793103,85.0,98.9522417154,0.4301677875,1.0,71.4912919476,71.4912919476,2.0
Maintain data lakes and warehouses,Data Engineer,0052D29A,3.5,1,DATA ANALYST,5 tahun 1 bulan,SENIOR,61,73.10344828,86.0,97.7192982456,51.2417874977,1.0,77.8012250633,77.8012250633,4.0
Maintain data lakes and warehouses,Data Engineer,00563DC3,3.25,0,DATA ANALYST,3 tahun 6 bulan,MIDDLE,42,76.20689655,96.0,3.7037037037,53.3266455725,1.0,77.6344597313,77.6344597313,4.0
Maintain data lakes and warehouses,Data Engineer,00630639,3.0,1,DATA SCIENTIST,9 tahun 2 bulan,MIDDLE,110,80.0,75.0,98.9522417154,54.8821326185,1.0,75.0274646513,75.0274646513,0.0
Maintain data lakes and warehouses,Data Engineer,0073D075,2.75,3,DATA SCIENTIST,4 tahun 0 bulan,JUNIOR,48,91.66666667,93.0,58.0116959064,8.2492354431,1.0,77.500618325,77.500618325,4.0
Maintain data lakes and warehouses,Data Engineer,0084C542,2.0,0,DATA ANALYST,4 tahun 0 bulan,MIDDLE,48,74.48275862,80.0,98.9522417154,0.0,1.0,67.6149808506,67.6149808506,2.0
Maintain data lakes and warehouses,Data Engineer,00897237,1.5,0,DATA ANALYST,3 tahun 9 bulan,MIDDLE,45,93.10344828,92.5,94.1423001949,2.5085548458,1.2,95.0743558155,95.0743558155,8.0
Maintain data lakes and warehouses,Data Engineer,0097B743,2.0,0,MGT,3 tahun 1 bulan,-,37,90.27777778,,98.9522417154,37.0103448893,1.0,77.3225695827,77.3225695827,5.0
Maintain data lakes and warehouses,Data Engineer,009C501C,2.75,0,DATA ANALYST,2 tahun 9 bulan,MIDDLE,33,71.72413793,91.5,99.537037037,45.8959093909,1.1,87.3635004212,87.3635004212,9.0
Maintain data lakes and warehouses,Data Engineer,017F0DF6,3.0,3,AI ENGINEER,3 tahun 8 bulan,JUNIOR,44,84.07894737,90.0,75.790084404,1.3470096476,1.3,96.1634426675,96.1634426675,9.0
Manage cloud-based data processing,Data Engineer,0000ECE6,2.0,2,DATA ANALYST,4 tahun 10 bulan,JUNIOR,58,,,,,,,,9.0
Manage cloud-based data processing,Data Engineer,0001741A,4.5,3,DATA SCIENTIST,4 tahun 11 bulan,JUNIOR,59,88.75,89.5,96.4930913886,12.6845989445,1.0,78.1787671463,78.1787671463,3.0
Manage cloud-based data processing,Data Engineer,00017D8B,5.0,3,DATA ENGINEER,3 tahun 9 bulan,SENIOR,45,86.02941176,94.0,88.8888888889,14.482615467,1.2,95.2346475844,95.2346475844,0.0
Manage cloud-based data processing,Data Engineer,00049B4B,1.5,0,DATA ANALYST,3 tahun 9 bulan,MIDDLE,45,76.66666667,,99.4152046784,13.616265803,1.0,62.6570672707,62.6570672707,8.0
Manage cloud-based data processing,Data Engineer,0004E1C5,1.5,1,AI ENGINEER,1 tahun 0 bulan,MIDDLE,12,98.68421053,,85.4256716671,27.4434510067,1.2,94.462392646,94.462392646,3.0
Manage cloud-based data processing,Data Engineer,00050DC9,2.0,2,DATA ANALYST,3 tahun 6 bulan,MIDDLE,42,73.27586207,90.0,93.7469277057,9.2877346217,1.1,80.5550616974,80.5550616974,9.0
Manage cloud-based data processing,Data Engineer,00055602,2.5,0,DATA SCIENTIST,0 tahun 9 bulan,JUNIOR,9,80.27777778,84.0,0.0,0.0,1.2,77.5622022708,77.5622022708,1.0
Manage cloud-based data processing,Data Engineer,0006B570,4.0,3,DATA ANALYST,4 tahun 11 bulan,JUNIOR,59,75.86206897,86.0,98.469149928,0.8603355751,1.0,71.0634376852,71.0634376852,4.0
Manage cloud-based data processing,Data Engineer,0006F238,3.0,1,DATA SCIENTIST,4 tahun 8 bulan,MIDDLE,56,97.22222222,,98.9522417154,54.9046621779,1.1,95.020460512,95.020460512,7.0
Manage cloud-based data processing,Data Engineer,0008CEE3,4.5,3,DATA ENGINEER,8 tahun 3 bulan,SENIOR,99,88.23529412,93.0,81.2753036437,0.0,1.3,99.8654925819,99.8654925819,21.0
Manage cloud-based data processing,Data Engineer,0008DB3D,3.0,3,AI ENGINEER,4 tahun 5 bulan,MIDDLE,53,78.94736842,95.5,97.9135943724,2.0205144715,1.3,99.7997608046,99.7997608046,26.0
Manage cloud-based data processing,Data Engineer,0008EF5A,2.5,0,DATA SCIENTIST,3 tahun 9 bulan,JUNIOR,45,87.5,70.0,98.9522417154,0.0,1.0,66.4806914307,66.4806914307,2.0
Manage cloud-based data processing,Data Engineer,00093BBA,1.0,2,MGT,4 tahun 11 bulan,-,59,,,,,,,,1.0
Manage cloud-based data processing,Data Engineer,000BC56E,3.5,1,DATA ANALYST,3 tahun 2 bulan,JUNIOR,38,77.67241379,89.0,95.0048732943,0.4301677875,1.0,72.7677924824,72.7677924824,2.0
Manage cloud-based data processing,Data Engineer,000BE0C5,4.0,3,DATA ANALYST,3 tahun 0 bulan,MIDDLE,36,79.13793103,90.5,96.8024832613,9.3020121433,1.0,75.3882483655,75.3882483655,0.0
Manage cloud-based data processing,Data Engineer,000BF13A,1.5,2,DATA ANALYST,4 tahun 11 bulan,JUNIOR,59,85.34482759,84.0,76.9401195515,0.4301677875,1.0,71.3283335517,71.3283335517,2.0
Manage cloud-based data processing,Data Engineer,000C7109,3.0,1,DATA SCIENTIST,6 tahun 6 bulan,MIDDLE,78,,,,,,,,9.0
Manage cloud-based data processing,Data Engineer,000C72E4,4.5,1,DATA ENGINEER,5 tahun 0 bulan,MIDDLE,60,76.47058824,91.5,89.9596364099,0.0,1.2,87.8939523114,87.8939523114,3.0
Manage cloud-based data processing,Data Engineer,000CEE2B,2.0,0,DATA ANALYST,3 tahun 11 bulan,MIDDLE,47,74.48275862,90.0,98.9522417154,10.5359979556,1.0,74.1194724896,74.1194724896,4.0
Manage cloud-based data processing,Data Engineer,000FCFC2,4.5,3,AI ENGINEER,1 tahun 10 bulan,JUNIOR,22,80.52631579,95.0,98.9522417154,34.6152175938,1.0,81.9618884287,81.9618884287,16.0
Manage cloud-based data processing,Data Engineer,00101A0D,2.0,0,DATA SCIENTIST,4 tahun 0 bulan,JUNIOR,48,82.5,94.0,39.414983165,7.0665492569,1.0,73.9040356956,73.9040356956,2.0
Manage cloud-based data processing,Data Engineer,00103C57,3.5,1,DATA ANALYST,4 tahun 11 bulan,JUNIOR,59,80.60344828,81.5,80.2615189223,5.8627640301,1.0,69.7620596418,69.7620596418,15.0
Manage cloud-based data processing,Data Engineer,00104933,1.0,2,MGT,3 tahun 11 bulan,-,47,89.65517241,,98.469149928,8.7007929068,1.0,69.5023814571,69.5023814571,1.0
Manage cloud-based data processing,Data Engineer,001356B3,2.0,1,DATA SCIENTIST,1 tahun 10 bulan,JUNIOR,22,98.61111111,,98.9522417154,37.4823489904,1.0,82.7234066868,82.7234066868,7.0
Manage cloud-based data processing,Data Engineer,0013A32D,1.0,2,MGT,5 tahun 9 bulan,-,69,79.13793103,99.0,88.8109161793,8.7722486646,1.0,78.9526210358,78.9526210358,1.0
Manage cloud-based data processing,Data Engineer,0013D24E,2.5,1,DATA SCIENTIST,4 tahun 9 bulan,JUNIOR,57,66.25,92.0,97.9135943724,0.0,1.1,78.1589269578,78.1589269578,0.0
Manage cloud-based data processing,Data Engineer,0014B046,3.0,1,DATA SCIENTIST,7 tahun 8 bulan,SENIOR,92,84.72222222,87.0,0.0,0.0,1.0,67.4019777006,67.4019777006,6.0
Manage cloud-based data processing,Data Engineer,0014CA34,1.5,0,DATA SCIENTIST,4 tahun 1 bulan,JUNIOR,49,82.5,95.0,99.537037037,30.4375931247,1.0,81.9453180716,81.9453180716,1.0
Manage cloud-based data processing,Data Engineer,0014EEF4,5.0,1,DATA ENGINEER,2 tahun 11 bulan,MIDDLE,35,85.0,93.5,80.9809654856,9.0371304039,1.2,92.960313373,92.960313373,8.0
Manage cloud-based data processing,Data Engineer,0014F3E9,4.0,3,DATA ANALYST,3 tahun 1 bulan,JUNIOR,37,75.86206897,,98.257797271,12.7921561676,1.0,61.80993377,61.80993377,2.0
Manage cloud-based data processing,Data Engineer,001ABDF5,3.5,1,DATA ANALYST,3 tahun 4 bulan,MIDDLE,40,82.24137931,98.5,98.9522417154,50.3029972195,1.0,86.5446547165,86.5446547165,8.0
Manage cloud-based data processing,Data Engineer,001AE6FC,3.0,0,DATA ANALYST,3 tahun 4 bulan,JUNIOR,40,82.24137931,84.5,98.469149928,0.4301677875,,72.1149630886,72.1149630886,2.0
Manage cloud-based data processing,Data Engineer,001F9B47,4.5,1,DATA ENGINEER,3 tahun 1 bulan,JUNIOR,37,58.75,87.0,96.1884481736,8.6577453183,1.2,81.1247503422,81.1247503422,1.0
Manage cloud-based data processing,Data Engineer,002018BB,2.5,0,DATA SCIENTIST,10 tahun 10 bulan,SENIOR,130,97.22222222,98.0,50.5555555556,43.7450704533,1.0,86.4214334385,86.4214334385,18.0
Manage cloud-based data processing,Data Engineer,0020C6B5,3.5,3,DATA ANALYST,2 tahun 10 bulan,MIDDLE,34,75.86206897,88.5,98.3674463938,3.3392709766,1.0,72.659385698,72.659385698,3.0
Manage cloud-based data processing,Data Engineer,002201AD,1.5,0,DATA ANALYST,4 tahun 10 bulan,MIDDLE,58,91.37931034,95.0,99.537037037,0.4301677875,1.0,80.0052980974,80.0052980974,2.0
Manage cloud-based data processing,Data Engineer,00270615,2.0,0,DATA ANALYST,3 tahun 9 bulan,JUNIOR,45,93.10344828,75.0,98.9814814815,29.9520058526,1.0,75.0818725109,75.0818725109,1.0
Manage cloud-based data processing,Data Engineer,00277DF9,1.5,0,AI ENGINEER,0 tahun 5 bulan,MIDDLE,5,,,,,,,,4.0
Manage cloud-based data processing,Data Engineer,002D5AC9,4.0,3,DATA SCIENTIST,3 tahun 8 bulan,MIDDLE,44,78.88888889,92.0,97.4707602339,57.4757263933,1.0,83.3553945397,83.3553945397,3.0
Manage cloud-based data processing,Data Engineer,002DF96D,4.0,3,DATA SCIENTIST,5 tahun 0 bulan,MIDDLE,60,78.88888889,91.0,46.8542261807,5.4541409456,1.1,78.7985129608,78.7985129608,15.0
Manage cloud-based data processing,Data Engineer,002E9001,3.5,1,DATA ENGINEER,7 tahun 8 bulan,SENIOR,92,,,,,,,,10.0
Manage cloud-based data processing,Data Engineer,002EC9F6,1.5,2,DATA SCIENTIST,4 tahun 7 bulan,MIDDLE,55,97.22222222,96.5,83.7230473171,43.7450704533,1.1,96.6970538768,96.6970538768,0.0
Manage cloud-based data processing,Data Engineer,00302AE1,3.5,1,DATA ENGINEER,2 tahun 5 bulan,MIDDLE,29,84.70588235,89.0,97.8411306043,0.4301677875,1.2,90.0022582512,90.0022582512,2.0
Manage cloud-based data processing,Data Engineer,00306ABB,4.0,1,DATA ENGINEER,3 tahun 3 bulan,JUNIOR,39,94.11764706,90.0,96.5971692516,0.0,1.2,93.696777586,93.696777586,3.0
Manage cloud-based data processing,Data Engineer,0031857D,3.0,3,DATA SCIENTIST,2 tahun 11 bulan,MIDDLE,35,90.0,,97.6042024997,10.2336902669,1.0,70.0282735258,70.0282735258,5.0
Manage cloud-based data processing,Data Engineer,0037569D,2.5,1,AI ENGINEER,2 tahun 8 bulan,MIDDLE,32,82.89473684,90.0,98.498389694,6.7355847106,1.3,98.749547614,98.749547614,21.0
Manage cloud-based data processing,Data Engineer,00392144,2.0,0,DATA SCIENTIST,4 tahun 10 bulan,MIDDLE,58,85.0,90.5,98.9522417154,10.5154493741,1.0,77.4187076743,77.4187076743,15.0
Manage cloud-based data processing,Data Engineer,003A7A13,1.5,0,DATA SCIENTIST,2 tahun 10 bulan,JUNIOR,34,82.5,89.5,96.6027405114,1.0754194688,1.0,74.6209033424,74.6209033424,5.0
Manage cloud-based data processing,Data Engineer,003B384C,4.0,3,DATA SCIENTIST,2 tahun 10 bulan,SENIOR,34,80.0,92.0,96.3395202983,44.3903221346,1.1,89.794363496,89.794363496,3.0
Manage cloud-based data processing,Data Engineer,003C6A0D,1.5,0,DATA ANALYST,1 tahun 9 bulan,JUNIOR,21,76.20689655,98.0,45.3968253968,2.3230903964,1.0,73.7283503902,73.7283503902,7.0
Manage cloud-based data processing,Data Engineer,003CFD5B,3.5,1,DATA ENGINEER,3 tahun 8 bulan,MIDDLE,44,77.5,80.0,98.9522417154,3.0893274449,1.3,89.6443972996,89.6443972996,0.0
Manage cloud-based data processing,Data Engineer,003D5583,2.5,0,DATA SCIENTIST,3 tahun 9 bulan,JUNIOR,45,98.61111111,90.0,98.9522417154,31.463471719,1.0,84.2841556523,84.2841556523,1.0
Manage cloud-based data processing,Data Engineer,0042FA00,2.0,0,DATA ANALYST,3 tahun 1 bulan,JUNIOR,37,80.68965517,90.0,98.9522417154,38.3427977748,1.0,80.1122536136,80.1122536136,2.0
Manage cloud-based data processing,Data Engineer,00430780,2.0,2,DATA ANALYST,2 tahun 10 bulan,MIDDLE,34,87.93103448,86.0,92.1643347143,0.4301677875,1.0,74.0835656652,74.0835656652,2.0
Manage cloud-based data processing,Data Engineer,00434E84,4.0,1,DATA SCIENTIST,3 tahun 9 bulan,JUNIOR,45,80.27777778,95.0,96.1220230528,0.0,1.0,76.485383457,76.485383457,4.0
Manage cloud-based data processing,Data Engineer,00456E77,2.5,1,DATA SCIENTIST,1 tahun 8 bulan,BASIC,20,75.55555556,90.0,17.7777777778,0.0,,67.4044956827,67.4044956827,8.0
Manage cloud-based data processing,Data Engineer,0045D05E,2.0,1,DATA SCIENTIST,4 tahun 1 bulan,JUNIOR,49,73.75,85.0,96.7440037291,55.491056416,1.0,78.0721708555,78.0721708555,7.0
Manage cloud-based data processing,Data Engineer,00464297,1.0,2,MGT,4 tahun 11 bulan,-,59,,,,,,,,1.0
Manage cloud-based data processing,Data Engineer,005139FE,2.0,0,DATA ANALYST,4 tahun 1 bulan,MIDDLE,49,79.13793103,85.0,98.9522417154,0.4301677875,1.0,71.4912919476,71.4912919476,2.0
Manage cloud-based data processing,Data Engineer,0052D29A,3.5,1,DATA ANALYST,5 tahun 1 bulan,SENIOR,61,73.10344828,86.0,97.7192982456,51.2417874977,1.0,77.8012250633,77.8012250633,4.0
Manage cloud-based data processing,Data Engineer,00563DC3,3.5,0,DATA ANALYST,3 tahun 6 bulan,MIDDLE,42,76.20689655,96.0,3.7037037037,53.3266455725,1.0,77.6344597313,77.6344597313,4.0
Manage cloud-based data processing,Data Engineer,00630639,3.0,1,DATA SCIENTIST,9 tahun 2 bulan,MIDDLE,110,80.0,75.0,98.9522417154,54.8821326185,1.0,75.0274646513,75.0274646513,0.0
Manage cloud-based data processing,Data Engineer,0073D075,2.5,3,DATA SCIENTIST,4 tahun 0 bulan,JUNIOR,48,91.66666667,93.0,58.0116959064,8.2492354431,1.0,77.500618325,77.500618325,4.0
Manage cloud-based data processing,Data Engineer,0084C542,2.0,0,DATA ANALYST,4 tahun 0 bulan,MIDDLE,48,74.48275862,80.0,98.9522417154,0.0,1.0,67.6149808506,67.6149808506,2.0
Manage cloud-based data processing,Data Engineer,00897237,1.5,0,DATA ANALYST,3 tahun 9 bulan,MIDDLE,45,93.10344828,92.5,94.1423001949,2.5085548458,1.2,95.0743558155,95.0743558155,8.0
Manage cloud-based data processing,Data Engineer,0097B743,1.5,0,MGT,3 tahun 1 bulan,-,37,90.27777778,,98.9522417154,37.0103448893,1.0,77.3225695827,77.3225695827,5.0
Manage cloud-based data processing,Data Engineer,009C501C,2.5,0,DATA ANALYST,2 tahun 9 bulan,MIDDLE,33,71.72413793,91.5,99.537037037,45.8959093909,1.1,87.3635004212,87.3635004212,9.0
Manage cloud-based data processing,Data Engineer,017F0DF6,2.5,3,AI ENGINEER,3 tahun 8 bulan,JUNIOR,44,84.07894737,90.0,75.790084404,1.3470096476,1.3,96.1634426675,96.1634426675,9.0
Optimize AI model inference,AI Engineer,0000ECE6,1.0,2,DATA ANALYST,4 tahun 10 bulan,JUNIOR,58,,,,,,,,9.0
Optimize AI model inference,AI Engineer,0001741A,5.0,3,DATA SCIENTIST,4 tahun 11 bulan,JUNIOR,59,88.75,89.5,96.4930913886,12.6845989445,1.0,78.1787671463,78.1787671463,3.0
Optimize AI model inference,AI Engineer,00017D8B,4.25,3,DATA ENGINEER,3 tahun 9 bulan,SENIOR,45,86.02941176,94.0,88.8888888889,14.482615467,1.2,95.2346475844,95.2346475844,0.0
Optimize AI model inference,AI Engineer,00049B4B,1.75,0,DATA ANALYST,3 tahun 9 bulan,MIDDLE,45,76.66666667,,99.4152046784,13.616265803,1.0,62.6570672707,62.6570672707,8.0
Optimize AI model inference,AI Engineer,0004E1C5,2.5,1,AI ENGINEER,1 tahun 0 bulan,MIDDLE,12,98.68421053,,85.4256716671,27.4434510067,1.2,94.462392646,94.462392646,3.0
Optimize AI model inference,AI Engineer,00050DC9,1.5,2,DATA ANALYST,3 tahun 6 bulan,MIDDLE,42,73.27586207,90.0,93.7469277057,9.2877346217,1.1,80.5550616974,80.5550616974,9.0
Optimize AI model inference,AI Engineer,00055602,2.75,0,DATA SCIENTIST,0 tahun 9 bulan,JUNIOR,9,80.27777778,84.0,0.0,0.0,1.2,77.5622022708,77.5622022708,1.0
Optimize AI model inference,AI Engineer,0006B570,3.5,3,DATA ANALYST,4 tahun 11 bulan,JUNIOR,59,75.86206897,86.0,98.469149928,0.8603355751,1.0,71.0634376852,71.0634376852,4.0
Optimize AI model inference,AI Engineer,0006F238,3.5,1,DATA SCIENTIST,4 tahun 8 bulan,MIDDLE,56,97.22222222,,98.9522417154,54.9046621779,1.1,95.020460512,95.020460512,7.0
Optimize AI model inference,AI Engineer,0008CEE3,4.0,3,DATA ENGINEER,8 tahun 3 bulan,SENIOR,99,88.23529412,93.0,81.2753036437,0.0,1.3,99.8654925819,99.8654925819,21.0
Optimize AI model inference,AI Engineer,0008DB3D,4.0,3,AI ENGINEER,4 tahun 5 bulan,MIDDLE,53,78.94736842,95.5,97.9135943724,2.0205144715,1.3,99.7997608046,99.7997608046,26.0
Optimize AI model inference,AI Engineer,0008EF5A,2.5,0,DATA SCIENTIST,3 tahun 9 bulan,JUNIOR,45,87.5,70.0,98.9522417154,0.0,1.0,66.4806914307,66.4806914307,2.0
Optimize AI model inference,AI Engineer,00093BBA,1.0,2,MGT,4 tahun 11 bulan,-,59,,,,,,,,1.0
Optimize AI model inference,AI Engineer,000BC56E,2.25,1,DATA ANALYST,3 tahun 2 bulan,JUNIOR,38,77.67241379,89.0,95.0048732943,0.4301677875,1.0,72.7677924824,72.7677924824,2.0
Optimize AI model inference,AI Engineer,000BE0C5,3.0,3,DATA ANALYST,3 tahun 0 bulan,MIDDLE,36,79.13793103,90.5,96.8024832613,9.3020121433,1.0,75.3882483655,75.3882483655,0.0
Optimize AI model inference,AI Engineer,000BF13A,1.5,2,DATA ANALYST,4 tahun 11 bulan,JUNIOR,59,85.34482759,84.0,76.9401195515,0.4301677875,1.0,71.3283335517,71.3283335517,2.0
Optimize AI model inference,AI Engineer,000C7109,3.0,1,DATA SCIENTIST,6 tahun 6 bulan,MIDDLE,78,,,,,,,,9.0
Optimize AI model inference,AI Engineer,000C72E4,3.0,1,DATA ENGINEER,5 tahun 0 bulan,MIDDLE,60,76.47058824,91.5,89.9596364099,0.0,1.2,87.8939523114,87.8939523114,3.0
Optimize AI model inference,AI Engineer,000CEE2B,2.0,0,DATA ANALYST,3 tahun 11 bulan,MIDDLE,47,74.48275862,90.0,98.9522417154,10.5359979556,1.0,74.1194724896,74.1194724896,4.0
Optimize AI model inference,AI Engineer,000FCFC2,4.75,3,AI ENGINEER,1 tahun 10 bulan,JUNIOR,22,80.52631579,95.0,98.9522417154,34.6152175938,1.0,81.9618884287,81.9618884287,16.0
Optimize AI model inference,AI Engineer,00101A0D,2.5,0,DATA SCIENTIST,4 tahun 0 bulan,JUNIOR,48,82.5,94.0,39.414983165,7.0665492569,1.0,73.9040356956,73.9040356956,2.0
Optimize AI model inference,AI Engineer,00103C57,2.75,1,DATA ANALYST,4 tahun 11 bulan,JUNIOR,59,80.60344828,81.5,80.2615189223,5.8627640301,1.0,69.7620596418,69.7620596418,15.0
Optimize AI model inference,AI Engineer,00104933,1.0,2,MGT,3 tahun 11 bulan,-,47,89.65517241,,98.469149928,8.7007929068,1.0,69.5023814571,69.5023814571,1.0
Optimize AI model inference,AI Engineer,001356B3,2.25,1,DATA SCIENTIST,1 tahun 10 bulan,JUNIOR,22,98.61111111,,98.9522417154,37.4823489904,1.0,82.7234066868,82.7234066868,7.0
Optimize AI model inference,AI Engineer,0013A32D,1.0,2,MGT,5 tahun 9 bulan,-,69,79.13793103,99.0,88.8109161793,8.7722486646,1.0,78.9526210358,78.9526210358,1.0
Optimize AI model inference,AI Engineer,0013D24E,3.0,1,DATA SCIENTIST,4 tahun 9 bulan,JUNIOR,57,66.25,92.0,97.9135943724,0.0,1.1,78.1589269578,78.1589269578,0.0
Optimize AI model inference,AI Engineer,0014B046,2.0,1,DATA SCIENTIST,7 tahun 8 bulan,SENIOR,92,84.72222222,87.0,0.0,0.0,1.0,67.4019777006,67.4019777006,6.0
Optimize AI model inference,AI Engineer,0014CA34,2.5,0,DATA SCIENTIST,4 tahun 1 bulan,JUNIOR,49,82.5,95.0,99.537037037,30.4375931247,1.0,81.9453180716,81.9453180716,1.0
Optimize AI model inference,AI Engineer,0014EEF4,3.0,1,DATA ENGINEER,2 tahun 11 bulan,MIDDLE,35,85.0,93.5,80.9809654856,9.0371304039,1.2,92.960313373,92.960313373,8.0
Optimize AI model inference,AI Engineer,0014F3E9,3.0,3,DATA ANALYST,3 tahun 1 bulan,JUNIOR,37,75.86206897,,98.257797271,12.7921561676,1.0,61.80993377,61.80993377,2.0
Optimize AI model inference,AI Engineer,001ABDF5,2.25,1,DATA ANALYST,3 tahun 4 bulan,MIDDLE,40,82.24137931,98.5,98.9522417154,50.3029972195,1.0,86.5446547165,86.5446547165,8.0
Optimize AI model inference,AI Engineer,001AE6FC,3.0,0,DATA ANALYST,3 tahun 4 bulan,JUNIOR,40,82.24137931,84.5,98.469149928,0.4301677875,,72.1149630886,72.1149630886,2.0
Optimize AI model inference,AI Engineer,001F9B47,2.25,1,DATA ENGINEER,3 tahun 1 bulan,JUNIOR,37,58.75,87.0,96.1884481736,8.6577453183,1.2,81.1247503422,81.1247503422,1.0
Optimize AI model inference,AI Engineer,002018BB,1.75,0,DATA SCIENTIST,10 tahun 10 bulan,SENIOR,130,97.22222222,98.0,50.5555555556,43.7450704533,1.0,86.4214334385,86.4214334385,18.0
Optimize AI model inference,AI Engineer,0020C6B5,2.5,3,DATA ANALYST,2 tahun 10 bulan,MIDDLE,34,75.86206897,88.5,98.3674463938,3.3392709766,1.0,72.659385698,72.659385698,3.0
Optimize AI model inference,AI Engineer,002201AD,1.25,0,DATA ANALYST,4 tahun 10 bulan,MIDDLE,58,91.37931034,95.0,99.537037037,0.4301677875,1.0,80.0052980974,80.0052980974,2.0
Optimize AI model inference,AI Engineer,00270615,2.25,0,DATA ANALYST,3 tahun 9 bulan,JUNIOR,45,93.10344828,75.0,98.9814814815,29.9520058526,1.0,75.0818725109,75.0818725109,1.0
Optimize AI model inference,AI Engineer,00277DF9,3.0,0,AI ENGINEER,0 tahun 5 bulan,MIDDLE,5,,,,,,,,4.0
Optimize AI model inference,AI Engineer,002D5AC9,4.25,3,DATA SCIENTIST,3 tahun 8 bulan,MIDDLE,44,78.88888889,92.0,97.4707602339,57.4757263933,1.0,83.3553945397,83.3553945397,3.0
Optimize AI model inference,AI Engineer,002DF96D,3.75,3,DATA SCIENTIST,5 tahun 0 bulan,MIDDLE,60,78.88888889,91.0,46.8542261807,5.4541409456,1.1,78.7985129608,78.7985129608,15.0
Optimize AI model inference,AI Engineer,002E9001,2.75,1,DATA ENGINEER,7 tahun 8 bulan,SENIOR,92,,,,,,,,10.0
Optimize AI model inference,AI Engineer,002EC9F6,1.75,2,DATA SCIENTIST,4 tahun 7 bulan,MIDDLE,55,97.22222222,96.5,83.7230473171,43.7450704533,1.1,96.6970538768,96.6970538768,0.0
Optimize AI model inference,AI Engineer,00302AE1,2.5,1,DATA ENGINEER,2 tahun 5 bulan,MIDDLE,29,84.70588235,89.0,97.8411306043,0.4301677875,1.2,90.0022582512,90.0022582512,2.0
Optimize AI model inference,AI Engineer,00306ABB,2.0,1,DATA ENGINEER,3 tahun 3 bulan,JUNIOR,39,94.11764706,90.0,96.5971692516,0.0,1.2,93.696777586,93.696777586,3.0
Optimize AI model inference,AI Engineer,0031857D,3.5,3,DATA SCIENTIST,2 tahun 11 bulan,MIDDLE,35,90.0,,97.6042024997,10.2336902669,1.0,70.0282735258,70.0282735258,5.0
Optimize AI model inference,AI Engineer,0037569D,3.75,1,AI ENGINEER,2 tahun 8 bulan,MIDDLE,32,82.89473684,90.0,98.498389694,6.7355847106,1.3,98.749547614,98.749547614,21.0
Optimize AI model inference,AI Engineer,00392144,2.25,0,DATA SCIENTIST,4 tahun 10 bulan,MIDDLE,58,85.0,90.5,98.9522417154,10.5154493741,1.0,77.4187076743,77.4187076743,15.0
Optimize AI model inference,AI Engineer,003A7A13,2.5,0,DATA SCIENTIST,2 tahun 10 bulan,JUNIOR,34,82.5,89.5,96.6027405114,1.0754194688,1.0,74.6209033424,74.6209033424,5.0
Optimize AI model inference,AI Engineer,003B384C,4.0,3,DATA SCIENTIST,2 tahun 10 bulan,SENIOR,34,80.0,92.0,96.3395202983,44.3903221346,1.1,89.794363496,89.794363496,3.0
Optimize AI model inference,AI Engineer,003C6A0D,1.25,0,DATA ANALYST,1 tahun 9 bulan,JUNIOR,21,76.20689655,98.0,45.3968253968,2.3230903964,1.0,73.7283503902,73.7283503902,7.0
Optimize AI model inference,AI Engineer,003CFD5B,2.0,1,DATA ENGINEER,3 tahun 8 bulan,MIDDLE,44,77.5,80.0,98.9522417154,3.0893274449,1.3,89.6443972996,89.6443972996,0.0
Optimize AI model inference,AI Engineer,003D5583,3.0,0,DATA SCIENTIST,3 tahun 9 bulan,JUNIOR,45,98.61111111,90.0,98.9522417154,31.463471719,1.0,84.2841556523,84.2841556523,1.0
Optimize AI model inference,AI Engineer,0042FA00,2.25,0,DATA ANALYST,3 tahun 1 bulan,JUNIOR,37,80.68965517,90.0,98.9522417154,38.3427977748,1.0,80.1122536136,80.1122536136,2.0
Optimize AI model inference,AI Engineer,00430780,1.75,2,DATA ANALYST,2 tahun 10 bulan,MIDDLE,34,87.93103448,86.0,92.1643347143,0.4301677875,1.0,74.0835656652,74.0835656652,2.0
Optimize AI model inference,AI Engineer,00434E84,3.25,1,DATA SCIENTIST,3 tahun 9 bulan,JUNIOR,45,80.27777778,95.0,96.1220230528,0.0,1.0,76.485383457,76.485383457,4.0
Optimize AI model inference,AI Engineer,00456E77,3.0,1,DATA SCIENTIST,1 tahun 8 bulan,BASIC,20,75.55555556,90.0,17.7777777778,0.0,,67.4044956827,67.4044956827,8.0
Optimize AI model inference,AI Engineer,0045D05E,2.25,1,DATA SCIENTIST,4 tahun 1 bulan,JUNIOR,49,73.75,85.0,96.7440037291,55.491056416,1.0,78.0721708555,78.0721708555,7.0
Optimize AI model inference,AI Engineer,00464297,1.0,2,MGT,4 tahun 11 bulan,-,59,,,,,,,,1.0
Optimize AI model inference,AI Engineer,005139FE,2.25,0,DATA ANALYST,4 tahun 1 bulan,MIDDLE,49,79.13793103,85.0,98.9522417154,0.4301677875,1.0,71.4912919476,71.4912919476,2.0
Optimize AI model inference,AI Engineer,0052D29A,3.0,1,DATA ANALYST,5 tahun 1 bulan,SENIOR,61,73.10344828,86.0,97.7192982456,51.2417874977,1.0,77.8012250633,77.8012250633,4.0
Optimize AI model inference,AI Engineer,00563DC3,2.5,0,DATA ANALYST,3 tahun 6 bulan,MIDDLE,42,76.20689655,96.0,3.7037037037,53.3266455725,1.0,77.6344597313,77.6344597313,4.0
Optimize AI model inference,AI Engineer,00630639,3.25,1,DATA SCIENTIST,9 tahun 2 bulan,MIDDLE,110,80.0,75.0,98.9522417154,54.8821326185,1.0,75.0274646513,75.0274646513,0.0
Optimize AI model inference,AI Engineer,0073D075,3.5,3,DATA SCIENTIST,4 tahun 0 bulan,JUNIOR,48,91.66666667,93.0,58.0116959064,8.2492354431,1.0,77.500618325,77.500618325,4.0
Optimize AI model inference,AI Engineer,0084C542,1.5,0,DATA ANALYST,4 tahun 0 bulan,MIDDLE,48,74.48275862,80.0,98.9522417154,0.0,1.0,67.6149808506,67.6149808506,2.0
Optimize AI model inference,AI Engineer,00897237,1.75,0,DATA ANALYST,3 tahun 9 bulan,MIDDLE,45,93.10344828,92.5,94.1423001949,2.5085548458,1.2,95.0743558155,95.0743558155,8.0
Optimize AI model inference,AI Engineer,0097B743,1.75,0,MGT,3 tahun 1 bulan,-,37,90.27777778,,98.9522417154,37.0103448893,1.0,77.3225695827,77.3225695827,5.0
Optimize AI model inference,AI Engineer,009C501C,2.0,0,DATA ANALYST,2 tahun 9 bulan,MIDDLE,33,71.72413793,91.5,99.537037037,45.8959093909,1.1,87.3635004212,87.3635004212,9.0
Optimize AI model inference,AI Engineer,017F0DF6,3.25,3,AI ENGINEER,3 tahun 8 bulan,JUNIOR,44,84.07894737,90.0,75.790084404,1.3470096476,1.3,96.1634426675,96.1634426675,9.0
Optimize business processes with AI,Data Scientist,0000ECE6,2.5,2,DATA ANALYST,4 tahun 10 bulan,JUNIOR,58,,,,,,,,9.0
Optimize business processes with AI,Data Scientist,0001741A,4.75,3,DATA SCIENTIST,4 tahun 11 bulan,JUNIOR,59,88.75,89.5,96.4930913886,12.6845989445,1.0,78.1787671463,78.1787671463,3.0
Optimize business processes with AI,Data Scientist,00017D8B,4.25,3,DATA ENGINEER,3 tahun 9 bulan,SENIOR,45,86.02941176,94.0,88.8888888889,14.482615467,1.2,95.2346475844,95.2346475844,0.0
Optimize business processes with AI,Data Scientist,00049B4B,2.5,0,DATA ANALYST,3 tahun 9 bulan,MIDDLE,45,76.66666667,,99.4152046784,13.616265803,1.0,62.6570672707,62.6570672707,8.0
Optimize business processes with AI,Data Scientist,0004E1C5,3.0,1,AI ENGINEER,1 tahun 0 bulan,MIDDLE,12,98.68421053,,85.4256716671,27.4434510067,1.2,94.462392646,94.462392646,3.0
Optimize business processes with AI,Data Scientist,00050DC9,2.5,2,DATA ANALYST,3 tahun 6 bulan,MIDDLE,42,73.27586207,90.0,93.7469277057,9.2877346217,1.1,80.5550616974,80.5550616974,9.0
Optimize business processes with AI,Data Scientist,00055602,3.25,0,DATA SCIENTIST,0 tahun 9 bulan,JUNIOR,9,80.27777778,84.0,0.0,0.0,1.2,77.5622022708,77.5622022708,1.0
Optimize business processes with AI,Data Scientist,0006B570,3.75,3,DATA ANALYST,4 tahun 11 bulan,JUNIOR,59,75.86206897,86.0,98.469149928,0.8603355751,1.0,71.0634376852,71.0634376852,4.0
Optimize business processes with AI,Data Scientist,0006F238,3.0,1,DATA SCIENTIST,4 tahun 8 bulan,MIDDLE,56,97.22222222,,98.9522417154,54.9046621779,1.1,95.020460512,95.020460512,7.0
Optimize business processes with AI,Data Scientist,0008CEE3,4.0,3,DATA ENGINEER,8 tahun 3 bulan,SENIOR,99,88.23529412,93.0,81.2753036437,0.0,1.3,99.8654925819,99.8654925819,21.0
Optimize business processes with AI,Data Scientist,0008DB3D,3.5,3,AI ENGINEER,4 tahun 5 bulan,MIDDLE,53,78.94736842,95.5,97.9135943724,2.0205144715,1.3,99.7997608046,99.7997608046,26.0
Optimize business processes with AI,Data Scientist,0008EF5A,2.75,0,DATA SCIENTIST,3 tahun 9 bulan,JUNIOR,45,87.5,70.0,98.9522417154,0.0,1.0,66.4806914307,66.4806914307,2.0
Optimize business processes with AI,Data Scientist,00093BBA,2.0,2,MGT,4 tahun 11 bulan,-,59,,,,,,,,1.0
Optimize business processes with AI,Data Scientist,000BC56E,3.5,1,DATA ANALYST,3 tahun 2 bulan,JUNIOR,38,77.67241379,89.0,95.0048732943,0.4301677875,1.0,72.7677924824,72.7677924824,2.0
Optimize business processes with AI,Data Scientist,000BE0C5,4.5,3,DATA ANALYST,3 tahun 0 bulan,MIDDLE,36,79.13793103,90.5,96.8024832613,9.3020121433,1.0,75.3882483655,75.3882483655,0.0
Optimize business processes with AI,Data Scientist,000BF13A,3.0,2,DATA ANALYST,4 tahun 11 bulan,JUNIOR,59,85.34482759,84.0,76.9401195515,0.4301677875,1.0,71.3283335517,71.3283335517,2.0
Optimize business processes with AI,Data Scientist,000C7109,3.0,1,DATA SCIENTIST,6 tahun 6 bulan,MIDDLE,78,,,,,,,,9.0
Optimize business processes with AI,Data Scientist,000C72E4,3.75,1,DATA ENGINEER,5 tahun 0 bulan,MIDDLE,60,76.47058824,91.5,89.9596364099,0.0,1.2,87.8939523114,87.8939523114,3.0
Optimize business processes with AI,Data Scientist,000CEE2B,2.75,0,DATA ANALYST,3 tahun 11 bulan,MIDDLE,47,74.48275862,90.0,98.9522417154,10.5359979556,1.0,74.1194724896,74.1194724896,4.0
Optimize business processes with AI,Data Scientist,000FCFC2,4.5,3,AI ENGINEER,1 tahun 10 bulan,JUNIOR,22,80.52631579,95.0,98.9522417154,34.6152175938,1.0,81.9618884287,81.9618884287,16.0
Optimize business processes with AI,Data Scientist,00101A0D,3.0,0,DATA SCIENTIST,4 tahun 0 bulan,JUNIOR,48,82.5,94.0,39.414983165,7.0665492569,1.0,73.9040356956,73.9040356956,2.0
Optimize business processes with AI,Data Scientist,00103C57,3.5,1,DATA ANALYST,4 tahun 11 bulan,JUNIOR,59,80.60344828,81.5,80.2615189223,5.8627640301,1.0,69.7620596418,69.7620596418,15.0
Optimize business processes with AI,Data Scientist,00104933,1.5,2,MGT,3 tahun 11 bulan,-,47,89.65517241,,98.469149928,8.7007929068,1.0,69.5023814571,69.5023814571,1.0
Optimize business processes with AI,Data Scientist,001356B3,2.75,1,DATA SCIENTIST,1 tahun 10 bulan,JUNIOR,22,98.61111111,,98.9522417154,37.4823489904,1.0,82.7234066868,82.7234066868,7.0
Optimize business processes with AI,Data Scientist,0013A32D,1.25,2,MGT,5 tahun 9 bulan,-,69,79.13793103,99.0,88.8109161793,8.7722486646,1.0,78.9526210358,78.9526210358,1.0
Optimize business processes with AI,Data Scientist,0013D24E,3.5,1,DATA SCIENTIST,4 tahun 9 bulan,JUNIOR,57,66.25,92.0,97.9135943724,0.0,1.1,78.1589269578,78.1589269578,0.0
Optimize business processes with AI,Data Scientist,0014B046,2.5,1,DATA SCIENTIST,7 tahun 8 bulan,SENIOR,92,84.72222222,87.0,0.0,0.0,1.0,67.4019777006,67.4019777006,6.0
Optimize business processes with AI,Data Scientist,0014CA34,2.75,0,DATA SCIENTIST,4 tahun 1 bulan,JUNIOR,49,82.5,95.0,99.537037037,30.4375931247,1.0,81.9453180716,81.9453180716,1.0
Optimize business processes with AI,Data Scientist,0014EEF4,4.0,1,DATA ENGINEER,2 tahun 11 bulan,MIDDLE,35,85.0,93.5,80.9809654856,9.0371304039,1.2,92.960313373,92.960313373,8.0
Optimize business processes with AI,Data Scientist,0014F3E9,4.25,3,DATA ANALYST,3 tahun 1 bulan,JUNIOR,37,75.86206897,,98.257797271,12.7921561676,1.0,61.80993377,61.80993377,2.0
Optimize business processes with AI,Data Scientist,001ABDF5,3.5,1,DATA ANALYST,3 tahun 4 bulan,MIDDLE,40,82.24137931,98.5,98.9522417154,50.3029972195,1.0,86.5446547165,86.5446547165,8.0
Optimize business processes with AI,Data Scientist,001AE6FC,3.0,0,DATA ANALYST,3 tahun 4 bulan,JUNIOR,40,82.24137931,84.5,98.469149928,0.4301677875,,72.1149630886,72.1149630886,2.0
Optimize business processes with AI,Data Scientist,001F9B47,3.0,1,DATA ENGINEER,3 tahun 1 bulan,JUNIOR,37,58.75,87.0,96.1884481736,8.6577453183,1.2,81.1247503422,81.1247503422,1.0
Optimize business processes with AI,Data Scientist,002018BB,3.0,0,DATA SCIENTIST,10 tahun 10 bulan,SENIOR,130,97.22222222,98.0,50.5555555556,43.7450704533,1.0,86.4214334385,86.4214334385,18.0
Optimize business processes with AI,Data Scientist,0020C6B5,4.5,3,DATA ANALYST,2 tahun 10 bulan,MIDDLE,34,75.86206897,88.5,98.3674463938,3.3392709766,1.0,72.659385698,72.659385698,3.0
Optimize business processes with AI,Data Scientist,002201AD,2.75,0,DATA ANALYST,4 tahun 10 bulan,MIDDLE,58,91.37931034,95.0,99.537037037,0.4301677875,1.0,80.0052980974,80.0052980974,2.0
Optimize business processes with AI,Data Scientist,00270615,3.5,0,DATA ANALYST,3 tahun 9 bulan,JUNIOR,45,93.10344828,75.0,98.9814814815,29.9520058526,1.0,75.0818725109,75.0818725109,1.0
Optimize business processes with AI,Data Scientist,00277DF9,3.0,0,AI ENGINEER,0 tahun 5 bulan,MIDDLE,5,,,,,,,,4.0
Optimize business processes with AI,Data Scientist,002D5AC9,4.0,3,DATA SCIENTIST,3 tahun 8 bulan,MIDDLE,44,78.88888889,92.0,97.4707602339,57.4757263933,1.0,83.3553945397,83.3553945397,3.0
Optimize business processes with AI,Data Scientist,002DF96D,4.0,3,DATA SCIENTIST,5 tahun 0 bulan,MIDDLE,60,78.88888889,91.0,46.8542261807,5.4541409456,1.1,78.7985129608,78.7985129608,15.0
Optimize business processes with AI,Data Scientist,002E9001,3.75,1,DATA ENGINEER,7 tahun 8 bulan,SENIOR,92,,,,,,,,10.0
Optimize business processes with AI,Data Scientist,002EC9F6,1.75,2,DATA SCIENTIST,4 tahun 7 bulan,MIDDLE,55,97.22222222,96.5,83.7230473171,43.7450704533,1.1,96.6970538768,96.6970538768,0.0
Optimize business processes with AI,Data Scientist,00302AE1,3.0,1,DATA ENGINEER,2 tahun 5 bulan,MIDDLE,29,84.70588235,89.0,97.8411306043,0.4301677875,1.2,90.0022582512,90.0022582512,2.0
Optimize business processes with AI,Data Scientist,00306ABB,3.5,1,DATA ENGINEER,3 tahun 3 bulan,JUNIOR,39,94.11764706,90.0,96.5971692516,0.0,1.2,93.696777586,93.696777586,3.0
Optimize business processes with AI,Data Scientist,0031857D,4.25,3,DATA SCIENTIST,2 tahun 11 bulan,MIDDLE,35,90.0,,97.6042024997,10.2336902669,1.0,70.0282735258,70.0282735258,5.0
Optimize business processes with AI,Data Scientist,0037569D,3.0,1,AI ENGINEER,2 tahun 8 bulan,MIDDLE,32,82.89473684,90.0,98.498389694,6.7355847106,1.3,98.749547614,98.749547614,21.0
Optimize business processes with AI,Data Scientist,00392144,3.0,0,DATA SCIENTIST,4 tahun 10 bulan,MIDDLE,58,85.0,90.5,98.9522417154,10.5154493741,1.0,77.4187076743,77.4187076743,15.0
Optimize business processes with AI,Data Scientist,003A7A13,2.75,0,DATA SCIENTIST,2 tahun 10 bulan,JUNIOR,34,82.5,89.5,96.6027405114,1.0754194688,1.0,74.6209033424,74.6209033424,5.0
Optimize business processes with AI,Data Scientist,003B384C,4.5,3,DATA SCIENTIST,2 tahun 10 bulan,SENIOR,34,80.0,92.0,96.3395202983,44.3903221346,1.1,89.794363496,89.794363496,3.0
Optimize business processes with AI,Data Scientist,003C6A0D,3.0,0,DATA ANALYST,1 tahun 9 bulan,JUNIOR,21,76.20689655,98.0,45.3968253968,2.3230903964,1.0,73.7283503902,73.7283503902,7.0
Optimize business processes with AI,Data Scientist,003CFD5B,2.75,1,DATA ENGINEER,3 tahun 8 bulan,MIDDLE,44,77.5,80.0,98.9522417154,3.0893274449,1.3,89.6443972996,89.6443972996,0.0
Optimize business processes with AI,Data Scientist,003D5583,3.25,0,DATA SCIENTIST,3 tahun 9 bulan,JUNIOR,45,98.61111111,90.0,98.9522417154,31.463471719,1.0,84.2841556523,84.2841556523,1.0
Optimize business processes with AI,Data Scientist,0042FA00,3.0,0,DATA ANALYST,3 tahun 1 bulan,JUNIOR,37,80.68965517,90.0,98.9522417154,38.3427977748,1.0,80.1122536136,80.1122536136,2.0
Optimize business processes with AI,Data Scientist,00430780,2.25,2,DATA ANALYST,2 tahun 10 bulan,MIDDLE,34,87.93103448,86.0,92.1643347143,0.4301677875,1.0,74.0835656652,74.0835656652,2.0
Optimize business processes with AI,Data Scientist,00434E84,3.5,1,DATA SCIENTIST,3 tahun 9 bulan,JUNIOR,45,80.27777778,95.0,96.1220230528,0.0,1.0,76.485383457,76.485383457,4.0
Optimize business processes with AI,Data Scientist,00456E77,3.25,1,DATA SCIENTIST,1 tahun 8 bulan,BASIC,20,75.55555556,90.0,17.7777777778,0.0,,67.4044956827,67.4044956827,8.0
Optimize business processes with AI,Data Scientist,0045D05E,2.5,1,DATA SCIENTIST,4 tahun 1 bulan,JUNIOR,49,73.75,85.0,96.7440037291,55.491056416,1.0,78.0721708555,78.0721708555,7.0
Optimize business processes with AI,Data Scientist,00464297,1.5,2,MGT,4 tahun 11 bulan,-,59,,,,,,,,1.0
Optimize business processes with AI,Data Scientist,005139FE,3.0,0,DATA ANALYST,4 tahun 1 bulan,MIDDLE,49,79.13793103,85.0,98.9522417154,0.4301677875,1.0,71.4912919476,71.4912919476,2.0
Optimize business processes with AI,Data Scientist,0052D29A,3.0,1,DATA ANALYST,5 tahun 1 bulan,SENIOR,61,73.10344828,86.0,97.7192982456,51.2417874977,1.0,77.8012250633,77.8012250633,4.0
Optimize business processes with AI,Data Scientist,00563DC3,3.5,0,DATA ANALYST,3 tahun 6 bulan,MIDDLE,42,76.20689655,96.0,3.7037037037,53.3266455725,1.0,77.6344597313,77.6344597313,4.0
Optimize business processes with AI,Data Scientist,00630639,3.25,1,DATA SCIENTIST,9 tahun 2 bulan,MIDDLE,110,80.0,75.0,98.9522417154,54.8821326185,1.0,75.0274646513,75.0274646513,0.0
Optimize business processes with AI,Data Scientist,0073D075,4.0,3,DATA SCIENTIST,4 tahun 0 bulan,JUNIOR,48,91.66666667,93.0,58.0116959064,8.2492354431,1.0,77.500618325,77.500618325,4.0
Optimize business processes with AI,Data Scientist,0084C542,3.0,0,DATA ANALYST,4 tahun 0 bulan,MIDDLE,48,74.48275862,80.0,98.9522417154,0.0,1.0,67.6149808506,67.6149808506,2.0
Optimize business processes with AI,Data Scientist,00897237,3.0,0,DATA ANALYST,3 tahun 9 bulan,MIDDLE,45,93.10344828,92.5,94.1423001949,2.5085548458,1.2,95.0743558155,95.0743558155,8.0
Optimize business processes with AI,Data Scientist,0097B743,3.25,0,MGT,3 tahun 1 bulan,-,37,90.27777778,,98.9522417154,37.0103448893,1.0,77.3225695827,77.3225695827,5.0
Optimize business processes with AI,Data Scientist,009C501C,3.5,0,DATA ANALYST,2 tahun 9 bulan,MIDDLE,33,71.72413793,91.5,99.537037037,45.8959093909,1.1,87.3635004212,87.3635004212,9.0
Optimize business processes with AI,Data Scientist,017F0DF6,3.75,3,AI ENGINEER,3 tahun 8 bulan,JUNIOR,44,84.07894737,90.0,75.790084404,1.3470096476,1.3,96.1634426675,96.1634426675,9.0
Optimize database performance,Data Engineer,0000ECE6,1.0,2,DATA ANALYST,4 tahun 10 bulan,JUNIOR,58,,,,,,,,9.0
Optimize database performance,Data Engineer,0001741A,5.0,3,DATA SCIENTIST,4 tahun 11 bulan,JUNIOR,59,88.75,89.5,96.4930913886,12.6845989445,1.0,78.1787671463,78.1787671463,3.0
Optimize database performance,Data Engineer,00017D8B,5.0,3,DATA ENGINEER,3 tahun 9 bulan,SENIOR,45,86.02941176,94.0,88.8888888889,14.482615467,1.2,95.2346475844,95.2346475844,0.0
Optimize database performance,Data Engineer,00049B4B,2.0,0,DATA ANALYST,3 tahun 9 bulan,MIDDLE,45,76.66666667,,99.4152046784,13.616265803,1.0,62.6570672707,62.6570672707,8.0
Optimize database performance,Data Engineer,0004E1C5,1.0,1,AI ENGINEER,1 tahun 0 bulan,MIDDLE,12,98.68421053,,85.4256716671,27.4434510067,1.2,94.462392646,94.462392646,3.0
Optimize database performance,Data Engineer,00050DC9,2.0,2,DATA ANALYST,3 tahun 6 bulan,MIDDLE,42,73.27586207,90.0,93.7469277057,9.2877346217,1.1,80.5550616974,80.5550616974,9.0
Optimize database performance,Data Engineer,00055602,2.0,0,DATA SCIENTIST,0 tahun 9 bulan,JUNIOR,9,80.27777778,84.0,0.0,0.0,1.2,77.5622022708,77.5622022708,1.0
Optimize database performance,Data Engineer,0006B570,4.0,3,DATA ANALYST,4 tahun 11 bulan,JUNIOR,59,75.86206897,86.0,98.469149928,0.8603355751,1.0,71.0634376852,71.0634376852,4.0
Optimize database performance,Data Engineer,0006F238,3.0,1,DATA SCIENTIST,4 tahun 8 bulan,MIDDLE,56,97.22222222,,98.9522417154,54.9046621779,1.1,95.020460512,95.020460512,7.0
Optimize database performance,Data Engineer,0008CEE3,4.0,3,DATA ENGINEER,8 tahun 3 bulan,SENIOR,99,88.23529412,93.0,81.2753036437,0.0,1.3,99.8654925819,99.8654925819,21.0
Optimize database performance,Data Engineer,0008DB3D,3.0,3,AI ENGINEER,4 tahun 5 bulan,MIDDLE,53,78.94736842,95.5,97.9135943724,2.0205144715,1.3,99.7997608046,99.7997608046,26.0
Optimize database performance,Data Engineer,0008EF5A,3.0,0,DATA SCIENTIST,3 tahun 9 bulan,JUNIOR,45,87.5,70.0,98.9522417154,0.0,1.0,66.4806914307,66.4806914307,2.0
Optimize database performance,Data Engineer,00093BBA,1.0,2,MGT,4 tahun 11 bulan,-,59,,,,,,,,1.0
Optimize database performance,Data Engineer,000BC56E,3.0,1,DATA ANALYST,3 tahun 2 bulan,JUNIOR,38,77.67241379,89.0,95.0048732943,0.4301677875,1.0,72.7677924824,72.7677924824,2.0
Optimize database performance,Data Engineer,000BE0C5,3.0,3,DATA ANALYST,3 tahun 0 bulan,MIDDLE,36,79.13793103,90.5,96.8024832613,9.3020121433,1.0,75.3882483655,75.3882483655,0.0
Optimize database performance,Data Engineer,000BF13A,1.0,2,DATA ANALYST,4 tahun 11 bulan,JUNIOR,59,85.34482759,84.0,76.9401195515,0.4301677875,1.0,71.3283335517,71.3283335517,2.0
Optimize database performance,Data Engineer,000C7109,3.0,1,DATA SCIENTIST,6 tahun 6 bulan,MIDDLE,78,,,,,,,,9.0
Optimize database performance,Data Engineer,000C72E4,4.0,1,DATA ENGINEER,5 tahun 0 bulan,MIDDLE,60,76.47058824,91.5,89.9596364099,0.0,1.2,87.8939523114,87.8939523114,3.0
Optimize database performance,Data Engineer,000CEE2B,2.0,0,DATA ANALYST,3 tahun 11 bulan,MIDDLE,47,74.48275862,90.0,98.9522417154,10.5359979556,1.0,74.1194724896,74.1194724896,4.0
Optimize database performance,Data Engineer,000FCFC2,4.0,3,AI ENGINEER,1 tahun 10 bulan,JUNIOR,22,80.52631579,95.0,98.9522417154,34.6152175938,1.0,81.9618884287,81.9618884287,16.0
Optimize database performance,Data Engineer,00101A0D,2.0,0,DATA SCIENTIST,4 tahun 0 bulan,JUNIOR,48,82.5,94.0,39.414983165,7.0665492569,1.0,73.9040356956,73.9040356956,2.0
Optimize database performance,Data Engineer,00103C57,4.0,1,DATA ANALYST,4 tahun 11 bulan,JUNIOR,59,80.60344828,81.5,80.2615189223,5.8627640301,1.0,69.7620596418,69.7620596418,15.0
Optimize database performance,Data Engineer,00104933,1.0,2,MGT,3 tahun 11 bulan,-,47,89.65517241,,98.469149928,8.7007929068,1.0,69.5023814571,69.5023814571,1.0
Optimize database performance,Data Engineer,001356B3,2.0,1,DATA SCIENTIST,1 tahun 10 bulan,JUNIOR,22,98.61111111,,98.9522417154,37.4823489904,1.0,82.7234066868,82.7234066868,7.0
Optimize database performance,Data Engineer,0013A32D,1.0,2,MGT,5 tahun 9 bulan,-,69,79.13793103,99.0,88.8109161793,8.7722486646,1.0,78.9526210358,78.9526210358,1.0
Optimize database performance,Data Engineer,0013D24E,2.0,1,DATA SCIENTIST,4 tahun 9 bulan,JUNIOR,57,66.25,92.0,97.9135943724,0.0,1.1,78.1589269578,78.1589269578,0.0
Optimize database performance,Data Engineer,0014B046,3.0,1,DATA SCIENTIST,7 tahun 8 bulan,SENIOR,92,84.72222222,87.0,0.0,0.0,1.0,67.4019777006,67.4019777006,6.0
Optimize database performance,Data Engineer,0014CA34,1.0,0,DATA SCIENTIST,4 tahun 1 bulan,JUNIOR,49,82.5,95.0,99.537037037,30.4375931247,1.0,81.9453180716,81.9453180716,1.0
Optimize database performance,Data Engineer,0014EEF4,5.0,1,DATA ENGINEER,2 tahun 11 bulan,MIDDLE,35,85.0,93.5,80.9809654856,9.0371304039,1.2,92.960313373,92.960313373,8.0
Optimize database performance,Data Engineer,0014F3E9,4.0,3,DATA ANALYST,3 tahun 1 bulan,JUNIOR,37,75.86206897,,98.257797271,12.7921561676,1.0,61.80993377,61.80993377,2.0
Optimize database performance,Data Engineer,001ABDF5,5.0,1,DATA ANALYST,3 tahun 4 bulan,MIDDLE,40,82.24137931,98.5,98.9522417154,50.3029972195,1.0,86.5446547165,86.5446547165,8.0
Optimize database performance,Data Engineer,001AE6FC,3.0,0,DATA ANALYST,3 tahun 4 bulan,JUNIOR,40,82.24137931,84.5,98.469149928,0.4301677875,,72.1149630886,72.1149630886,2.0
Optimize database performance,Data Engineer,001F9B47,4.0,1,DATA ENGINEER,3 tahun 1 bulan,JUNIOR,37,58.75,87.0,96.1884481736,8.6577453183,1.2,81.1247503422,81.1247503422,1.0
Optimize database performance,Data Engineer,002018BB,1.0,0,DATA SCIENTIST,10 tahun 10 bulan,SENIOR,130,97.22222222,98.0,50.5555555556,43.7450704533,1.0,86.4214334385,86.4214334385,18.0
Optimize database performance,Data Engineer,0020C6B5,4.0,3,DATA ANALYST,2 tahun 10 bulan,MIDDLE,34,75.86206897,88.5,98.3674463938,3.3392709766,1.0,72.659385698,72.659385698,3.0
Optimize database performance,Data Engineer,002201AD,1.0,0,DATA ANALYST,4 tahun 10 bulan,MIDDLE,58,91.37931034,95.0,99.537037037,0.4301677875,1.0,80.0052980974,80.0052980974,2.0
Optimize database performance,Data Engineer,00270615,1.0,0,DATA ANALYST,3 tahun 9 bulan,JUNIOR,45,93.10344828,75.0,98.9814814815,29.9520058526,1.0,75.0818725109,75.0818725109,1.0
Optimize database performance,Data Engineer,00277DF9,1.0,0,AI ENGINEER,0 tahun 5 bulan,MIDDLE,5,,,,,,,,4.0
Optimize database performance,Data Engineer,002D5AC9,4.0,3,DATA SCIENTIST,3 tahun 8 bulan,MIDDLE,44,78.88888889,92.0,97.4707602339,57.4757263933,1.0,83.3553945397,83.3553945397,3.0
Optimize database performance,Data Engineer,002DF96D,4.0,3,DATA SCIENTIST,5 tahun 0 bulan,MIDDLE,60,78.88888889,91.0,46.8542261807,5.4541409456,1.1,78.7985129608,78.7985129608,15.0
Optimize database performance,Data Engineer,002E9001,3.0,1,DATA ENGINEER,7 tahun 8 bulan,SENIOR,92,,,,,,,,10.0
Optimize database performance,Data Engineer,002EC9F6,1.0,2,DATA SCIENTIST,4 tahun 7 bulan,MIDDLE,55,97.22222222,96.5,83.7230473171,43.7450704533,1.1,96.6970538768,96.6970538768,0.0
Optimize database performance,Data Engineer,00302AE1,3.0,1,DATA ENGINEER,2 tahun 5 bulan,MIDDLE,29,84.70588235,89.0,97.8411306043,0.4301677875,1.2,90.0022582512,90.0022582512,2.0
Optimize database performance,Data Engineer,00306ABB,4.0,1,DATA ENGINEER,3 tahun 3 bulan,JUNIOR,39,94.11764706,90.0,96.5971692516,0.0,1.2,93.696777586,93.696777586,3.0
Optimize database performance,Data Engineer,0031857D,3.0,3,DATA SCIENTIST,2 tahun 11 bulan,MIDDLE,35,90.0,,97.6042024997,10.2336902669,1.0,70.0282735258,70.0282735258,5.0
Optimize database performance,Data Engineer,0037569D,3.0,1,AI ENGINEER,2 tahun 8 bulan,MIDDLE,32,82.89473684,90.0,98.498389694,6.7355847106,1.3,98.749547614,98.749547614,21.0
Optimize database performance,Data Engineer,00392144,2.0,0,DATA SCIENTIST,4 tahun 10 bulan,MIDDLE,58,85.0,90.5,98.9522417154,10.5154493741,1.0,77.4187076743,77.4187076743,15.0
Optimize database performance,Data Engineer,003A7A13,2.0,0,DATA SCIENTIST,2 tahun 10 bulan,JUNIOR,34,82.5,89.5,96.6027405114,1.0754194688,1.0,74.6209033424,74.6209033424,5.0
Optimize database performance,Data Engineer,003B384C,4.0,3,DATA SCIENTIST,2 tahun 10 bulan,SENIOR,34,80.0,92.0,96.3395202983,44.3903221346,1.1,89.794363496,89.794363496,3.0
Optimize database performance,Data Engineer,003C6A0D,1.0,0,DATA ANALYST,1 tahun 9 bulan,JUNIOR,21,76.20689655,98.0,45.3968253968,2.3230903964,1.0,73.7283503902,73.7283503902,7.0
Optimize database performance,Data Engineer,003CFD5B,3.0,1,DATA ENGINEER,3 tahun 8 bulan,MIDDLE,44,77.5,80.0,98.9522417154,3.0893274449,1.3,89.6443972996,89.6443972996,0.0
Optimize database performance,Data Engineer,003D5583,2.0,0,DATA SCIENTIST,3 tahun 9 bulan,JUNIOR,45,98.61111111,90.0,98.9522417154,31.463471719,1.0,84.2841556523,84.2841556523,1.0
Optimize database performance,Data Engineer,0042FA00,3.0,0,DATA ANALYST,3 tahun 1 bulan,JUNIOR,37,80.68965517,90.0,98.9522417154,38.3427977748,1.0,80.1122536136,80.1122536136,2.0
Optimize database performance,Data Engineer,00430780,2.0,2,DATA ANALYST,2 tahun 10 bulan,MIDDLE,34,87.93103448,86.0,92.1643347143,0.4301677875,1.0,74.0835656652,74.0835656652,2.0
Optimize database performance,Data Engineer,00434E84,4.0,1,DATA SCIENTIST,3 tahun 9 bulan,JUNIOR,45,80.27777778,95.0,96.1220230528,0.0,1.0,76.485383457,76.485383457,4.0
Optimize database performance,Data Engineer,00456E77,2.0,1,DATA SCIENTIST,1 tahun 8 bulan,BASIC,20,75.55555556,90.0,17.7777777778,0.0,,67.4044956827,67.4044956827,8.0
Optimize database performance,Data Engineer,0045D05E,1.0,1,DATA SCIENTIST,4 tahun 1 bulan,JUNIOR,49,73.75,85.0,96.7440037291,55.491056416,1.0,78.0721708555,78.0721708555,7.0
Optimize database performance,Data Engineer,00464297,1.0,2,MGT,4 tahun 11 bulan,-,59,,,,,,,,1.0
Optimize database performance,Data Engineer,005139FE,2.0,0,DATA ANALYST,4 tahun 1 bulan,MIDDLE,49,79.13793103,85.0,98.9522417154,0.4301677875,1.0,71.4912919476,71.4912919476,2.0
Optimize database performance,Data Engineer,0052D29A,4.0,1,DATA ANALYST,5 tahun 1 bulan,SENIOR,61,73.10344828,86.0,97.7192982456,51.2417874977,1.0,77.8012250633,77.8012250633,4.0
Optimize database performance,Data Engineer,00563DC3,3.0,0,DATA ANALYST,3 tahun 6 bulan,MIDDLE,42,76.20689655,96.0,3.7037037037,53.3266455725,1.0,77.6344597313,77.6344597313,4.0
Optimize database performance,Data Engineer,00630639,3.0,1,DATA SCIENTIST,9 tahun 2 bulan,MIDDLE,110,80.0,75.0,98.9522417154,54.8821326185,1.0,75.0274646513,75.0274646513,0.0
Optimize database performance,Data Engineer,0073D075,2.0,3,DATA SCIENTIST,4 tahun 0 bulan,JUNIOR,48,91.66666667,93.0,58.0116959064,8.2492354431,1.0,77.500618325,77.500618325,4.0
Optimize database performance,Data Engineer,0084C542,2.0,0,DATA ANALYST,4 tahun 0 bulan,MIDDLE,48,74.48275862,80.0,98.9522417154,0.0,1.0,67.6149808506,67.6149808506,2.0
Optimize database performance,Data Engineer,00897237,2.0,0,DATA ANALYST,3 tahun 9 bulan,MIDDLE,45,93.10344828,92.5,94.1423001949,2.5085548458,1.2,95.0743558155,95.0743558155,8.0
Optimize database performance,Data Engineer,0097B743,1.0,0,MGT,3 tahun 1 bulan,-,37,90.27777778,,98.9522417154,37.0103448893,1.0,77.3225695827,77.3225695827,5.0
Optimize database performance,Data Engineer,009C501C,2.0,0,DATA ANALYST,2 tahun 9 bulan,MIDDLE,33,71.72413793,91.5,99.537037037,45.8959093909,1.1,87.3635004212,87.3635004212,9.0
Optimize database performance,Data Engineer,017F0DF6,2.0,3,AI ENGINEER,3 tahun 8 bulan,JUNIOR,44,84.07894737,90.0,75.790084404,1.3470096476,1.3,96.1634426675,96.1634426675,9.0
Perform machine learning analysis,Data Scientist,0000ECE6,1.0,2,DATA ANALYST,4 tahun 10 bulan,JUNIOR,58,,,,,,,,9.0
Perform machine learning analysis,Data Scientist,0001741A,5.0,3,DATA SCIENTIST,4 tahun 11 bulan,JUNIOR,59,88.75,89.5,96.4930913886,12.6845989445,1.0,78.1787671463,78.1787671463,3.0
Perform machine learning analysis,Data Scientist,00017D8B,4.0,3,DATA ENGINEER,3 tahun 9 bulan,SENIOR,45,86.02941176,94.0,88.8888888889,14.482615467,1.2,95.2346475844,95.2346475844,0.0
Perform machine learning analysis,Data Scientist,00049B4B,2.0,0,DATA ANALYST,3 tahun 9 bulan,MIDDLE,45,76.66666667,,99.4152046784,13.616265803,1.0,62.6570672707,62.6570672707,8.0
Perform machine learning analysis,Data Scientist,0004E1C5,3.0,1,AI ENGINEER,1 tahun 0 bulan,MIDDLE,12,98.68421053,,85.4256716671,27.4434510067,1.2,94.462392646,94.462392646,3.0
Perform machine learning analysis,Data Scientist,00050DC9,1.5,2,DATA ANALYST,3 tahun 6 bulan,MIDDLE,42,73.27586207,90.0,93.7469277057,9.2877346217,1.1,80.5550616974,80.5550616974,9.0
Perform machine learning analysis,Data Scientist,00055602,4.0,0,DATA SCIENTIST,0 tahun 9 bulan,JUNIOR,9,80.27777778,84.0,0.0,0.0,1.2,77.5622022708,77.5622022708,1.0
Perform machine learning analysis,Data Scientist,0006B570,3.5,3,DATA ANALYST,4 tahun 11 bulan,JUNIOR,59,75.86206897,86.0,98.469149928,0.8603355751,1.0,71.0634376852,71.0634376852,4.0
Perform machine learning analysis,Data Scientist,0006F238,4.0,1,DATA SCIENTIST,4 tahun 8 bulan,MIDDLE,56,97.22222222,,98.9522417154,54.9046621779,1.1,95.020460512,95.020460512,7.0
Perform machine learning analysis,Data Scientist,0008CEE3,4.0,3,DATA ENGINEER,8 tahun 3 bulan,SENIOR,99,88.23529412,93.0,81.2753036437,0.0,1.3,99.8654925819,99.8654925819,21.0
Perform machine learning analysis,Data Scientist,0008DB3D,5.0,3,AI ENGINEER,4 tahun 5 bulan,MIDDLE,53,78.94736842,95.5,97.9135943724,2.0205144715,1.3,99.7997608046,99.7997608046,26.0
Perform machine learning analysis,Data Scientist,0008EF5A,3.0,0,DATA SCIENTIST,3 tahun 9 bulan,JUNIOR,45,87.5,70.0,98.9522417154,0.0,1.0,66.4806914307,66.4806914307,2.0
Perform machine learning analysis,Data Scientist,00093BBA,1.0,2,MGT,4 tahun 11 bulan,-,59,,,,,,,,1.0
Perform machine learning analysis,Data Scientist,000BC56E,2.0,1,DATA ANALYST,3 tahun 2 bulan,JUNIOR,38,77.67241379,89.0,95.0048732943,0.4301677875,1.0,72.7677924824,72.7677924824,2.0
Perform machine learning analysis,Data Scientist,000BE0C5,3.0,3,DATA ANALYST,3 tahun 0 bulan,MIDDLE,36,79.13793103,90.5,96.8024832613,9.3020121433,1.0,75.3882483655,75.3882483655,0.0
Perform machine learning analysis,Data Scientist,000BF13A,2.0,2,DATA ANALYST,4 tahun 11 bulan,JUNIOR,59,85.34482759,84.0,76.9401195515,0.4301677875,1.0,71.3283335517,71.3283335517,2.0
Perform machine learning analysis,Data Scientist,000C7109,3.0,1,DATA SCIENTIST,6 tahun 6 bulan,MIDDLE,78,,,,,,,,9.0
Perform machine learning analysis,Data Scientist,000C72E4,2.5,1,DATA ENGINEER,5 tahun 0 bulan,MIDDLE,60,76.47058824,91.5,89.9596364099,0.0,1.2,87.8939523114,87.8939523114,3.0
Perform machine learning analysis,Data Scientist,000CEE2B,2.5,0,DATA ANALYST,3 tahun 11 bulan,MIDDLE,47,74.48275862,90.0,98.9522417154,10.5359979556,1.0,74.1194724896,74.1194724896,4.0
Perform machine learning analysis,Data Scientist,000FCFC2,5.0,3,AI ENGINEER,1 tahun 10 bulan,JUNIOR,22,80.52631579,95.0,98.9522417154,34.6152175938,1.0,81.9618884287,81.9618884287,16.0
Perform machine learning analysis,Data Scientist,00101A0D,3.5,0,DATA SCIENTIST,4 tahun 0 bulan,JUNIOR,48,82.5,94.0,39.414983165,7.0665492569,1.0,73.9040356956,73.9040356956,2.0
Perform machine learning analysis,Data Scientist,00103C57,2.0,1,DATA ANALYST,4 tahun 11 bulan,JUNIOR,59,80.60344828,81.5,80.2615189223,5.8627640301,1.0,69.7620596418,69.7620596418,15.0
Perform machine learning analysis,Data Scientist,00104933,1.0,2,MGT,3 tahun 11 bulan,-,47,89.65517241,,98.469149928,8.7007929068,1.0,69.5023814571,69.5023814571,1.0
Perform machine learning analysis,Data Scientist,001356B3,2.5,1,DATA SCIENTIST,1 tahun 10 bulan,JUNIOR,22,98.61111111,,98.9522417154,37.4823489904,1.0,82.7234066868,82.7234066868,7.0
Perform machine learning analysis,Data Scientist,0013A32D,1.0,2,MGT,5 tahun 9 bulan,-,69,79.13793103,99.0,88.8109161793,8.7722486646,1.0,78.9526210358,78.9526210358,1.0
Perform machine learning analysis,Data Scientist,0013D24E,3.5,1,DATA SCIENTIST,4 tahun 9 bulan,JUNIOR,57,66.25,92.0,97.9135943724,0.0,1.1,78.1589269578,78.1589269578,0.0
Perform machine learning analysis,Data Scientist,0014B046,2.0,1,DATA SCIENTIST,7 tahun 8 bulan,SENIOR,92,84.72222222,87.0,0.0,0.0,1.0,67.4019777006,67.4019777006,6.0
Perform machine learning analysis,Data Scientist,0014CA34,3.5,0,DATA SCIENTIST,4 tahun 1 bulan,JUNIOR,49,82.5,95.0,99.537037037,30.4375931247,1.0,81.9453180716,81.9453180716,1.0
Perform machine learning analysis,Data Scientist,0014EEF4,2.5,1,DATA ENGINEER,2 tahun 11 bulan,MIDDLE,35,85.0,93.5,80.9809654856,9.0371304039,1.2,92.960313373,92.960313373,8.0
Perform machine learning analysis,Data Scientist,0014F3E9,3.0,3,DATA ANALYST,3 tahun 1 bulan,JUNIOR,37,75.86206897,,98.257797271,12.7921561676,1.0,61.80993377,61.80993377,2.0
Perform machine learning analysis,Data Scientist,001ABDF5,1.5,1,DATA ANALYST,3 tahun 4 bulan,MIDDLE,40,82.24137931,98.5,98.9522417154,50.3029972195,1.0,86.5446547165,86.5446547165,8.0
Perform machine learning analysis,Data Scientist,001AE6FC,3.5,0,DATA ANALYST,3 tahun 4 bulan,JUNIOR,40,82.24137931,84.5,98.469149928,0.4301677875,,72.1149630886,72.1149630886,2.0
Perform machine learning analysis,Data Scientist,001F9B47,1.0,1,DATA ENGINEER,3 tahun 1 bulan,JUNIOR,37,58.75,87.0,96.1884481736,8.6577453183,1.2,81.1247503422,81.1247503422,1.0
Perform machine learning analysis,Data Scientist,002018BB,2.5,0,DATA SCIENTIST,10 tahun 10 bulan,SENIOR,130,97.22222222,98.0,50.5555555556,43.7450704533,1.0,86.4214334385,86.4214334385,18.0
Perform machine learning analysis,Data Scientist,0020C6B5,2.5,3,DATA ANALYST,2 tahun 10 bulan,MIDDLE,34,75.86206897,88.5,98.3674463938,3.3392709766,1.0,72.659385698,72.659385698,3.0
Perform machine learning analysis,Data Scientist,002201AD,1.5,0,DATA ANALYST,4 tahun 10 bulan,MIDDLE,58,91.37931034,95.0,99.537037037,0.4301677875,1.0,80.0052980974,80.0052980974,2.0
Perform machine learning analysis,Data Scientist,00270615,3.0,0,DATA ANALYST,3 tahun 9 bulan,JUNIOR,45,93.10344828,75.0,98.9814814815,29.9520058526,1.0,75.0818725109,75.0818725109,1.0
Perform machine learning analysis,Data Scientist,00277DF9,4.0,0,AI ENGINEER,0 tahun 5 bulan,MIDDLE,5,,,,,,,,4.0
Perform machine learning analysis,Data Scientist,002D5AC9,4.5,3,DATA SCIENTIST,3 tahun 8 bulan,MIDDLE,44,78.88888889,92.0,97.4707602339,57.4757263933,1.0,83.3553945397,83.3553945397,3.0
Perform machine learning analysis,Data Scientist,002DF96D,5.0,3,DATA SCIENTIST,5 tahun 0 bulan,MIDDLE,60,78.88888889,91.0,46.8542261807,5.4541409456,1.1,78.7985129608,78.7985129608,15.0
Perform machine learning analysis,Data Scientist,002E9001,2.5,1,DATA ENGINEER,7 tahun 8 bulan,SENIOR,92,,,,,,,,10.0
Perform machine learning analysis,Data Scientist,002EC9F6,2.0,2,DATA SCIENTIST,4 tahun 7 bulan,MIDDLE,55,97.22222222,96.5,83.7230473171,43.7450704533,1.1,96.6970538768,96.6970538768,0.0
Perform machine learning analysis,Data Scientist,00302AE1,2.5,1,DATA ENGINEER,2 tahun 5 bulan,MIDDLE,29,84.70588235,89.0,97.8411306043,0.4301677875,1.2,90.0022582512,90.0022582512,2.0
Perform machine learning analysis,Data Scientist,00306ABB,1.0,1,DATA ENGINEER,3 tahun 3 bulan,JUNIOR,39,94.11764706,90.0,96.5971692516,0.0,1.2,93.696777586,93.696777586,3.0
Perform machine learning analysis,Data Scientist,0031857D,4.0,3,DATA SCIENTIST,2 tahun 11 bulan,MIDDLE,35,90.0,,97.6042024997,10.2336902669,1.0,70.0282735258,70.0282735258,5.0
Perform machine learning analysis,Data Scientist,0037569D,4.5,1,AI ENGINEER,2 tahun 8 bulan,MIDDLE,32,82.89473684,90.0,98.498389694,6.7355847106,1.3,98.749547614,98.749547614,21.0
Perform machine learning analysis,Data Scientist,00392144,2.5,0,DATA SCIENTIST,4 tahun 10 bulan,MIDDLE,58,85.0,90.5,98.9522417154,10.5154493741,1.0,77.4187076743,77.4187076743,15.0
Perform machine learning analysis,Data Scientist,003A7A13,3.5,0,DATA SCIENTIST,2 tahun 10 bulan,JUNIOR,34,82.5,89.5,96.6027405114,1.0754194688,1.0,74.6209033424,74.6209033424,5.0
Perform machine learning analysis,Data Scientist,003B384C,4.0,3,DATA SCIENTIST,2 tahun 10 bulan,SENIOR,34,80.0,92.0,96.3395202983,44.3903221346,1.1,89.794363496,89.794363496,3.0
Perform machine learning analysis,Data Scientist,003C6A0D,1.5,0,DATA ANALYST,1 tahun 9 bulan,JUNIOR,21,76.20689655,98.0,45.3968253968,2.3230903964,1.0,73.7283503902,73.7283503902,7.0
Perform machine learning analysis,Data Scientist,003CFD5B,1.5,1,DATA ENGINEER,3 tahun 8 bulan,MIDDLE,44,77.5,80.0,98.9522417154,3.0893274449,1.3,89.6443972996,89.6443972996,0.0
Perform machine learning analysis,Data Scientist,003D5583,3.5,0,DATA SCIENTIST,3 tahun 9 bulan,JUNIOR,45,98.61111111,90.0,98.9522417154,31.463471719,1.0,84.2841556523,84.2841556523,1.0
Perform machine learning analysis,Data Scientist,0042FA00,2.5,0,DATA ANALYST,3 tahun 1 bulan,JUNIOR,37,80.68965517,90.0,98.9522417154,38.3427977748,1.0,80.1122536136,80.1122536136,2.0
Perform machine learning analysis,Data Scientist,00430780,2.0,2,DATA ANALYST,2 tahun 10 bulan,MIDDLE,34,87.93103448,86.0,92.1643347143,0.4301677875,1.0,74.0835656652,74.0835656652,2.0
Perform machine learning analysis,Data Scientist,00434E84,3.0,1,DATA SCIENTIST,3 tahun 9 bulan,JUNIOR,45,80.27777778,95.0,96.1220230528,0.0,1.0,76.485383457,76.485383457,4.0
Perform machine learning analysis,Data Scientist,00456E77,4.0,1,DATA SCIENTIST,1 tahun 8 bulan,BASIC,20,75.55555556,90.0,17.7777777778,0.0,,67.4044956827,67.4044956827,8.0
Perform machine learning analysis,Data Scientist,0045D05E,3.0,1,DATA SCIENTIST,4 tahun 1 bulan,JUNIOR,49,73.75,85.0,96.7440037291,55.491056416,1.0,78.0721708555,78.0721708555,7.0
Perform machine learning analysis,Data Scientist,00464297,1.0,2,MGT,4 tahun 11 bulan,-,59,,,,,,,,1.0
Perform machine learning analysis,Data Scientist,005139FE,2.5,0,DATA ANALYST,4 tahun 1 bulan,MIDDLE,49,79.13793103,85.0,98.9522417154,0.4301677875,1.0,71.4912919476,71.4912919476,2.0
Perform machine learning analysis,Data Scientist,0052D29A,2.5,1,DATA ANALYST,5 tahun 1 bulan,SENIOR,61,73.10344828,86.0,97.7192982456,51.2417874977,1.0,77.8012250633,77.8012250633,4.0
Perform machine learning analysis,Data Scientist,00563DC3,2.5,0,DATA ANALYST,3 tahun 6 bulan,MIDDLE,42,76.20689655,96.0,3.7037037037,53.3266455725,1.0,77.6344597313,77.6344597313,4.0
Perform machine learning analysis,Data Scientist,00630639,3.5,1,DATA SCIENTIST,9 tahun 2 bulan,MIDDLE,110,80.0,75.0,98.9522417154,54.8821326185,1.0,75.0274646513,75.0274646513,0.0
Perform machine learning analysis,Data Scientist,0073D075,4.5,3,DATA SCIENTIST,4 tahun 0 bulan,JUNIOR,48,91.66666667,93.0,58.0116959064,8.2492354431,1.0,77.500618325,77.500618325,4.0
Perform machine learning analysis,Data Scientist,0084C542,1.5,0,DATA ANALYST,4 tahun 0 bulan,MIDDLE,48,74.48275862,80.0,98.9522417154,0.0,1.0,67.6149808506,67.6149808506,2.0
Perform machine learning analysis,Data Scientist,00897237,2.0,0,DATA ANALYST,3 tahun 9 bulan,MIDDLE,45,93.10344828,92.5,94.1423001949,2.5085548458,1.2,95.0743558155,95.0743558155,8.0
Perform machine learning analysis,Data Scientist,0097B743,2.5,0,MGT,3 tahun 1 bulan,-,37,90.27777778,,98.9522417154,37.0103448893,1.0,77.3225695827,77.3225695827,5.0
Perform machine learning analysis,Data Scientist,009C501C,2.0,0,DATA ANALYST,2 tahun 9 bulan,MIDDLE,33,71.72413793,91.5,99.537037037,45.8959093909,1.1,87.3635004212,87.3635004212,9.0
Perform machine learning analysis,Data Scientist,017F0DF6,4.0,3,AI ENGINEER,3 tahun 8 bulan,JUNIOR,44,84.07894737,90.0,75.790084404,1.3470096476,1.3,96.1634426675,96.1634426675,9.0
Product performance evaluation,Data Analyst,0000ECE6,3.0,2,DATA ANALYST,4 tahun 10 bulan,JUNIOR,58,,,,,,,,9.0
Product performance evaluation,Data Analyst,0001741A,4.666666666666667,3,DATA SCIENTIST,4 tahun 11 bulan,JUNIOR,59,88.75,89.5,96.4930913886,12.6845989445,1.0,78.1787671463,78.1787671463,3.0
Product performance evaluation,Data Analyst,00017D8B,4.666666666666667,3,DATA ENGINEER,3 tahun 9 bulan,SENIOR,45,86.02941176,94.0,88.8888888889,14.482615467,1.2,95.2346475844,95.2346475844,0.0
Product performance evaluation,Data Analyst,00049B4B,3.0,0,DATA ANALYST,3 tahun 9 bulan,MIDDLE,45,76.66666667,,99.4152046784,13.616265803,1.0,62.6570672707,62.6570672707,8.0
Product performance evaluation,Data Analyst,0004E1C5,2.6666666666666665,1,AI ENGINEER,1 tahun 0 bulan,MIDDLE,12,98.68421053,,85.4256716671,27.4434510067,1.2,94.462392646,94.462392646,3.0
Product performance evaluation,Data Analyst,00050DC9,3.0,2,DATA ANALYST,3 tahun 6 bulan,MIDDLE,42,73.27586207,90.0,93.7469277057,9.2877346217,1.1,80.5550616974,80.5550616974,9.0
Product performance evaluation,Data Analyst,00055602,4.0,0,DATA SCIENTIST,0 tahun 9 bulan,JUNIOR,9,80.27777778,84.0,0.0,0.0,1.2,77.5622022708,77.5622022708,1.0
Product performance evaluation,Data Analyst,0006B570,4.666666666666667,3,DATA ANALYST,4 tahun 11 bulan,JUNIOR,59,75.86206897,86.0,98.469149928,0.8603355751,1.0,71.0634376852,71.0634376852,4.0
Product performance evaluation,Data Analyst,0006F238,3.0,1,DATA SCIENTIST,4 tahun 8 bulan,MIDDLE,56,97.22222222,,98.9522417154,54.9046621779,1.1,95.020460512,95.020460512,7.0
Product performance evaluation,Data Analyst,0008CEE3,4.333333333333333,3,DATA ENGINEER,8 tahun 3 bulan,SENIOR,99,88.23529412,93.0,81.2753036437,0.0,1.3,99.8654925819,99.8654925819,21.0
Product performance evaluation,Data Analyst,0008DB3D,3.6666666666666665,3,AI ENGINEER,4 tahun 5 bulan,MIDDLE,53,78.94736842,95.5,97.9135943724,2.0205144715,1.3,99.7997608046,99.7997608046,26.0
Product performance evaluation,Data Analyst,0008EF5A,3.3333333333333335,0,DATA SCIENTIST,3 tahun 9 bulan,JUNIOR,45,87.5,70.0,98.9522417154,0.0,1.0,66.4806914307,66.4806914307,2.0
Product performance evaluation,Data Analyst,00093BBA,2.3333333333333335,2,MGT,4 tahun 11 bulan,-,59,,,,,,,,1.0
Product performance evaluation,Data Analyst,000BC56E,4.0,1,DATA ANALYST,3 tahun 2 bulan,JUNIOR,38,77.67241379,89.0,95.0048732943,0.4301677875,1.0,72.7677924824,72.7677924824,2.0
Product performance evaluation,Data Analyst,000BE0C5,5.0,3,DATA ANALYST,3 tahun 0 bulan,MIDDLE,36,79.13793103,90.5,96.8024832613,9.3020121433,1.0,75.3882483655,75.3882483655,0.0
Product performance evaluation,Data Analyst,000BF13A,3.6666666666666665,2,DATA ANALYST,4 tahun 11 bulan,JUNIOR,59,85.34482759,84.0,76.9401195515,0.4301677875,1.0,71.3283335517,71.3283335517,2.0
Product performance evaluation,Data Analyst,000C7109,3.0,1,DATA SCIENTIST,6 tahun 6 bulan,MIDDLE,78,,,,,,,,9.0
Product performance evaluation,Data Analyst,000C72E4,4.333333333333333,1,DATA ENGINEER,5 tahun 0 bulan,MIDDLE,60,76.47058824,91.5,89.9596364099,0.0,1.2,87.8939523114,87.8939523114,3.0
Product performance evaluation,Data Analyst,000CEE2B,3.3333333333333335,0,DATA ANALYST,3 tahun 11 bulan,MIDDLE,47,74.48275862,90.0,98.9522417154,10.5359979556,1.0,74.1194724896,74.1194724896,4.0
Product performance evaluation,Data Analyst,000FCFC2,4.333333333333333,3,AI ENGINEER,1 tahun 10 bulan,JUNIOR,22,80.52631579,95.0,98.9522417154,34.6152175938,1.0,81.9618884287,81.9618884287,16.0
Product performance evaluation,Data Analyst,00101A0D,3.6666666666666665,0,DATA SCIENTIST,4 tahun 0 bulan,JUNIOR,48,82.5,94.0,39.414983165,7.0665492569,1.0,73.9040356956,73.9040356956,2.0
Product performance evaluation,Data Analyst,00103C57,3.6666666666666665,1,DATA ANALYST,4 tahun 11 bulan,JUNIOR,59,80.60344828,81.5,80.2615189223,5.8627640301,1.0,69.7620596418,69.7620596418,15.0
Product performance evaluation,Data Analyst,00104933,1.6666666666666667,2,MGT,3 tahun 11 bulan,-,47,89.65517241,,98.469149928,8.7007929068,1.0,69.5023814571,69.5023814571,1.0
Product performance evaluation,Data Analyst,001356B3,2.6666666666666665,1,DATA SCIENTIST,1 tahun 10 bulan,JUNIOR,22,98.61111111,,98.9522417154,37.4823489904,1.0,82.7234066868,82.7234066868,7.0
Product performance evaluation,Data Analyst,0013A32D,1.3333333333333333,2,MGT,5 tahun 9 bulan,-,69,79.13793103,99.0,88.8109161793,8.7722486646,1.0,78.9526210358,78.9526210358,1.0
Product performance evaluation,Data Analyst,0013D24E,3.6666666666666665,1,DATA SCIENTIST,4 tahun 9 bulan,JUNIOR,57,66.25,92.0,97.9135943724,0.0,1.1,78.1589269578,78.1589269578,0.0
Product performance evaluation,Data Analyst,0014B046,3.0,1,DATA SCIENTIST,7 tahun 8 bulan,SENIOR,92,84.72222222,87.0,0.0,0.0,1.0,67.4019777006,67.4019777006,6.0
Product performance evaluation,Data Analyst,0014CA34,3.3333333333333335,0,DATA SCIENTIST,4 tahun 1 bulan,JUNIOR,49,82.5,95.0,99.537037037,30.4375931247,1.0,81.9453180716,81.9453180716,1.0
Product performance evaluation,Data Analyst,0014EEF4,4.333333333333333,1,DATA ENGINEER,2 tahun 11 bulan,MIDDLE,35,85.0,93.5,80.9809654856,9.0371304039,1.2,92.960313373,92.960313373,8.0
Product performance evaluation,Data Analyst,0014F3E9,4.666666666666667,3,DATA ANALYST,3 tahun 1 bulan,JUNIOR,37,75.86206897,,98.257797271,12.7921561676,1.0,61.80993377,61.80993377,2.0
Product performance evaluation,Data Analyst,001ABDF5,4.0,1,DATA ANALYST,3 tahun 4 bulan,MIDDLE,40,82.24137931,98.5,98.9522417154,50.3029972195,1.0,86.5446547165,86.5446547165,8.0
Product performance evaluation,Data Analyst,001AE6FC,3.6666666666666665,0,DATA ANALYST,3 tahun 4 bulan,JUNIOR,40,82.24137931,84.5,98.469149928,0.4301677875,,72.1149630886,72.1149630886,2.0
Product performance evaluation,Data Analyst,001F9B47,3.6666666666666665,1,DATA ENGINEER,3 tahun 1 bulan,JUNIOR,37,58.75,87.0,96.1884481736,8.6577453183,1.2,81.1247503422,81.1247503422,1.0
Product performance evaluation,Data Analyst,002018BB,3.6666666666666665,0,DATA SCIENTIST,10 tahun 10 bulan,SENIOR,130,97.22222222,98.0,50.5555555556,43.7450704533,1.0,86.4214334385,86.4214334385,18.0
Product performance evaluation,Data Analyst,0020C6B5,4.333333333333333,3,DATA ANALYST,2 tahun 10 bulan,MIDDLE,34,75.86206897,88.5,98.3674463938,3.3392709766,1.0,72.659385698,72.659385698,3.0
Product performance evaluation,Data Analyst,002201AD,3.3333333333333335,0,DATA ANALYST,4 tahun 10 bulan,MIDDLE,58,91.37931034,95.0,99.537037037,0.4301677875,1.0,80.0052980974,80.0052980974,2.0
Product performance evaluation,Data Analyst,00270615,4.333333333333333,0,DATA ANALYST,3 tahun 9 bulan,JUNIOR,45,93.10344828,75.0,98.9814814815,29.9520058526,1.0,75.0818725109,75.0818725109,1.0
Product performance evaluation,Data Analyst,00277DF9,3.3333333333333335,0,AI ENGINEER,0 tahun 5 bulan,MIDDLE,5,,,,,,,,4.0
Product performance evaluation,Data Analyst,002D5AC9,4.0,3,DATA SCIENTIST,3 tahun 8 bulan,MIDDLE,44,78.88888889,92.0,97.4707602339,57.4757263933,1.0,83.3553945397,83.3553945397,3.0
Product performance evaluation,Data Analyst,002DF96D,4.0,3,DATA SCIENTIST,5 tahun 0 bulan,MIDDLE,60,78.88888889,91.0,46.8542261807,5.4541409456,1.1,78.7985129608,78.7985129608,15.0
Product performance evaluation,Data Analyst,002E9001,4.666666666666667,1,DATA ENGINEER,7 tahun 8 bulan,SENIOR,92,,,,,,,,10.0
Product performance evaluation,Data Analyst,002EC9F6,2.0,2,DATA SCIENTIST,4 tahun 7 bulan,MIDDLE,55,97.22222222,96.5,83.7230473171,43.7450704533,1.1,96.6970538768,96.6970538768,0.0
Product performance evaluation,Data Analyst,00302AE1,3.6666666666666665,1,DATA ENGINEER,2 tahun 5 bulan,MIDDLE,29,84.70588235,89.0,97.8411306043,0.4301677875,1.2,90.0022582512,90.0022582512,2.0
Product performance evaluation,Data Analyst,00306ABB,4.333333333333333,1,DATA ENGINEER,3 tahun 3 bulan,JUNIOR,39,94.11764706,90.0,96.5971692516,0.0,1.2,93.696777586,93.696777586,3.0
Product performance evaluation,Data Analyst,0031857D,4.333333333333333,3,DATA SCIENTIST,2 tahun 11 bulan,MIDDLE,35,90.0,,97.6042024997,10.2336902669,1.0,70.0282735258,70.0282735258,5.0
Product performance evaluation,Data Analyst,0037569D,2.6666666666666665,1,AI ENGINEER,2 tahun 8 bulan,MIDDLE,32,82.89473684,90.0,98.498389694,6.7355847106,1.3,98.749547614,98.749547614,21.0
Product performance evaluation,Data Analyst,00392144,3.6666666666666665,0,DATA SCIENTIST,4 tahun 10 bulan,MIDDLE,58,85.0,90.5,98.9522417154,10.5154493741,1.0,77.4187076743,77.4187076743,15.0
Product performance evaluation,Data Analyst,003A7A13,3.0,0,DATA SCIENTIST,2 tahun 10 bulan,JUNIOR,34,82.5,89.5,96.6027405114,1.0754194688,1.0,74.6209033424,74.6209033424,5.0
Product performance evaluation,Data Analyst,003B384C,4.666666666666667,3,DATA SCIENTIST,2 tahun 10 bulan,SENIOR,34,80.0,92.0,96.3395202983,44.3903221346,1.1,89.794363496,89.794363496,3.0
Product performance evaluation,Data Analyst,003C6A0D,3.6666666666666665,0,DATA ANALYST,1 tahun 9 bulan,JUNIOR,21,76.20689655,98.0,45.3968253968,2.3230903964,1.0,73.7283503902,73.7283503902,7.0
Product performance evaluation,Data Analyst,003CFD5B,3.0,1,DATA ENGINEER,3 tahun 8 bulan,MIDDLE,44,77.5,80.0,98.9522417154,3.0893274449,1.3,89.6443972996,89.6443972996,0.0
Product performance evaluation,Data Analyst,003D5583,3.6666666666666665,0,DATA SCIENTIST,3 tahun 9 bulan,JUNIOR,45,98.61111111,90.0,98.9522417154,31.463471719,1.0,84.2841556523,84.2841556523,1.0
Product performance evaluation,Data Analyst,0042FA00,3.0,0,DATA ANALYST,3 tahun 1 bulan,JUNIOR,37,80.68965517,90.0,98.9522417154,38.3427977748,1.0,80.1122536136,80.1122536136,2.0
Product performance evaluation,Data Analyst,00430780,2.6666666666666665,2,DATA ANALYST,2 tahun 10 bulan,MIDDLE,34,87.93103448,86.0,92.1643347143,0.4301677875,1.0,74.0835656652,74.0835656652,2.0
Product performance evaluation,Data Analyst,00434E84,3.6666666666666665,1,DATA SCIENTIST,3 tahun 9 bulan,JUNIOR,45,80.27777778,95.0,96.1220230528,0.0,1.0,76.485383457,76.485383457,4.0
Product performance evaluation,Data Analyst,00456E77,3.6666666666666665,1,DATA SCIENTIST,1 tahun 8 bulan,BASIC,20,75.55555556,90.0,17.7777777778,0.0,,67.4044956827,67.4044956827,8.0
Product performance evaluation,Data Analyst,0045D05E,2.6666666666666665,1,DATA SCIENTIST,4 tahun 1 bulan,JUNIOR,49,73.75,85.0,96.7440037291,55.491056416,1.0,78.0721708555,78.0721708555,7.0
Product performance evaluation,Data Analyst,00464297,1.6666666666666667,2,MGT,4 tahun 11 bulan,-,59,,,,,,,,1.0
Product performance evaluation,Data Analyst,005139FE,3.3333333333333335,0,DATA ANALYST,4 tahun 1 bulan,MIDDLE,49,79.13793103,85.0,98.9522417154,0.4301677875,1.0,71.4912919476,71.4912919476,2.0
Product performance evaluation,Data Analyst,0052D29A,3.6666666666666665,1,DATA ANALYST,5 tahun 1 bulan,SENIOR,61,73.10344828,86.0,97.7192982456,51.2417874977,1.0,77.8012250633,77.8012250633,4.0
Product performance evaluation,Data Analyst,00563DC3,4.333333333333333,0,DATA ANALYST,3 tahun 6 bulan,MIDDLE,42,76.20689655,96.0,3.7037037037,53.3266455725,1.0,77.6344597313,77.6344597313,4.0
Product performance evaluation,Data Analyst,00630639,3.6666666666666665,1,DATA SCIENTIST,9 tahun 2 bulan,MIDDLE,110,80.0,75.0,98.9522417154,54.8821326185,1.0,75.0274646513,75.0274646513,0.0
Product performance evaluation,Data Analyst,0073D075,4.333333333333333,3,DATA SCIENTIST,4 tahun 0 bulan,JUNIOR,48,91.66666667,93.0,58.0116959064,8.2492354431,1.0,77.500618325,77.500618325,4.0
Product performance evaluation,Data Analyst,0084C542,3.0,0,DATA ANALYST,4 tahun 0 bulan,MIDDLE,48,74.48275862,80.0,98.9522417154,0.0,1.0,67.6149808506,67.6149808506,2.0
Product performance evaluation,Data Analyst,00897237,3.6666666666666665,0,DATA ANALYST,3 tahun 9 bulan,MIDDLE,45,93.10344828,92.5,94.1423001949,2.5085548458,1.2,95.0743558155,95.0743558155,8.0
Product performance evaluation,Data Analyst,0097B743,3.0,0,MGT,3 tahun 1 bulan,-,37,90.27777778,,98.9522417154,37.0103448893,1.0,77.3225695827,77.3225695827,5.0
Product performance evaluation,Data Analyst,009C501C,4.0,0,DATA ANALYST,2 tahun 9 bulan,MIDDLE,33,71.72413793,91.5,99.537037037,45.8959093909,1.1,87.3635004212,87.3635004212,9.0
Product performance evaluation,Data Analyst,017F0DF6,3.6666666666666665,3,AI ENGINEER,3 tahun 8 bulan,JUNIOR,44,84.07894737,90.0,75.790084404,1.3470096476,1.3,96.1634426675,96.1634426675,9.0
Work on computer vision and NLP,AI Engineer,0000ECE6,1.0,2,DATA ANALYST,4 tahun 10 bulan,JUNIOR,58,,,,,,,,9.0
Work on computer vision and NLP,AI Engineer,0001741A,5.0,3,DATA SCIENTIST,4 tahun 11 bulan,JUNIOR,59,88.75,89.5,96.4930913886,12.6845989445,1.0,78.1787671463,78.1787671463,3.0
Work on computer vision and NLP,AI Engineer,00017D8B,4.0,3,DATA ENGINEER,3 tahun 9 bulan,SENIOR,45,86.02941176,94.0,88.8888888889,14.482615467,1.2,95.2346475844,95.2346475844,0.0
Work on computer vision and NLP,AI Engineer,00049B4B,2.0,0,DATA ANALYST,3 tahun 9 bulan,MIDDLE,45,76.66666667,,99.4152046784,13.616265803,1.0,62.6570672707,62.6570672707,8.0
Work on computer vision and NLP,AI Engineer,0004E1C5,3.0,1,AI ENGINEER,1 tahun 0 bulan,MIDDLE,12,98.68421053,,85.4256716671,27.4434510067,1.2,94.462392646,94.462392646,3.0
Work on computer vision and NLP,AI Engineer,00050DC9,1.5,2,DATA ANALYST,3 tahun 6 bulan,MIDDLE,42,73.27586207,90.0,93.7469277057,9.2877346217,1.1,80.5550616974,80.5550616974,9.0
Work on computer vision and NLP,AI Engineer,00055602,4.0,0,DATA SCIENTIST,0 tahun 9 bulan,JUNIOR,9,80.27777778,84.0,0.0,0.0,1.2,77.5622022708,77.5622022708,1.0
Work on computer vision and NLP,AI Engineer,0006B570,3.5,3,DATA ANALYST,4 tahun 11 bulan,JUNIOR,59,75.86206897,86.0,98.469149928,0.8603355751,1.0,71.0634376852,71.0634376852,4.0
Work on computer vision and NLP,AI Engineer,0006F238,4.0,1,DATA SCIENTIST,4 tahun 8 bulan,MIDDLE,56,97.22222222,,98.9522417154,54.9046621779,1.1,95.020460512,95.020460512,7.0
Work on computer vision and NLP,AI Engineer,0008CEE3,4.0,3,DATA ENGINEER,8 tahun 3 bulan,SENIOR,99,88.23529412,93.0,81.2753036437,0.0,1.3,99.8654925819,99.8654925819,21.0
Work on computer vision and NLP,AI Engineer,0008DB3D,5.0,3,AI ENGINEER,4 tahun 5 bulan,MIDDLE,53,78.94736842,95.5,97.9135943724,2.0205144715,1.3,99.7997608046,99.7997608046,26.0
Work on computer vision and NLP,AI Engineer,0008EF5A,3.0,0,DATA SCIENTIST,3 tahun 9 bulan,JUNIOR,45,87.5,70.0,98.9522417154,0.0,1.0,66.4806914307,66.4806914307,2.0
Work on computer vision and NLP,AI Engineer,00093BBA,1.0,2,MGT,4 tahun 11 bulan,-,59,,,,,,,,1.0
Work on computer vision and NLP,AI Engineer,000BC56E,2.0,1,DATA ANALYST,3 tahun 2 bulan,JUNIOR,38,77.67241379,89.0,95.0048732943,0.4301677875,1.0,72.7677924824,72.7677924824,2.0
Work on computer vision and NLP,AI Engineer,000BE0C5,3.0,3,DATA ANALYST,3 tahun 0 bulan,MIDDLE,36,79.13793103,90.5,96.8024832613,9.3020121433,1.0,75.3882483655,75.3882483655,0.0
Work on computer vision and NLP,AI Engineer,000BF13A,2.0,2,DATA ANALYST,4 tahun 11 bulan,JUNIOR,59,85.34482759,84.0,76.9401195515,0.4301677875,1.0,71.3283335517,71.3283335517,2.0
Work on computer vision and NLP,AI Engineer,000C7109,3.0,1,DATA SCIENTIST,6 tahun 6 bulan,MIDDLE,78,,,,,,,,9.0
Work on computer vision and NLP,AI Engineer,000C72E4,2.5,1,DATA ENGINEER,5 tahun 0 bulan,MIDDLE,60,76.47058824,91.5,89.9596364099,0.0,1.2,87.8939523114,87.8939523114,3.0
Work on computer vision and NLP,AI Engineer,000CEE2B,2.5,0,DATA ANALYST,3 tahun 11 bulan,MIDDLE,47,74.48275862,90.0,98.9522417154,10.5359979556,1.0,74.1194724896,74.1194724896,4.0
Work on computer vision and NLP,AI Engineer,000FCFC2,5.0,3,AI ENGINEER,1 tahun 10 bulan,JUNIOR,22,80.52631579,95.0,98.9522417154,34.6152175938,1.0,81.9618884287,81.9618884287,16.0
Work on computer vision and NLP,AI Engineer,00101A0D,3.5,0,DATA SCIENTIST,4 tahun 0 bulan,JUNIOR,48,82.5,94.0,39.414983165,7.0665492569,1.0,73.9040356956,73.9040356956,2.0
Work on computer vision and NLP,AI Engineer,00103C57,2.0,1,DATA ANALYST,4 tahun 11 bulan,JUNIOR,59,80.60344828,81.5,80.2615189223,5.8627640301,1.0,69.7620596418,69.7620596418,15.0
Work on computer vision and NLP,AI Engineer,00104933,1.0,2,MGT,3 tahun 11 bulan,-,47,89.65517241,,98.469149928,8.7007929068,1.0,69.5023814571,69.5023814571,1.0
Work on computer vision and NLP,AI Engineer,001356B3,2.5,1,DATA SCIENTIST,1 tahun 10 bulan,JUNIOR,22,98.61111111,,98.9522417154,37.4823489904,1.0,82.7234066868,82.7234066868,7.0
Work on computer vision and NLP,AI Engineer,0013A32D,1.0,2,MGT,5 tahun 9 bulan,-,69,79.13793103,99.0,88.8109161793,8.7722486646,1.0,78.9526210358,78.9526210358,1.0
Work on computer vision and NLP,AI Engineer,0013D24E,3.5,1,DATA SCIENTIST,4 tahun 9 bulan,JUNIOR,57,66.25,92.0,97.9135943724,0.0,1.1,78.1589269578,78.1589269578,0.0
Work on computer vision and NLP,AI Engineer,0014B046,2.0,1,DATA SCIENTIST,7 tahun 8 bulan,SENIOR,92,84.72222222,87.0,0.0,0.0,1.0,67.4019777006,67.4019777006,6.0
Work on computer vision and NLP,AI Engineer,0014CA34,3.5,0,DATA SCIENTIST,4 tahun 1 bulan,JUNIOR,49,82.5,95.0,99.537037037,30.4375931247,1.0,81.9453180716,81.9453180716,1.0
Work on computer vision and NLP,AI Engineer,0014EEF4,2.5,1,DATA ENGINEER,2 tahun 11 bulan,MIDDLE,35,85.0,93.5,80.9809654856,9.0371304039,1.2,92.960313373,92.960313373,8.0
Work on computer vision and NLP,AI Engineer,0014F3E9,3.0,3,DATA ANALYST,3 tahun 1 bulan,JUNIOR,37,75.86206897,,98.257797271,12.7921561676,1.0,61.80993377,61.80993377,2.0
Work on computer vision and NLP,AI Engineer,001ABDF5,1.5,1,DATA ANALYST,3 tahun 4 bulan,MIDDLE,40,82.24137931,98.5,98.9522417154,50.3029972195,1.0,86.5446547165,86.5446547165,8.0
Work on computer vision and NLP,AI Engineer,001AE6FC,3.5,0,DATA ANALYST,3 tahun 4 bulan,JUNIOR,40,82.24137931,84.5,98.469149928,0.4301677875,,72.1149630886,72.1149630886,2.0
Work on computer vision and NLP,AI Engineer,001F9B47,1.0,1,DATA ENGINEER,3 tahun 1 bulan,JUNIOR,37,58.75,87.0,96.1884481736,8.6577453183,1.2,81.1247503422,81.1247503422,1.0
Work on computer vision and NLP,AI Engineer,002018BB,2.5,0,DATA SCIENTIST,10 tahun 10 bulan,SENIOR,130,97.22222222,98.0,50.5555555556,43.7450704533,1.0,86.4214334385,86.4214334385,18.0
Work on computer vision and NLP,AI Engineer,0020C6B5,2.5,3,DATA ANALYST,2 tahun 10 bulan,MIDDLE,34,75.86206897,88.5,98.3674463938,3.3392709766,1.0,72.659385698,72.659385698,3.0
Work on computer vision and NLP,AI Engineer,002201AD,1.5,0,DATA ANALYST,4 tahun 10 bulan,MIDDLE,58,91.37931034,95.0,99.537037037,0.4301677875,1.0,80.0052980974,80.0052980974,2.0
Work on computer vision and NLP,AI Engineer,00270615,3.0,0,DATA ANALYST,3 tahun 9 bulan,JUNIOR,45,93.10344828,75.0,98.9814814815,29.9520058526,1.0,75.0818725109,75.0818725109,1.0
Work on computer vision and NLP,AI Engineer,00277DF9,4.0,0,AI ENGINEER,0 tahun 5 bulan,MIDDLE,5,,,,,,,,4.0
Work on computer vision and NLP,AI Engineer,002D5AC9,4.5,3,DATA SCIENTIST,3 tahun 8 bulan,MIDDLE,44,78.88888889,92.0,97.4707602339,57.4757263933,1.0,83.3553945397,83.3553945397,3.0
Work on computer vision and NLP,AI Engineer,002DF96D,5.0,3,DATA SCIENTIST,5 tahun 0 bulan,MIDDLE,60,78.88888889,91.0,46.8542261807,5.4541409456,1.1,78.7985129608,78.7985129608,15.0
Work on computer vision and NLP,AI Engineer,002E9001,2.5,1,DATA ENGINEER,7 tahun 8 bulan,SENIOR,92,,,,,,,,10.0
Work on computer vision and NLP,AI Engineer,002EC9F6,2.0,2,DATA SCIENTIST,4 tahun 7 bulan,MIDDLE,55,97.22222222,96.5,83.7230473171,43.7450704533,1.1,96.6970538768,96.6970538768,0.0
Work on computer vision and NLP,AI Engineer,00302AE1,2.5,1,DATA ENGINEER,2 tahun 5 bulan,MIDDLE,29,84.70588235,89.0,97.8411306043,0.4301677875,1.2,90.0022582512,90.0022582512,2.0
Work on computer vision and NLP,AI Engineer,00306ABB,1.0,1,DATA ENGINEER,3 tahun 3 bulan,JUNIOR,39,94.11764706,90.0,96.5971692516,0.0,1.2,93.696777586,93.696777586,3.0
Work on computer vision and NLP,AI Engineer,0031857D,4.0,3,DATA SCIENTIST,2 tahun 11 bulan,MIDDLE,35,90.0,,97.6042024997,10.2336902669,1.0,70.0282735258,70.0282735258,5.0
Work on computer vision and NLP,AI Engineer,0037569D,4.5,1,AI ENGINEER,2 tahun 8 bulan,MIDDLE,32,82.89473684,90.0,98.498389694,6.7355847106,1.3,98.749547614,98.749547614,21.0
Work on computer vision and NLP,AI Engineer,00392144,2.5,0,DATA SCIENTIST,4 tahun 10 bulan,MIDDLE,58,85.0,90.5,98.9522417154,10.5154493741,1.0,77.4187076743,77.4187076743,15.0
Work on computer vision and NLP,AI Engineer,003A7A13,3.5,0,DATA SCIENTIST,2 tahun 10 bulan,JUNIOR,34,82.5,89.5,96.6027405114,1.0754194688,1.0,74.6209033424,74.6209033424,5.0
Work on computer vision and NLP,AI Engineer,003B384C,4.0,3,DATA SCIENTIST,2 tahun 10 bulan,SENIOR,34,80.0,92.0,96.3395202983,44.3903221346,1.1,89.794363496,89.794363496,3.0
Work on computer vision and NLP,AI Engineer,003C6A0D,1.5,0,DATA ANALYST,1 tahun 9 bulan,JUNIOR,21,76.20689655,98.0,45.3968253968,2.3230903964,1.0,73.7283503902,73.7283503902,7.0
Work on computer vision and NLP,AI Engineer,003CFD5B,1.5,1,DATA ENGINEER,3 tahun 8 bulan,MIDDLE,44,77.5,80.0,98.9522417154,3.0893274449,1.3,89.6443972996,89.6443972996,0.0
Work on computer vision and NLP,AI Engineer,003D5583,3.5,0,DATA SCIENTIST,3 tahun 9 bulan,JUNIOR,45,98.61111111,90.0,98.9522417154,31.463471719,1.0,84.2841556523,84.2841556523,1.0
Work on computer vision and NLP,AI Engineer,0042FA00,2.5,0,DATA ANALYST,3 tahun 1 bulan,JUNIOR,37,80.68965517,90.0,98.9522417154,38.3427977748,1.0,80.1122536136,80.1122536136,2.0
Work on computer vision and NLP,AI Engineer,00430780,2.0,2,DATA ANALYST,2 tahun 10 bulan,MIDDLE,34,87.93103448,86.0,92.1643347143,0.4301677875,1.0,74.0835656652,74.0835656652,2.0
Work on computer vision and NLP,AI Engineer,00434E84,3.0,1,DATA SCIENTIST,3 tahun 9 bulan,JUNIOR,45,80.27777778,95.0,96.1220230528,0.0,1.0,76.485383457,76.485383457,4.0
Work on computer vision and NLP,AI Engineer,00456E77,4.0,1,DATA SCIENTIST,1 tahun 8 bulan,BASIC,20,75.55555556,90.0,17.7777777778,0.0,,67.4044956827,67.4044956827,8.0
Work on computer vision and NLP,AI Engineer,0045D05E,3.0,1,DATA SCIENTIST,4 tahun 1 bulan,JUNIOR,49,73.75,85.0,96.7440037291,55.491056416,1.0,78.0721708555,78.0721708555,7.0
Work on computer vision and NLP,AI Engineer,00464297,1.0,2,MGT,4 tahun 11 bulan,-,59,,,,,,,,1.0
Work on computer vision and NLP,AI Engineer,005139FE,2.5,0,DATA ANALYST,4 tahun 1 bulan,MIDDLE,49,79.13793103,85.0,98.9522417154,0.4301677875,1.0,71.4912919476,71.4912919476,2.0
Work on computer vision and NLP,AI Engineer,0052D29A,2.5,1,DATA ANALYST,5 tahun 1 bulan,SENIOR,61,73.10344828,86.0,97.7192982456,51.2417874977,1.0,77.8012250633,77.8012250633,4.0
Work on computer vision and NLP,AI Engineer,00563DC3,2.5,0,DATA ANALYST,3 tahun 6 bulan,MIDDLE,42,76.20689655,96.0,3.7037037037,53.3266455725,1.0,77.6344597313,77.6344597313,4.0
Work on computer vision and NLP,AI Engineer,00630639,3.5,1,DATA SCIENTIST,9 tahun 2 bulan,MIDDLE,110,80.0,75.0,98.9522417154,54.8821326185,1.0,75.0274646513,75.0274646513,0.0
Work on computer vision and NLP,AI Engineer,0073D075,4.5,3,DATA SCIENTIST,4 tahun 0 bulan,JUNIOR,48,91.66666667,93.0,58.0116959064,8.2492354431,1.0,77.500618325,77.500618325,4.0
Work on computer vision and NLP,AI Engineer,0084C542,1.5,0,DATA ANALYST,4 tahun 0 bulan,MIDDLE,48,74.48275862,80.0,98.9522417154,0.0,1.0,67.6149808506,67.6149808506,2.0
Work on computer vision and NLP,AI Engineer,00897237,2.0,0,DATA ANALYST,3 tahun 9 bulan,MIDDLE,45,93.10344828,92.5,94.1423001949,2.5085548458,1.2,95.0743558155,95.0743558155,8.0
Work on computer vision and NLP,AI Engineer,0097B743,2.5,0,MGT,3 tahun 1 bulan,-,37,90.27777778,,98.9522417154,37.0103448893,1.0,77.3225695827,77.3225695827,5.0
Work on computer vision and NLP,AI Engineer,009C501C,2.0,0,DATA ANALYST,2 tahun 9 bulan,MIDDLE,33,71.72413793,91.5,99.537037037,45.8959093909,1.1,87.3635004212,87.3635004212,9.0
Work on computer vision and NLP,AI Engineer,017F0DF6,4.0,3,AI ENGINEER,3 tahun 8 bulan,JUNIOR,44,84.07894737,90.0,75.790084404,1.3470096476,1.3,96.1634426675,96.1634426675,9.0
