Responsibilities,Role,UNIQUE ID,Role Person,Avg_SkillScore,Cluster,NO,ROLE,LAMA KERJA BERJALAN,GRADE,Durasi Bulan,"Technical Score (29,06%)","Personal Evaluation Score (49,17%)","Discipline Score (15,06%)",Development Score (7%),Expert Judgement,Capability Score,scoring_eval,job_count,d,finalscore,finalscore_scaled
Analyze structured and unstructured data,Data Scientist,006bac9a,Data Analyst,3.0,3,7,DATA ANALYST,2 tahun 5 bulan,JUNIOR,29,24.3446545288,90.0,100.0,10.68886874,1.0,59.64183706,59.64183706,2.0,33.0201736418,33.0201736418,0.17871304746089028
Analyze structured and unstructured data,Data Scientist,00c74be4,Data Scientist,2.75,3,106,DATA SCIENTIST,5 tahun 10 bulan,MIDDLE,70,65.8296276846,90.0,70.58823529,2.714292537,1.0,67.48966658,67.48966658,9.0,37.0620232874,44.47442794488,0.4708646108120668
Analyze structured and unstructured data,Data Scientist,01c8c0ef,Data Scientist,3.85,1,67,DATA SCIENTIST,2 tahun 2 bulan,SENIOR,26,77.0315563725,92.0,96.35416667,6.32783673,1.1,82.53917202,82.53917202,3.0,45.5552611706,54.66631340471999,0.7308182657425081
Analyze structured and unstructured data,Data Scientist,01d1846b,Data Analyst,3.3,0,77,DATA ANALYST,4 tahun 3 bulan,JUNIOR,51,76.130287115,84.0,91.92708333,7.89858338,1.0,70.77981892,70.77981892,2.0,39.0643040276,39.0643040276,0.3328742957260876
Analyze structured and unstructured data,Data Scientist,03ad7f49,Data Scientist,2.85,2,91,DATA SCIENTIST,3 tahun 4 bulan,JUNIOR,40,75.1958741829,90.0,0.0,4.519739335,1.0,70.74391915,70.74391915,2.0,38.8337771495,46.6005325794,0.5250929155438885
Analyze structured and unstructured data,Data Scientist,0514ff91,Data Scientist,3.65,0,37,DATA SCIENTIST,3 tahun 4 bulan,MIDDLE,40,75.6379551821,90.0,100.0,11.44256681,1.0,74.661971,74.661971,4.0,41.286344629999995,49.54361355599999,0.6001589727163392
Analyze structured and unstructured data,Data Scientist,056cd3f9,Data Engineer,3.55,3,48,DATA ENGINEER,7 tahun 7 bulan,SENIOR,91,80.4681314192,90.0,34.22459893,5.168397654,1.3,94.26532683,94.26532683,0.0,51.62912321990001,51.62912321990001,0.6533518644202142
Analyze structured and unstructured data,Data Scientist,05eed8dc,Data Engineer,2.85,3,49,DATA ENGINEER,2 tahun 5 bulan,MIDDLE,29,62.7957662233,95.0,99.21875,8.595362988,1.2,87.48866032,87.48866032,8.0,47.7084899696,47.7084899696,0.5533524141640981
Analyze structured and unstructured data,Data Scientist,106760ca,Data Engineer,4.85,1,21,DATA ENGINEER,1 tahun 11 bulan,MIDDLE,23,71.4513888888,91.25,100.0,8.016044212,1.2,88.25251765,88.25251765,3.0,49.0533343545,49.0533343545,0.587653939092433
Analyze structured and unstructured data,Data Scientist,123117c9,Data Analyst,2.35,2,32,DATA ANALYST,4 tahun 2 bulan,MIDDLE,50,70.4449813258,95.0,100.0,3.648580437,1.0,74.43733436,74.43733436,2.0,40.5562872108,40.5562872108,0.3709287345338882
Analyze structured and unstructured data,Data Scientist,14d4dbd6,Data Analyst,2.5,2,108,DATA ANALYST,4 tahun 2 bulan,JUNIOR,50,79.6974498133,80.5,98.4375,3.111615146,1.0,69.81056917,69.81056917,9.0,38.174601660099995,38.174601660099995,0.310181597388451
Analyze structured and unstructured data,Data Scientist,1551c5ff,Data Analyst,2.75,2,66,DATA ANALYST,2 tahun 5 bulan,JUNIOR,29,79.0374358075,90.0,100.0,15.2788331,1.0,76.22782609,76.22782609,2.0,41.6932478277,41.6932478277,0.3999279878162896
Analyze structured and unstructured data,Data Scientist,1667415a,Data Analyst,3.45,0,50,DATA ANALYST,4 tahun 1 bulan,JUNIOR,49,73.4773576096,90.0,100.0,10.26693491,1.0,73.85696587,73.85696587,1.0,40.7656919111,40.7656919111,0.37626979899316765
Analyze structured and unstructured data,Data Scientist,1672e04a,Data Analyst,3.85,3,41,DATA ANALYST,4 tahun 3 bulan,JUNIOR,51,69.8277310925,86.0,100.0,7.456011595,1.0,70.40596081,70.40596081,4.0,39.1246592293,39.1246592293,0.3344137120919604
Analyze structured and unstructured data,Data Scientist,17466c54,Data Analyst,2.85,2,11,DATA ANALYST,3 tahun 1 bulan,JUNIOR,37,49.8728816529,90.0,100.0,7.676082801,1.0,66.60685575,66.60685575,0.0,36.6411335475,36.6411335475,0.271069046314323
Analyze structured and unstructured data,Data Scientist,1893af41,Data Analyst,2.8,2,103,DATA SCIENTIST,1 tahun 1 bulan,JUNIOR,13,37.5269607842,98.0,29.01069519,0.0,1.0,62.25313576,62.25313576,3.0,34.3101619528,34.3101619528,0.21161541646644438
Analyze structured and unstructured data,Data Scientist,1dbecdbe,Data Scientist,2.85,0,4,DATA SCIENTIST,2 tahun 3 bulan,JUNIOR,27,85.3527602713,90.0,99.30555556,6.414697312,1.0,76.68127695,76.68127695,5.0,41.9805767835,50.3766921402,0.6214074280350738
Analyze structured and unstructured data,Data Scientist,29e9efd9,Data Engineer,3.45,3,61,DATA ENGINEER,3 tahun 1 bulan,MIDDLE,37,72.8804563492,94.0,99.30555556,9.72908414,1.2,90.62742563,90.62742563,0.0,49.654035583900004,49.654035583900004,0.60297539072364
Analyze structured and unstructured data,Data Scientist,2d801262,Data Analyst,3.5,0,9,DATA ANALYST,2 tahun 10 bulan,MIDDLE,34,80.3460259104,90.0,95.74652778,10.27336667,1.1,83.12594823,83.12594823,9.0,45.70175256190001,45.70175256190001,0.5021686831780316
Analyze structured and unstructured data,Data Scientist,31e8a51f,Data Scientist,2.75,0,98,DATA SCIENTIST,2 tahun 9 bulan,JUNIOR,33,52.8933765175,90.0,65.10695187,6.407601293,1.0,64.07121964,64.07121964,0.0,35.250246409199995,42.30029569103999,0.41541131633433037
Analyze structured and unstructured data,Data Scientist,3350383a,Artificial Intelligence Engineer,4.5,1,30,AI ENGINEER,3 tahun 9 bulan,MIDDLE,45,54.1797239725,95.5,96.44097222,11.49637749,1.3,92.17002068,92.17002068,0.0,50.965110960400004,50.965110960400004,0.6364156052309006
Analyze structured and unstructured data,Data Scientist,365fc87a,Data Analyst,3.0,0,110,DATA ANALYST,2 tahun 5 bulan,BASIC,29,80.8585434175,90.0,8.155080214,6.607477284,1.0,72.88466719,72.88466719,3.0,40.0388736107,40.0388736107,0.3577316124717625
Analyze structured and unstructured data,Data Scientist,36cf70f2,Artificial Intelligence Engineer,3.85,1,58,AI ENGINEER,2 tahun 5 bulan,MIDDLE,29,43.5532358775,89.5,100.0,11.83988942,1.3,84.69716654,84.69716654,4.0,46.6989982662,46.6989982662,0.5276043757903518
Analyze structured and unstructured data,Data Scientist,3951d86b,Data Scientist,4.5,1,78,DATA SCIENTIST,3 tahun 1 bulan,JUNIOR,37,55.4426062092,95.0,100.0,4.279280813,1.0,70.17243405,70.17243405,0.0,39.306390046500006,47.16766805580001,0.5395582409747742
Analyze structured and unstructured data,Data Scientist,39c4596a,Data Scientist,3.4,0,42,DATA SCIENTIST,3 tahun 5 bulan,JUNIOR,41,60.7098506071,80.0,97.91666667,4.694561364,1.0,64.25018915,64.25018915,0.0,35.6506002495,42.7807202994,0.4276649992621673
Analyze structured and unstructured data,Data Scientist,3cac7e99,Data Scientist,3.35,0,88,DATA SCIENTIST,10 tahun 2 bulan,SENIOR,122,88.3660831,98.0,34.22459893,51.7318368,1.0,87.21080158,87.21080158,0.0,47.7962248374,57.355469804879995,0.7994077370092069
Analyze structured and unstructured data,Data Scientist,42e7a026,Data Analyst,3.5,0,64,DATA ANALYST,2 tahun 6 bulan,JUNIOR,30,73.5210696779,89.0,99.21875,4.472503523,1.0,72.45268383,72.45268383,2.0,40.044922429900005,40.044922429900005,0.35788589331265797
Analyze structured and unstructured data,Data Scientist,46fd6e1c,Data Analyst,2.5,2,5,DATA SCIENTIST,1 tahun 2 bulan,JUNIOR,14,67.4580357142,90.0,100.0,11.7055718,1.0,72.32438573,72.32438573,0.0,39.5069244369,39.5069244369,0.3441637468877718
Analyze structured and unstructured data,Data Scientist,47d42365,Data Engineer,3.65,3,53,DATA ENGINEER,4 tahun 4 bulan,JUNIOR,52,71.9768703312,91.5,97.82986111,3.794124597,1.2,87.64556985,87.64556985,3.0,48.1676520205,48.1676520205,0.5650637755022077
Analyze structured and unstructured data,Data Scientist,4cba2f2d,Artificial Intelligence Engineer,2.65,0,36,AI ENGINEER,1 tahun 7 bulan,JUNIOR,19,66.0502450979,95.0,100.0,5.817498712,1.2,84.80862745,84.80862745,5.0,46.1940725485,46.1940725485,0.514725768951441
Analyze structured and unstructured data,Data Scientist,4d57b04b,Data Scientist,2.95,0,20,DATA SCIENTIST,3 tahun 11 bulan,MIDDLE,47,60.9976657327,96.5,91.31944444,1.268481508,1.1,78.63807432,78.63807432,0.0,43.0646793896,51.677615267520004,0.6545886998481191
Analyze structured and unstructured data,Data Scientist,516J6855,Data Scientist,2.9,0,46,DATA SCIENTIST,2 tahun 5 bulan,JUNIOR,29,54.7360673438,80.0,96.96180556,11.10881594,1.0,63.41641108,63.41641108,1.0,34.9736978724,41.96843744688,0.4069469587011803
Analyze structured and unstructured data,Data Scientist,528f3560,Data Analyst,2.35,2,55,DATA SCIENTIST,7 tahun 0 bulan,SENIOR,84,32.3536327033,90.0,94.11764706,44.61622935,1.0,64.269703,64.269703,0.0,35.16744259000001,35.16744259000001,0.23348116798213478
Analyze structured and unstructured data,Data Scientist,528f3560,Data Analyst,2.35,2,55,DATA SCIENTIST,7 tahun 0 bulan,SENIOR,84,32.3536327033,90.0,94.11764706,44.61622935,1.0,64.269703,64.269703,0.0,35.16744259000001,35.16744259000001,0.23348116798213478
Analyze structured and unstructured data,Data Scientist,5312eea4,Data Analyst,2.8,3,84,DATA ANALYST,2 tahun 2 bulan,MIDDLE,26,49.7969187675,86.0,92.79513889,46.9198146,1.0,70.0469465,70.0469465,2.0,38.440881645000005,38.440881645000005,0.31697331964458664
Analyze structured and unstructured data,Data Scientist,544a3d1a,Data Scientist,3.25,0,62,DATA SCIENTIST,4 tahun 2 bulan,MIDDLE,50,59.509354575,90.5,100.0,7.234474611,1.0,69.58669591,69.58669591,15.0,38.40844883230001,46.090138598760014,0.5120748354992619
Analyze structured and unstructured data,Data Scientist,54b0fc4f,Data Analyst,4.2,1,89,DATA ANALYST,2 tahun 2 bulan,MIDDLE,26,71.3084967321,88.5,98.61111111,6.180876807,1.0,71.78045298,71.78045298,3.0,40.0176400794,40.0176400794,0.35719003122163323
Analyze structured and unstructured data,Data Scientist,557e30ab,Data Analyst,2.3,2,29,DATA ANALYST,3 tahun 5 bulan,MIDDLE,41,53.7861081933,85.0,100.0,4.549017204,1.0,64.81437318,64.81437318,2.0,35.432617785400005,35.432617785400005,0.2402447115396784
Analyze structured and unstructured data,Data Scientist,55b2e646,Data Scientist,3.75,1,57,AI ENGINEER,3 tahun 0 bulan,JUNIOR,36,50.15589986,90.0,100.0,0.871158899,1.3,85.36316737,85.36316737,0.0,47.004978706100005,56.405974447320006,0.7751899620440357
Analyze structured and unstructured data,Data Scientist,57635c17,Data Analyst,1.9,2,12,DATA ANALYST,3 tahun 3 bulan,MIDDLE,39,67.5095967558,90.0,99.21875,6.039999292,1.0,71.43352597,71.43352597,4.0,38.752768764100004,38.752768764100004,0.3249282948898681
Analyze structured and unstructured data,Data Scientist,57ecf7ad,Data Analyst,1.0,2,27,MGT,5 tahun 1 bulan,-,61,3.4722222221,90.0,77.54010695,4.326516624,1.0,48.19519238,48.19519238,0.0,26.0134519614,26.0134519614,0.0
Analyze structured and unstructured data,Data Scientist,5b749bf9,Data Engineer,2.85,3,101,DATA ENGINEER,2 tahun 3 bulan,BASIC,27,34.81372549,90.0,86.63101604,10.06283501,1.2,70.83787239,70.83787239,3.0,38.8835723667,38.8835723667,0.3282645641903741
Analyze structured and unstructured data,Data Scientist,5d16d190,Data Scientist,3.5,0,99,DATA SCIENTIST,3 tahun 1 bulan,JUNIOR,37,62.2739437442,90.0,97.74305556,28.26078997,1.0,73.16053928,73.16053928,5.0,40.420085818400004,48.504102982080006,0.5736452747264893
Analyze structured and unstructured data,Data Scientist,5dc773ce,Artificial Intelligence Engineer,3.95,0,35,DATA SCIENTIST,4 tahun 4 bulan,MIDDLE,52,72.0571603642,91.0,95.57291667,5.121161842,1.1,80.15052819,80.15052819,0.0,44.3362799407,44.3362799407,0.4673410156196519
Analyze structured and unstructured data,Data Scientist,6131e4d7,Data Engineer,4.25,1,38,DATA ENGINEER,2 tahun 3 bulan,MIDDLE,27,58.5518732492,93.5,99.30555556,10.46636816,1.2,85.46875202,85.46875202,0.0,47.2959385706,47.2959385706,0.5428299014809148
Analyze structured and unstructured data,Data Scientist,64S57577,Data Scientist,4.4,1,40,DATA SCIENTIST,3 tahun 9 bulan,MIDDLE,45,73.6180643087,84.5,89.32291667,3.982774045,1.0,69.5311892,69.5311892,9.0,38.919530276,46.7034363312,0.5277175728255927
Analyze structured and unstructured data,Data Scientist,65054asd,Data Analyst,2.75,2,10,DATA ANALYST,3 tahun 4 bulan,JUNIOR,40,70.5590744629,99.0,0.0,4.917061944,1.0,73.99273476,73.99273476,2.0,40.5086494228,40.5086494228,0.36971368780360475
Analyze structured and unstructured data,Data Scientist,66d21701,Data Analyst,4.1,0,33,DATA ANALYST,4 tahun 3 bulan,JUNIOR,51,63.8499212188,81.5,83.07291667,3.823402466,1.0,64.77440963,64.77440963,0.0,36.257437103899996,36.257437103899996,0.26128250649392765
Analyze structured and unstructured data,Data Scientist,6de6b041,Data Scientist,3.1578947368421053,3,16,DATA SCIENTIST,4 tahun 0 bulan,MIDDLE,48,59.6452497667,90.0,100.0,7.186353322,1.1,76.3103827,76.3103827,7.0,41.9287133573158,50.314456028778956,0.6198200372920843
Analyze structured and unstructured data,Data Scientist,6e0778a1,Data Scientist,3.45,0,92,DATA SCIENTIST,3 tahun 1 bulan,JUNIOR,37,54.5927141687,70.0,97.91666667,4.665283496,1.0,57.55075558,57.55075558,2.0,32.1234004574,38.54808054888,0.31970752883266557
Analyze structured and unstructured data,Data Scientist,6fb8c1a0,Data Scientist,3.6,3,75,DATA SCIENTIST,3 tahun 0 bulan,BASIC,36,61.1916404063,98.0,0.0,3.823402466,1.0,70.34689224,70.34689224,0.0,38.975852887200006,46.77102346464,0.5294414464339874
Analyze structured and unstructured data,Data Scientist,7176fcb0,Data Engineer,3.75,3,104,DATA ENGINEER,7 tahun 0 bulan,SENIOR,84,75.0633578433,80.0,33.82352941,7.122781583,1.2,79.20577781,79.20577781,10.0,43.7415622393,43.7415622393,0.4521721795156806
Analyze structured and unstructured data,Data Scientist,77571f19,Data Analyst,2.2,2,54,DATA ANALYST,3 tahun 1 bulan,JUNIOR,37,77.8103933242,100.0,100.0,5.536442394,1.0,79.32087607,79.32087607,0.0,43.074064317099996,43.074064317099996,0.43514701521040094
Analyze structured and unstructured data,Data Scientist,7L762383,Data Analyst,3.85,0,59,DATA ANALYST,1 tahun 10 bulan,MIDDLE,22,63.2588118579,88.5,94.96527778,2.554920958,1.0,68.65055253,68.65055253,0.0,38.1942928409,38.1942928409,0.31068383953383494
Analyze structured and unstructured data,Data Scientist,7b6d04c9,Data Analyst,3.35,3,2,DATA ANALYST,4 tahun 5 bulan,MIDDLE,53,73.2388159429,86.0,100.0,4.742239915,1.0,70.9884555,70.9884555,4.0,39.198381415,39.198381415,0.3362940659968086
Analyze structured and unstructured data,Data Scientist,7ba9df08,Data Analyst,4.15,0,25,DATA ANALYST,3 tahun 1 bulan,MIDDLE,37,56.631039916,92.5,96.35416667,0.0,1.2,82.079429,82.079429,0.0,45.45259737,45.45259737,0.49581374492499525
Analyze structured and unstructured data,Data Scientist,7d317bd2,Data Scientist,1.2,2,90,DATA ANALYST,4 tahun 4 bulan,JUNIOR,52,63.7458566762,86.5,86.37152778,3.794124597,1.0,67.4194445,67.4194445,6.0,36.296305585,43.555566702,0.44742818784579724
Analyze structured and unstructured data,Data Scientist,7dc30989,Data Scientist,3.75,1,73,DATA SCIENTIST,3 tahun 4 bulan,JUNIOR,40,92.1873832863,90.0,0.0,8.045322081,1.0,76.69106422,76.69106422,4.0,42.408764036600004,50.890516843920004,0.6345130119088218
Analyze structured and unstructured data,Data Scientist,7fe7bd2c,Data Scientist,3.35,0,65,DATA SCIENTIST,2 tahun 2 bulan,JUNIOR,26,39.5228291321,89.5,99.30555556,6.121971713,1.0,63.07245784,63.07245784,5.0,35.0029026552,42.003483186240004,0.4078408333500144
Analyze structured and unstructured data,Data Scientist,8126543f,Data Scientist,3.2,0,85,DATA SCIENTIST,3 tahun 1 bulan,JUNIOR,37,63.1813433708,90.0,99.30555556,6.700326893,1.0,70.28096361,70.28096361,0.0,38.7529107133,46.50349285596,0.5226178258383508
Analyze structured and unstructured data,Data Scientist,8387045b,Data Scientist,4.0,1,69,DATA SCIENTIST,4 tahun 4 bulan,MIDDLE,52,85.768554505,94.0,98.61111111,53.90204421,1.2,99.0,99.0,10.0,54.35000000000001,65.22000000000001,1.0
Analyze structured and unstructured data,Data Scientist,859bd42e,Data Scientist,3.8,0,95,DATA SCIENTIST,3 tahun 5 bulan,JUNIOR,41,91.9510387488,95.0,100.0,9.232623263,1.0,81.52852324,81.52852324,1.0,44.9961173172,53.99534078064,0.7137044758873186
Analyze structured and unstructured data,Data Scientist,85e8c8f1,Data Scientist,4.15,0,105,DATA SCIENTIST,2 tahun 9 bulan,JUNIOR,33,86.9119456117,93.0,100.0,3.409887033,1.1,86.02380765,86.02380765,0.0,47.5431180545,57.051741665399994,0.7916608642373175
Analyze structured and unstructured data,Data Scientist,8K760816,Data Analyst,3.4,0,15,DATA ANALYST,2 tahun 8 bulan,MIDDLE,32,52.4918446546,98.5,100.0,3.455357726,1.0,70.91183125,70.91183125,8.0,39.1812705625,39.1812705625,0.3358576375593152
Analyze structured and unstructured data,Data Scientist,9ab9d681,Data Scientist,3.95,1,18,DATA SCIENTIST,3 tahun 0 bulan,MIDDLE,36,31.3339898458,92.0,100.0,52.63227356,1.0,68.97507879,68.97507879,3.0,38.4132917587,46.09595011043999,0.5122230635879541
Analyze structured and unstructured data,Data Scientist,a016ffe0,Data Scientist,4.1,1,26,DATA SCIENTIST,3 tahun 1 bulan,MIDDLE,37,82.0345763308,64.0,34.49197861,6.239432544,1.2,71.75887324,71.75887324,3.0,39.9592028172,47.95104338064,0.5595389677673686
Analyze structured and unstructured data,Data Scientist,a20ce132,Data Analyst,4.65,1,22,DATA ANALYST,2 tahun 9 bulan,MIDDLE,33,84.2864145654,95.0,98.61111111,10.2440888,1.2,95.23244671,95.23244671,0.0,52.6586967563,52.6586967563,0.6796121088922944
Analyze structured and unstructured data,Data Scientist,a77b4e68,Data Scientist,2.3,2,80,MGT,2 tahun 5 bulan,-,29,80.6774626521,90.0,100.0,29.57650728,1.0,78.85832029,78.85832029,0.0,42.8759097537,51.451091704439996,0.6488110026415965
Analyze structured and unstructured data,Data Scientist,a9fcd0c5,Data Analyst,2.85,2,23,DATA ANALYST,2 tahun 1 bulan,MIDDLE,25,86.9994864617,91.5,100.0,7.075545771,1.1,85.847875,85.847875,9.0,46.838873750000005,46.838873750000005,0.5311720319803915
Analyze structured and unstructured data,Data Scientist,ae73e946,Data Analyst,2.2,2,72,DATA SCIENTIST,3 tahun 5 bulan,JUNIOR,41,83.7572654062,85.0,97.91666667,10.90515878,1.0,74.34235311,74.34235311,7.0,40.43544714830001,40.43544714830001,0.3678465947244609
Analyze structured and unstructured data,Data Scientist,afb96c1d,Data Analyst,3.3,0,19,DATA ANALYST,2 tahun 8 bulan,JUNIOR,32,77.4700746967,84.5,100.0,6.630101873,1.0,71.7649257,71.7649257,2.0,39.586410621000006,39.586410621000006,0.34619111701027655
Analyze structured and unstructured data,Data Scientist,aff5a1f7,Data Engineer,4.05,3,96,DATA ENGINEER,2 tahun 7 bulan,JUNIOR,31,69.9306139125,90.0,98.61111111,7.174163182,1.2,86.72069722,86.72069722,0.0,47.86546952660001,47.86546952660001,0.5573563258791885
Analyze structured and unstructured data,Data Scientist,b0519d51,Data Scientist,3.4,0,43,DATA SCIENTIST,4 tahun 1 bulan,JUNIOR,49,66.8638392858,92.0,99.30555556,4.723839233,1.1,79.24054742,79.24054742,0.0,43.5954901326,52.31458815912,0.6708352944468804
Analyze structured and unstructured data,Data Scientist,b7ddf289,Artificial Intelligence Engineer,3.55,1,44,DATA SCIENTIST,1 tahun 2 bulan,JUNIOR,14,78.282819795,95.0,100.0,11.82325385,1.0,77.94660283,77.94660283,9.0,42.9801994999,42.9801994999,0.4327529044841115
Analyze structured and unstructured data,Data Scientist,be2d891b,Data Scientist,4.3,1,14,AI ENGINEER,2 tahun 3 bulan,JUNIOR,27,70.2197654063,95.0,0.0,0.33375087,1.3,92.33751534,92.33751534,3.0,50.9598831302,61.15185975623999,0.8962382446994616
Analyze structured and unstructured data,Data Scientist,beb45f59,Data Analyst,3.3,2,68,DATA ANALYST,3 tahun 4 bulan,MIDDLE,40,86.1330823996,80.0,98.61111111,6.436879162,1.0,71.94756403,71.94756403,2.0,39.6832089359,39.6832089359,0.34866004936322664
Analyze structured and unstructured data,Data Scientist,c0b0190c,Data Analyst,4.15,1,17,DATA SCIENTIST,6 tahun 5 bulan,MIDDLE,77,29.2835988563,84.0,22.19251337,4.068139436,1.0,53.16264673,53.16264673,29.0,30.126702766900003,30.126702766900003,0.10491234274056425
Analyze structured and unstructured data,Data Scientist,c13b7f6c,Data Analyst,2.35,2,34,DATA ANALYST,3 tahun 1 bulan,MIDDLE,37,87.4991246496,90.0,100.0,12.60600857,1.0,78.2842696,78.2842696,8.0,42.595162888000004,42.595162888000004,0.4229321824067453
Analyze structured and unstructured data,Data Scientist,c4acf473,Data Analyst,4.0,3,107,DATA ANALYST,2 tahun 9 bulan,JUNIOR,33,79.9589169,86.5,93.31597222,0.0,1.0,72.02498398,72.02498398,0.0,40.0532415094,40.0532415094,0.35809807928454734
Analyze structured and unstructured data,Data Scientist,c5c364b3,Data Analyst,3.7,0,60,DATA ANALYST,1 tahun 1 bulan,JUNIOR,13,40.932846055,100.0,16.57754011,1.742317797,1.0,64.65542017,64.65542017,0.0,36.0063726901,36.0063726901,0.25487887173493756
Analyze structured and unstructured data,Data Scientist,c615b19e,Data Engineer,3.95,3,63,DATA SCIENTIST,4 tahun 4 bulan,JUNIOR,52,71.0338060221,88.0,96.52777778,3.953496176,1.0,70.97960925,70.97960925,9.0,39.47569290249999,39.47569290249999,0.34336715713523197
Analyze structured and unstructured data,Data Scientist,ccc8525a,Data Scientist,3.5,1,47,DATA SCIENTIST,1 tahun 0 bulan,BASIC,12,75.7084500467,90.0,0.0,0.0,1.0,70.11863666,70.11863666,16.0,38.80787742980001,46.56945291576001,0.5243001993983764
Analyze structured and unstructured data,Data Scientist,cdb6bf28,Artificial Intelligence Engineer,4.35,1,6,AI ENGINEER,7 tahun 1 bulan,MIDDLE,85,81.6822187204,91.0,0.0,3.667866596,1.3,95.09100733,95.09100733,14.0,52.4427338849,52.4427338849,0.6741037720913248
Analyze structured and unstructured data,Data Scientist,cf9338b5,Data Scientist,2.95,0,74,DATA SCIENTIST,1 tahun 0 bulan,BASIC,12,82.0043154762,90.0,35.29411765,3.321482848,1.0,72.67275856,72.67275856,8.0,39.9030620368,47.88367444416,0.5578206594783125
Analyze structured and unstructured data,Data Scientist,d08b974d,Data Analyst,2.9,0,86,DATA ANALYST,2 tahun 9 bulan,MIDDLE,33,58.8772058825,93.5,97.91666667,0.871158899,1.0,69.7799626,69.7799626,0.0,38.346380178000004,38.346380178000004,0.31456297056445437
Analyze structured and unstructured data,Data Scientist,d8c9672c,Data Analyst,3.95,1,82,DATA ANALYST,2 tahun 4 bulan,MIDDLE,28,73.7417775442,90.5,95.05208333,9.595209262,1.0,73.7469197,73.7469197,0.0,40.942367441,40.942367441,0.38077607508067374
Analyze structured and unstructured data,Data Scientist,ecc200ca,Data Engineer,3.45,3,56,DATA ENGINEER,1 tahun 9 bulan,MIDDLE,21,71.0850840338,89.0,99.30555556,5.758942974,1.2,86.333236,86.333236,2.0,47.37811508,47.37811508,0.5449258908885795
Analyze structured and unstructured data,Data Scientist,eed0f189,Data Analyst,3.2,3,45,DATA ANALYST,2 tahun 10 bulan,MIDDLE,34,69.240079365,96.0,70.49910873,48.01347408,1.0,79.53001534,79.53001534,4.0,43.654908130200006,43.654908130200006,0.4499619847029498
Analyze structured and unstructured data,Data Scientist,f007ee36,Artificial Intelligence Engineer,3.25,0,70,AI ENGINEER,2 tahun 0 bulan,MIDDLE,24,40.1500350142,90.0,99.30555556,2.332863117,1.3,81.80872206,81.80872206,2.0,44.8861226918,44.8861226918,0.4813652737756788
Analyze structured and unstructured data,Data Scientist,f2f08a05,Data Engineer,2.9,3,94,DATA ENGINEER,2 tahun 5 bulan,JUNIOR,29,59.4675711954,87.0,99.30555556,7.027424482,1.2,81.33092925,81.33092925,1.0,44.4683925025,44.4683925025,0.470710671159587
Analyze structured and unstructured data,Data Scientist,f6f88029,Data Analyst,1.35,2,100,MGT,4 tahun 3 bulan,-,51,4.3391106446,90.0,78.20855615,6.010278684,1.0,48.76020407,48.76020407,0.0,26.4774081571,26.4774081571,0.011833640524619028
Analyze structured and unstructured data,Data Scientist,fbc7621c,Data Scientist,3.4,0,93,DATA SCIENTIST,8 tahun 6 bulan,MIDDLE,102,58.3732609713,75.0,100.0,12.17940809,1.0,62.37965806,62.37965806,0.0,34.6592187718,41.591062526159995,0.3973216552863408
Analyze structured and unstructured data,Data Scientist,ff56a859,Data Scientist,4.25,0,97,DATA SCIENTIST,4 tahun 3 bulan,JUNIOR,51,71.9907037817,89.5,95.83333333,11.98196147,1.0,73.15820762,73.15820762,3.0,40.771350038600005,48.925620046320006,0.5843964651609291
Automate data analysis workflows,Data Scientist,006bac9a,Data Analyst,2.8333333333333335,3,7,DATA ANALYST,2 tahun 5 bulan,JUNIOR,29,24.3446545288,90.0,100.0,10.68886874,1.0,59.64183706,59.64183706,2.0,32.941840308466666,32.941840308466666,0.17692717853222606
Automate data analysis workflows,Data Scientist,00c74be4,Data Scientist,2.5416666666666665,3,106,DATA SCIENTIST,5 tahun 10 bulan,MIDDLE,70,65.8296276846,90.0,70.58823529,2.714292537,1.0,67.48966658,67.48966658,9.0,36.96410662073334,44.356927944880006,0.468429205704791
Automate data analysis workflows,Data Scientist,01c8c0ef,Data Scientist,3.625,1,67,DATA SCIENTIST,2 tahun 2 bulan,SENIOR,26,77.0315563725,92.0,96.35416667,6.32783673,1.1,82.53917202,82.53917202,3.0,45.4495111706,54.539413404719994,0.7284548180995766
Automate data analysis workflows,Data Scientist,01d1846b,Data Analyst,2.3333333333333335,0,77,DATA ANALYST,4 tahun 3 bulan,JUNIOR,51,76.130287115,84.0,91.92708333,7.89858338,1.0,70.77981892,70.77981892,2.0,38.609970694266664,38.609970694266664,0.32167170878607015
Automate data analysis workflows,Data Scientist,03ad7f49,Data Scientist,1.6666666666666667,2,91,DATA SCIENTIST,3 tahun 4 bulan,JUNIOR,40,75.1958741829,90.0,0.0,4.519739335,1.0,70.74391915,70.74391915,2.0,38.27761048283333,45.933132579399995,0.5086800439669259
Automate data analysis workflows,Data Scientist,0514ff91,Data Scientist,2.0,0,37,DATA SCIENTIST,3 tahun 4 bulan,MIDDLE,40,75.6379551821,90.0,100.0,11.44256681,1.0,74.661971,74.661971,4.0,40.510844629999994,48.61301355599999,0.5771149751862139
Automate data analysis workflows,Data Scientist,056cd3f9,Data Engineer,3.5,3,48,DATA ENGINEER,7 tahun 7 bulan,SENIOR,91,80.4681314192,90.0,34.22459893,5.168397654,1.3,94.26532683,94.26532683,0.0,51.60562321990001,51.60562321990001,0.6535359201100462
Automate data analysis workflows,Data Scientist,05eed8dc,Data Engineer,3.2083333333333335,3,49,DATA ENGINEER,2 tahun 5 bulan,MIDDLE,29,62.7957662233,95.0,99.21875,8.595362988,1.2,87.48866032,87.48866032,8.0,47.87690663626667,47.87690663626667,0.5583173394472177
Automate data analysis workflows,Data Scientist,106760ca,Data Engineer,4.625,1,21,DATA ENGINEER,1 tahun 11 bulan,MIDDLE,23,71.4513888888,91.25,100.0,8.016044212,1.2,88.25251765,88.25251765,3.0,48.9475843545,48.9475843545,0.5856587611913593
Automate data analysis workflows,Data Scientist,123117c9,Data Analyst,1.4166666666666667,2,32,DATA ANALYST,4 tahun 2 bulan,MIDDLE,50,70.4449813258,95.0,100.0,3.648580437,1.0,74.43733436,74.43733436,2.0,40.11762054413333,40.11762054413333,0.36017189393582105
Automate data analysis workflows,Data Scientist,14d4dbd6,Data Analyst,1.5833333333333333,2,108,DATA ANALYST,4 tahun 2 bulan,JUNIOR,50,79.6974498133,80.5,98.4375,3.111615146,1.0,69.81056917,69.81056917,9.0,37.74376832676666,37.74376832676666,0.2995518833313387
Automate data analysis workflows,Data Scientist,1551c5ff,Data Analyst,1.4583333333333333,2,66,DATA ANALYST,2 tahun 5 bulan,JUNIOR,29,79.0374358075,90.0,100.0,15.2788331,1.0,76.22782609,76.22782609,2.0,41.08616449436667,41.08616449436667,0.3849051709715681
Automate data analysis workflows,Data Scientist,1667415a,Data Analyst,2.6666666666666665,0,50,DATA ANALYST,4 tahun 1 bulan,JUNIOR,49,73.4773576096,90.0,100.0,10.26693491,1.0,73.85696587,73.85696587,1.0,40.39752524443333,40.39752524443333,0.3673196960510063
Automate data analysis workflows,Data Scientist,1672e04a,Data Analyst,3.0416666666666665,3,41,DATA ANALYST,4 tahun 3 bulan,JUNIOR,51,69.8277310925,86.0,100.0,7.456011595,1.0,70.40596081,70.40596081,4.0,38.744742562633334,38.744742562633334,0.32511331817936096
Automate data analysis workflows,Data Scientist,17466c54,Data Analyst,1.7916666666666667,2,11,DATA ANALYST,3 tahun 1 bulan,JUNIOR,37,49.8728816529,90.0,100.0,7.676082801,1.0,66.60685575,66.60685575,0.0,36.14371688083333,36.14371688083333,0.2586920796289021
Automate data analysis workflows,Data Scientist,1893af41,Data Analyst,1.75,2,103,DATA SCIENTIST,1 tahun 1 bulan,JUNIOR,13,37.5269607842,98.0,29.01069519,0.0,1.0,62.25313576,62.25313576,3.0,33.8166619528,33.8166619528,0.19926711063437927
Automate data analysis workflows,Data Scientist,1dbecdbe,Data Scientist,2.2083333333333335,0,4,DATA SCIENTIST,2 tahun 3 bulan,JUNIOR,27,85.3527602713,90.0,99.30555556,6.414697312,1.0,76.68127695,76.68127695,5.0,41.678993450166665,50.014792140199994,0.6129115728082869
Automate data analysis workflows,Data Scientist,29e9efd9,Data Engineer,3.2916666666666665,3,61,DATA ENGINEER,3 tahun 1 bulan,MIDDLE,37,72.8804563492,94.0,99.30555556,9.72908414,1.2,90.62742563,90.62742563,0.0,49.57961891723334,49.57961891723334,0.6017987473349771
Automate data analysis workflows,Data Scientist,2d801262,Data Analyst,2.75,0,9,DATA ANALYST,2 tahun 10 bulan,MIDDLE,34,80.3460259104,90.0,95.74652778,10.27336667,1.1,83.12594823,83.12594823,9.0,45.3492525619,45.3492525619,0.4937697590748618
Automate data analysis workflows,Data Scientist,31e8a51f,Data Scientist,2.2916666666666665,0,98,DATA SCIENTIST,2 tahun 9 bulan,JUNIOR,33,52.8933765175,90.0,65.10695187,6.407601293,1.0,64.07121964,64.07121964,0.0,35.03482974253333,42.04179569104,0.4093087007500874
Automate data analysis workflows,Data Scientist,3350383a,Artificial Intelligence Engineer,4.25,1,30,AI ENGINEER,3 tahun 9 bulan,MIDDLE,45,54.1797239725,95.5,96.44097222,11.49637749,1.3,92.17002068,92.17002068,0.0,50.847610960400004,50.847610960400004,0.6341788974306011
Automate data analysis workflows,Data Scientist,365fc87a,Data Analyst,2.2916666666666665,0,110,DATA ANALYST,2 tahun 5 bulan,BASIC,29,80.8585434175,90.0,8.155080214,6.607477284,1.0,72.88466719,72.88466719,3.0,39.70595694403334,39.70595694403334,0.3496594232685343
Automate data analysis workflows,Data Scientist,36cf70f2,Artificial Intelligence Engineer,3.25,1,58,AI ENGINEER,2 tahun 5 bulan,MIDDLE,29,43.5532358775,89.5,100.0,11.83988942,1.3,84.69716654,84.69716654,4.0,46.4169982662,46.4169982662,0.5210363072803597
Automate data analysis workflows,Data Scientist,3951d86b,Data Scientist,4.125,1,78,DATA SCIENTIST,3 tahun 1 bulan,JUNIOR,37,55.4426062092,95.0,100.0,4.279280813,1.0,70.17243405,70.17243405,0.0,39.1301400465,46.9561680558,0.5348048469240894
Automate data analysis workflows,Data Scientist,39c4596a,Data Scientist,2.4166666666666665,0,42,DATA SCIENTIST,3 tahun 5 bulan,JUNIOR,41,60.7098506071,80.0,97.91666667,4.694561364,1.0,64.25018915,64.25018915,0.0,35.18843358283333,42.2261202994,0.4140157164740255
Automate data analysis workflows,Data Scientist,3cac7e99,Data Scientist,2.4583333333333335,0,88,DATA SCIENTIST,10 tahun 2 bulan,SENIOR,122,88.3660831,98.0,34.22459893,51.7318368,1.0,87.21080158,87.21080158,0.0,47.377141504066664,56.85256980488,0.7875248665557002
Automate data analysis workflows,Data Scientist,42e7a026,Data Analyst,2.5833333333333335,0,64,DATA ANALYST,2 tahun 6 bulan,JUNIOR,30,73.5210696779,89.0,99.21875,4.472503523,1.0,72.45268383,72.45268383,2.0,39.614089096566666,39.614089096566666,0.3473134348169791
Automate data analysis workflows,Data Scientist,46fd6e1c,Data Analyst,2.0416666666666665,2,5,DATA SCIENTIST,1 tahun 2 bulan,JUNIOR,14,67.4580357142,90.0,100.0,11.7055718,1.0,72.32438573,72.32438573,0.0,39.29150777023334,39.29150777023334,0.3390758186418548
Automate data analysis workflows,Data Scientist,47d42365,Data Engineer,3.5833333333333335,3,53,DATA ENGINEER,4 tahun 4 bulan,JUNIOR,52,71.9768703312,91.5,97.82986111,3.794124597,1.2,87.64556985,87.64556985,3.0,48.13631868716667,48.13631868716667,0.5649418298689228
Automate data analysis workflows,Data Scientist,4cba2f2d,Artificial Intelligence Engineer,2.4583333333333335,0,36,AI ENGINEER,1 tahun 7 bulan,JUNIOR,19,66.0502450979,95.0,100.0,5.817498712,1.2,84.80862745,84.80862745,5.0,46.10398921516667,46.10398921516667,0.513043134051578
Automate data analysis workflows,Data Scientist,4d57b04b,Data Scientist,2.6666666666666665,0,20,DATA SCIENTIST,3 tahun 11 bulan,MIDDLE,47,60.9976657327,96.5,91.31944444,1.268481508,1.1,78.63807432,78.63807432,0.0,42.931512722933334,51.51781526752,0.6512936073976151
Automate data analysis workflows,Data Scientist,516J6855,Data Scientist,1.9166666666666667,0,46,DATA SCIENTIST,2 tahun 5 bulan,JUNIOR,29,54.7360673438,80.0,96.96180556,11.10881594,1.0,63.41641108,63.41641108,1.0,34.511531205733334,41.41383744688,0.39327280974488443
Automate data analysis workflows,Data Scientist,528f3560,Data Analyst,1.3333333333333333,2,55,DATA SCIENTIST,7 tahun 0 bulan,SENIOR,84,32.3536327033,90.0,94.11764706,44.61622935,1.0,64.269703,64.269703,0.0,34.68960925666667,34.68960925666667,0.22155917853583207
Automate data analysis workflows,Data Scientist,528f3560,Data Analyst,1.3333333333333333,2,55,DATA SCIENTIST,7 tahun 0 bulan,SENIOR,84,32.3536327033,90.0,94.11764706,44.61622935,1.0,64.269703,64.269703,0.0,34.68960925666667,34.68960925666667,0.22155917853583207
Automate data analysis workflows,Data Scientist,5312eea4,Data Analyst,2.75,3,84,DATA ANALYST,2 tahun 2 bulan,MIDDLE,26,49.7969187675,86.0,92.79513889,46.9198146,1.0,70.0469465,70.0469465,2.0,38.417381645,38.417381645,0.3167536477023
Automate data analysis workflows,Data Scientist,544a3d1a,Data Scientist,2.5833333333333335,0,62,DATA SCIENTIST,4 tahun 2 bulan,MIDDLE,50,59.509354575,90.5,100.0,7.234474611,1.0,69.58669591,69.58669591,15.0,38.09511549896667,45.71413859876,0.5030876918686807
Automate data analysis workflows,Data Scientist,54b0fc4f,Data Analyst,3.2083333333333335,1,89,DATA ANALYST,2 tahun 2 bulan,MIDDLE,26,71.3084967321,88.5,98.61111111,6.180876807,1.0,71.78045298,71.78045298,3.0,39.55155674606667,39.55155674606667,0.3457165739329272
Automate data analysis workflows,Data Scientist,557e30ab,Data Analyst,1.5833333333333333,2,29,DATA ANALYST,3 tahun 5 bulan,MIDDLE,41,53.7861081933,85.0,100.0,4.549017204,1.0,64.81437318,64.81437318,2.0,35.09578445206667,35.09578445206667,0.23193149424794457
Automate data analysis workflows,Data Scientist,55b2e646,Data Scientist,3.4166666666666665,1,57,AI ENGINEER,3 tahun 0 bulan,JUNIOR,36,50.15589986,90.0,100.0,0.871158899,1.3,85.36316737,85.36316737,0.0,46.84831203943334,56.21797444732,0.7713194865310261
Automate data analysis workflows,Data Scientist,57635c17,Data Analyst,1.3333333333333333,2,12,DATA ANALYST,3 tahun 3 bulan,MIDDLE,39,67.5095967558,90.0,99.21875,6.039999292,1.0,71.43352597,71.43352597,4.0,38.48643543076667,38.48643543076667,0.31851704358466826
Automate data analysis workflows,Data Scientist,57ecf7ad,Data Analyst,1.0,2,27,MGT,5 tahun 1 bulan,-,61,3.4722222221,90.0,77.54010695,4.326516624,1.0,48.19519238,48.19519238,0.0,26.0134519614,26.0134519614,0.0
Automate data analysis workflows,Data Scientist,5b749bf9,Data Engineer,2.625,3,101,DATA ENGINEER,2 tahun 3 bulan,BASIC,27,34.81372549,90.0,86.63101604,10.06283501,1.2,70.83787239,70.83787239,3.0,38.7778223667,38.7778223667,0.3259580624556243
Automate data analysis workflows,Data Scientist,5d16d190,Data Scientist,2.6666666666666665,0,99,DATA SCIENTIST,3 tahun 1 bulan,JUNIOR,37,62.2739437442,90.0,97.74305556,28.26078997,1.0,73.16053928,73.16053928,5.0,40.02841915173333,48.03410298207999,0.5623315927695077
Automate data analysis workflows,Data Scientist,5dc773ce,Artificial Intelligence Engineer,2.75,0,35,DATA SCIENTIST,4 tahun 4 bulan,MIDDLE,52,72.0571603642,91.0,95.57291667,5.121161842,1.1,80.15052819,80.15052819,0.0,43.7722799407,43.7722799407,0.4534993090776974
Automate data analysis workflows,Data Scientist,6131e4d7,Data Engineer,4.333333333333333,1,38,DATA ENGINEER,2 tahun 3 bulan,MIDDLE,27,58.5518732492,93.5,99.30555556,10.46636816,1.2,85.46875202,85.46875202,0.0,47.33510523726667,47.33510523726667,0.5444815975620985
Automate data analysis workflows,Data Scientist,64S57577,Data Scientist,3.9583333333333335,1,40,DATA SCIENTIST,3 tahun 9 bulan,MIDDLE,45,73.6180643087,84.5,89.32291667,3.982774045,1.0,69.5311892,69.5311892,9.0,38.71194694266667,46.454336331200004,0.5219897928763426
Automate data analysis workflows,Data Scientist,65054asd,Data Analyst,1.75,2,10,DATA ANALYST,3 tahun 4 bulan,JUNIOR,40,70.5590744629,99.0,0.0,4.917061944,1.0,73.99273476,73.99273476,2.0,40.0386494228,40.0386494228,0.35815524345621164
Automate data analysis workflows,Data Scientist,66d21701,Data Analyst,2.5833333333333335,0,33,DATA ANALYST,4 tahun 3 bulan,JUNIOR,51,63.8499212188,81.5,83.07291667,3.823402466,1.0,64.77440963,64.77440963,0.0,35.54460377056666,35.54460377056666,0.24339279400701194
Automate data analysis workflows,Data Scientist,6de6b041,Data Scientist,2.9583333333333335,3,16,DATA SCIENTIST,4 tahun 0 bulan,MIDDLE,48,59.6452497667,90.0,100.0,7.186353322,1.1,76.3103827,76.3103827,7.0,41.834919497666675,50.201903397200006,0.6176897499418834
Automate data analysis workflows,Data Scientist,6e0778a1,Data Scientist,2.4166666666666665,0,92,DATA SCIENTIST,3 tahun 1 bulan,JUNIOR,37,54.5927141687,70.0,97.91666667,4.665283496,1.0,57.55075558,57.55075558,2.0,31.637733790733336,37.96528054888,0.30520854264454106
Automate data analysis workflows,Data Scientist,6fb8c1a0,Data Scientist,2.625,3,75,DATA SCIENTIST,3 tahun 0 bulan,BASIC,36,61.1916404063,98.0,0.0,3.823402466,1.0,70.34689224,70.34689224,0.0,38.517602887200006,46.22112346464001,0.5160343393984292
Automate data analysis workflows,Data Scientist,7176fcb0,Data Engineer,2.8333333333333335,3,104,DATA ENGINEER,7 tahun 0 bulan,SENIOR,84,75.0633578433,80.0,33.82352941,7.122781583,1.2,79.20577781,79.20577781,10.0,43.31072890596666,43.31072890596666,0.44171288513127227
Automate data analysis workflows,Data Scientist,77571f19,Data Analyst,1.4583333333333333,2,54,DATA ANALYST,3 tahun 1 bulan,JUNIOR,37,77.8103933242,100.0,100.0,5.536442394,1.0,79.32087607,79.32087607,0.0,42.725480983766666,42.725480983766666,0.42676766866393434
Automate data analysis workflows,Data Scientist,7L762383,Data Analyst,2.9583333333333335,0,59,DATA ANALYST,1 tahun 10 bulan,MIDDLE,22,63.2588118579,88.5,94.96527778,2.554920958,1.0,68.65055253,68.65055253,0.0,37.775209507566665,37.775209507566665,0.30035478281243105
Automate data analysis workflows,Data Scientist,7b6d04c9,Data Analyst,2.6666666666666665,3,2,DATA ANALYST,4 tahun 5 bulan,MIDDLE,53,73.2388159429,86.0,100.0,4.742239915,1.0,70.9884555,70.9884555,4.0,38.87721474833333,38.87721474833333,0.3284962015969483
Automate data analysis workflows,Data Scientist,7ba9df08,Data Analyst,2.7916666666666665,0,25,DATA ANALYST,3 tahun 1 bulan,MIDDLE,37,56.631039916,92.5,96.35416667,0.0,1.2,82.079429,82.079429,0.0,44.814180703333335,44.814180703333335,0.48010586647734665
Automate data analysis workflows,Data Scientist,7d317bd2,Data Scientist,1.25,2,90,DATA ANALYST,4 tahun 4 bulan,JUNIOR,52,63.7458566762,86.5,86.37152778,3.794124597,1.0,67.4194445,67.4194445,6.0,36.319805585,43.583766702,0.448685330159601
Automate data analysis workflows,Data Scientist,7dc30989,Data Scientist,3.25,1,73,DATA SCIENTIST,3 tahun 4 bulan,JUNIOR,40,92.1873832863,90.0,0.0,8.045322081,1.0,76.69106422,76.69106422,4.0,42.173764036600005,50.60851684392001,0.6280732570834673
Automate data analysis workflows,Data Scientist,7fe7bd2c,Data Scientist,2.5833333333333335,0,65,DATA SCIENTIST,2 tahun 2 bulan,JUNIOR,26,39.5228291321,89.5,99.30555556,6.121971713,1.0,63.07245784,63.07245784,5.0,34.64256932186667,41.571083186239996,0.3972883244082558
Automate data analysis workflows,Data Scientist,8126543f,Data Scientist,2.2916666666666665,0,85,DATA SCIENTIST,3 tahun 1 bulan,JUNIOR,37,63.1813433708,90.0,99.30555556,6.700326893,1.0,70.28096361,70.28096361,0.0,38.32599404663333,45.99119285596,0.5101627034833937
Automate data analysis workflows,Data Scientist,8387045b,Data Scientist,3.9166666666666665,1,69,DATA SCIENTIST,4 tahun 4 bulan,MIDDLE,52,85.768554505,94.0,98.61111111,53.90204421,1.2,99.0,99.0,10.0,54.31083333333334,65.173,1.0
Automate data analysis workflows,Data Scientist,859bd42e,Data Scientist,3.0,0,95,DATA SCIENTIST,3 tahun 5 bulan,JUNIOR,41,91.9510387488,95.0,100.0,9.232623263,1.0,81.52852324,81.52852324,1.0,44.6201173172,53.54414078064,0.7030389827814839
Automate data analysis workflows,Data Scientist,85e8c8f1,Data Scientist,2.4583333333333335,0,105,DATA SCIENTIST,2 tahun 9 bulan,JUNIOR,33,86.9119456117,93.0,100.0,3.409887033,1.1,86.02380765,86.02380765,0.0,46.74803472116667,56.0976416654,0.768246601680532
Automate data analysis workflows,Data Scientist,8K760816,Data Analyst,2.0833333333333335,0,15,DATA ANALYST,2 tahun 8 bulan,MIDDLE,32,52.4918446546,98.5,100.0,3.455357726,1.0,70.91183125,70.91183125,8.0,38.56243722916667,38.56243722916667,0.3204578677822582
Automate data analysis workflows,Data Scientist,9ab9d681,Data Scientist,3.5,1,18,DATA SCIENTIST,3 tahun 0 bulan,MIDDLE,36,31.3339898458,92.0,100.0,52.63227356,1.0,68.97507879,68.97507879,3.0,38.201791758700004,45.84215011044,0.5063566650333817
Automate data analysis workflows,Data Scientist,a016ffe0,Data Scientist,3.0416666666666665,1,26,DATA SCIENTIST,3 tahun 1 bulan,MIDDLE,37,82.0345763308,64.0,34.49197861,6.239432544,1.2,71.75887324,71.75887324,3.0,39.461786150533335,47.354143380640004,0.5449677661806578
Automate data analysis workflows,Data Scientist,a20ce132,Data Analyst,4.083333333333333,1,22,DATA ANALYST,2 tahun 9 bulan,MIDDLE,33,84.2864145654,95.0,98.61111111,10.2440888,1.2,95.23244671,95.23244671,0.0,52.392363422966675,52.392363422966675,0.6736265555354389
Automate data analysis workflows,Data Scientist,a77b4e68,Data Scientist,1.6666666666666667,2,80,MGT,2 tahun 5 bulan,-,29,80.6774626521,90.0,100.0,29.57650728,1.0,78.85832029,78.85832029,0.0,42.57824308703333,51.09389170443999,0.6404680594964457
Automate data analysis workflows,Data Scientist,a9fcd0c5,Data Analyst,1.6666666666666667,2,23,DATA ANALYST,2 tahun 1 bulan,MIDDLE,25,86.9994864617,91.5,100.0,7.075545771,1.1,85.847875,85.847875,9.0,46.282707083333335,46.282707083333335,0.5176069729393634
Automate data analysis workflows,Data Scientist,ae73e946,Data Analyst,1.3333333333333333,2,72,DATA SCIENTIST,3 tahun 5 bulan,JUNIOR,41,83.7572654062,85.0,97.91666667,10.90515878,1.0,74.34235311,74.34235311,7.0,40.02811381496667,40.02811381496667,0.3578862003144741
Automate data analysis workflows,Data Scientist,afb96c1d,Data Analyst,2.5416666666666665,0,19,DATA ANALYST,2 tahun 8 bulan,JUNIOR,32,77.4700746967,84.5,100.0,6.630101873,1.0,71.7649257,71.7649257,2.0,39.22999395433334,39.22999395433334,0.33750496762387666
Automate data analysis workflows,Data Scientist,aff5a1f7,Data Engineer,3.9583333333333335,3,96,DATA ENGINEER,2 tahun 7 bulan,JUNIOR,31,69.9306139125,90.0,98.61111111,7.174163182,1.2,86.72069722,86.72069722,0.0,47.822386193266674,47.822386193266674,0.5569250750894613
Automate data analysis workflows,Data Scientist,b0519d51,Data Scientist,2.2916666666666665,0,43,DATA SCIENTIST,4 tahun 1 bulan,JUNIOR,49,66.8638392858,92.0,99.30555556,4.723839233,1.1,79.24054742,79.24054742,0.0,43.074573465933334,51.689488159119996,0.655677541845244
Automate data analysis workflows,Data Scientist,b7ddf289,Artificial Intelligence Engineer,3.0833333333333335,1,44,DATA SCIENTIST,1 tahun 2 bulan,JUNIOR,14,78.282819795,95.0,100.0,11.82325385,1.0,77.94660283,77.94660283,9.0,42.76086616656667,42.76086616656667,0.4276712843738278
Automate data analysis workflows,Data Scientist,be2d891b,Data Scientist,4.0,1,14,AI ENGINEER,2 tahun 3 bulan,JUNIOR,27,70.2197654063,95.0,0.0,0.33375087,1.3,92.33751534,92.33751534,3.0,50.8188831302,60.98265975624,0.8929931407883068
Automate data analysis workflows,Data Scientist,beb45f59,Data Analyst,1.5,2,68,DATA ANALYST,3 tahun 4 bulan,MIDDLE,40,86.1330823996,80.0,98.61111111,6.436879162,1.0,71.94756403,71.94756403,2.0,38.837208935899994,38.837208935899994,0.327474590918656
Automate data analysis workflows,Data Scientist,c0b0190c,Data Analyst,4.125,1,17,DATA SCIENTIST,6 tahun 5 bulan,MIDDLE,77,29.2835988563,84.0,22.19251337,4.068139436,1.0,53.16264673,53.16264673,29.0,30.1149527669,30.1149527669,0.10473820590209836
Automate data analysis workflows,Data Scientist,c13b7f6c,Data Analyst,1.4166666666666667,2,34,DATA ANALYST,3 tahun 1 bulan,MIDDLE,37,87.4991246496,90.0,100.0,12.60600857,1.0,78.2842696,78.2842696,8.0,42.156496221333335,42.156496221333335,0.41223775729027706
Automate data analysis workflows,Data Scientist,c4acf473,Data Analyst,2.2916666666666665,3,107,DATA ANALYST,2 tahun 9 bulan,JUNIOR,33,79.9589169,86.5,93.31597222,0.0,1.0,72.02498398,72.02498398,0.0,39.250324842733335,39.250324842733335,0.3380241484984863
Automate data analysis workflows,Data Scientist,c5c364b3,Data Analyst,2.375,0,60,DATA ANALYST,1 tahun 1 bulan,JUNIOR,13,40.932846055,100.0,16.57754011,1.742317797,1.0,64.65542017,64.65542017,0.0,35.383622690100005,35.383622690100005,0.23928189159547303
Automate data analysis workflows,Data Scientist,c615b19e,Data Engineer,3.2083333333333335,3,63,DATA SCIENTIST,4 tahun 4 bulan,JUNIOR,52,71.0338060221,88.0,96.52777778,3.953496176,1.0,70.97960925,70.97960925,9.0,39.12710956916666,39.12710956916666,0.3348776547380063
Automate data analysis workflows,Data Scientist,ccc8525a,Data Scientist,3.4166666666666665,1,47,DATA SCIENTIST,1 tahun 0 bulan,BASIC,12,75.7084500467,90.0,0.0,0.0,1.0,70.11863666,70.11863666,16.0,38.76871076313334,46.522452915760006,0.5237292558674083
Automate data analysis workflows,Data Scientist,cdb6bf28,Artificial Intelligence Engineer,4.125,1,6,AI ENGINEER,7 tahun 1 bulan,MIDDLE,85,81.6822187204,91.0,0.0,3.667866596,1.3,95.09100733,95.09100733,14.0,52.3369838849,52.3369838849,0.6722123528482148
Automate data analysis workflows,Data Scientist,cf9338b5,Data Scientist,2.2916666666666665,0,74,DATA SCIENTIST,1 tahun 0 bulan,BASIC,12,82.0043154762,90.0,35.29411765,3.321482848,1.0,72.67275856,72.67275856,8.0,39.59364537013334,47.51237444416,0.5490084426298352
Automate data analysis workflows,Data Scientist,d08b974d,Data Analyst,1.9166666666666667,0,86,DATA ANALYST,2 tahun 9 bulan,MIDDLE,33,58.8772058825,93.5,97.91666667,0.871158899,1.0,69.7799626,69.7799626,0.0,37.884213511333336,37.884213511333336,0.30313836968271934
Automate data analysis workflows,Data Scientist,d8c9672c,Data Analyst,3.8333333333333335,1,82,DATA ANALYST,2 tahun 4 bulan,MIDDLE,28,73.7417775442,90.5,95.05208333,9.595209262,1.0,73.7469197,73.7469197,0.0,40.887534107666674,40.887534107666674,0.3798328349347936
Automate data analysis workflows,Data Scientist,ecc200ca,Data Engineer,3.0833333333333335,3,56,DATA ENGINEER,1 tahun 9 bulan,MIDDLE,21,71.0850840338,89.0,99.30555556,5.758942974,1.2,86.333236,86.333236,2.0,47.20578174666667,47.20578174666667,0.5411791209739488
Automate data analysis workflows,Data Scientist,eed0f189,Data Analyst,2.9166666666666665,3,45,DATA ANALYST,2 tahun 10 bulan,MIDDLE,34,69.240079365,96.0,70.49910873,48.01347408,1.0,79.53001534,79.53001534,4.0,43.52174146353334,43.52174146353334,0.4471014191704976
Automate data analysis workflows,Data Scientist,f007ee36,Artificial Intelligence Engineer,2.0416666666666665,0,70,AI ENGINEER,2 tahun 0 bulan,MIDDLE,24,40.1500350142,90.0,99.30555556,2.332863117,1.3,81.80872206,81.80872206,2.0,44.318206025133335,44.318206025133335,0.4674403812242709
Automate data analysis workflows,Data Scientist,f2f08a05,Data Engineer,2.3333333333333335,3,94,DATA ENGINEER,2 tahun 5 bulan,JUNIOR,29,59.4675711954,87.0,99.30555556,7.027424482,1.2,81.33092925,81.33092925,1.0,44.20205916916667,44.20205916916667,0.46447439050721306
Automate data analysis workflows,Data Scientist,f6f88029,Data Analyst,1.2916666666666667,2,100,MGT,4 tahun 3 bulan,-,51,4.3391106446,90.0,78.20855615,6.010278684,1.0,48.76020407,48.76020407,0.0,26.449991490433334,26.449991490433334,0.011147716224993982
Automate data analysis workflows,Data Scientist,fbc7621c,Data Scientist,2.625,0,93,DATA SCIENTIST,8 tahun 6 bulan,MIDDLE,102,58.3732609713,75.0,100.0,12.17940809,1.0,62.37965806,62.37965806,0.0,34.2949687718,41.15396252616,0.38663649922199894
Automate data analysis workflows,Data Scientist,ff56a859,Data Scientist,2.75,0,97,DATA SCIENTIST,4 tahun 3 bulan,JUNIOR,51,71.9907037817,89.5,95.83333333,11.98196147,1.0,73.15820762,73.15820762,3.0,40.0663500386,48.079620046319995,0.5634939418393984
Build and deploy AI models,AI Engineer,006bac9a,Data Analyst,2.6315789473684212,3,7,DATA ANALYST,2 tahun 5 bulan,JUNIOR,29,24.3446545288,90.0,100.0,10.68886874,1.0,59.64183706,59.64183706,2.0,32.84701574706316,32.84701574706316,0.2415790229859085
Build and deploy AI models,AI Engineer,00c74be4,Data Scientist,2.263157894736842,3,106,DATA SCIENTIST,5 tahun 10 bulan,MIDDLE,70,65.8296276846,90.0,70.58823529,2.714292537,1.0,67.48966658,67.48966658,9.0,36.833207497926324,36.833207497926324,0.3824982181251047
Build and deploy AI models,AI Engineer,01c8c0ef,Data Scientist,2.8421052631578947,1,67,DATA SCIENTIST,2 tahun 2 bulan,SENIOR,26,77.0315563725,92.0,96.35416667,6.32783673,1.1,82.53917202,82.53917202,3.0,45.081550644284206,45.081550644284206,0.6740922883714656
Build and deploy AI models,AI Engineer,01d1846b,Data Analyst,2.0526315789473686,0,77,DATA ANALYST,4 tahun 3 bulan,JUNIOR,51,76.130287115,84.0,91.92708333,7.89858338,1.0,70.77981892,70.77981892,2.0,38.47804086970526,38.47804086970526,0.4406460969467863
Build and deploy AI models,AI Engineer,03ad7f49,Data Scientist,1.6842105263157894,2,91,DATA SCIENTIST,3 tahun 4 bulan,JUNIOR,40,75.1958741829,90.0,0.0,4.519739335,1.0,70.74391915,70.74391915,2.0,38.28585609686842,38.28585609686842,0.4338520124674553
Build and deploy AI models,AI Engineer,0514ff91,Data Scientist,2.1052631578947367,0,37,DATA SCIENTIST,3 tahun 4 bulan,MIDDLE,40,75.6379551821,90.0,100.0,11.44256681,1.0,74.661971,74.661971,4.0,40.56031831421052,40.56031831421052,0.5142584266779499
Build and deploy AI models,AI Engineer,056cd3f9,Data Engineer,2.4210526315789473,3,48,DATA ENGINEER,7 tahun 7 bulan,SENIOR,91,80.4681314192,90.0,34.22459893,5.168397654,1.3,94.26532683,94.26532683,0.0,51.098517956742114,51.098517956742114,0.886803127148054
Build and deploy AI models,AI Engineer,05eed8dc,Data Engineer,2.0,3,49,DATA ENGINEER,2 tahun 5 bulan,MIDDLE,29,62.7957662233,95.0,99.21875,8.595362988,1.2,87.48866032,87.48866032,8.0,47.3089899696,47.3089899696,0.7528363570372358
Build and deploy AI models,AI Engineer,106760ca,Data Engineer,4.0,1,21,DATA ENGINEER,1 tahun 11 bulan,MIDDLE,23,71.4513888888,91.25,100.0,8.016044212,1.2,88.25251765,88.25251765,3.0,48.653834354500006,48.653834354500006,0.8003790745360966
Build and deploy AI models,AI Engineer,123117c9,Data Analyst,1.105263157894737,2,32,DATA ANALYST,4 tahun 2 bulan,MIDDLE,50,70.4449813258,95.0,100.0,3.648580437,1.0,74.43733436,74.43733436,2.0,39.97126089501052,39.97126089501052,0.49343416568085635
Build and deploy AI models,AI Engineer,14d4dbd6,Data Analyst,1.4210526315789473,2,108,DATA ANALYST,4 tahun 2 bulan,JUNIOR,50,79.6974498133,80.5,98.4375,3.111615146,1.0,69.81056917,69.81056917,9.0,37.667496396942106,37.667496396942106,0.41199186206167954
Build and deploy AI models,AI Engineer,1551c5ff,Data Analyst,1.3157894736842106,2,66,DATA ANALYST,2 tahun 5 bulan,JUNIOR,29,79.0374358075,90.0,100.0,15.2788331,1.0,76.22782609,76.22782609,2.0,41.019168880331584,41.019168880331584,0.5304796364210445
Build and deploy AI models,AI Engineer,1667415a,Data Analyst,2.1578947368421053,0,50,DATA ANALYST,4 tahun 1 bulan,JUNIOR,49,73.4773576096,90.0,100.0,10.26693491,1.0,73.85696587,73.85696587,1.0,40.15840243741579,40.15840243741579,0.5000499627074663
Build and deploy AI models,AI Engineer,1672e04a,Data Analyst,2.1578947368421053,3,41,DATA ANALYST,4 tahun 3 bulan,JUNIOR,51,69.8277310925,86.0,100.0,7.456011595,1.0,70.40596081,70.40596081,4.0,38.32936975561579,38.32936975561579,0.4353903001744911
Build and deploy AI models,AI Engineer,17466c54,Data Analyst,1.4736842105263157,2,11,DATA ANALYST,3 tahun 1 bulan,JUNIOR,37,49.8728816529,90.0,100.0,7.676082801,1.0,66.60685575,66.60685575,0.0,35.99426512644737,35.99426512644737,0.35284006539540136
Build and deploy AI models,AI Engineer,1893af41,Data Analyst,1.4736842105263157,2,103,DATA SCIENTIST,1 tahun 1 bulan,JUNIOR,13,37.5269607842,98.0,29.01069519,0.0,1.0,62.25313576,62.25313576,3.0,33.68679353174737,33.68679353174737,0.2712667091058375
Build and deploy AI models,AI Engineer,1dbecdbe,Data Scientist,2.736842105263158,0,4,DATA SCIENTIST,2 tahun 3 bulan,JUNIOR,27,85.3527602713,90.0,99.30555556,6.414697312,1.0,76.68127695,76.68127695,5.0,41.92739257297368,41.92739257297368,0.5625870110213153
Build and deploy AI models,AI Engineer,29e9efd9,Data Engineer,2.0,3,61,DATA ENGINEER,3 tahun 1 bulan,MIDDLE,37,72.8804563492,94.0,99.30555556,9.72908414,1.2,90.62742563,90.62742563,0.0,48.972535583900004,48.972535583900004,0.8116457479787866
Build and deploy AI models,AI Engineer,2d801262,Data Analyst,2.1578947368421053,0,9,DATA ANALYST,2 tahun 10 bulan,MIDDLE,34,80.3460259104,90.0,95.74652778,10.27336667,1.1,83.12594823,83.12594823,9.0,45.07096308821579,45.07096308821579,0.6737179988307457
Build and deploy AI models,AI Engineer,31e8a51f,Data Scientist,2.4210526315789473,0,98,DATA SCIENTIST,2 tahun 9 bulan,JUNIOR,33,52.8933765175,90.0,65.10695187,6.407601293,1.0,64.07121964,64.07121964,0.0,35.095641146042105,35.095641146042105,0.3210720582431942
Build and deploy AI models,AI Engineer,3350383a,Artificial Intelligence Engineer,4.7894736842105265,1,30,AI ENGINEER,3 tahun 9 bulan,MIDDLE,45,54.1797239725,95.5,96.44097222,11.49637749,1.3,92.17002068,92.17002068,0.0,51.10116359197895,51.10116359197895,0.8868966552098002
Build and deploy AI models,AI Engineer,365fc87a,Data Analyst,2.1578947368421053,0,110,DATA ANALYST,2 tahun 5 bulan,BASIC,29,80.8585434175,90.0,8.155080214,6.607477284,1.0,72.88466719,72.88466719,3.0,39.64308413701579,39.64308413701579,0.48183251490979284
Build and deploy AI models,AI Engineer,36cf70f2,Artificial Intelligence Engineer,3.526315789473684,1,58,AI ENGINEER,2 tahun 5 bulan,MIDDLE,29,43.5532358775,89.5,100.0,11.83988942,1.3,84.69716654,84.69716654,4.0,46.54686668725263,46.54686668725263,0.7258939001115303
Build and deploy AI models,AI Engineer,3951d86b,Data Scientist,3.5789473684210527,1,78,DATA SCIENTIST,3 tahun 1 bulan,JUNIOR,37,55.4426062092,95.0,100.0,4.279280813,1.0,70.17243405,70.17243405,0.0,38.8734953096579,38.8734953096579,0.45462613726478657
Build and deploy AI models,AI Engineer,39c4596a,Data Scientist,2.3157894736842106,0,42,DATA SCIENTIST,3 tahun 5 bulan,JUNIOR,41,60.7098506071,80.0,97.91666667,4.694561364,1.0,64.25018915,64.25018915,0.0,35.141021302131584,35.141021302131584,0.3226763300572723
Build and deploy AI models,AI Engineer,3cac7e99,Data Scientist,1.736842105263158,0,88,DATA SCIENTIST,10 tahun 2 bulan,SENIOR,122,88.3660831,98.0,34.22459893,51.7318368,1.0,87.21080158,87.21080158,0.0,47.03804062687368,47.03804062687368,0.7432578004381412
Build and deploy AI models,AI Engineer,42e7a026,Data Analyst,2.0,0,64,DATA ANALYST,2 tahun 6 bulan,JUNIOR,30,73.5210696779,89.0,99.21875,4.472503523,1.0,72.45268383,72.45268383,2.0,39.3399224299,39.3399224299,0.47111519210299835
Build and deploy AI models,AI Engineer,46fd6e1c,Data Analyst,2.1052631578947367,2,5,DATA SCIENTIST,1 tahun 2 bulan,JUNIOR,14,67.4580357142,90.0,100.0,11.7055718,1.0,72.32438573,72.32438573,0.0,39.321398121110526,39.321398121110526,0.47046032378549774
Build and deploy AI models,AI Engineer,47d42365,Data Engineer,2.1052631578947367,3,53,DATA ENGINEER,4 tahun 4 bulan,JUNIOR,52,71.9768703312,91.5,97.82986111,3.794124597,1.2,87.64556985,87.64556985,3.0,47.441625704710525,47.441625704710525,0.7575252737293201
Build and deploy AI models,AI Engineer,4cba2f2d,Artificial Intelligence Engineer,2.5789473684210527,0,36,AI ENGINEER,1 tahun 7 bulan,JUNIOR,19,66.0502450979,95.0,100.0,5.817498712,1.2,84.80862745,84.80862745,5.0,46.1606778116579,46.1606778116579,0.7122414145007374
Build and deploy AI models,AI Engineer,4d57b04b,Data Scientist,2.5789473684210527,0,20,DATA SCIENTIST,3 tahun 11 bulan,MIDDLE,47,60.9976657327,96.5,91.31944444,1.268481508,1.1,78.63807432,78.63807432,0.0,42.8902846527579,42.8902846527579,0.5966270134521358
Build and deploy AI models,AI Engineer,516J6855,Data Scientist,1.9473684210526316,0,46,DATA SCIENTIST,2 tahun 5 bulan,JUNIOR,29,54.7360673438,80.0,96.96180556,11.10881594,1.0,63.41641108,63.41641108,1.0,34.52596103029474,34.52596103029474,0.3009328204906351
Build and deploy AI models,AI Engineer,528f3560,Data Analyst,1.0,2,55,DATA SCIENTIST,7 tahun 0 bulan,SENIOR,84,32.3536327033,90.0,94.11764706,44.61622935,1.0,64.269703,64.269703,0.0,34.532942590000005,34.532942590000005,0.30117963144102883
Build and deploy AI models,AI Engineer,528f3560,Data Analyst,1.0,2,55,DATA SCIENTIST,7 tahun 0 bulan,SENIOR,84,32.3536327033,90.0,94.11764706,44.61622935,1.0,64.269703,64.269703,0.0,34.532942590000005,34.532942590000005,0.30117963144102883
Build and deploy AI models,AI Engineer,5312eea4,Data Analyst,2.210526315789474,3,84,DATA ANALYST,2 tahun 2 bulan,MIDDLE,26,49.7969187675,86.0,92.79513889,46.9198146,1.0,70.0469465,70.0469465,2.0,38.16382901342106,38.16382901342106,0.4295381310840867
Build and deploy AI models,AI Engineer,544a3d1a,Data Scientist,2.526315789473684,0,62,DATA SCIENTIST,4 tahun 2 bulan,MIDDLE,50,59.509354575,90.5,100.0,7.234474611,1.0,69.58669591,69.58669591,15.0,38.06831725335264,38.06831725335264,0.4261616150516467
Build and deploy AI models,AI Engineer,54b0fc4f,Data Analyst,2.526315789473684,1,89,DATA ANALYST,2 tahun 2 bulan,MIDDLE,26,71.3084967321,88.5,98.61111111,6.180876807,1.0,71.78045298,71.78045298,3.0,39.23100850045264,39.23100850045264,0.4672648847830241
Build and deploy AI models,AI Engineer,557e30ab,Data Analyst,1.2105263157894737,2,29,DATA ANALYST,3 tahun 5 bulan,MIDDLE,41,53.7861081933,85.0,100.0,4.549017204,1.0,64.81437318,64.81437318,2.0,34.92056515382105,34.92056515382105,0.3148828005621896
Build and deploy AI models,AI Engineer,55b2e646,Data Scientist,3.3684210526315788,1,57,AI ENGINEER,3 tahun 0 bulan,JUNIOR,36,50.15589986,90.0,100.0,0.871158899,1.3,85.36316737,85.36316737,0.0,46.825636600836845,46.825636600836845,0.7357489282452884
Build and deploy AI models,AI Engineer,57635c17,Data Analyst,1.1578947368421053,2,12,DATA ANALYST,3 tahun 3 bulan,MIDDLE,39,67.5095967558,90.0,99.21875,6.039999292,1.0,71.43352597,71.43352597,4.0,38.40397929041579,38.40397929041579,0.4380278841771798
Build and deploy AI models,AI Engineer,57ecf7ad,Data Analyst,1.0,2,27,MGT,5 tahun 1 bulan,-,61,3.4722222221,90.0,77.54010695,4.326516624,1.0,48.19519238,48.19519238,0.0,26.0134519614,26.0134519614,0.0
Build and deploy AI models,AI Engineer,5b749bf9,Data Engineer,1.1578947368421053,3,101,DATA ENGINEER,2 tahun 3 bulan,BASIC,27,34.81372549,90.0,86.63101604,10.06283501,1.2,70.83787239,70.83787239,3.0,38.08828289301579,38.08828289301579,0.4268674370611275
Build and deploy AI models,AI Engineer,5d16d190,Data Scientist,2.8947368421052633,0,99,DATA SCIENTIST,3 tahun 1 bulan,JUNIOR,37,62.2739437442,90.0,97.74305556,28.26078997,1.0,73.16053928,73.16053928,5.0,40.13561213418947,40.13561213418947,0.4992442836562929
Build and deploy AI models,AI Engineer,5dc773ce,Artificial Intelligence Engineer,2.6315789473684212,0,35,DATA SCIENTIST,4 tahun 4 bulan,MIDDLE,52,72.0571603642,91.0,95.57291667,5.121161842,1.1,80.15052819,80.15052819,0.0,43.71662204596316,43.71662204596316,0.625839557063138
Build and deploy AI models,AI Engineer,6131e4d7,Data Engineer,2.3684210526315788,1,38,DATA ENGINEER,2 tahun 3 bulan,MIDDLE,27,58.5518732492,93.5,99.30555556,10.46636816,1.2,85.46875202,85.46875202,0.0,46.41159646533684,46.41159646533684,0.7211118494752192
Build and deploy AI models,AI Engineer,64S57577,Data Scientist,3.789473684210526,1,40,DATA SCIENTIST,3 tahun 9 bulan,MIDDLE,45,73.6180643087,84.5,89.32291667,3.982774045,1.0,69.5311892,69.5311892,9.0,38.63258290757895,38.63258290757895,0.4461094416510684
Build and deploy AI models,AI Engineer,65054asd,Data Analyst,1.5789473684210527,2,10,DATA ANALYST,3 tahun 4 bulan,JUNIOR,40,70.5590744629,99.0,0.0,4.917061944,1.0,73.99273476,73.99273476,2.0,39.9582546859579,39.9582546859579,0.4929743723176516
Build and deploy AI models,AI Engineer,66d21701,Data Analyst,2.736842105263158,0,33,DATA ANALYST,4 tahun 3 bulan,JUNIOR,51,63.8499212188,81.5,83.07291667,3.823402466,1.0,64.77440963,64.77440963,0.0,35.61675289337368,35.61675289337368,0.33949431502390326
Build and deploy AI models,AI Engineer,6de6b041,Data Scientist,2.4210526315789473,3,16,DATA SCIENTIST,4 tahun 0 bulan,MIDDLE,48,59.6452497667,90.0,100.0,7.186353322,1.1,76.3103827,76.3103827,7.0,41.582397567842115,41.582397567842115,0.5503908043436873
Build and deploy AI models,AI Engineer,6e0778a1,Data Scientist,2.6842105263157894,0,92,DATA SCIENTIST,3 tahun 1 bulan,JUNIOR,37,54.5927141687,70.0,97.91666667,4.665283496,1.0,57.55075558,57.55075558,2.0,31.76347940476842,31.76347940476842,0.20327402443003628
Build and deploy AI models,AI Engineer,6fb8c1a0,Data Scientist,2.0526315789473686,3,75,DATA SCIENTIST,3 tahun 0 bulan,BASIC,36,61.1916404063,98.0,0.0,3.823402466,1.0,70.34689224,70.34689224,0.0,38.248589729305266,38.248589729305266,0.4325345779708272
Build and deploy AI models,AI Engineer,7176fcb0,Data Engineer,1.1578947368421053,3,104,DATA ENGINEER,7 tahun 0 bulan,SENIOR,84,75.0633578433,80.0,33.82352941,7.122781583,1.2,79.20577781,79.20577781,10.0,42.523272765615786,42.523272765615786,0.5836524695829441
Build and deploy AI models,AI Engineer,77571f19,Data Analyst,1.0,2,54,DATA ANALYST,3 tahun 1 bulan,JUNIOR,37,77.8103933242,100.0,100.0,5.536442394,1.0,79.32087607,79.32087607,0.0,42.510064317099996,42.510064317099996,0.5831855266835014
Build and deploy AI models,AI Engineer,7L762383,Data Analyst,2.3157894736842106,0,59,DATA ANALYST,1 tahun 10 bulan,MIDDLE,22,63.2588118579,88.5,94.96527778,2.554920958,1.0,68.65055253,68.65055253,0.0,37.47321389353158,37.47321389353158,0.40512361895613624
Build and deploy AI models,AI Engineer,7b6d04c9,Data Analyst,2.1052631578947367,3,2,DATA ANALYST,4 tahun 5 bulan,MIDDLE,53,73.2388159429,86.0,100.0,4.742239915,1.0,70.9884555,70.9884555,4.0,38.61335509921052,38.61335509921052,0.44542970333216225
Build and deploy AI models,AI Engineer,7ba9df08,Data Analyst,1.6842105263157894,0,25,DATA ANALYST,3 tahun 1 bulan,MIDDLE,37,56.631039916,92.5,96.35416667,0.0,1.2,82.079429,82.079429,0.0,44.29367631736842,44.29367631736842,0.646239484753635
Build and deploy AI models,AI Engineer,7d317bd2,Data Scientist,1.105263157894737,2,90,DATA ANALYST,4 tahun 4 bulan,JUNIOR,52,63.7458566762,86.5,86.37152778,3.794124597,1.0,67.4194445,67.4194445,6.0,36.25177926921052,36.25177926921052,0.3619436630151812
Build and deploy AI models,AI Engineer,7dc30989,Data Scientist,3.789473684210526,1,73,DATA SCIENTIST,3 tahun 4 bulan,JUNIOR,40,92.1873832863,90.0,0.0,8.045322081,1.0,76.69106422,76.69106422,4.0,42.427316668178946,42.427316668178946,0.580260245408939
Build and deploy AI models,AI Engineer,7fe7bd2c,Data Scientist,2.6842105263157894,0,65,DATA SCIENTIST,2 tahun 2 bulan,JUNIOR,26,39.5228291321,89.5,99.30555556,6.121971713,1.0,63.07245784,63.07245784,5.0,34.68998160256842,34.68998160256842,0.30673124878402386
Build and deploy AI models,AI Engineer,8126543f,Data Scientist,2.526315789473684,0,85,DATA SCIENTIST,3 tahun 1 bulan,JUNIOR,37,63.1813433708,90.0,99.30555556,6.700326893,1.0,70.28096361,70.28096361,0.0,38.43627913435263,38.43627913435263,0.43916974294744987
Build and deploy AI models,AI Engineer,8387045b,Data Scientist,3.8947368421052633,1,69,DATA SCIENTIST,4 tahun 4 bulan,MIDDLE,52,85.768554505,94.0,98.61111111,53.90204421,1.2,99.0,99.0,10.0,54.30052631578948,54.30052631578948,1.0
Build and deploy AI models,AI Engineer,859bd42e,Data Scientist,2.8421052631578947,0,95,DATA SCIENTIST,3 tahun 5 bulan,JUNIOR,41,91.9510387488,95.0,100.0,9.232623263,1.0,81.52852324,81.52852324,1.0,44.54590679088421,44.54590679088421,0.6551562949672246
Build and deploy AI models,AI Engineer,85e8c8f1,Data Scientist,2.6315789473684212,0,105,DATA SCIENTIST,2 tahun 9 bulan,JUNIOR,33,86.9119456117,93.0,100.0,3.409887033,1.1,86.02380765,86.02380765,0.0,46.82946015976316,46.82946015976316,0.7358840980715634
Build and deploy AI models,AI Engineer,8K760816,Data Analyst,1.7894736842105263,0,15,DATA ANALYST,2 tahun 8 bulan,MIDDLE,32,52.4918446546,98.5,100.0,3.455357726,1.0,70.91183125,70.91183125,8.0,38.42432319407895,38.42432319407895,0.4387470785133733
Build and deploy AI models,AI Engineer,9ab9d681,Data Scientist,3.789473684210526,1,18,DATA SCIENTIST,3 tahun 0 bulan,MIDDLE,36,31.3339898458,92.0,100.0,52.63227356,1.0,68.97507879,68.97507879,3.0,38.337844390278946,38.337844390278946,0.43568989406521963
Build and deploy AI models,AI Engineer,a016ffe0,Data Scientist,3.3684210526315788,1,26,DATA SCIENTIST,3 tahun 1 bulan,MIDDLE,37,82.0345763308,64.0,34.49197861,6.239432544,1.2,71.75887324,71.75887324,3.0,39.615360711936844,39.615360711936844,0.48085244094627094
Build and deploy AI models,AI Engineer,a20ce132,Data Analyst,3.3157894736842106,1,22,DATA ANALYST,2 tahun 9 bulan,MIDDLE,33,84.2864145654,95.0,98.61111111,10.2440888,1.2,95.23244671,95.23244671,0.0,52.031617808931586,52.031617808931586,0.9197899196490846
Build and deploy AI models,AI Engineer,a77b4e68,Data Scientist,1.368421052631579,2,80,MGT,2 tahun 5 bulan,-,29,80.6774626521,90.0,100.0,29.57650728,1.0,78.85832029,78.85832029,0.0,42.43806764843684,42.43806764843684,0.5806403122947259
Build and deploy AI models,AI Engineer,a9fcd0c5,Data Analyst,1.1578947368421053,2,23,DATA ANALYST,2 tahun 1 bulan,MIDDLE,25,86.9994864617,91.5,100.0,7.075545771,1.1,85.847875,85.847875,9.0,46.04358427631579,46.04358427631579,0.70810194309853
Build and deploy AI models,AI Engineer,ae73e946,Data Analyst,1.368421052631579,2,72,DATA SCIENTIST,3 tahun 5 bulan,JUNIOR,41,83.7572654062,85.0,97.91666667,10.90515878,1.0,74.34235311,74.34235311,7.0,40.04460504303685,40.04460504303685,0.4960270159384493
Build and deploy AI models,AI Engineer,afb96c1d,Data Analyst,2.1052631578947367,0,19,DATA ANALYST,2 tahun 8 bulan,JUNIOR,32,77.4700746967,84.5,100.0,6.630101873,1.0,71.7649257,71.7649257,2.0,39.02488430521053,39.02488430521053,0.4599780161355379
Build and deploy AI models,AI Engineer,aff5a1f7,Data Engineer,1.7894736842105263,3,96,DATA ENGINEER,2 tahun 7 bulan,JUNIOR,31,69.9306139125,90.0,98.61111111,7.174163182,1.2,86.72069722,86.72069722,0.0,46.803022158178955,46.803022158178955,0.7349494661880049
Build and deploy AI models,AI Engineer,b0519d51,Data Scientist,2.210526315789474,0,43,DATA SCIENTIST,4 tahun 1 bulan,JUNIOR,49,66.8638392858,92.0,99.30555556,4.723839233,1.1,79.24054742,79.24054742,0.0,43.036437501021055,43.036437501021055,0.601793784905136
Build and deploy AI models,AI Engineer,b7ddf289,Artificial Intelligence Engineer,3.3157894736842106,1,44,DATA SCIENTIST,1 tahun 2 bulan,JUNIOR,14,78.282819795,95.0,100.0,11.82325385,1.0,77.94660283,77.94660283,9.0,42.87012055253158,42.87012055253158,0.5959141754974681
Build and deploy AI models,AI Engineer,be2d891b,Data Scientist,3.526315789473684,1,14,AI ENGINEER,2 tahun 3 bulan,JUNIOR,27,70.2197654063,95.0,0.0,0.33375087,1.3,92.33751534,92.33751534,3.0,50.59625155125263,50.59625155125263,0.8690470877925189
Build and deploy AI models,AI Engineer,beb45f59,Data Analyst,1.1578947368421053,2,68,DATA ANALYST,3 tahun 4 bulan,MIDDLE,40,86.1330823996,80.0,98.61111111,6.436879162,1.0,71.94756403,71.94756403,2.0,38.67641946221578,38.67641946221578,0.4476591443204797
Build and deploy AI models,AI Engineer,c0b0190c,Data Analyst,3.3684210526315788,1,17,DATA SCIENTIST,6 tahun 5 bulan,MIDDLE,77,29.2835988563,84.0,22.19251337,4.068139436,1.0,53.16264673,53.16264673,29.0,29.759360661636844,29.759360661636844,0.13242474825451742
Build and deploy AI models,AI Engineer,c13b7f6c,Data Analyst,1.3157894736842106,2,34,DATA ANALYST,3 tahun 1 bulan,MIDDLE,37,87.4991246496,90.0,100.0,12.60600857,1.0,78.2842696,78.2842696,8.0,42.109083940631585,42.109083940631585,0.5690101343666856
Build and deploy AI models,AI Engineer,c4acf473,Data Analyst,1.0526315789473684,3,107,DATA ANALYST,2 tahun 9 bulan,JUNIOR,33,79.9589169,86.5,93.31597222,0.0,1.0,72.02498398,72.02498398,0.0,38.66797835150526,38.66797835150526,0.4473607355630109
Build and deploy AI models,AI Engineer,c5c364b3,Data Analyst,1.8421052631578947,0,60,DATA ANALYST,1 tahun 1 bulan,JUNIOR,13,40.932846055,100.0,16.57754011,1.742317797,1.0,64.65542017,64.65542017,0.0,35.13316216378421,35.13316216378421,0.32239849509106444
Build and deploy AI models,AI Engineer,c615b19e,Data Engineer,2.4210526315789473,3,63,DATA SCIENTIST,4 tahun 4 bulan,JUNIOR,52,71.0338060221,88.0,96.52777778,3.953496176,1.0,70.97960925,70.97960925,9.0,38.7570876393421,38.7570876393421,0.4505109124501804
Build and deploy AI models,AI Engineer,ccc8525a,Data Scientist,3.473684210526316,1,47,DATA SCIENTIST,1 tahun 0 bulan,BASIC,12,75.7084500467,90.0,0.0,0.0,1.0,70.11863666,70.11863666,16.0,38.79550900874737,38.79550900874737,0.4518691783819595
Build and deploy AI models,AI Engineer,cdb6bf28,Artificial Intelligence Engineer,4.631578947368421,1,6,AI ENGINEER,7 tahun 1 bulan,MIDDLE,85,81.6822187204,91.0,0.0,3.667866596,1.3,95.09100733,95.09100733,14.0,52.57507599016316,52.57507599016316,0.9390021638855495
Build and deploy AI models,AI Engineer,cf9338b5,Data Scientist,2.4210526315789473,0,74,DATA SCIENTIST,1 tahun 0 bulan,BASIC,12,82.0043154762,90.0,35.29411765,3.321482848,1.0,72.67275856,72.67275856,8.0,39.65445677364211,39.65445677364211,0.48223455848926805
Build and deploy AI models,AI Engineer,d08b974d,Data Analyst,1.6842105263157894,0,86,DATA ANALYST,2 tahun 9 bulan,MIDDLE,33,58.8772058825,93.5,97.91666667,0.871158899,1.0,69.7799626,69.7799626,0.0,37.774959125368426,37.774959125368426,0.4157908667618473
Build and deploy AI models,AI Engineer,d8c9672c,Data Analyst,3.3157894736842106,1,82,DATA ANALYST,2 tahun 4 bulan,MIDDLE,28,73.7417775442,90.5,95.05208333,9.595209262,1.0,73.7469197,73.7469197,0.0,40.644288493631585,40.644288493631585,0.5172269266496705
Build and deploy AI models,AI Engineer,ecc200ca,Data Engineer,1.631578947368421,3,56,DATA ENGINEER,1 tahun 9 bulan,MIDDLE,21,71.0850840338,89.0,99.30555556,5.758942974,1.2,86.333236,86.333236,2.0,46.52345718526316,46.52345718526316,0.725066331247526
Build and deploy AI models,AI Engineer,eed0f189,Data Analyst,1.736842105263158,3,45,DATA ANALYST,2 tahun 10 bulan,MIDDLE,34,69.240079365,96.0,70.49910873,48.01347408,1.0,79.53001534,79.53001534,4.0,42.96722391967369,42.96722391967369,0.5993469577613942
Build and deploy AI models,AI Engineer,f007ee36,Artificial Intelligence Engineer,3.0526315789473686,0,70,AI ENGINEER,2 tahun 0 bulan,MIDDLE,24,40.1500350142,90.0,99.30555556,2.332863117,1.3,81.80872206,81.80872206,2.0,44.79335953390527,44.79335953390527,0.6639042036381918
Build and deploy AI models,AI Engineer,f2f08a05,Data Engineer,1.0,3,94,DATA ENGINEER,2 tahun 5 bulan,JUNIOR,29,59.4675711954,87.0,99.30555556,7.027424482,1.2,81.33092925,81.33092925,1.0,43.5753925025,43.5753925025,0.620846833471656
Build and deploy AI models,AI Engineer,f6f88029,Data Analyst,1.1578947368421053,2,100,MGT,4 tahun 3 bulan,-,51,4.3391106446,90.0,78.20855615,6.010278684,1.0,48.76020407,48.76020407,0.0,26.387118683415792,26.387118683415792,0.013209804497077903
Build and deploy AI models,AI Engineer,fbc7621c,Data Scientist,1.9473684210526316,0,93,DATA SCIENTIST,8 tahun 6 bulan,MIDDLE,102,58.3732609713,75.0,100.0,12.17940809,1.0,62.37965806,62.37965806,0.0,33.976481929694735,33.976481929694735,0.2815077257029609
Build and deploy AI models,AI Engineer,ff56a859,Data Scientist,2.8947368421052633,0,97,DATA SCIENTIST,4 tahun 3 bulan,JUNIOR,51,71.9907037817,89.5,95.83333333,11.98196147,1.0,73.15820762,73.15820762,3.0,40.134376354389474,40.134376354389474,0.49920059657206084
Build dashboards and reports,Data Analyst,006bac9a,Data Analyst,3.0689655172413794,3,7,DATA ANALYST,2 tahun 5 bulan,JUNIOR,29,24.3446545288,90.0,100.0,10.68886874,1.0,59.64183706,59.64183706,2.0,33.05258743490345,39.66310492188414,0.2660977619856258
Build dashboards and reports,Data Analyst,00c74be4,Data Scientist,2.6551724137931036,3,106,DATA SCIENTIST,5 tahun 10 bulan,MIDDLE,70,65.8296276846,90.0,70.58823529,2.714292537,1.0,67.48966658,67.48966658,9.0,37.01745432188277,37.01745432188277,0.1827539922018836
Build dashboards and reports,Data Analyst,01c8c0ef,Data Scientist,3.7241379310344827,1,67,DATA SCIENTIST,2 tahun 2 bulan,SENIOR,26,77.0315563725,92.0,96.35416667,6.32783673,1.1,82.53917202,82.53917202,3.0,45.4961059981862,45.4961059981862,0.44985003027509185
Build dashboards and reports,Data Analyst,01d1846b,Data Analyst,2.8620689655172415,0,77,DATA ANALYST,4 tahun 3 bulan,JUNIOR,51,76.130287115,84.0,91.92708333,7.89858338,1.0,70.77981892,70.77981892,2.0,38.8584764413931,46.63017172967172,0.48557557666602924
Build dashboards and reports,Data Analyst,03ad7f49,Data Scientist,2.310344827586207,2,91,DATA SCIENTIST,3 tahun 4 bulan,JUNIOR,40,75.1958741829,90.0,0.0,4.519739335,1.0,70.74391915,70.74391915,2.0,38.58013921846552,38.58013921846552,0.23198197803843215
Build dashboards and reports,Data Analyst,0514ff91,Data Scientist,2.7586206896551726,0,37,DATA SCIENTIST,3 tahun 4 bulan,MIDDLE,40,75.6379551821,90.0,100.0,11.44256681,1.0,74.661971,74.661971,4.0,40.867396354137924,40.867396354137924,0.3040355712648406
Build dashboards and reports,Data Analyst,056cd3f9,Data Engineer,3.6551724137931036,3,48,DATA ENGINEER,7 tahun 7 bulan,SENIOR,91,80.4681314192,90.0,34.22459893,5.168397654,1.3,94.26532683,94.26532683,0.0,51.67855425438277,51.67855425438277,0.6446106476310183
Build dashboards and reports,Data Analyst,05eed8dc,Data Engineer,3.1379310344827585,3,49,DATA ENGINEER,2 tahun 5 bulan,MIDDLE,29,62.7957662233,95.0,99.21875,8.595362988,1.2,87.48866032,87.48866032,8.0,47.8438175558069,47.8438175558069,0.5238080697746648
Build dashboards and reports,Data Analyst,106760ca,Data Engineer,4.896551724137931,1,21,DATA ENGINEER,1 tahun 11 bulan,MIDDLE,23,71.4513888888,91.25,100.0,8.016044212,1.2,88.25251765,88.25251765,3.0,49.07521366484483,49.07521366484483,0.562599735546479
Build dashboards and reports,Data Analyst,123117c9,Data Analyst,1.9310344827586208,2,32,DATA ANALYST,4 tahun 2 bulan,MIDDLE,50,70.4449813258,95.0,100.0,3.648580437,1.0,74.43733436,74.43733436,2.0,40.35937341769655,48.43124810123586,0.5423134144116867
Build dashboards and reports,Data Analyst,14d4dbd6,Data Analyst,1.896551724137931,2,108,DATA ANALYST,4 tahun 2 bulan,JUNIOR,50,79.6974498133,80.5,98.4375,3.111615146,1.0,69.81056917,69.81056917,9.0,37.89098097044482,45.46917716453378,0.4490017132250359
Build dashboards and reports,Data Analyst,1551c5ff,Data Analyst,2.206896551724138,2,66,DATA ANALYST,2 tahun 5 bulan,JUNIOR,29,79.0374358075,90.0,100.0,15.2788331,1.0,76.22782609,76.22782609,2.0,41.43798920701035,49.725587048412415,0.5830879169992763
Build dashboards and reports,Data Analyst,1667415a,Data Analyst,3.1379310344827585,0,50,DATA ANALYST,4 tahun 1 bulan,JUNIOR,49,73.4773576096,90.0,100.0,10.26693491,1.0,73.85696587,73.85696587,1.0,40.6190194973069,48.74282339676828,0.5521287164402848
Build dashboards and reports,Data Analyst,1672e04a,Data Analyst,3.586206896551724,3,41,DATA ANALYST,4 tahun 3 bulan,JUNIOR,51,69.8277310925,86.0,100.0,7.456011595,1.0,70.40596081,70.40596081,4.0,39.00067647067931,46.80081176481517,0.49095111030787825
Build dashboards and reports,Data Analyst,17466c54,Data Analyst,2.2758620689655173,2,11,DATA ANALYST,3 tahun 1 bulan,JUNIOR,37,49.8728816529,90.0,100.0,7.676082801,1.0,66.60685575,66.60685575,0.0,36.37128871991379,43.64554646389655,0.3915533648738232
Build dashboards and reports,Data Analyst,1893af41,Data Analyst,2.2758620689655173,2,103,DATA SCIENTIST,1 tahun 1 bulan,JUNIOR,13,37.5269607842,98.0,29.01069519,0.0,1.0,62.25313576,62.25313576,3.0,34.063817125213795,40.876580550256556,0.30432489349316494
Build dashboards and reports,Data Analyst,1dbecdbe,Data Scientist,2.3448275862068964,0,4,DATA SCIENTIST,2 tahun 3 bulan,JUNIOR,27,85.3527602713,90.0,99.30555556,6.414697312,1.0,76.68127695,76.68127695,5.0,41.74314574901724,41.74314574901724,0.3316235891062877
Build dashboards and reports,Data Analyst,29e9efd9,Data Engineer,3.6206896551724137,3,61,DATA ENGINEER,3 tahun 1 bulan,MIDDLE,37,72.8804563492,94.0,99.30555556,9.72908414,1.2,90.62742563,90.62742563,0.0,49.734259721831044,49.734259721831044,0.5833611251458136
Build dashboards and reports,Data Analyst,2d801262,Data Analyst,3.2413793103448274,0,9,DATA ANALYST,2 tahun 10 bulan,MIDDLE,34,80.3460259104,90.0,95.74652778,10.27336667,1.1,83.12594823,83.12594823,9.0,45.58020083776207,54.696241005314484,0.7396743683842316
Build dashboards and reports,Data Analyst,31e8a51f,Data Scientist,2.4482758620689653,0,98,DATA SCIENTIST,2 tahun 9 bulan,JUNIOR,33,52.8933765175,90.0,65.10695187,6.407601293,1.0,64.07121964,64.07121964,0.0,35.10843606437241,35.10843606437241,0.12261574939430311
Build dashboards and reports,Data Analyst,3350383a,Artificial Intelligence Engineer,4.275862068965517,1,30,AI ENGINEER,3 tahun 9 bulan,MIDDLE,45,54.1797239725,95.5,96.44097222,11.49637749,1.3,92.17002068,92.17002068,0.0,50.859766132813796,50.859766132813796,0.618817034254531
Build dashboards and reports,Data Analyst,365fc87a,Data Analyst,2.6206896551724137,0,110,DATA ANALYST,2 tahun 5 bulan,BASIC,29,80.8585434175,90.0,8.155080214,6.607477284,1.0,72.88466719,72.88466719,3.0,39.86059774863104,47.832717298357245,0.523458387431341
Build dashboards and reports,Data Analyst,36cf70f2,Artificial Intelligence Engineer,3.4827586206896552,1,58,AI ENGINEER,2 tahun 5 bulan,MIDDLE,29,43.5532358775,89.5,100.0,11.83988942,1.3,84.69716654,84.69716654,4.0,46.526394817924135,46.526394817924135,0.48230637738417614
Build dashboards and reports,Data Analyst,3951d86b,Data Scientist,4.413793103448276,1,78,DATA SCIENTIST,3 tahun 1 bulan,JUNIOR,37,55.4426062092,95.0,100.0,4.279280813,1.0,70.17243405,70.17243405,0.0,39.265872805120694,39.265872805120694,0.25358408308553815
Build dashboards and reports,Data Analyst,39c4596a,Data Scientist,2.9655172413793105,0,42,DATA SCIENTIST,3 tahun 5 bulan,JUNIOR,41,60.7098506071,80.0,97.91666667,4.694561364,1.0,64.25018915,64.25018915,0.0,35.44639335294828,35.44639335294828,0.13326214179993293
Build dashboards and reports,Data Analyst,3cac7e99,Data Scientist,2.793103448275862,0,88,DATA SCIENTIST,10 tahun 2 bulan,SENIOR,122,88.3660831,98.0,34.22459893,51.7318368,1.0,87.21080158,87.21080158,0.0,47.53448345808965,47.53448345808965,0.5140633703701423
Build dashboards and reports,Data Analyst,42e7a026,Data Analyst,3.206896551724138,0,64,DATA ANALYST,2 tahun 6 bulan,JUNIOR,30,73.5210696779,89.0,99.21875,4.472503523,1.0,72.45268383,72.45268383,2.0,39.907163809210346,47.88859657105241,0.5252187065147401
Build dashboards and reports,Data Analyst,46fd6e1c,Data Analyst,2.310344827586207,2,5,DATA SCIENTIST,1 tahun 2 bulan,JUNIOR,14,67.4580357142,90.0,100.0,11.7055718,1.0,72.32438573,72.32438573,0.0,39.41778650586552,47.30134380703863,0.5067189623804218
Build dashboards and reports,Data Analyst,47d42365,Data Engineer,3.8275862068965516,3,53,DATA ENGINEER,4 tahun 4 bulan,JUNIOR,52,71.9768703312,91.5,97.82986111,3.794124597,1.2,87.64556985,87.64556985,3.0,48.25111753774138,48.25111753774138,0.5366389084074199
Build dashboards and reports,Data Analyst,4cba2f2d,Artificial Intelligence Engineer,2.586206896551724,0,36,AI ENGINEER,1 tahun 7 bulan,JUNIOR,19,66.0502450979,95.0,100.0,5.817498712,1.2,84.80862745,84.80862745,5.0,46.16408978987931,46.16408978987931,0.470892978030216
Build dashboards and reports,Data Analyst,4d57b04b,Data Scientist,2.689655172413793,0,20,DATA SCIENTIST,3 tahun 11 bulan,MIDDLE,47,60.9976657327,96.5,91.31944444,1.268481508,1.1,78.63807432,78.63807432,0.0,42.94231732063449,42.94231732063449,0.3694001115979668
Build dashboards and reports,Data Analyst,516J6855,Data Scientist,2.6206896551724137,0,46,DATA SCIENTIST,2 tahun 5 bulan,JUNIOR,29,54.7360673438,80.0,96.96180556,11.10881594,1.0,63.41641108,63.41641108,1.0,34.842422010331035,34.842422010331035,0.11423572594024117
Build dashboards and reports,Data Analyst,528f3560,Data Analyst,1.8620689655172413,2,55,DATA SCIENTIST,7 tahun 0 bulan,SENIOR,84,32.3536327033,90.0,94.11764706,44.61622935,1.0,64.269703,64.269703,0.0,34.93811500379311,41.925738004551725,0.337375643784087
Build dashboards and reports,Data Analyst,528f3560,Data Analyst,1.8620689655172413,2,55,DATA SCIENTIST,7 tahun 0 bulan,SENIOR,84,32.3536327033,90.0,94.11764706,44.61622935,1.0,64.269703,64.269703,0.0,34.93811500379311,41.925738004551725,0.337375643784087
Build dashboards and reports,Data Analyst,5312eea4,Data Analyst,2.8620689655172415,3,84,DATA ANALYST,2 tahun 2 bulan,MIDDLE,26,49.7969187675,86.0,92.79513889,46.9198146,1.0,70.0469465,70.0469465,2.0,38.4700540587931,46.16406487055172,0.4708921930169939
Build dashboards and reports,Data Analyst,544a3d1a,Data Scientist,2.8275862068965516,0,62,DATA SCIENTIST,4 tahun 2 bulan,MIDDLE,50,59.509354575,90.5,100.0,7.234474611,1.0,69.58669591,69.58669591,15.0,38.209914349541386,38.209914349541386,0.22031908640647854
Build dashboards and reports,Data Analyst,54b0fc4f,Data Analyst,3.8275862068965516,1,89,DATA ANALYST,2 tahun 2 bulan,MIDDLE,26,71.3084967321,88.5,98.61111111,6.180876807,1.0,71.78045298,71.78045298,3.0,39.842605596641384,47.81112671596966,0.5227782369503942
Build dashboards and reports,Data Analyst,557e30ab,Data Analyst,2.0,2,29,DATA ANALYST,3 tahun 5 bulan,MIDDLE,41,53.7861081933,85.0,100.0,4.549017204,1.0,64.81437318,64.81437318,2.0,35.2916177854,42.34994134248,0.35073897503341034
Build dashboards and reports,Data Analyst,55b2e646,Data Scientist,3.4482758620689653,1,57,AI ENGINEER,3 tahun 0 bulan,JUNIOR,36,50.15589986,90.0,100.0,0.871158899,1.3,85.36316737,85.36316737,0.0,46.863168361272415,46.863168361272415,0.4929154792308295
Build dashboards and reports,Data Analyst,57635c17,Data Analyst,1.6206896551724137,2,12,DATA ANALYST,3 tahun 3 bulan,MIDDLE,39,67.5095967558,90.0,99.21875,6.039999292,1.0,71.43352597,71.43352597,4.0,38.62149290203104,46.34579148243724,0.4766169780300106
Build dashboards and reports,Data Analyst,57ecf7ad,Data Analyst,1.0,2,27,MGT,5 tahun 1 bulan,-,61,3.4722222221,90.0,77.54010695,4.326516624,1.0,48.19519238,48.19519238,0.0,26.0134519614,31.21614235368,0.0
Build dashboards and reports,Data Analyst,5b749bf9,Data Engineer,2.896551724137931,3,101,DATA ENGINEER,2 tahun 3 bulan,BASIC,27,34.81372549,90.0,86.63101604,10.06283501,1.2,70.83787239,70.83787239,3.0,38.90545167704483,38.90545167704483,0.24223003069345894
Build dashboards and reports,Data Analyst,5d16d190,Data Scientist,3.0344827586206895,0,99,DATA SCIENTIST,3 tahun 1 bulan,JUNIOR,37,62.2739437442,90.0,97.74305556,28.26078997,1.0,73.16053928,73.16053928,5.0,40.20129271495173,40.20129271495173,0.2830518524183616
Build dashboards and reports,Data Analyst,5dc773ce,Artificial Intelligence Engineer,3.3793103448275863,0,35,DATA SCIENTIST,4 tahun 4 bulan,MIDDLE,52,72.0571603642,91.0,95.57291667,5.121161842,1.1,80.15052819,80.15052819,0.0,44.068055802768974,44.068055802768974,0.40486333145461284
Build dashboards and reports,Data Analyst,6131e4d7,Data Engineer,4.482758620689655,1,38,DATA ENGINEER,2 tahun 3 bulan,MIDDLE,27,58.5518732492,93.5,99.30555556,10.46636816,1.2,85.46875202,85.46875202,0.0,47.40533512232414,47.40533512232414,0.5099949158417972
Build dashboards and reports,Data Analyst,64S57577,Data Scientist,4.0,1,40,DATA SCIENTIST,3 tahun 9 bulan,MIDDLE,45,73.6180643087,84.5,89.32291667,3.982774045,1.0,69.5311892,69.5311892,9.0,38.73153027600001,38.73153027600001,0.23675112686196356
Build dashboards and reports,Data Analyst,65054asd,Data Analyst,2.1724137931034484,2,10,DATA ANALYST,3 tahun 4 bulan,JUNIOR,40,70.5590744629,99.0,0.0,4.917061944,1.0,73.99273476,73.99273476,2.0,40.237183905558624,48.284620686670344,0.537694330741482
Build dashboards and reports,Data Analyst,66d21701,Data Analyst,3.3793103448275863,0,33,DATA ANALYST,4 tahun 3 bulan,JUNIOR,51,63.8499212188,81.5,83.07291667,3.823402466,1.0,64.77440963,64.77440963,0.0,35.918712965968965,43.102455559162756,0.374444815719315
Build dashboards and reports,Data Analyst,6de6b041,Data Scientist,3.0714285714285716,3,16,DATA SCIENTIST,4 tahun 0 bulan,MIDDLE,48,59.6452497667,90.0,100.0,7.186353322,1.1,76.3103827,76.3103827,7.0,41.88807425957144,41.88807425957144,0.3361891535911535
Build dashboards and reports,Data Analyst,6e0778a1,Data Scientist,2.8620689655172415,0,92,DATA SCIENTIST,3 tahun 1 bulan,JUNIOR,37,54.5927141687,70.0,97.91666667,4.665283496,1.0,57.55075558,57.55075558,2.0,31.847072871193106,31.847072871193106,0.01987568872515608
Build dashboards and reports,Data Analyst,6fb8c1a0,Data Scientist,3.2758620689655173,3,75,DATA SCIENTIST,3 tahun 0 bulan,BASIC,36,61.1916404063,98.0,0.0,3.823402466,1.0,70.34689224,70.34689224,0.0,38.8235080596138,38.8235080596138,0.23964862784819463
Build dashboards and reports,Data Analyst,7176fcb0,Data Engineer,3.586206896551724,3,104,DATA ENGINEER,7 tahun 0 bulan,SENIOR,84,75.0633578433,80.0,33.82352941,7.122781583,1.2,79.20577781,79.20577781,10.0,43.66457948067931,43.66457948067931,0.3921529464546379
Build dashboards and reports,Data Analyst,77571f19,Data Analyst,1.9655172413793103,2,54,DATA ANALYST,3 tahun 1 bulan,JUNIOR,37,77.8103933242,100.0,100.0,5.536442394,1.0,79.32087607,79.32087607,0.0,42.96385742054827,51.55662890465793,0.6407697329319026
Build dashboards and reports,Data Analyst,7L762383,Data Analyst,3.3448275862068964,0,59,DATA ANALYST,1 tahun 10 bulan,MIDDLE,22,63.2588118579,88.5,94.96527778,2.554920958,1.0,68.65055253,68.65055253,0.0,37.95686180641724,45.548234167700684,0.4514921814190338
Build dashboards and reports,Data Analyst,7b6d04c9,Data Analyst,3.1379310344827585,3,2,DATA ANALYST,4 tahun 5 bulan,MIDDLE,53,73.2388159429,86.0,100.0,4.742239915,1.0,70.9884555,70.9884555,4.0,39.0987090012069,46.91845080144828,0.4946569967868887
Build dashboards and reports,Data Analyst,7ba9df08,Data Analyst,3.4482758620689653,0,25,DATA ANALYST,3 tahun 1 bulan,MIDDLE,37,56.631039916,92.5,96.35416667,0.0,1.2,82.079429,82.079429,0.0,45.122787025172414,54.14734443020689,0.7223829279382302
Build dashboards and reports,Data Analyst,7d317bd2,Data Scientist,1.206896551724138,2,90,DATA ANALYST,4 tahun 4 bulan,JUNIOR,52,63.7458566762,86.5,86.37152778,3.794124597,1.0,67.4194445,67.4194445,6.0,36.299546964310345,36.299546964310345,0.16013834313033215
Build dashboards and reports,Data Analyst,7dc30989,Data Scientist,3.3448275862068964,1,73,DATA SCIENTIST,3 tahun 4 bulan,JUNIOR,40,92.1873832863,90.0,0.0,8.045322081,1.0,76.69106422,76.69106422,4.0,42.21833300211724,42.21833300211724,0.3465930249896636
Build dashboards and reports,Data Analyst,7fe7bd2c,Data Scientist,2.8620689655172415,0,65,DATA SCIENTIST,2 tahun 2 bulan,JUNIOR,26,39.5228291321,89.5,99.30555556,6.121971713,1.0,63.07245784,63.07245784,5.0,34.773575068993104,34.773575068993104,0.11206689698407428
Build dashboards and reports,Data Analyst,8126543f,Data Scientist,2.6551724137931036,0,85,DATA SCIENTIST,3 tahun 1 bulan,JUNIOR,37,63.1813433708,90.0,99.30555556,6.700326893,1.0,70.28096361,70.28096361,0.0,38.49684174778276,38.49684174778276,0.2293579258600575
Build dashboards and reports,Data Analyst,8387045b,Data Scientist,3.8620689655172415,1,69,DATA SCIENTIST,4 tahun 4 bulan,MIDDLE,52,85.768554505,94.0,98.61111111,53.90204421,1.2,99.0,99.0,10.0,54.285172413793106,54.285172413793106,0.7267248103220041
Build dashboards and reports,Data Analyst,859bd42e,Data Scientist,3.0689655172413794,0,95,DATA SCIENTIST,3 tahun 5 bulan,JUNIOR,41,91.9510387488,95.0,100.0,9.232623263,1.0,81.52852324,81.52852324,1.0,44.65253111030345,44.65253111030345,0.4232755796461956
Build dashboards and reports,Data Analyst,85e8c8f1,Data Scientist,3.3793103448275863,0,105,DATA SCIENTIST,2 tahun 9 bulan,JUNIOR,33,86.9119456117,93.0,100.0,3.409887033,1.1,86.02380765,86.02380765,0.0,47.18089391656897,47.18089391656897,0.502924527869011
Build dashboards and reports,Data Analyst,8K760816,Data Analyst,2.8620689655172415,0,15,DATA ANALYST,2 tahun 8 bulan,MIDDLE,32,52.4918446546,98.5,100.0,3.455357726,1.0,70.91183125,70.91183125,8.0,38.928442976293105,46.714131571551725,0.48822049498318065
Build dashboards and reports,Data Analyst,9ab9d681,Data Scientist,3.6206896551724137,1,18,DATA SCIENTIST,3 tahun 0 bulan,MIDDLE,36,31.3339898458,92.0,100.0,52.63227356,1.0,68.97507879,68.97507879,3.0,38.25851589663104,38.25851589663104,0.2218501412448505
Build dashboards and reports,Data Analyst,a016ffe0,Data Scientist,3.3793103448275863,1,26,DATA SCIENTIST,3 tahun 1 bulan,MIDDLE,37,82.0345763308,64.0,34.49197861,6.239432544,1.2,71.75887324,71.75887324,3.0,39.62047867926897,39.62047867926897,0.26475494228325736
Build dashboards and reports,Data Analyst,a20ce132,Data Analyst,4.241379310344827,1,22,DATA ANALYST,2 tahun 9 bulan,MIDDLE,33,84.2864145654,95.0,98.61111111,10.2440888,1.2,95.23244671,95.23244671,0.0,52.46664503216208,62.95997403859449,1.0
Build dashboards and reports,Data Analyst,a77b4e68,Data Scientist,2.0344827586206895,2,80,MGT,2 tahun 5 bulan,-,29,80.6774626521,90.0,100.0,29.57650728,1.0,78.85832029,78.85832029,0.0,42.751116650251724,42.751116650251724,0.36337687305888317
Build dashboards and reports,Data Analyst,a9fcd0c5,Data Analyst,2.3793103448275863,2,23,DATA ANALYST,2 tahun 1 bulan,MIDDLE,25,86.9994864617,91.5,100.0,7.075545771,1.1,85.847875,85.847875,9.0,46.617649612068966,55.94117953448276,0.7788926499554479
Build dashboards and reports,Data Analyst,ae73e946,Data Analyst,1.7241379310344827,2,72,DATA SCIENTIST,3 tahun 5 bulan,JUNIOR,41,83.7572654062,85.0,97.91666667,10.90515878,1.0,74.34235311,74.34235311,7.0,40.211791975886214,48.25415037106345,0.5367344492782316
Build dashboards and reports,Data Analyst,afb96c1d,Data Analyst,2.7586206896551726,0,19,DATA ANALYST,2 tahun 8 bulan,JUNIOR,32,77.4700746967,84.5,100.0,6.630101873,1.0,71.7649257,71.7649257,2.0,39.33196234513794,47.198354814165526,0.5034745842632696
Build dashboards and reports,Data Analyst,aff5a1f7,Data Engineer,4.275862068965517,3,96,DATA ENGINEER,2 tahun 7 bulan,JUNIOR,31,69.9306139125,90.0,98.61111111,7.174163182,1.2,86.72069722,86.72069722,0.0,47.9716246990138,47.9716246990138,0.527834273809373
Build dashboards and reports,Data Analyst,b0519d51,Data Scientist,2.7241379310344827,0,43,DATA SCIENTIST,4 tahun 1 bulan,JUNIOR,49,66.8638392858,92.0,99.30555556,4.723839233,1.1,79.24054742,79.24054742,0.0,43.277834960186205,43.277834960186205,0.37996964973318714
Build dashboards and reports,Data Analyst,b7ddf289,Artificial Intelligence Engineer,3.3448275862068964,1,44,DATA SCIENTIST,1 tahun 2 bulan,JUNIOR,14,78.282819795,95.0,100.0,11.82325385,1.0,77.94660283,77.94660283,9.0,42.88376846541724,42.88376846541724,0.3675556948369912
Build dashboards and reports,Data Analyst,be2d891b,Data Scientist,4.137931034482759,1,14,AI ENGINEER,2 tahun 3 bulan,JUNIOR,27,70.2197654063,95.0,0.0,0.33375087,1.3,92.33751534,92.33751534,3.0,50.883710716406895,50.883710716406895,0.6195713409126172
Build dashboards and reports,Data Analyst,beb45f59,Data Analyst,2.4482758620689653,2,68,DATA ANALYST,3 tahun 4 bulan,MIDDLE,40,86.1330823996,80.0,98.61111111,6.436879162,1.0,71.94756403,71.94756403,2.0,39.28289859107241,47.13947830928689,0.501619845822648
Build dashboards and reports,Data Analyst,c0b0190c,Data Analyst,4.137931034482759,1,17,DATA SCIENTIST,6 tahun 5 bulan,MIDDLE,77,29.2835988563,84.0,22.19251337,4.068139436,1.0,53.16264673,53.16264673,29.0,30.1210303531069,36.14523642372828,0.15527722421709775
Build dashboards and reports,Data Analyst,c13b7f6c,Data Analyst,1.8620689655172413,2,34,DATA ANALYST,3 tahun 1 bulan,MIDDLE,37,87.4991246496,90.0,100.0,12.60600857,1.0,78.2842696,78.2842696,8.0,42.365835301793105,50.839002362151724,0.6181629301480019
Build dashboards and reports,Data Analyst,c4acf473,Data Analyst,3.413793103448276,3,107,DATA ANALYST,2 tahun 9 bulan,JUNIOR,33,79.9589169,86.5,93.31597222,0.0,1.0,72.02498398,72.02498398,0.0,39.77772426802069,47.73326912162483,0.5203255527527954
Build dashboards and reports,Data Analyst,c5c364b3,Data Analyst,3.1379310344827585,0,60,DATA ANALYST,1 tahun 1 bulan,JUNIOR,13,40.932846055,100.0,16.57754011,1.742317797,1.0,64.65542017,64.65542017,0.0,35.7422002763069,42.890640331568285,0.36777217362314574
Build dashboards and reports,Data Analyst,c615b19e,Data Engineer,3.6206896551724137,3,63,DATA SCIENTIST,4 tahun 4 bulan,JUNIOR,52,71.0338060221,88.0,96.52777778,3.953496176,1.0,70.97960925,70.97960925,9.0,39.320917040431034,39.320917040431034,0.25531809666829347
Build dashboards and reports,Data Analyst,ccc8525a,Data Scientist,3.3448275862068964,1,47,DATA SCIENTIST,1 tahun 0 bulan,BASIC,12,75.7084500467,90.0,0.0,0.0,1.0,70.11863666,70.11863666,16.0,38.734946395317245,38.734946395317245,0.23685874207839822
Build dashboards and reports,Data Analyst,cdb6bf28,Artificial Intelligence Engineer,3.9655172413793105,1,6,AI ENGINEER,7 tahun 1 bulan,MIDDLE,85,81.6822187204,91.0,0.0,3.667866596,1.3,95.09100733,95.09100733,14.0,52.262026988348275,52.262026988348275,0.6629913125663982
Build dashboards and reports,Data Analyst,cf9338b5,Data Scientist,2.4827586206896552,0,74,DATA SCIENTIST,1 tahun 0 bulan,BASIC,12,82.0043154762,90.0,35.29411765,3.321482848,1.0,72.67275856,72.67275856,8.0,39.68345858852414,39.68345858852414,0.2667389469201361
Build dashboards and reports,Data Analyst,d08b974d,Data Analyst,2.586206896551724,0,86,DATA ANALYST,2 tahun 9 bulan,MIDDLE,33,58.8772058825,93.5,97.91666667,0.871158899,1.0,69.7799626,69.7799626,0.0,38.198897419379314,45.83867690325518,0.4606417616725266
Build dashboards and reports,Data Analyst,d8c9672c,Data Analyst,4.0344827586206895,1,82,DATA ANALYST,2 tahun 4 bulan,MIDDLE,28,73.7417775442,90.5,95.05208333,9.595209262,1.0,73.7469197,73.7469197,0.0,40.98207433755173,49.17848920506207,0.5658531405305509
Build dashboards and reports,Data Analyst,ecc200ca,Data Engineer,3.4827586206896552,3,56,DATA ENGINEER,1 tahun 9 bulan,MIDDLE,21,71.0850840338,89.0,99.30555556,5.758942974,1.2,86.333236,86.333236,2.0,47.39351163172414,47.39351163172414,0.5096224500753025
Build dashboards and reports,Data Analyst,eed0f189,Data Analyst,3.103448275862069,3,45,DATA ANALYST,2 tahun 10 bulan,MIDDLE,34,69.240079365,96.0,70.49910873,48.01347408,1.0,79.53001534,79.53001534,4.0,43.60952881985518,52.331434583826216,0.6651778033519742
Build dashboards and reports,Data Analyst,f007ee36,Artificial Intelligence Engineer,2.3793103448275863,0,70,AI ENGINEER,2 tahun 0 bulan,MIDDLE,24,40.1500350142,90.0,99.30555556,2.332863117,1.3,81.80872206,81.80872206,2.0,44.47689855386896,44.47689855386896,0.4177427706841965
Build dashboards and reports,Data Analyst,f2f08a05,Data Engineer,2.793103448275862,3,94,DATA ENGINEER,2 tahun 5 bulan,JUNIOR,29,59.4675711954,87.0,99.30555556,7.027424482,1.2,81.33092925,81.33092925,1.0,44.41815112318966,44.41815112318966,0.4158920983626436
Build dashboards and reports,Data Analyst,f6f88029,Data Analyst,1.2413793103448276,2,100,MGT,4 tahun 3 bulan,-,51,4.3391106446,90.0,78.20855615,6.010278684,1.0,48.76020407,48.76020407,0.0,26.42635643296207,31.711627719554482,0.01560887074983928
Build dashboards and reports,Data Analyst,fbc7621c,Data Scientist,2.9655172413793105,0,93,DATA SCIENTIST,8 tahun 6 bulan,MIDDLE,102,58.3732609713,75.0,100.0,12.17940809,1.0,62.37965806,62.37965806,0.0,34.455011875248275,34.455011875248275,0.10203146090607179
Build dashboards and reports,Data Analyst,ff56a859,Data Scientist,3.3793103448275863,0,97,DATA SCIENTIST,4 tahun 3 bulan,JUNIOR,51,71.9907037817,89.5,95.83333333,11.98196147,1.0,73.15820762,73.15820762,3.0,40.36212590066897,40.36212590066897,0.2881184488933447
Customer behavior analysis,Data Analyst,006bac9a,Data Analyst,2.25,3,7,DATA ANALYST,2 tahun 5 bulan,JUNIOR,29,24.3446545288,90.0,100.0,10.68886874,1.0,59.64183706,59.64183706,2.0,32.6676736418,39.201208370159996,0.24262623452149448
Customer behavior analysis,Data Analyst,00c74be4,Data Scientist,2.5,3,106,DATA SCIENTIST,5 tahun 10 bulan,MIDDLE,70,65.8296276846,90.0,70.58823529,2.714292537,1.0,67.48966658,67.48966658,9.0,36.9445232874,36.9445232874,0.17154661467149027
Customer behavior analysis,Data Analyst,01c8c0ef,Data Scientist,4.25,1,67,DATA SCIENTIST,2 tahun 2 bulan,SENIOR,26,77.0315563725,92.0,96.35416667,6.32783673,1.1,82.53917202,82.53917202,3.0,45.7432611706,45.7432611706,0.4486836191545394
Customer behavior analysis,Data Analyst,01d1846b,Data Analyst,2.75,0,77,DATA ANALYST,4 tahun 3 bulan,JUNIOR,51,76.130287115,84.0,91.92708333,7.89858338,1.0,70.77981892,70.77981892,2.0,38.8058040276,46.56696483312,0.47462810899419877
Customer behavior analysis,Data Analyst,03ad7f49,Data Scientist,3.0,2,91,DATA SCIENTIST,3 tahun 4 bulan,JUNIOR,40,75.1958741829,90.0,0.0,4.519739335,1.0,70.74391915,70.74391915,2.0,38.9042771495,38.9042771495,0.23327368531232545
Customer behavior analysis,Data Analyst,0514ff91,Data Scientist,4.0,0,37,DATA SCIENTIST,3 tahun 4 bulan,MIDDLE,40,75.6379551821,90.0,100.0,11.44256681,1.0,74.661971,74.661971,4.0,41.45084463,41.45084463,0.31348383506655864
Customer behavior analysis,Data Analyst,056cd3f9,Data Engineer,2.25,3,48,DATA ENGINEER,7 tahun 7 bulan,SENIOR,91,80.4681314192,90.0,34.22459893,5.168397654,1.3,94.26532683,94.26532683,0.0,51.018123219900005,51.018123219900005,0.6148278419748991
Customer behavior analysis,Data Analyst,05eed8dc,Data Engineer,1.25,3,49,DATA ENGINEER,2 tahun 5 bulan,MIDDLE,29,62.7957662233,95.0,99.21875,8.595362988,1.2,87.48866032,87.48866032,8.0,46.9564899696,46.9564899696,0.4868971219967384
Customer behavior analysis,Data Analyst,106760ca,Data Engineer,4.0,1,21,DATA ENGINEER,1 tahun 11 bulan,MIDDLE,23,71.4513888888,91.25,100.0,8.016044212,1.2,88.25251765,88.25251765,3.0,48.653834354500006,48.653834354500006,0.5403589871700913
Customer behavior analysis,Data Analyst,123117c9,Data Analyst,2.5,2,32,DATA ANALYST,4 tahun 2 bulan,MIDDLE,50,70.4449813258,95.0,100.0,3.648580437,1.0,74.43733436,74.43733436,2.0,40.626787210799996,48.75214465295999,0.5434555019187641
Customer behavior analysis,Data Analyst,14d4dbd6,Data Analyst,1.5,2,108,DATA ANALYST,4 tahun 2 bulan,JUNIOR,50,79.6974498133,80.5,98.4375,3.111615146,1.0,69.81056917,69.81056917,9.0,37.704601660099996,45.24552199212,0.43300614963914635
Customer behavior analysis,Data Analyst,1551c5ff,Data Analyst,2.25,2,66,DATA ANALYST,2 tahun 5 bulan,JUNIOR,29,79.0374358075,90.0,100.0,15.2788331,1.0,76.22782609,76.22782609,2.0,41.4582478277,49.74989739324,0.5748820780171295
Customer behavior analysis,Data Analyst,1667415a,Data Analyst,2.75,0,50,DATA ANALYST,4 tahun 1 bulan,JUNIOR,49,73.4773576096,90.0,100.0,10.26693491,1.0,73.85696587,73.85696587,1.0,40.4366919111,48.524030293319996,0.5362705020756724
Customer behavior analysis,Data Analyst,1672e04a,Data Analyst,3.0,3,41,DATA ANALYST,4 tahun 3 bulan,JUNIOR,51,69.8277310925,86.0,100.0,7.456011595,1.0,70.40596081,70.40596081,4.0,38.7251592293,46.470191075159995,0.47157999121303257
Customer behavior analysis,Data Analyst,17466c54,Data Analyst,3.75,2,11,DATA ANALYST,3 tahun 1 bulan,JUNIOR,37,49.8728816529,90.0,100.0,7.676082801,1.0,66.60685575,66.60685575,0.0,37.0641335475,44.476960256999995,0.4087984848741644
Customer behavior analysis,Data Analyst,1893af41,Data Analyst,3.0,2,103,DATA SCIENTIST,1 tahun 1 bulan,JUNIOR,13,37.5269607842,98.0,29.01069519,0.0,1.0,62.25313576,62.25313576,3.0,34.404161952799996,41.28499434335999,0.30825998907384783
Customer behavior analysis,Data Analyst,1dbecdbe,Data Scientist,3.5,0,4,DATA SCIENTIST,2 tahun 3 bulan,JUNIOR,27,85.3527602713,90.0,99.30555556,6.414697312,1.0,76.68127695,76.68127695,5.0,42.2860767835,42.2860767835,0.3397914419235471
Customer behavior analysis,Data Analyst,29e9efd9,Data Engineer,2.25,3,61,DATA ENGINEER,3 tahun 1 bulan,MIDDLE,37,72.8804563492,94.0,99.30555556,9.72908414,1.2,90.62742563,90.62742563,0.0,49.090035583900004,49.090035583900004,0.5540981738207765
Customer behavior analysis,Data Analyst,2d801262,Data Analyst,4.0,0,9,DATA ANALYST,2 tahun 10 bulan,MIDDLE,34,80.3460259104,90.0,95.74652778,10.27336667,1.1,83.12594823,83.12594823,9.0,45.93675256190001,55.12410307428001,0.7441553628552885
Customer behavior analysis,Data Analyst,31e8a51f,Data Scientist,2.75,0,98,DATA SCIENTIST,2 tahun 9 bulan,JUNIOR,33,52.8933765175,90.0,65.10695187,6.407601293,1.0,64.07121964,64.07121964,0.0,35.250246409199995,35.250246409199995,0.11818136785742411
Customer behavior analysis,Data Analyst,3350383a,Artificial Intelligence Engineer,4.5,1,30,AI ENGINEER,3 tahun 9 bulan,MIDDLE,45,54.1797239725,95.5,96.44097222,11.49637749,1.3,92.17002068,92.17002068,0.0,50.965110960400004,50.965110960400004,0.6131580958142867
Customer behavior analysis,Data Analyst,365fc87a,Data Analyst,2.75,0,110,DATA ANALYST,2 tahun 5 bulan,BASIC,29,80.8585434175,90.0,8.155080214,6.607477284,1.0,72.88466719,72.88466719,3.0,39.9213736107,47.90564833284,0.5167931035636653
Customer behavior analysis,Data Analyst,36cf70f2,Artificial Intelligence Engineer,3.75,1,58,AI ENGINEER,2 tahun 5 bulan,MIDDLE,29,43.5532358775,89.5,100.0,11.83988942,1.3,84.69716654,84.69716654,4.0,46.6519982662,46.6519982662,0.47730643754967245
Customer behavior analysis,Data Analyst,3951d86b,Data Scientist,3.75,1,78,DATA SCIENTIST,3 tahun 1 bulan,JUNIOR,37,55.4426062092,95.0,100.0,4.279280813,1.0,70.17243405,70.17243405,0.0,38.95389004650001,38.95389004650001,0.23483636053243423
Customer behavior analysis,Data Analyst,39c4596a,Data Scientist,3.75,0,42,DATA SCIENTIST,3 tahun 5 bulan,JUNIOR,41,60.7098506071,80.0,97.91666667,4.694561364,1.0,64.25018915,64.25018915,0.0,35.815100249500006,35.815100249500006,0.13597277195986784
Customer behavior analysis,Data Analyst,3cac7e99,Data Scientist,4.5,0,88,DATA SCIENTIST,10 tahun 2 bulan,SENIOR,122,88.3660831,98.0,34.22459893,51.7318368,1.0,87.21080158,87.21080158,0.0,48.3367248374,48.3367248374,0.5303708749170871
Customer behavior analysis,Data Analyst,42e7a026,Data Analyst,3.5,0,64,DATA ANALYST,2 tahun 6 bulan,JUNIOR,30,73.5210696779,89.0,99.21875,4.472503523,1.0,72.45268383,72.45268383,2.0,40.044922429900005,48.053906915880006,0.5214628573554062
Customer behavior analysis,Data Analyst,46fd6e1c,Data Analyst,3.0,2,5,DATA SCIENTIST,1 tahun 2 bulan,JUNIOR,14,67.4580357142,90.0,100.0,11.7055718,1.0,72.32438573,72.32438573,0.0,39.7419244369,47.69030932428,0.5100104935379005
Customer behavior analysis,Data Analyst,47d42365,Data Engineer,2.5,3,53,DATA ENGINEER,4 tahun 4 bulan,JUNIOR,52,71.9768703312,91.5,97.82986111,3.794124597,1.2,87.64556985,87.64556985,3.0,47.6271520205,47.6271520205,0.5080212052771108
Customer behavior analysis,Data Analyst,4cba2f2d,Artificial Intelligence Engineer,2.75,0,36,AI ENGINEER,1 tahun 7 bulan,JUNIOR,19,66.0502450979,95.0,100.0,5.817498712,1.2,84.80862745,84.80862745,5.0,46.2410725485,46.2410725485,0.4643633627609724
Customer behavior analysis,Data Analyst,4d57b04b,Data Scientist,3.0,0,20,DATA SCIENTIST,3 tahun 11 bulan,MIDDLE,47,60.9976657327,96.5,91.31944444,1.268481508,1.1,78.63807432,78.63807432,0.0,43.0881793896,43.0881793896,0.36505555553773245
Customer behavior analysis,Data Analyst,516J6855,Data Scientist,3.5,0,46,DATA SCIENTIST,2 tahun 5 bulan,JUNIOR,29,54.7360673438,80.0,96.96180556,11.10881594,1.0,63.41641108,63.41641108,1.0,35.255697872400006,35.255697872400006,0.11835307455006071
Customer behavior analysis,Data Analyst,528f3560,Data Analyst,2.25,2,55,DATA SCIENTIST,7 tahun 0 bulan,SENIOR,84,32.3536327033,90.0,94.11764706,44.61622935,1.0,64.269703,64.269703,0.0,35.12044259,42.144531108,0.33533312698948153
Customer behavior analysis,Data Analyst,528f3560,Data Analyst,2.25,2,55,DATA SCIENTIST,7 tahun 0 bulan,SENIOR,84,32.3536327033,90.0,94.11764706,44.61622935,1.0,64.269703,64.269703,0.0,35.12044259,42.144531108,0.33533312698948153
Customer behavior analysis,Data Analyst,5312eea4,Data Analyst,2.75,3,84,DATA ANALYST,2 tahun 2 bulan,MIDDLE,26,49.7969187675,86.0,92.79513889,46.9198146,1.0,70.0469465,70.0469465,2.0,38.417381645,46.100857974,0.45994697399276163
Customer behavior analysis,Data Analyst,544a3d1a,Data Scientist,3.5,0,62,DATA SCIENTIST,4 tahun 2 bulan,MIDDLE,50,59.509354575,90.5,100.0,7.234474611,1.0,69.58669591,69.58669591,15.0,38.52594883230001,38.52594883230001,0.22135734254456194
Customer behavior analysis,Data Analyst,54b0fc4f,Data Analyst,4.25,1,89,DATA ANALYST,2 tahun 2 bulan,MIDDLE,26,71.3084967321,88.5,98.61111111,6.180876807,1.0,71.78045298,71.78045298,3.0,40.04114007940001,48.04936809528001,0.5213198964942387
Customer behavior analysis,Data Analyst,557e30ab,Data Analyst,2.75,2,29,DATA ANALYST,3 tahun 5 bulan,MIDDLE,41,53.7861081933,85.0,100.0,4.549017204,1.0,64.81437318,64.81437318,2.0,35.6441177854,42.772941342479996,0.3551263896462545
Customer behavior analysis,Data Analyst,55b2e646,Data Scientist,4.0,1,57,AI ENGINEER,3 tahun 0 bulan,JUNIOR,36,50.15589986,90.0,100.0,0.871158899,1.3,85.36316737,85.36316737,0.0,47.122478706100004,47.122478706100004,0.49212532879437143
Customer behavior analysis,Data Analyst,57635c17,Data Analyst,2.0,2,12,DATA ANALYST,3 tahun 3 bulan,MIDDLE,39,67.5095967558,90.0,99.21875,6.039999292,1.0,71.43352597,71.43352597,4.0,38.7997687641,46.55972251692,0.47439999516198433
Customer behavior analysis,Data Analyst,57ecf7ad,Data Analyst,1.5,2,27,MGT,5 tahun 1 bulan,-,61,3.4722222221,90.0,77.54010695,4.326516624,1.0,48.19519238,48.19519238,0.0,26.2484519614,31.49814235368,0.0
Customer behavior analysis,Data Analyst,5b749bf9,Data Engineer,1.0,3,101,DATA ENGINEER,2 tahun 3 bulan,BASIC,27,34.81372549,90.0,86.63101604,10.06283501,1.2,70.83787239,70.83787239,3.0,38.0140723667,38.0140723667,0.2052345858236668
Customer behavior analysis,Data Analyst,5d16d190,Data Scientist,4.25,0,99,DATA SCIENTIST,3 tahun 1 bulan,JUNIOR,37,62.2739437442,90.0,97.74305556,28.26078997,1.0,73.16053928,73.16053928,5.0,40.7725858184,40.7725858184,0.2921204738883651
Customer behavior analysis,Data Analyst,5dc773ce,Artificial Intelligence Engineer,2.25,0,35,DATA SCIENTIST,4 tahun 4 bulan,MIDDLE,52,72.0571603642,91.0,95.57291667,5.121161842,1.1,80.15052819,80.15052819,0.0,43.5372799407,43.5372799407,0.3792010367528491
Customer behavior analysis,Data Analyst,6131e4d7,Data Engineer,2.75,1,38,DATA ENGINEER,2 tahun 3 bulan,MIDDLE,27,58.5518732492,93.5,99.30555556,10.46636816,1.2,85.46875202,85.46875202,0.0,46.590938570599995,46.590938570599995,0.4753832184064425
Customer behavior analysis,Data Analyst,64S57577,Data Scientist,4.5,1,40,DATA SCIENTIST,3 tahun 9 bulan,MIDDLE,45,73.6180643087,84.5,89.32291667,3.982774045,1.0,69.5311892,69.5311892,9.0,38.96653027600001,38.96653027600001,0.23523449437686855
Customer behavior analysis,Data Analyst,65054asd,Data Analyst,2.5,2,10,DATA ANALYST,3 tahun 4 bulan,JUNIOR,40,70.5590744629,99.0,0.0,4.917061944,1.0,73.99273476,73.99273476,2.0,40.3911494228,48.46937930735999,0.5345491403597019
Customer behavior analysis,Data Analyst,66d21701,Data Analyst,4.0,0,33,DATA ANALYST,4 tahun 3 bulan,JUNIOR,51,63.8499212188,81.5,83.07291667,3.823402466,1.0,64.77440963,64.77440963,0.0,36.2104371039,43.452524524679994,0.37653146500047896
Customer behavior analysis,Data Analyst,6de6b041,Data Scientist,2.75,3,16,DATA SCIENTIST,4 tahun 0 bulan,MIDDLE,48,59.6452497667,90.0,100.0,7.186353322,1.1,76.3103827,76.3103827,7.0,41.737002831000005,41.737002831000005,0.3224970626096614
Customer behavior analysis,Data Analyst,6e0778a1,Data Scientist,4.0,0,92,DATA SCIENTIST,3 tahun 1 bulan,JUNIOR,37,54.5927141687,70.0,97.91666667,4.665283496,1.0,57.55075558,57.55075558,2.0,32.3819004574,32.3819004574,0.027836046124322757
Customer behavior analysis,Data Analyst,6fb8c1a0,Data Scientist,3.0,3,75,DATA SCIENTIST,3 tahun 0 bulan,BASIC,36,61.1916404063,98.0,0.0,3.823402466,1.0,70.34689224,70.34689224,0.0,38.6938528872,38.6938528872,0.22664587681314025
Customer behavior analysis,Data Analyst,7176fcb0,Data Engineer,2.75,3,104,DATA ENGINEER,7 tahun 0 bulan,SENIOR,84,75.0633578433,80.0,33.82352941,7.122781583,1.2,79.20577781,79.20577781,10.0,43.271562239299996,43.271562239299996,0.3708316309606019
Customer behavior analysis,Data Analyst,77571f19,Data Analyst,1.5,2,54,DATA ANALYST,3 tahun 1 bulan,JUNIOR,37,77.8103933242,100.0,100.0,5.536442394,1.0,79.32087607,79.32087607,0.0,42.745064317099995,51.29407718051999,0.6235196628970202
Customer behavior analysis,Data Analyst,7L762383,Data Analyst,4.0,0,59,DATA ANALYST,1 tahun 10 bulan,MIDDLE,22,63.2588118579,88.5,94.96527778,2.554920958,1.0,68.65055253,68.65055253,0.0,38.2647928409,45.91775140908,0.45417960081075076
Customer behavior analysis,Data Analyst,7b6d04c9,Data Analyst,3.0,3,2,DATA ANALYST,4 tahun 5 bulan,MIDDLE,53,73.2388159429,86.0,100.0,4.742239915,1.0,70.9884555,70.9884555,4.0,39.033881414999996,46.840657697999994,0.48324871137241626
Customer behavior analysis,Data Analyst,7ba9df08,Data Analyst,5.0,0,25,DATA ANALYST,3 tahun 1 bulan,MIDDLE,37,56.631039916,92.5,96.35416667,0.0,1.2,82.079429,82.079429,0.0,45.85209737,55.022516844,0.7409556649065314
Customer behavior analysis,Data Analyst,7d317bd2,Data Scientist,1.5,2,90,DATA ANALYST,4 tahun 4 bulan,JUNIOR,52,63.7458566762,86.5,86.37152778,3.794124597,1.0,67.4194445,67.4194445,6.0,36.437305585,36.437305585,0.15557059668687576
Customer behavior analysis,Data Analyst,7dc30989,Data Scientist,3.25,1,73,DATA SCIENTIST,3 tahun 4 bulan,JUNIOR,40,92.1873832863,90.0,0.0,8.045322081,1.0,76.69106422,76.69106422,4.0,42.173764036600005,42.173764036600005,0.33625388703166215
Customer behavior analysis,Data Analyst,7fe7bd2c,Data Scientist,3.75,0,65,DATA SCIENTIST,2 tahun 2 bulan,JUNIOR,26,39.5228291321,89.5,99.30555556,6.121971713,1.0,63.07245784,63.07245784,5.0,35.190902655200006,35.190902655200006,0.11631219634252558
Customer behavior analysis,Data Analyst,8126543f,Data Scientist,3.25,0,85,DATA SCIENTIST,3 tahun 1 bulan,JUNIOR,37,63.1813433708,90.0,99.30555556,6.700326893,1.0,70.28096361,70.28096361,0.0,38.776410713299995,38.776410713299995,0.2292462302872073
Customer behavior analysis,Data Analyst,8387045b,Data Scientist,3.5,1,69,DATA SCIENTIST,4 tahun 4 bulan,MIDDLE,52,85.768554505,94.0,98.61111111,53.90204421,1.2,99.0,99.0,10.0,54.11500000000001,54.11500000000001,0.7123712812139241
Customer behavior analysis,Data Analyst,859bd42e,Data Scientist,3.5,0,95,DATA SCIENTIST,3 tahun 5 bulan,JUNIOR,41,91.9510387488,95.0,100.0,9.232623263,1.0,81.52852324,81.52852324,1.0,44.855117317200005,44.855117317200005,0.4207094334987451
Customer behavior analysis,Data Analyst,85e8c8f1,Data Scientist,4.25,0,105,DATA SCIENTIST,2 tahun 9 bulan,JUNIOR,33,86.9119456117,93.0,100.0,3.409887033,1.1,86.02380765,86.02380765,0.0,47.5901180545,47.5901180545,0.5068547331605857
Customer behavior analysis,Data Analyst,8K760816,Data Analyst,4.0,0,15,DATA ANALYST,2 tahun 8 bulan,MIDDLE,32,52.4918446546,98.5,100.0,3.455357726,1.0,70.91183125,70.91183125,8.0,39.46327056250001,47.355924675000004,0.4994782602475425
Customer behavior analysis,Data Analyst,9ab9d681,Data Scientist,4.0,1,18,DATA SCIENTIST,3 tahun 0 bulan,MIDDLE,36,31.3339898458,92.0,100.0,52.63227356,1.0,68.97507879,68.97507879,3.0,38.436791758700004,38.436791758700004,0.2185491302038854
Customer behavior analysis,Data Analyst,a016ffe0,Data Scientist,4.0,1,26,DATA SCIENTIST,3 tahun 1 bulan,MIDDLE,37,82.0345763308,64.0,34.49197861,6.239432544,1.2,71.75887324,71.75887324,3.0,39.912202817200004,39.912202817200004,0.2650206817561344
Customer behavior analysis,Data Analyst,a20ce132,Data Analyst,4.75,1,22,DATA ANALYST,2 tahun 9 bulan,MIDDLE,33,84.2864145654,95.0,98.61111111,10.2440888,1.2,95.23244671,95.23244671,0.0,52.70569675630001,63.24683610756001,1.0
Customer behavior analysis,Data Analyst,a77b4e68,Data Scientist,2.5,2,80,MGT,2 tahun 5 bulan,-,29,80.6774626521,90.0,100.0,29.57650728,1.0,78.85832029,78.85832029,0.0,42.969909753699994,42.969909753699994,0.36133037437541915
Customer behavior analysis,Data Analyst,a9fcd0c5,Data Analyst,2.75,2,23,DATA ANALYST,2 tahun 1 bulan,MIDDLE,25,86.9994864617,91.5,100.0,7.075545771,1.1,85.847875,85.847875,9.0,46.79187375,56.1502485,0.776476233555507
Customer behavior analysis,Data Analyst,ae73e946,Data Analyst,1.5,2,72,DATA SCIENTIST,3 tahun 5 bulan,JUNIOR,41,83.7572654062,85.0,97.91666667,10.90515878,1.0,74.34235311,74.34235311,7.0,40.106447148300006,48.12773657796001,0.5237882967152847
Customer behavior analysis,Data Analyst,afb96c1d,Data Analyst,3.75,0,19,DATA ANALYST,2 tahun 8 bulan,JUNIOR,32,77.4700746967,84.5,100.0,6.630101873,1.0,71.7649257,71.7649257,2.0,39.79791062100001,47.757492745200004,0.5121265938549976
Customer behavior analysis,Data Analyst,aff5a1f7,Data Engineer,3.75,3,96,DATA ENGINEER,2 tahun 7 bulan,JUNIOR,31,69.9306139125,90.0,98.61111111,7.174163182,1.2,86.72069722,86.72069722,0.0,47.72446952660001,47.72446952660001,0.5110864496885638
Customer behavior analysis,Data Analyst,b0519d51,Data Scientist,3.0,0,43,DATA SCIENTIST,4 tahun 1 bulan,JUNIOR,49,66.8638392858,92.0,99.30555556,4.723839233,1.1,79.24054742,79.24054742,0.0,43.407490132599996,43.407490132599996,0.37511300059280567
Customer behavior analysis,Data Analyst,b7ddf289,Artificial Intelligence Engineer,3.0,1,44,DATA SCIENTIST,1 tahun 2 bulan,JUNIOR,14,78.282819795,95.0,100.0,11.82325385,1.0,77.94660283,77.94660283,9.0,42.7216994999,42.7216994999,0.35351240694267516
Customer behavior analysis,Data Analyst,be2d891b,Data Scientist,3.0,1,14,AI ENGINEER,2 tahun 3 bulan,JUNIOR,27,70.2197654063,95.0,0.0,0.33375087,1.3,92.33751534,92.33751534,3.0,50.348883130199994,50.348883130199994,0.5937485467167053
Customer behavior analysis,Data Analyst,beb45f59,Data Analyst,3.25,2,68,DATA ANALYST,3 tahun 4 bulan,MIDDLE,40,86.1330823996,80.0,98.61111111,6.436879162,1.0,71.94756403,71.94756403,2.0,39.6597089359,47.59165072308,0.5069030081728391
Customer behavior analysis,Data Analyst,c0b0190c,Data Analyst,3.75,1,17,DATA SCIENTIST,6 tahun 5 bulan,MIDDLE,77,29.2835988563,84.0,22.19251337,4.068139436,1.0,53.16264673,53.16264673,29.0,29.9387027669,35.92644332028,0.13947978461503852
Customer behavior analysis,Data Analyst,c13b7f6c,Data Analyst,2.75,2,34,DATA ANALYST,3 tahun 1 bulan,MIDDLE,37,87.4991246496,90.0,100.0,12.60600857,1.0,78.2842696,78.2842696,8.0,42.783162888,51.3397954656,0.6249596681279258
Customer behavior analysis,Data Analyst,c4acf473,Data Analyst,3.0,3,107,DATA ANALYST,2 tahun 9 bulan,JUNIOR,33,79.9589169,86.5,93.31597222,0.0,1.0,72.02498398,72.02498398,0.0,39.5832415094,47.49988981127999,0.5040127818060048
Customer behavior analysis,Data Analyst,c5c364b3,Data Analyst,3.0,0,60,DATA ANALYST,1 tahun 1 bulan,JUNIOR,13,40.932846055,100.0,16.57754011,1.742317797,1.0,64.65542017,64.65542017,0.0,35.6773726901,42.81284722812,0.3563833196462525
Customer behavior analysis,Data Analyst,c615b19e,Data Engineer,3.0,3,63,DATA SCIENTIST,4 tahun 4 bulan,JUNIOR,52,71.0338060221,88.0,96.52777778,3.953496176,1.0,70.97960925,70.97960925,9.0,39.02919290249999,39.02919290249999,0.23720820160985756
Customer behavior analysis,Data Analyst,ccc8525a,Data Scientist,3.75,1,47,DATA SCIENTIST,1 tahun 0 bulan,BASIC,12,75.7084500467,90.0,0.0,0.0,1.0,70.11863666,70.11863666,16.0,38.92537742980001,38.92537742980001,0.23393828841264774
Customer behavior analysis,Data Analyst,cdb6bf28,Artificial Intelligence Engineer,4.5,1,6,AI ENGINEER,7 tahun 1 bulan,MIDDLE,85,81.6822187204,91.0,0.0,3.667866596,1.3,95.09100733,95.09100733,14.0,52.5132338849,52.5132338849,0.6619198791021678
Customer behavior analysis,Data Analyst,cf9338b5,Data Scientist,2.75,0,74,DATA SCIENTIST,1 tahun 0 bulan,BASIC,12,82.0043154762,90.0,35.29411765,3.321482848,1.0,72.67275856,72.67275856,8.0,39.8090620368,39.8090620368,0.2617720195844065
Customer behavior analysis,Data Analyst,d08b974d,Data Analyst,3.0,0,86,DATA ANALYST,2 tahun 9 bulan,MIDDLE,33,58.8772058825,93.5,97.91666667,0.871158899,1.0,69.7799626,69.7799626,0.0,38.393380178,46.0720562136,0.45903979461009864
Customer behavior analysis,Data Analyst,d8c9672c,Data Analyst,4.0,1,82,DATA ANALYST,2 tahun 4 bulan,MIDDLE,28,73.7417775442,90.5,95.05208333,9.595209262,1.0,73.7469197,73.7469197,0.0,40.96586744100001,49.15904092920001,0.5562716599438574
Customer behavior analysis,Data Analyst,ecc200ca,Data Engineer,2.75,3,56,DATA ENGINEER,1 tahun 9 bulan,MIDDLE,21,71.0850840338,89.0,99.30555556,5.758942974,1.2,86.333236,86.333236,2.0,47.04911508,47.04911508,0.48981456833698916
Customer behavior analysis,Data Analyst,eed0f189,Data Analyst,2.5,3,45,DATA ANALYST,2 tahun 10 bulan,MIDDLE,34,69.240079365,96.0,70.49910873,48.01347408,1.0,79.53001534,79.53001534,4.0,43.325908130200006,51.99108975624001,0.6454737181133812
Customer behavior analysis,Data Analyst,f007ee36,Artificial Intelligence Engineer,3.25,0,70,AI ENGINEER,2 tahun 0 bulan,MIDDLE,24,40.1500350142,90.0,99.30555556,2.332863117,1.3,81.80872206,81.80872206,2.0,44.8861226918,44.8861226918,0.4216860209086194
Customer behavior analysis,Data Analyst,f2f08a05,Data Engineer,1.25,3,94,DATA ENGINEER,2 tahun 5 bulan,JUNIOR,29,59.4675711954,87.0,99.30555556,7.027424482,1.2,81.33092925,81.33092925,1.0,43.6928925025,43.6928925025,0.3841024214525261
Customer behavior analysis,Data Analyst,f6f88029,Data Analyst,1.5,2,100,MGT,4 tahun 3 bulan,-,51,4.3391106446,90.0,78.20855615,6.010278684,1.0,48.76020407,48.76020407,0.0,26.5479081571,31.85748978852,0.011318495104891812
Customer behavior analysis,Data Analyst,fbc7621c,Data Scientist,2.5,0,93,DATA SCIENTIST,8 tahun 6 bulan,MIDDLE,102,58.3732609713,75.0,100.0,12.17940809,1.0,62.37965806,62.37965806,0.0,34.2362187718,34.2362187718,0.08624217548431826
Customer behavior analysis,Data Analyst,ff56a859,Data Scientist,4.5,0,97,DATA SCIENTIST,4 tahun 3 bulan,JUNIOR,51,71.9907037817,89.5,95.83333333,11.98196147,1.0,73.15820762,73.15820762,3.0,40.888850038600005,40.888850038600005,0.2957824897527435
"Data extraction, transformation, and visualization",Data Analyst,006bac9a,Data Analyst,3.032258064516129,3,7,DATA ANALYST,2 tahun 5 bulan,JUNIOR,29,24.3446545288,90.0,100.0,10.68886874,1.0,59.64183706,59.64183706,2.0,33.03533493212258,39.642401918547094,0.2652149448722569
"Data extraction, transformation, and visualization",Data Analyst,00c74be4,Data Scientist,2.6451612903225805,3,106,DATA SCIENTIST,5 tahun 10 bulan,MIDDLE,70,65.8296276846,90.0,70.58823529,2.714292537,1.0,67.48966658,67.48966658,9.0,37.01274909385162,37.01274909385162,0.18244711371705966
"Data extraction, transformation, and visualization",Data Analyst,01c8c0ef,Data Scientist,3.7419354838709675,1,67,DATA SCIENTIST,2 tahun 2 bulan,SENIOR,26,77.0315563725,92.0,96.35416667,6.32783673,1.1,82.53917202,82.53917202,3.0,45.50447084801935,45.50447084801935,0.4497224687621736
"Data extraction, transformation, and visualization",Data Analyst,01d1846b,Data Analyst,2.870967741935484,0,77,DATA ANALYST,4 tahun 3 bulan,JUNIOR,51,76.130287115,84.0,91.92708333,7.89858338,1.0,70.77981892,70.77981892,2.0,38.86265886630968,46.63519063957161,0.4853116628611608
"Data extraction, transformation, and visualization",Data Analyst,03ad7f49,Data Scientist,2.2903225806451615,2,91,DATA SCIENTIST,3 tahun 4 bulan,JUNIOR,40,75.1958741829,90.0,0.0,4.519739335,1.0,70.74391915,70.74391915,2.0,38.57072876240323,38.57072876240323,0.2314842325864841
"Data extraction, transformation, and visualization",Data Analyst,0514ff91,Data Scientist,2.838709677419355,0,37,DATA SCIENTIST,3 tahun 4 bulan,MIDDLE,40,75.6379551821,90.0,100.0,11.44256681,1.0,74.661971,74.661971,4.0,40.905038178387095,40.905038178387095,0.3049561851544105
"Data extraction, transformation, and visualization",Data Analyst,056cd3f9,Data Engineer,3.6129032258064515,3,48,DATA ENGINEER,7 tahun 7 bulan,SENIOR,91,80.4681314192,90.0,34.22459893,5.168397654,1.3,94.26532683,94.26532683,0.0,51.65868773602904,51.65868773602904,0.6434252950423827
"Data extraction, transformation, and visualization",Data Analyst,05eed8dc,Data Engineer,3.193548387096774,3,49,DATA ENGINEER,2 tahun 5 bulan,MIDDLE,29,62.7957662233,95.0,99.21875,8.595362988,1.2,87.48866032,87.48866032,8.0,47.869957711535484,47.869957711535484,0.5241757256638763
"Data extraction, transformation, and visualization",Data Analyst,106760ca,Data Engineer,4.903225806451613,1,21,DATA ENGINEER,1 tahun 11 bulan,MIDDLE,23,71.4513888888,91.25,100.0,8.016044212,1.2,88.25251765,88.25251765,3.0,49.07835048353226,49.07835048353226,0.5622096623046844
"Data extraction, transformation, and visualization",Data Analyst,123117c9,Data Analyst,1.935483870967742,2,32,DATA ANALYST,4 tahun 2 bulan,MIDDLE,50,70.4449813258,95.0,100.0,3.648580437,1.0,74.43733436,74.43733436,2.0,40.361464630154835,48.4337575561858,0.5419212203957703
"Data extraction, transformation, and visualization",Data Analyst,14d4dbd6,Data Analyst,2.032258064516129,2,108,DATA ANALYST,4 tahun 2 bulan,JUNIOR,50,79.6974498133,80.5,98.4375,3.111615146,1.0,69.81056917,69.81056917,9.0,37.95476295042258,45.54571554050709,0.45102063774927875
"Data extraction, transformation, and visualization",Data Analyst,1551c5ff,Data Analyst,2.2580645161290325,2,66,DATA ANALYST,2 tahun 5 bulan,JUNIOR,29,79.0374358075,90.0,100.0,15.2788331,1.0,76.22782609,76.22782609,2.0,41.46203815028065,49.75444578033677,0.5834896354042585
"Data extraction, transformation, and visualization",Data Analyst,1667415a,Data Analyst,3.129032258064516,0,50,DATA ANALYST,4 tahun 1 bulan,JUNIOR,49,73.4773576096,90.0,100.0,10.26693491,1.0,73.85696587,73.85696587,1.0,40.61483707239032,48.737804486868384,0.5514910407103231
"Data extraction, transformation, and visualization",Data Analyst,1672e04a,Data Analyst,3.5806451612903225,3,41,DATA ANALYST,4 tahun 3 bulan,JUNIOR,51,69.8277310925,86.0,100.0,7.456011595,1.0,70.40596081,70.40596081,4.0,38.99806245510645,46.797674946127735,0.4904258260404633
"Data extraction, transformation, and visualization",Data Analyst,17466c54,Data Analyst,2.2903225806451615,2,11,DATA ANALYST,3 tahun 1 bulan,JUNIOR,37,49.8728816529,90.0,100.0,7.676082801,1.0,66.60685575,66.60685575,0.0,36.378085160403224,43.65370219248387,0.39146987125191807
"Data extraction, transformation, and visualization",Data Analyst,1893af41,Data Analyst,2.2903225806451615,2,103,DATA SCIENTIST,1 tahun 1 bulan,JUNIOR,13,37.5269607842,98.0,29.01069519,0.0,1.0,62.25313576,62.25313576,3.0,34.070613565703226,40.88473627884387,0.3043171866608667
"Data extraction, transformation, and visualization",Data Analyst,1dbecdbe,Data Scientist,2.4193548387096775,0,4,DATA SCIENTIST,2 tahun 3 bulan,JUNIOR,27,85.3527602713,90.0,99.30555556,6.414697312,1.0,76.68127695,76.68127695,5.0,41.77817355769355,41.77817355769355,0.3324379580224447
"Data extraction, transformation, and visualization",Data Analyst,29e9efd9,Data Engineer,3.6451612903225805,3,61,DATA ENGINEER,3 tahun 1 bulan,MIDDLE,37,72.8804563492,94.0,99.30555556,9.72908414,1.2,90.62742563,90.62742563,0.0,49.74576139035162,49.74576139035162,0.5832162958526542
"Data extraction, transformation, and visualization",Data Analyst,2d801262,Data Analyst,3.2580645161290325,0,9,DATA ANALYST,2 tahun 10 bulan,MIDDLE,34,80.3460259104,90.0,95.74652778,10.27336667,1.1,83.12594823,83.12594823,9.0,45.58804288448065,54.70565146137678,0.739327908797032
"Data extraction, transformation, and visualization",Data Analyst,31e8a51f,Data Scientist,2.4838709677419355,0,98,DATA SCIENTIST,2 tahun 9 bulan,JUNIOR,33,52.8933765175,90.0,65.10695187,6.407601293,1.0,64.07121964,64.07121964,0.0,35.125165764038705,35.125165764038705,0.12303578121486435
"Data extraction, transformation, and visualization",Data Analyst,3350383a,Artificial Intelligence Engineer,4.32258064516129,1,30,AI ENGINEER,3 tahun 9 bulan,MIDDLE,45,54.1797239725,95.5,96.44097222,11.49637749,1.3,92.17002068,92.17002068,0.0,50.88172386362581,50.88172386362581,0.6189705023789421
"Data extraction, transformation, and visualization",Data Analyst,365fc87a,Data Analyst,2.6451612903225805,0,110,DATA ANALYST,2 tahun 5 bulan,BASIC,29,80.8585434175,90.0,8.155080214,6.607477284,1.0,72.88466719,72.88466719,3.0,39.87209941715162,47.84651930058194,0.5234380060599305
"Data extraction, transformation, and visualization",Data Analyst,36cf70f2,Artificial Intelligence Engineer,3.5806451612903225,1,58,AI ENGINEER,2 tahun 5 bulan,MIDDLE,29,43.5532358775,89.5,100.0,11.83988942,1.3,84.69716654,84.69716654,4.0,46.57240149200645,46.57240149200645,0.48333538617731603
"Data extraction, transformation, and visualization",Data Analyst,3951d86b,Data Scientist,4.419354838709677,1,78,DATA SCIENTIST,3 tahun 1 bulan,JUNIOR,37,55.4426062092,95.0,100.0,4.279280813,1.0,70.17243405,70.17243405,0.0,39.26848682069355,39.26848682069355,0.25344603705488944
"Data extraction, transformation, and visualization",Data Analyst,39c4596a,Data Scientist,2.935483870967742,0,42,DATA SCIENTIST,3 tahun 5 bulan,JUNIOR,41,60.7098506071,80.0,97.91666667,4.694561364,1.0,64.25018915,64.25018915,0.0,35.432277668854844,35.432277668854844,0.1327020710174039
"Data extraction, transformation, and visualization",Data Analyst,3cac7e99,Data Scientist,2.774193548387097,0,88,DATA SCIENTIST,10 tahun 2 bulan,SENIOR,122,88.3660831,98.0,34.22459893,51.7318368,1.0,87.21080158,87.21080158,0.0,47.52559580514193,47.52559580514193,0.513336999023996
"Data extraction, transformation, and visualization",Data Analyst,42e7a026,Data Analyst,3.193548387096774,0,64,DATA ANALYST,2 tahun 6 bulan,JUNIOR,30,73.5210696779,89.0,99.21875,4.472503523,1.0,72.45268383,72.45268383,2.0,39.900890171835485,47.88106820620258,0.5245254264068872
"Data extraction, transformation, and visualization",Data Analyst,46fd6e1c,Data Analyst,2.3225806451612905,2,5,DATA SCIENTIST,1 tahun 2 bulan,JUNIOR,14,67.4580357142,90.0,100.0,11.7055718,1.0,72.32438573,72.32438573,0.0,39.42353734012581,47.308244808150974,0.5064959170182582
"Data extraction, transformation, and visualization",Data Analyst,47d42365,Data Engineer,3.838709677419355,3,53,DATA ENGINEER,4 tahun 4 bulan,JUNIOR,52,71.9768703312,91.5,97.82986111,3.794124597,1.2,87.64556985,87.64556985,3.0,48.2563455688871,48.2563455688871,0.536337211255192
"Data extraction, transformation, and visualization",Data Analyst,4cba2f2d,Artificial Intelligence Engineer,2.5806451612903225,0,36,AI ENGINEER,1 tahun 7 bulan,JUNIOR,19,66.0502450979,95.0,100.0,5.817498712,1.2,84.80862745,84.80862745,5.0,46.16147577430645,46.16147577430645,0.4704015760178475
"Data extraction, transformation, and visualization",Data Analyst,4d57b04b,Data Scientist,2.7096774193548385,0,20,DATA SCIENTIST,3 tahun 11 bulan,MIDDLE,47,60.9976657327,96.5,91.31944444,1.268481508,1.1,78.63807432,78.63807432,0.0,42.95172777669678,42.95172777669678,0.3693753577193712
"Data extraction, transformation, and visualization",Data Analyst,516J6855,Data Scientist,2.5806451612903225,0,46,DATA SCIENTIST,2 tahun 5 bulan,JUNIOR,29,54.7360673438,80.0,96.96180556,11.10881594,1.0,63.41641108,63.41641108,1.0,34.82360109820645,34.82360109820645,0.11354408972252152
"Data extraction, transformation, and visualization",Data Analyst,528f3560,Data Analyst,1.935483870967742,2,55,DATA SCIENTIST,7 tahun 0 bulan,SENIOR,84,32.3536327033,90.0,94.11764706,44.61622935,1.0,64.269703,64.269703,0.0,34.97262000935484,41.967144011225805,0.33838576772735895
"Data extraction, transformation, and visualization",Data Analyst,528f3560,Data Analyst,1.935483870967742,2,55,DATA SCIENTIST,7 tahun 0 bulan,SENIOR,84,32.3536327033,90.0,94.11764706,44.61622935,1.0,64.269703,64.269703,0.0,34.97262000935484,41.967144011225805,0.33838576772735895
"Data extraction, transformation, and visualization",Data Analyst,5312eea4,Data Analyst,2.838709677419355,3,84,DATA ANALYST,2 tahun 2 bulan,MIDDLE,26,49.7969187675,86.0,92.79513889,46.9198146,1.0,70.0469465,70.0469465,2.0,38.4590751933871,46.15089023206452,0.4700683980543009
"Data extraction, transformation, and visualization",Data Analyst,544a3d1a,Data Scientist,2.870967741935484,0,62,DATA SCIENTIST,4 tahun 2 bulan,MIDDLE,50,59.509354575,90.5,100.0,7.234474611,1.0,69.58669591,69.58669591,15.0,38.230303671009686,38.230303671009686,0.22076941646290849
"Data extraction, transformation, and visualization",Data Analyst,54b0fc4f,Data Analyst,3.903225806451613,1,89,DATA ANALYST,2 tahun 2 bulan,MIDDLE,26,71.3084967321,88.5,98.61111111,6.180876807,1.0,71.78045298,71.78045298,3.0,39.878156208432266,47.853787450118716,0.5236667697081282
"Data extraction, transformation, and visualization",Data Analyst,557e30ab,Data Analyst,2.0,2,29,DATA ANALYST,3 tahun 5 bulan,MIDDLE,41,53.7861081933,85.0,100.0,4.549017204,1.0,64.81437318,64.81437318,2.0,35.2916177854,42.34994134248,0.35043424218085506
"Data extraction, transformation, and visualization",Data Analyst,55b2e646,Data Scientist,3.4838709677419355,1,57,AI ENGINEER,3 tahun 0 bulan,JUNIOR,36,50.15589986,90.0,100.0,0.871158899,1.3,85.36316737,85.36316737,0.0,46.879898060938714,46.879898060938714,0.493013783211014
"Data extraction, transformation, and visualization",Data Analyst,57635c17,Data Analyst,1.5806451612903225,2,12,DATA ANALYST,3 tahun 3 bulan,MIDDLE,39,67.5095967558,90.0,99.21875,6.039999292,1.0,71.43352597,71.43352597,4.0,38.602671989906455,46.323206387887744,0.4754920168516381
"Data extraction, transformation, and visualization",Data Analyst,57ecf7ad,Data Analyst,1.0,2,27,MGT,5 tahun 1 bulan,-,61,3.4722222221,90.0,77.54010695,4.326516624,1.0,48.19519238,48.19519238,0.0,26.0134519614,31.21614235368,0.0
"Data extraction, transformation, and visualization",Data Analyst,5b749bf9,Data Engineer,2.935483870967742,3,101,DATA ENGINEER,2 tahun 3 bulan,BASIC,27,34.81372549,90.0,86.63101604,10.06283501,1.2,70.83787239,70.83787239,3.0,38.92374978605484,38.92374978605484,0.24259550332360708
"Data extraction, transformation, and visualization",Data Analyst,5d16d190,Data Scientist,3.064516129032258,0,99,DATA SCIENTIST,3 tahun 1 bulan,JUNIOR,37,62.2739437442,90.0,97.74305556,28.26078997,1.0,73.16053928,73.16053928,5.0,40.21540839904516,40.21540839904516,0.2832502167466686
"Data extraction, transformation, and visualization",Data Analyst,5dc773ce,Artificial Intelligence Engineer,3.4516129032258065,0,35,DATA SCIENTIST,4 tahun 4 bulan,MIDDLE,52,72.0571603642,91.0,95.57291667,5.121161842,1.1,80.15052819,80.15052819,0.0,44.10203800521614,44.10203800521614,0.40558115716029636
"Data extraction, transformation, and visualization",Data Analyst,6131e4d7,Data Engineer,4.483870967741935,1,38,DATA ENGINEER,2 tahun 3 bulan,MIDDLE,27,58.5518732492,93.5,99.30555556,10.46636816,1.2,85.46875202,85.46875202,0.0,47.40585792543871,47.40585792543871,0.5095682716402565
"Data extraction, transformation, and visualization",Data Analyst,64S57577,Data Scientist,3.935483870967742,1,40,DATA SCIENTIST,3 tahun 9 bulan,MIDDLE,45,73.6180643087,84.5,89.32291667,3.982774045,1.0,69.5311892,69.5311892,9.0,38.701207695354846,38.701207695354846,0.23559103261363232
"Data extraction, transformation, and visualization",Data Analyst,65054asd,Data Analyst,2.225806451612903,2,10,DATA ANALYST,3 tahun 4 bulan,JUNIOR,40,70.5590744629,99.0,0.0,4.917061944,1.0,73.99273476,73.99273476,2.0,40.262278455058066,48.314734146069675,0.5381749808087449
"Data extraction, transformation, and visualization",Data Analyst,66d21701,Data Analyst,3.4516129032258065,0,33,DATA ANALYST,4 tahun 3 bulan,JUNIOR,51,63.8499212188,81.5,83.07291667,3.823402466,1.0,64.77440963,64.77440963,0.0,35.95269516841613,43.14323420209935,0.37540298666491123
"Data extraction, transformation, and visualization",Data Analyst,6de6b041,Data Scientist,3.066666666666667,3,16,DATA SCIENTIST,4 tahun 0 bulan,MIDDLE,48,59.6452497667,90.0,100.0,7.186353322,1.1,76.3103827,76.3103827,7.0,41.88583616433334,41.88583616433334,0.335826618443473
"Data extraction, transformation, and visualization",Data Analyst,6e0778a1,Data Scientist,2.935483870967742,0,92,DATA SCIENTIST,3 tahun 1 bulan,JUNIOR,37,54.5927141687,70.0,97.91666667,4.665283496,1.0,57.55075558,57.55075558,2.0,31.88157787675484,31.88157787675484,0.020944458713825408
"Data extraction, transformation, and visualization",Data Analyst,6fb8c1a0,Data Scientist,3.2903225806451615,3,75,DATA SCIENTIST,3 tahun 0 bulan,BASIC,36,61.1916404063,98.0,0.0,3.823402466,1.0,70.34689224,70.34689224,0.0,38.83030450010323,38.83030450010323,0.2396543304139141
"Data extraction, transformation, and visualization",Data Analyst,7176fcb0,Data Engineer,3.5806451612903225,3,104,DATA ENGINEER,7 tahun 0 bulan,SENIOR,84,75.0633578433,80.0,33.82352941,7.122781583,1.2,79.20577781,79.20577781,10.0,43.66196546510645,43.66196546510645,0.39172995621324525
"Data extraction, transformation, and visualization",Data Analyst,77571f19,Data Analyst,1.967741935483871,2,54,DATA ANALYST,3 tahun 1 bulan,JUNIOR,37,77.8103933242,100.0,100.0,5.536442394,1.0,79.32087607,79.32087607,0.0,42.964903026777414,51.55788363213289,0.6402525047133044
"Data extraction, transformation, and visualization",Data Analyst,7L762383,Data Analyst,3.3225806451612905,0,59,DATA ANALYST,1 tahun 10 bulan,MIDDLE,22,63.2588118579,88.5,94.96527778,2.554920958,1.0,68.65055253,68.65055253,0.0,37.946405744125805,45.53568689295096,0.4507049879418801
"Data extraction, transformation, and visualization",Data Analyst,7b6d04c9,Data Analyst,3.129032258064516,3,2,DATA ANALYST,4 tahun 5 bulan,MIDDLE,53,73.2388159429,86.0,100.0,4.742239915,1.0,70.9884555,70.9884555,4.0,39.09452657629032,46.913431891548385,0.49406925426172565
"Data extraction, transformation, and visualization",Data Analyst,7ba9df08,Data Analyst,3.4516129032258065,0,25,DATA ANALYST,3 tahun 1 bulan,MIDDLE,37,56.631039916,92.5,96.35416667,0.0,1.2,82.079429,82.079429,0.0,45.12435543451613,54.14922652141936,0.7218145378119211
"Data extraction, transformation, and visualization",Data Analyst,7d317bd2,Data Scientist,1.2258064516129032,2,90,DATA ANALYST,4 tahun 4 bulan,JUNIOR,52,63.7458566762,86.5,86.37152778,3.794124597,1.0,67.4194445,67.4194445,6.0,36.308434617258065,36.308434617258065,0.16027894720800462
"Data extraction, transformation, and visualization",Data Analyst,7dc30989,Data Scientist,3.3225806451612905,1,73,DATA SCIENTIST,3 tahun 4 bulan,JUNIOR,40,92.1873832863,90.0,0.0,8.045322081,1.0,76.69106422,76.69106422,4.0,42.20787693982581,42.20787693982581,0.34596279166023064
"Data extraction, transformation, and visualization",Data Analyst,7fe7bd2c,Data Scientist,2.903225806451613,0,65,DATA SCIENTIST,2 tahun 2 bulan,JUNIOR,26,39.5228291321,89.5,99.30555556,6.121971713,1.0,63.07245784,63.07245784,5.0,34.79291878423226,34.79291878423226,0.1125783696249415
"Data extraction, transformation, and visualization",Data Analyst,8126543f,Data Scientist,2.6451612903225805,0,85,DATA SCIENTIST,3 tahun 1 bulan,JUNIOR,37,63.1813433708,90.0,99.30555556,6.700326893,1.0,70.28096361,70.28096361,0.0,38.49213651975161,38.49213651975161,0.22901055643851173
"Data extraction, transformation, and visualization",Data Analyst,8387045b,Data Scientist,3.838709677419355,1,69,DATA SCIENTIST,4 tahun 4 bulan,MIDDLE,52,85.768554505,94.0,98.61111111,53.90204421,1.2,99.0,99.0,10.0,54.2741935483871,54.2741935483871,0.725747851628444
"Data extraction, transformation, and visualization",Data Analyst,859bd42e,Data Scientist,3.161290322580645,0,95,DATA SCIENTIST,3 tahun 5 bulan,JUNIOR,41,91.9510387488,95.0,100.0,9.232623263,1.0,81.52852324,81.52852324,1.0,44.695923768812904,44.695923768812904,0.42427360056774305
"Data extraction, transformation, and visualization",Data Analyst,85e8c8f1,Data Scientist,3.4193548387096775,0,105,DATA SCIENTIST,2 tahun 9 bulan,JUNIOR,33,86.9119456117,93.0,100.0,3.409887033,1.1,86.02380765,86.02380765,0.0,47.19971482869355,47.19971482869355,0.5030799561999136
"Data extraction, transformation, and visualization",Data Analyst,8K760816,Data Analyst,2.903225806451613,0,15,DATA ANALYST,2 tahun 8 bulan,MIDDLE,32,52.4918446546,98.5,100.0,3.455357726,1.0,70.91183125,70.91183125,8.0,38.947786691532265,46.73734402983872,0.48852692172657314
"Data extraction, transformation, and visualization",Data Analyst,9ab9d681,Data Scientist,3.6451612903225805,1,18,DATA SCIENTIST,3 tahun 0 bulan,MIDDLE,36,31.3339898458,92.0,100.0,52.63227356,1.0,68.97507879,68.97507879,3.0,38.27001756515161,38.27001756515161,0.22201940385819705
"Data extraction, transformation, and visualization",Data Analyst,a016ffe0,Data Scientist,3.4516129032258065,1,26,DATA SCIENTIST,3 tahun 1 bulan,MIDDLE,37,82.0345763308,64.0,34.49197861,6.239432544,1.2,71.75887324,71.75887324,3.0,39.65446088171613,39.65446088171613,0.26559449848409056
"Data extraction, transformation, and visualization",Data Analyst,a20ce132,Data Analyst,4.290322580645161,1,22,DATA ANALYST,2 tahun 9 bulan,MIDDLE,33,84.2864145654,95.0,98.61111111,10.2440888,1.2,95.23244671,95.23244671,0.0,52.48964836920323,62.987578043043875,1.0
"Data extraction, transformation, and visualization",Data Analyst,a77b4e68,Data Scientist,2.032258064516129,2,80,MGT,2 tahun 5 bulan,-,29,80.6774626521,90.0,100.0,29.57650728,1.0,78.85832029,78.85832029,0.0,42.750071044022576,42.750071044022576,0.3630282497496262
"Data extraction, transformation, and visualization",Data Analyst,a9fcd0c5,Data Analyst,2.3548387096774195,2,23,DATA ANALYST,2 tahun 1 bulan,MIDDLE,25,86.9994864617,91.5,100.0,7.075545771,1.1,85.847875,85.847875,9.0,46.60614794354839,55.92737753225807,0.7777815085281353
"Data extraction, transformation, and visualization",Data Analyst,ae73e946,Data Analyst,1.7741935483870968,2,72,DATA SCIENTIST,3 tahun 5 bulan,JUNIOR,41,83.7572654062,85.0,97.91666667,10.90515878,1.0,74.34235311,74.34235311,7.0,40.235318116041945,48.28238173925033,0.5371566948510167
"Data extraction, transformation, and visualization",Data Analyst,afb96c1d,Data Analyst,2.806451612903226,0,19,DATA ANALYST,2 tahun 8 bulan,JUNIOR,32,77.4700746967,84.5,100.0,6.630101873,1.0,71.7649257,71.7649257,2.0,39.35444287906452,47.22533145487743,0.503886234721109
"Data extraction, transformation, and visualization",Data Analyst,aff5a1f7,Data Engineer,4.258064516129032,3,96,DATA ENGINEER,2 tahun 7 bulan,JUNIOR,31,69.9306139125,90.0,98.61111111,7.174163182,1.2,86.72069722,86.72069722,0.0,47.96325984918065,47.96325984918065,0.5271123930073794
"Data extraction, transformation, and visualization",Data Analyst,b0519d51,Data Scientist,2.7419354838709675,0,43,DATA SCIENTIST,4 tahun 1 bulan,JUNIOR,49,66.8638392858,92.0,99.30555556,4.723839233,1.1,79.24054742,79.24054742,0.0,43.286199810019355,43.286199810019355,0.379902802452835
"Data extraction, transformation, and visualization",Data Analyst,b7ddf289,Artificial Intelligence Engineer,3.3548387096774195,1,44,DATA SCIENTIST,1 tahun 2 bulan,JUNIOR,14,78.282819795,95.0,100.0,11.82325385,1.0,77.94660283,77.94660283,9.0,42.88847369344839,42.88847369344839,0.367384447271797
"Data extraction, transformation, and visualization",Data Analyst,be2d891b,Data Scientist,4.161290322580645,1,14,AI ENGINEER,2 tahun 3 bulan,JUNIOR,27,70.2197654063,95.0,0.0,0.33375087,1.3,92.33751534,92.33751534,3.0,50.8946895818129,50.8946895818129,0.6193785959354895
"Data extraction, transformation, and visualization",Data Analyst,beb45f59,Data Analyst,2.5161290322580645,2,68,DATA ANALYST,3 tahun 4 bulan,MIDDLE,40,86.1330823996,80.0,98.61111111,6.436879162,1.0,71.94756403,71.94756403,2.0,39.314789581061284,47.177747497273536,0.5023885385493299
"Data extraction, transformation, and visualization",Data Analyst,c0b0190c,Data Analyst,4.129032258064516,1,17,DATA SCIENTIST,6 tahun 5 bulan,MIDDLE,77,29.2835988563,84.0,22.19251337,4.068139436,1.0,53.16264673,53.16264673,29.0,30.116847928190325,36.14021751382839,0.1549843453186103
"Data extraction, transformation, and visualization",Data Analyst,c13b7f6c,Data Analyst,1.903225806451613,2,34,DATA ANALYST,3 tahun 1 bulan,MIDDLE,37,87.4991246496,90.0,100.0,12.60600857,1.0,78.2842696,78.2842696,8.0,42.38517901703226,50.86221482043871,0.6183564588910165
"Data extraction, transformation, and visualization",Data Analyst,c4acf473,Data Analyst,3.3870967741935485,3,107,DATA ANALYST,2 tahun 9 bulan,JUNIOR,33,79.9589169,86.5,93.31597222,0.0,1.0,72.02498398,72.02498398,0.0,39.76517699327097,47.718212391925164,0.5193995700914946
"Data extraction, transformation, and visualization",Data Analyst,c5c364b3,Data Analyst,3.161290322580645,0,60,DATA ANALYST,1 tahun 1 bulan,JUNIOR,13,40.932846055,100.0,16.57754011,1.742317797,1.0,64.65542017,64.65542017,0.0,35.753179141712906,42.903814970055485,0.3678673110856041
"Data extraction, transformation, and visualization",Data Analyst,c615b19e,Data Engineer,3.6774193548387095,3,63,DATA SCIENTIST,4 tahun 4 bulan,JUNIOR,52,71.0338060221,88.0,96.52777778,3.953496176,1.0,70.97960925,70.97960925,9.0,39.34757999927419,39.34757999927419,0.2559354800675989
"Data extraction, transformation, and visualization",Data Analyst,ccc8525a,Data Scientist,3.3225806451612905,1,47,DATA SCIENTIST,1 tahun 0 bulan,BASIC,12,75.7084500467,90.0,0.0,0.0,1.0,70.11863666,70.11863666,16.0,38.72449033302581,38.72449033302581,0.23632384928262412
"Data extraction, transformation, and visualization",Data Analyst,cdb6bf28,Artificial Intelligence Engineer,4.032258064516129,1,6,AI ENGINEER,7 tahun 1 bulan,MIDDLE,85,81.6822187204,91.0,0.0,3.667866596,1.3,95.09100733,95.09100733,14.0,52.293395175222585,52.293395175222585,0.6634025930593567
"Data extraction, transformation, and visualization",Data Analyst,cf9338b5,Data Scientist,2.5161290322580645,0,74,DATA SCIENTIST,1 tahun 0 bulan,BASIC,12,82.0043154762,90.0,35.29411765,3.321482848,1.0,72.67275856,72.67275856,8.0,39.69914268196129,39.69914268196129,0.2670008497954389
"Data extraction, transformation, and visualization",Data Analyst,d08b974d,Data Analyst,2.6129032258064515,0,86,DATA ANALYST,2 tahun 9 bulan,MIDDLE,33,58.8772058825,93.5,97.91666667,0.871158899,1.0,69.7799626,69.7799626,0.0,38.211444694129035,45.85373363295484,0.46071544963815
"Data extraction, transformation, and visualization",Data Analyst,d8c9672c,Data Analyst,3.967741935483871,1,82,DATA ANALYST,2 tahun 4 bulan,MIDDLE,28,73.7417775442,90.5,95.05208333,9.595209262,1.0,73.7469197,73.7469197,0.0,40.950706150677426,49.14084738081291,0.5641767404654477
"Data extraction, transformation, and visualization",Data Analyst,ecc200ca,Data Engineer,3.4838709677419355,3,56,DATA ENGINEER,1 tahun 9 bulan,MIDDLE,21,71.0850840338,89.0,99.30555556,5.758942974,1.2,86.333236,86.333236,2.0,47.394034434838716,47.394034434838716,0.5091961294835219
"Data extraction, transformation, and visualization",Data Analyst,eed0f189,Data Analyst,3.064516129032258,3,45,DATA ANALYST,2 tahun 10 bulan,MIDDLE,34,69.240079365,96.0,70.49910873,48.01347408,1.0,79.53001534,79.53001534,4.0,43.59123071084517,52.309476853014196,0.66390876086206
"Data extraction, transformation, and visualization",Data Analyst,f007ee36,Artificial Intelligence Engineer,2.4516129032258065,0,70,AI ENGINEER,2 tahun 0 bulan,MIDDLE,24,40.1500350142,90.0,99.30555556,2.332863117,1.3,81.80872206,81.80872206,2.0,44.510880756316126,44.510880756316126,0.41844940633535194
"Data extraction, transformation, and visualization",Data Analyst,f2f08a05,Data Engineer,2.870967741935484,3,94,DATA ENGINEER,2 tahun 5 bulan,JUNIOR,29,59.4675711954,87.0,99.30555556,7.027424482,1.2,81.33092925,81.33092925,1.0,44.45474734120968,44.45474734120968,0.4166826175866384
"Data extraction, transformation, and visualization",Data Analyst,f6f88029,Data Analyst,1.2580645161290323,2,100,MGT,4 tahun 3 bulan,-,51,4.3391106446,90.0,78.20855615,6.010278684,1.0,48.76020407,48.76020407,0.0,26.434198479680646,31.721038175616773,0.01589150162659467
"Data extraction, transformation, and visualization",Data Analyst,fbc7621c,Data Scientist,2.903225806451613,0,93,DATA SCIENTIST,8 tahun 6 bulan,MIDDLE,102,58.3732609713,75.0,100.0,12.17940809,1.0,62.37965806,62.37965806,0.0,34.42573490083226,34.42573490083226,0.10102132552438407
"Data extraction, transformation, and visualization",Data Analyst,ff56a859,Data Scientist,3.3870967741935485,0,97,DATA SCIENTIST,4 tahun 3 bulan,JUNIOR,51,71.9907037817,89.5,95.83333333,11.98196147,1.0,73.15820762,73.15820762,3.0,40.36578552247097,40.36578552247097,0.28798330859986915
Develop ETL/ELT pipelines,Data Engineer,006bac9a,Data Analyst,3.0,3,7,DATA ANALYST,2 tahun 5 bulan,JUNIOR,29,24.3446545288,90.0,100.0,10.68886874,1.0,59.64183706,59.64183706,2.0,33.0201736418,33.0201736418,0.19430765765499083
Develop ETL/ELT pipelines,Data Engineer,00c74be4,Data Scientist,2.72,3,106,DATA SCIENTIST,5 tahun 10 bulan,MIDDLE,70,65.8296276846,90.0,70.58823529,2.714292537,1.0,67.48966658,67.48966658,9.0,37.0479232874,37.0479232874,0.30600363117232027
Develop ETL/ELT pipelines,Data Engineer,01c8c0ef,Data Scientist,3.6,1,67,DATA SCIENTIST,2 tahun 2 bulan,SENIOR,26,77.0315563725,92.0,96.35416667,6.32783673,1.1,82.53917202,82.53917202,3.0,45.4377611706,45.4377611706,0.538667324915131
Develop ETL/ELT pipelines,Data Engineer,01d1846b,Data Analyst,2.6,0,77,DATA ANALYST,4 tahun 3 bulan,JUNIOR,51,76.130287115,84.0,91.92708333,7.89858338,1.0,70.77981892,70.77981892,2.0,38.7353040276,38.7353040276,0.3527974120809533
Develop ETL/ELT pipelines,Data Engineer,03ad7f49,Data Scientist,1.76,2,91,DATA SCIENTIST,3 tahun 4 bulan,JUNIOR,40,75.1958741829,90.0,0.0,4.519739335,1.0,70.74391915,70.74391915,2.0,38.3214771495,38.3214771495,0.34132132739741
Develop ETL/ELT pipelines,Data Engineer,0514ff91,Data Scientist,2.2,0,37,DATA SCIENTIST,3 tahun 4 bulan,MIDDLE,40,75.6379551821,90.0,100.0,11.44256681,1.0,74.661971,74.661971,4.0,40.604844629999995,40.604844629999995,0.4046427788463284
Develop ETL/ELT pipelines,Data Engineer,056cd3f9,Data Engineer,3.76,3,48,DATA ENGINEER,7 tahun 7 bulan,SENIOR,91,80.4681314192,90.0,34.22459893,5.168397654,1.3,94.26532683,94.26532683,0.0,51.72782321990001,62.07338786388001,1.0
Develop ETL/ELT pipelines,Data Engineer,05eed8dc,Data Engineer,3.72,3,49,DATA ENGINEER,2 tahun 5 bulan,MIDDLE,29,62.7957662233,95.0,99.21875,8.595362988,1.2,87.48866032,87.48866032,8.0,48.1173899696,57.740867963519996,0.8798522573063685
Develop ETL/ELT pipelines,Data Engineer,106760ca,Data Engineer,4.96,1,21,DATA ENGINEER,1 tahun 11 bulan,MIDDLE,23,71.4513888888,91.25,100.0,8.016044212,1.2,88.25251765,88.25251765,3.0,49.105034354500006,58.926041225400006,0.9127190173883936
Develop ETL/ELT pipelines,Data Engineer,123117c9,Data Analyst,1.6,2,32,DATA ANALYST,4 tahun 2 bulan,MIDDLE,50,70.4449813258,95.0,100.0,3.648580437,1.0,74.43733436,74.43733436,2.0,40.2037872108,40.2037872108,0.3935208117889102
Develop ETL/ELT pipelines,Data Engineer,14d4dbd6,Data Analyst,2.16,2,108,DATA ANALYST,4 tahun 2 bulan,JUNIOR,50,79.6974498133,80.5,98.4375,3.111615146,1.0,69.81056917,69.81056917,9.0,38.0148016601,38.0148016601,0.332816723001291
Develop ETL/ELT pipelines,Data Engineer,1551c5ff,Data Analyst,1.92,2,66,DATA ANALYST,2 tahun 5 bulan,JUNIOR,29,79.0374358075,90.0,100.0,15.2788331,1.0,76.22782609,76.22782609,2.0,41.3031478277,41.3031478277,0.42400784925545193
Develop ETL/ELT pipelines,Data Engineer,1667415a,Data Analyst,2.96,0,50,DATA ANALYST,4 tahun 1 bulan,JUNIOR,49,73.4773576096,90.0,100.0,10.26693491,1.0,73.85696587,73.85696587,1.0,40.5353919111,40.5353919111,0.4027167432846507
Develop ETL/ELT pipelines,Data Engineer,1672e04a,Data Analyst,3.56,3,41,DATA ANALYST,4 tahun 3 bulan,JUNIOR,51,69.8277310925,86.0,100.0,7.456011595,1.0,70.40596081,70.40596081,4.0,38.9883592293,38.9883592293,0.35981503968806716
Develop ETL/ELT pipelines,Data Engineer,17466c54,Data Analyst,1.92,2,11,DATA ANALYST,3 tahun 1 bulan,JUNIOR,37,49.8728816529,90.0,100.0,7.676082801,1.0,66.60685575,66.60685575,0.0,36.204033547499996,36.204033547499996,0.2826012118729014
Develop ETL/ELT pipelines,Data Engineer,1893af41,Data Analyst,2.0,2,103,DATA SCIENTIST,1 tahun 1 bulan,JUNIOR,13,37.5269607842,98.0,29.01069519,0.0,1.0,62.25313576,62.25313576,3.0,33.9341619528,33.9341619528,0.21965402303599912
Develop ETL/ELT pipelines,Data Engineer,1dbecdbe,Data Scientist,2.24,0,4,DATA SCIENTIST,2 tahun 3 bulan,JUNIOR,27,85.3527602713,90.0,99.30555556,6.414697312,1.0,76.68127695,76.68127695,5.0,41.693876783499995,41.693876783499995,0.4348433914166103
Develop ETL/ELT pipelines,Data Engineer,29e9efd9,Data Engineer,4.08,3,61,DATA ENGINEER,3 tahun 1 bulan,MIDDLE,37,72.8804563492,94.0,99.30555556,9.72908414,1.2,90.62742563,90.62742563,0.0,49.95013558390001,59.940162700680006,0.9408422364097078
Develop ETL/ELT pipelines,Data Engineer,2d801262,Data Analyst,3.12,0,9,DATA ANALYST,2 tahun 10 bulan,MIDDLE,34,80.3460259104,90.0,95.74652778,10.27336667,1.1,83.12594823,83.12594823,9.0,45.523152561900005,45.523152561900005,0.5410353654887732
Develop ETL/ELT pipelines,Data Engineer,31e8a51f,Data Scientist,2.36,0,98,DATA SCIENTIST,2 tahun 9 bulan,JUNIOR,33,52.8933765175,90.0,65.10695187,6.407601293,1.0,64.07121964,64.07121964,0.0,35.0669464092,35.0669464092,0.2510679573109654
Develop ETL/ELT pipelines,Data Engineer,3350383a,Artificial Intelligence Engineer,4.28,1,30,AI ENGINEER,3 tahun 9 bulan,MIDDLE,45,54.1797239725,95.5,96.44097222,11.49637749,1.3,92.17002068,92.17002068,0.0,50.8617109604,50.8617109604,0.6890821732517576
Develop ETL/ELT pipelines,Data Engineer,365fc87a,Data Analyst,2.4,0,110,DATA ANALYST,2 tahun 5 bulan,BASIC,29,80.8585434175,90.0,8.155080214,6.607477284,1.0,72.88466719,72.88466719,3.0,39.756873610700005,39.756873610700005,0.3811271791072376
Develop ETL/ELT pipelines,Data Engineer,36cf70f2,Artificial Intelligence Engineer,3.56,1,58,AI ENGINEER,2 tahun 5 bulan,MIDDLE,29,43.5532358775,89.5,100.0,11.83988942,1.3,84.69716654,84.69716654,4.0,46.5626982662,46.5626982662,0.5698636392580702
Develop ETL/ELT pipelines,Data Engineer,3951d86b,Data Scientist,4.52,1,78,DATA SCIENTIST,3 tahun 1 bulan,JUNIOR,37,55.4426062092,95.0,100.0,4.279280813,1.0,70.17243405,70.17243405,0.0,39.315790046500005,39.315790046500005,0.3688952226946455
Develop ETL/ELT pipelines,Data Engineer,39c4596a,Data Scientist,2.52,0,42,DATA SCIENTIST,3 tahun 5 bulan,JUNIOR,41,60.7098506071,80.0,97.91666667,4.694561364,1.0,64.25018915,64.25018915,0.0,35.2370002495,35.2370002495,0.25578382371627156
Develop ETL/ELT pipelines,Data Engineer,3cac7e99,Data Scientist,2.32,0,88,DATA SCIENTIST,10 tahun 2 bulan,SENIOR,122,88.3660831,98.0,34.22459893,51.7318368,1.0,87.21080158,87.21080158,0.0,47.3121248374,47.3121248374,0.590646443010876
Develop ETL/ELT pipelines,Data Engineer,42e7a026,Data Analyst,2.96,0,64,DATA ANALYST,2 tahun 6 bulan,JUNIOR,30,73.5210696779,89.0,99.21875,4.472503523,1.0,72.45268383,72.45268383,2.0,39.7911224299,39.7911224299,0.3820769539291512
Develop ETL/ELT pipelines,Data Engineer,46fd6e1c,Data Analyst,2.2,2,5,DATA SCIENTIST,1 tahun 2 bulan,JUNIOR,14,67.4580357142,90.0,100.0,11.7055718,1.0,72.32438573,72.32438573,0.0,39.3659244369,39.3659244369,0.37028552994687075
Develop ETL/ELT pipelines,Data Engineer,47d42365,Data Engineer,4.12,3,53,DATA ENGINEER,4 tahun 4 bulan,JUNIOR,52,71.9768703312,91.5,97.82986111,3.794124597,1.2,87.64556985,87.64556985,3.0,48.3885520205,58.0662624246,0.8888759688836713
Develop ETL/ELT pipelines,Data Engineer,4cba2f2d,Artificial Intelligence Engineer,2.52,0,36,AI ENGINEER,1 tahun 7 bulan,JUNIOR,19,66.0502450979,95.0,100.0,5.817498712,1.2,84.80862745,84.80862745,5.0,46.1329725485,46.1329725485,0.5579466541901503
Develop ETL/ELT pipelines,Data Engineer,4d57b04b,Data Scientist,2.64,0,20,DATA SCIENTIST,3 tahun 11 bulan,MIDDLE,47,60.9976657327,96.5,91.31944444,1.268481508,1.1,78.63807432,78.63807432,0.0,42.918979389600004,42.918979389600004,0.4688174564125427
Develop ETL/ELT pipelines,Data Engineer,516J6855,Data Scientist,2.12,0,46,DATA SCIENTIST,2 tahun 5 bulan,JUNIOR,29,54.7360673438,80.0,96.96180556,11.10881594,1.0,63.41641108,63.41641108,1.0,34.607097872400004,34.607097872400004,0.23831561803771756
Develop ETL/ELT pipelines,Data Engineer,528f3560,Data Analyst,1.84,2,55,DATA SCIENTIST,7 tahun 0 bulan,SENIOR,84,32.3536327033,90.0,94.11764706,44.61622935,1.0,64.269703,64.269703,0.0,34.92774259000001,34.92774259000001,0.2472076115916482
Develop ETL/ELT pipelines,Data Engineer,528f3560,Data Analyst,1.84,2,55,DATA SCIENTIST,7 tahun 0 bulan,SENIOR,84,32.3536327033,90.0,94.11764706,44.61622935,1.0,64.269703,64.269703,0.0,34.92774259000001,34.92774259000001,0.2472076115916482
Develop ETL/ELT pipelines,Data Engineer,5312eea4,Data Analyst,2.92,3,84,DATA ANALYST,2 tahun 2 bulan,MIDDLE,26,49.7969187675,86.0,92.79513889,46.9198146,1.0,70.0469465,70.0469465,2.0,38.497281645,38.497281645,0.34619666871735705
Develop ETL/ELT pipelines,Data Engineer,544a3d1a,Data Scientist,2.64,0,62,DATA SCIENTIST,4 tahun 2 bulan,MIDDLE,50,59.509354575,90.5,100.0,7.234474611,1.0,69.58669591,69.58669591,15.0,38.12174883230001,38.12174883230001,0.3357825400368297
Develop ETL/ELT pipelines,Data Engineer,54b0fc4f,Data Analyst,3.96,1,89,DATA ANALYST,2 tahun 2 bulan,MIDDLE,26,71.3084967321,88.5,98.61111111,6.180876807,1.0,71.78045298,71.78045298,3.0,39.9048400794,39.9048400794,0.38523052718584083
Develop ETL/ELT pipelines,Data Engineer,557e30ab,Data Analyst,1.72,2,29,DATA ANALYST,3 tahun 5 bulan,MIDDLE,41,53.7861081933,85.0,100.0,4.549017204,1.0,64.81437318,64.81437318,2.0,35.1600177854,35.1600177854,0.2536489762138193
Develop ETL/ELT pipelines,Data Engineer,55b2e646,Data Scientist,3.68,1,57,AI ENGINEER,3 tahun 0 bulan,JUNIOR,36,50.15589986,90.0,100.0,0.871158899,1.3,85.36316737,85.36316737,0.0,46.9720787061,46.9720787061,0.581216417061312
Develop ETL/ELT pipelines,Data Engineer,57635c17,Data Analyst,1.28,2,12,DATA ANALYST,3 tahun 3 bulan,MIDDLE,39,67.5095967558,90.0,99.21875,6.039999292,1.0,71.43352597,71.43352597,4.0,38.4613687641,38.4613687641,0.3452007467890119
Develop ETL/ELT pipelines,Data Engineer,57ecf7ad,Data Analyst,1.0,2,27,MGT,5 tahun 1 bulan,-,61,3.4722222221,90.0,77.54010695,4.326516624,1.0,48.19519238,48.19519238,0.0,26.0134519614,26.0134519614,0.0
Develop ETL/ELT pipelines,Data Engineer,5b749bf9,Data Engineer,3.36,3,101,DATA ENGINEER,2 tahun 3 bulan,BASIC,27,34.81372549,90.0,86.63101604,10.06283501,1.2,70.83787239,70.83787239,3.0,39.1232723667,46.94792684004,0.5805466469839242
Develop ETL/ELT pipelines,Data Engineer,5d16d190,Data Scientist,2.68,0,99,DATA SCIENTIST,3 tahun 1 bulan,JUNIOR,37,62.2739437442,90.0,97.74305556,28.26078997,1.0,73.16053928,73.16053928,5.0,40.0346858184,40.0346858184,0.38883135829522353
Develop ETL/ELT pipelines,Data Engineer,5dc773ce,Artificial Intelligence Engineer,3.4,0,35,DATA SCIENTIST,4 tahun 4 bulan,MIDDLE,52,72.0571603642,91.0,95.57291667,5.121161842,1.1,80.15052819,80.15052819,0.0,44.077779940700005,44.077779940700005,0.5009528588224039
Develop ETL/ELT pipelines,Data Engineer,6131e4d7,Data Engineer,4.76,1,38,DATA ENGINEER,2 tahun 3 bulan,MIDDLE,27,58.5518732492,93.5,99.30555556,10.46636816,1.2,85.46875202,85.46875202,0.0,47.5356385706,57.042766284719995,0.8604927753403457
Develop ETL/ELT pipelines,Data Engineer,64S57577,Data Scientist,3.68,1,40,DATA SCIENTIST,3 tahun 9 bulan,MIDDLE,45,73.6180643087,84.5,89.32291667,3.982774045,1.0,69.5311892,69.5311892,9.0,38.581130276,38.581130276,0.34852192606741894
Develop ETL/ELT pipelines,Data Engineer,65054asd,Data Analyst,1.92,2,10,DATA ANALYST,3 tahun 4 bulan,JUNIOR,40,70.5590744629,99.0,0.0,4.917061944,1.0,73.99273476,73.99273476,2.0,40.1185494228,40.1185494228,0.39115703088174175
Develop ETL/ELT pipelines,Data Engineer,66d21701,Data Analyst,3.12,0,33,DATA ANALYST,4 tahun 3 bulan,JUNIOR,51,63.8499212188,81.5,83.07291667,3.823402466,1.0,64.77440963,64.77440963,0.0,35.796837103899996,35.796837103899996,0.2713089997985034
Develop ETL/ELT pipelines,Data Engineer,6de6b041,Data Scientist,3.12,3,16,DATA SCIENTIST,4 tahun 0 bulan,MIDDLE,48,59.6452497667,90.0,100.0,7.186353322,1.1,76.3103827,76.3103827,7.0,41.91090283100001,41.91090283100001,0.4408618726498254
Develop ETL/ELT pipelines,Data Engineer,6e0778a1,Data Scientist,2.6,0,92,DATA SCIENTIST,3 tahun 1 bulan,JUNIOR,37,54.5927141687,70.0,97.91666667,4.665283496,1.0,57.55075558,57.55075558,2.0,31.723900457400003,31.723900457400003,0.15835991809423233
Develop ETL/ELT pipelines,Data Engineer,6fb8c1a0,Data Scientist,3.32,3,75,DATA SCIENTIST,3 tahun 0 bulan,BASIC,36,61.1916404063,98.0,0.0,3.823402466,1.0,70.34689224,70.34689224,0.0,38.84425288720001,38.84425288720001,0.35581873912642126
Develop ETL/ELT pipelines,Data Engineer,7176fcb0,Data Engineer,3.64,3,104,DATA ENGINEER,7 tahun 0 bulan,SENIOR,84,75.0633578433,80.0,33.82352941,7.122781583,1.2,79.20577781,79.20577781,10.0,43.6898622393,52.427834687159994,0.732513302219801
Develop ETL/ELT pipelines,Data Engineer,77571f19,Data Analyst,1.92,2,54,DATA ANALYST,3 tahun 1 bulan,JUNIOR,37,77.8103933242,100.0,100.0,5.536442394,1.0,79.32087607,79.32087607,0.0,42.9424643171,42.9424643171,0.4694687312113528
Develop ETL/ELT pipelines,Data Engineer,7L762383,Data Analyst,2.88,0,59,DATA ANALYST,1 tahun 10 bulan,MIDDLE,22,63.2588118579,88.5,94.96527778,2.554920958,1.0,68.65055253,68.65055253,0.0,37.7383928409,37.7383928409,0.325151462032788
Develop ETL/ELT pipelines,Data Engineer,7b6d04c9,Data Analyst,3.0,3,2,DATA ANALYST,4 tahun 5 bulan,MIDDLE,53,73.2388159429,86.0,100.0,4.742239915,1.0,70.9884555,70.9884555,4.0,39.033881414999996,39.033881414999996,0.3610774430884255
Develop ETL/ELT pipelines,Data Engineer,7ba9df08,Data Analyst,3.04,0,25,DATA ANALYST,3 tahun 1 bulan,MIDDLE,37,56.631039916,92.5,96.35416667,0.0,1.2,82.079429,82.079429,0.0,44.930897370000004,44.930897370000004,0.5246111767852301
Develop ETL/ELT pipelines,Data Engineer,7d317bd2,Data Scientist,1.24,2,90,DATA ANALYST,4 tahun 4 bulan,JUNIOR,52,63.7458566762,86.5,86.37152778,3.794124597,1.0,67.4194445,67.4194445,6.0,36.315105585,36.315105585,0.2856814180551969
Develop ETL/ELT pipelines,Data Engineer,7dc30989,Data Scientist,3.08,1,73,DATA SCIENTIST,3 tahun 4 bulan,JUNIOR,40,92.1873832863,90.0,0.0,8.045322081,1.0,76.69106422,76.69106422,4.0,42.0938640366,42.0938640366,0.4459356810474552
Develop ETL/ELT pipelines,Data Engineer,7fe7bd2c,Data Scientist,2.48,0,65,DATA SCIENTIST,2 tahun 2 bulan,JUNIOR,26,39.5228291321,89.5,99.30555556,6.121971713,1.0,63.07245784,63.07245784,5.0,34.5940026552,34.5940026552,0.23795246661017708
Develop ETL/ELT pipelines,Data Engineer,8126543f,Data Scientist,2.32,0,85,DATA SCIENTIST,3 tahun 1 bulan,JUNIOR,37,63.1813433708,90.0,99.30555556,6.700326893,1.0,70.28096361,70.28096361,0.0,38.3393107133,38.3393107133,0.3418158807945162
Develop ETL/ELT pipelines,Data Engineer,8387045b,Data Scientist,3.64,1,69,DATA SCIENTIST,4 tahun 4 bulan,MIDDLE,52,85.768554505,94.0,98.61111111,53.90204421,1.2,99.0,99.0,10.0,54.180800000000005,54.180800000000005,0.7811258487750891
Develop ETL/ELT pipelines,Data Engineer,859bd42e,Data Scientist,3.04,0,95,DATA SCIENTIST,3 tahun 5 bulan,JUNIOR,41,91.9510387488,95.0,100.0,9.232623263,1.0,81.52852324,81.52852324,1.0,44.638917317200004,44.638917317200004,0.5165141004734577
Develop ETL/ELT pipelines,Data Engineer,85e8c8f1,Data Scientist,2.88,0,105,DATA SCIENTIST,2 tahun 9 bulan,JUNIOR,33,86.9119456117,93.0,100.0,3.409887033,1.1,86.02380765,86.02380765,0.0,46.9462180545,46.9462180545,0.5804992596135025
Develop ETL/ELT pipelines,Data Engineer,8K760816,Data Analyst,2.68,0,15,DATA ANALYST,2 tahun 8 bulan,MIDDLE,32,52.4918446546,98.5,100.0,3.455357726,1.0,70.91183125,70.91183125,8.0,38.8428705625,38.8428705625,0.3557804050399786
Develop ETL/ELT pipelines,Data Engineer,9ab9d681,Data Scientist,3.4,1,18,DATA SCIENTIST,3 tahun 0 bulan,MIDDLE,36,31.3339898458,92.0,100.0,52.63227356,1.0,68.97507879,68.97507879,3.0,38.1547917587,38.1547917587,0.3366988735125562
Develop ETL/ELT pipelines,Data Engineer,a016ffe0,Data Scientist,3.04,1,26,DATA SCIENTIST,3 tahun 1 bulan,MIDDLE,37,82.0345763308,64.0,34.49197861,6.239432544,1.2,71.75887324,71.75887324,3.0,39.461002817200004,39.461002817200004,0.3729222063002933
Develop ETL/ELT pipelines,Data Engineer,a20ce132,Data Analyst,4.24,1,22,DATA ANALYST,2 tahun 9 bulan,MIDDLE,33,84.2864145654,95.0,98.61111111,10.2440888,1.2,95.23244671,95.23244671,0.0,52.46599675630001,52.46599675630001,0.7335715977543028
Develop ETL/ELT pipelines,Data Engineer,a77b4e68,Data Scientist,1.84,2,80,MGT,2 tahun 5 bulan,-,29,80.6774626521,90.0,100.0,29.57650728,1.0,78.85832029,78.85832029,0.0,42.6597097537,42.6597097537,0.4616274925534507
Develop ETL/ELT pipelines,Data Engineer,a9fcd0c5,Data Analyst,1.96,2,23,DATA ANALYST,2 tahun 1 bulan,MIDDLE,25,86.9994864617,91.5,100.0,7.075545771,1.1,85.847875,85.847875,9.0,46.42057375,46.42057375,0.5659222979150251
Develop ETL/ELT pipelines,Data Engineer,ae73e946,Data Analyst,1.68,2,72,DATA SCIENTIST,3 tahun 5 bulan,JUNIOR,41,83.7572654062,85.0,97.91666667,10.90515878,1.0,74.34235311,74.34235311,7.0,40.19104714830001,40.19104714830001,0.3931675093722213
Develop ETL/ELT pipelines,Data Engineer,afb96c1d,Data Analyst,2.6,0,19,DATA ANALYST,2 tahun 8 bulan,JUNIOR,32,77.4700746967,84.5,100.0,6.630101873,1.0,71.7649257,71.7649257,2.0,39.257410621000005,39.257410621000005,0.3672762673626704
Develop ETL/ELT pipelines,Data Engineer,aff5a1f7,Data Engineer,4.4,3,96,DATA ENGINEER,2 tahun 7 bulan,JUNIOR,31,69.9306139125,90.0,98.61111111,7.174163182,1.2,86.72069722,86.72069722,0.0,48.029969526600006,57.635963431920004,0.8769430859788405
Develop ETL/ELT pipelines,Data Engineer,b0519d51,Data Scientist,2.36,0,43,DATA SCIENTIST,4 tahun 1 bulan,JUNIOR,49,66.8638392858,92.0,99.30555556,4.723839233,1.1,79.24054742,79.24054742,0.0,43.1066901326,43.1066901326,0.4740229771186149
Develop ETL/ELT pipelines,Data Engineer,b7ddf289,Artificial Intelligence Engineer,3.28,1,44,DATA SCIENTIST,1 tahun 2 bulan,JUNIOR,14,78.282819795,95.0,100.0,11.82325385,1.0,77.94660283,77.94660283,9.0,42.853299499900004,42.853299499900004,0.4669960474705627
Develop ETL/ELT pipelines,Data Engineer,be2d891b,Data Scientist,4.32,1,14,AI ENGINEER,2 tahun 3 bulan,JUNIOR,27,70.2197654063,95.0,0.0,0.33375087,1.3,92.33751534,92.33751534,3.0,50.9692831302,50.9692831302,0.6920653224756196
Develop ETL/ELT pipelines,Data Engineer,beb45f59,Data Analyst,2.12,2,68,DATA ANALYST,3 tahun 4 bulan,MIDDLE,40,86.1330823996,80.0,98.61111111,6.436879162,1.0,71.94756403,71.94756403,2.0,39.1286089359,39.1286089359,0.36370438954657175
Develop ETL/ELT pipelines,Data Engineer,c0b0190c,Data Analyst,4.32,1,17,DATA SCIENTIST,6 tahun 5 bulan,MIDDLE,77,29.2835988563,84.0,22.19251337,4.068139436,1.0,53.16264673,53.16264673,29.0,30.2066027669,30.2066027669,0.11628281361453052
Develop ETL/ELT pipelines,Data Engineer,c13b7f6c,Data Analyst,1.56,2,34,DATA ANALYST,3 tahun 1 bulan,MIDDLE,37,87.4991246496,90.0,100.0,12.60600857,1.0,78.2842696,78.2842696,8.0,42.223862888,42.223862888,0.4495407582098651
Develop ETL/ELT pipelines,Data Engineer,c4acf473,Data Analyst,2.92,3,107,DATA ANALYST,2 tahun 9 bulan,JUNIOR,33,79.9589169,86.5,93.31597222,0.0,1.0,72.02498398,72.02498398,0.0,39.5456415094,39.5456415094,0.3752693733176971
Develop ETL/ELT pipelines,Data Engineer,c5c364b3,Data Analyst,2.84,0,60,DATA ANALYST,1 tahun 1 bulan,JUNIOR,13,40.932846055,100.0,16.57754011,1.742317797,1.0,64.65542017,64.65542017,0.0,35.602172690100005,35.602172690100005,0.26591064262098546
Develop ETL/ELT pipelines,Data Engineer,c615b19e,Data Engineer,3.92,3,63,DATA SCIENTIST,4 tahun 4 bulan,JUNIOR,52,71.0338060221,88.0,96.52777778,3.953496176,1.0,70.97960925,70.97960925,9.0,39.461592902499994,47.35391148299999,0.591805253878233
Develop ETL/ELT pipelines,Data Engineer,ccc8525a,Data Scientist,3.24,1,47,DATA SCIENTIST,1 tahun 0 bulan,BASIC,12,75.7084500467,90.0,0.0,0.0,1.0,70.11863666,70.11863666,16.0,38.6856774298,38.6856774298,0.3514211867339585
Develop ETL/ELT pipelines,Data Engineer,cdb6bf28,Artificial Intelligence Engineer,4.08,1,6,AI ENGINEER,7 tahun 1 bulan,MIDDLE,85,81.6822187204,91.0,0.0,3.667866596,1.3,95.09100733,95.09100733,14.0,52.3158338849,52.3158338849,0.7294073398974363
Develop ETL/ELT pipelines,Data Engineer,cf9338b5,Data Scientist,2.32,0,74,DATA SCIENTIST,1 tahun 0 bulan,BASIC,12,82.0043154762,90.0,35.29411765,3.321482848,1.0,72.67275856,72.67275856,8.0,39.606962036800006,39.606962036800006,0.37696989013408416
Develop ETL/ELT pipelines,Data Engineer,d08b974d,Data Analyst,2.4,0,86,DATA ANALYST,2 tahun 9 bulan,MIDDLE,33,58.8772058825,93.5,97.91666667,0.871158899,1.0,69.7799626,69.7799626,0.0,38.111380178000005,38.111380178000005,0.3354950005822937
Develop ETL/ELT pipelines,Data Engineer,d8c9672c,Data Analyst,3.96,1,82,DATA ANALYST,2 tahun 4 bulan,MIDDLE,28,73.7417775442,90.5,95.05208333,9.595209262,1.0,73.7469197,73.7469197,0.0,40.947067441,40.947067441,0.4141331676236548
Develop ETL/ELT pipelines,Data Engineer,ecc200ca,Data Engineer,3.64,3,56,DATA ENGINEER,1 tahun 9 bulan,MIDDLE,21,71.0850840338,89.0,99.30555556,5.758942974,1.2,86.333236,86.333236,2.0,47.46741508,56.960898096,0.8582224388388777
Develop ETL/ELT pipelines,Data Engineer,eed0f189,Data Analyst,3.0,3,45,DATA ANALYST,2 tahun 10 bulan,MIDDLE,34,69.240079365,96.0,70.49910873,48.01347408,1.0,79.53001534,79.53001534,4.0,43.560908130200005,43.560908130200005,0.4866191724870256
Develop ETL/ELT pipelines,Data Engineer,f007ee36,Artificial Intelligence Engineer,2.0,0,70,AI ENGINEER,2 tahun 0 bulan,MIDDLE,24,40.1500350142,90.0,99.30555556,2.332863117,1.3,81.80872206,81.80872206,2.0,44.2986226918,44.2986226918,0.50707718338297
Develop ETL/ELT pipelines,Data Engineer,f2f08a05,Data Engineer,3.32,3,94,DATA ENGINEER,2 tahun 5 bulan,JUNIOR,29,59.4675711954,87.0,99.30555556,7.027424482,1.2,81.33092925,81.33092925,1.0,44.665792502500004,53.598951003,0.7649902405872779
Develop ETL/ELT pipelines,Data Engineer,f6f88029,Data Analyst,1.24,2,100,MGT,4 tahun 3 bulan,-,51,4.3391106446,90.0,78.20855615,6.010278684,1.0,48.76020407,48.76020407,0.0,26.4257081571,26.4257081571,0.01143252713523672
Develop ETL/ELT pipelines,Data Engineer,fbc7621c,Data Scientist,2.72,0,93,DATA SCIENTIST,8 tahun 6 bulan,MIDDLE,102,58.3732609713,75.0,100.0,12.17940809,1.0,62.37965806,62.37965806,0.0,34.3396187718,34.3396187718,0.23089799252325816
Develop ETL/ELT pipelines,Data Engineer,ff56a859,Data Scientist,2.76,0,97,DATA SCIENTIST,4 tahun 3 bulan,JUNIOR,51,71.9907037817,89.5,95.83333333,11.98196147,1.0,73.15820762,73.15820762,3.0,40.0710500386,40.0710500386,0.38983979658802426
Develop MLOps pipelines,AI Engineer,006bac9a,Data Analyst,2.9166666666666665,3,7,DATA ANALYST,2 tahun 5 bulan,JUNIOR,29,24.3446545288,90.0,100.0,10.68886874,1.0,59.64183706,59.64183706,2.0,32.98100697513333,32.98100697513333,0.24742476106548073
Develop MLOps pipelines,AI Engineer,00c74be4,Data Scientist,2.5416666666666665,3,106,DATA SCIENTIST,5 tahun 10 bulan,MIDDLE,70,65.8296276846,90.0,70.58823529,2.714292537,1.0,67.48966658,67.48966658,9.0,36.96410662073334,36.96410662073334,0.3888685639734001
Develop MLOps pipelines,AI Engineer,01c8c0ef,Data Scientist,3.5,1,67,DATA SCIENTIST,2 tahun 2 bulan,SENIOR,26,77.0315563725,92.0,96.35416667,6.32783673,1.1,82.53917202,82.53917202,3.0,45.3907611706,45.3907611706,0.6881073908606739
Develop MLOps pipelines,AI Engineer,01d1846b,Data Analyst,2.2083333333333335,0,77,DATA ANALYST,4 tahun 3 bulan,JUNIOR,51,76.130287115,84.0,91.92708333,7.89858338,1.0,70.77981892,70.77981892,2.0,38.55122069426667,38.55122069426667,0.44522855247060394
Develop MLOps pipelines,AI Engineer,03ad7f49,Data Scientist,1.4166666666666667,2,91,DATA SCIENTIST,3 tahun 4 bulan,JUNIOR,40,75.1958741829,90.0,0.0,4.519739335,1.0,70.74391915,70.74391915,2.0,38.16011048283333,38.16011048283333,0.43133984252523216
Develop MLOps pipelines,AI Engineer,0514ff91,Data Scientist,1.5416666666666667,0,37,DATA SCIENTIST,3 tahun 4 bulan,MIDDLE,40,75.6379551821,90.0,100.0,11.44256681,1.0,74.661971,74.661971,4.0,40.29542796333333,40.29542796333333,0.5071670755173358
Develop MLOps pipelines,AI Engineer,056cd3f9,Data Engineer,3.5416666666666665,3,48,DATA ENGINEER,7 tahun 7 bulan,SENIOR,91,80.4681314192,90.0,34.22459893,5.168397654,1.3,94.26532683,94.26532683,0.0,51.62520655323334,51.62520655323334,0.9094987047625237
Develop MLOps pipelines,AI Engineer,05eed8dc,Data Engineer,3.3333333333333335,3,49,DATA ENGINEER,2 tahun 5 bulan,MIDDLE,29,62.7957662233,95.0,99.21875,8.595362988,1.2,87.48866032,87.48866032,8.0,47.93565663626667,47.93565663626667,0.7784791426858257
Develop MLOps pipelines,AI Engineer,106760ca,Data Engineer,4.708333333333333,1,21,DATA ENGINEER,1 tahun 11 bulan,MIDDLE,23,71.4513888888,91.25,100.0,8.016044212,1.2,88.25251765,88.25251765,3.0,48.98675102116667,48.98675102116667,0.8158045425611834
Develop MLOps pipelines,AI Engineer,123117c9,Data Analyst,1.2916666666666667,2,32,DATA ANALYST,4 tahun 2 bulan,MIDDLE,50,70.4449813258,95.0,100.0,3.648580437,1.0,74.43733436,74.43733436,2.0,40.058870544133335,40.058870544133335,0.49876668789090717
Develop MLOps pipelines,AI Engineer,14d4dbd6,Data Analyst,1.5833333333333333,2,108,DATA ANALYST,4 tahun 2 bulan,JUNIOR,50,79.6974498133,80.5,98.4375,3.111615146,1.0,69.81056917,69.81056917,9.0,37.74376832676666,37.74376832676666,0.4165551213018993
Develop MLOps pipelines,AI Engineer,1551c5ff,Data Analyst,1.25,2,66,DATA ANALYST,2 tahun 5 bulan,JUNIOR,29,79.0374358075,90.0,100.0,15.2788331,1.0,76.22782609,76.22782609,2.0,40.9882478277,40.9882478277,0.5317697932661679
Develop MLOps pipelines,AI Engineer,1667415a,Data Analyst,2.5833333333333335,0,50,DATA ANALYST,4 tahun 1 bulan,JUNIOR,49,73.4773576096,90.0,100.0,10.26693491,1.0,73.85696587,73.85696587,1.0,40.358358577766666,40.358358577766666,0.5094018037985164
Develop MLOps pipelines,AI Engineer,1672e04a,Data Analyst,3.0833333333333335,3,41,DATA ANALYST,4 tahun 3 bulan,JUNIOR,51,69.8277310925,86.0,100.0,7.456011595,1.0,70.40596081,70.40596081,4.0,38.764325895966664,38.764325895966664,0.45279612868758456
Develop MLOps pipelines,AI Engineer,17466c54,Data Analyst,1.5833333333333333,2,11,DATA ANALYST,3 tahun 1 bulan,JUNIOR,37,49.8728816529,90.0,100.0,7.676082801,1.0,66.60685575,66.60685575,0.0,36.04580021416666,36.04580021416666,0.3562585963761845
Develop MLOps pipelines,AI Engineer,1893af41,Data Analyst,1.625,2,103,DATA SCIENTIST,1 tahun 1 bulan,JUNIOR,13,37.5269607842,98.0,29.01069519,0.0,1.0,62.25313576,62.25313576,3.0,33.7579119528,33.7579119528,0.27501342424659286
Develop MLOps pipelines,AI Engineer,1dbecdbe,Data Scientist,2.0,0,4,DATA SCIENTIST,2 tahun 3 bulan,JUNIOR,27,85.3527602713,90.0,99.30555556,6.414697312,1.0,76.68127695,76.68127695,5.0,41.581076783499995,41.581076783499995,0.5528217350811087
Develop MLOps pipelines,AI Engineer,29e9efd9,Data Engineer,3.4166666666666665,3,61,DATA ENGINEER,3 tahun 1 bulan,MIDDLE,37,72.8804563492,94.0,99.30555556,9.72908414,1.2,90.62742563,90.62742563,0.0,49.63836891723334,49.63836891723334,0.8389441377165148
Develop MLOps pipelines,AI Engineer,2d801262,Data Analyst,2.6666666666666665,0,9,DATA ANALYST,2 tahun 10 bulan,MIDDLE,34,80.3460259104,90.0,95.74652778,10.27336667,1.1,83.12594823,83.12594823,9.0,45.310085895233335,45.310085895233335,0.6852425321416332
Develop MLOps pipelines,AI Engineer,31e8a51f,Data Scientist,2.2083333333333335,0,98,DATA SCIENTIST,2 tahun 9 bulan,JUNIOR,33,52.8933765175,90.0,65.10695187,6.407601293,1.0,64.07121964,64.07121964,0.0,34.995663075866666,34.995663075866666,0.3189671892731579
Develop MLOps pipelines,AI Engineer,3350383a,Artificial Intelligence Engineer,4.25,1,30,AI ENGINEER,3 tahun 9 bulan,MIDDLE,45,54.1797239725,95.5,96.44097222,11.49637749,1.3,92.17002068,92.17002068,0.0,50.847610960400004,50.847610960400004,0.8818855171546558
Develop MLOps pipelines,AI Engineer,365fc87a,Data Analyst,2.0833333333333335,0,110,DATA ANALYST,2 tahun 5 bulan,BASIC,29,80.8585434175,90.0,8.155080214,6.607477284,1.0,72.88466719,72.88466719,3.0,39.60804027736667,39.60804027736667,0.48275725978937567
Develop MLOps pipelines,AI Engineer,36cf70f2,Artificial Intelligence Engineer,3.0833333333333335,1,58,AI ENGINEER,2 tahun 5 bulan,MIDDLE,29,43.5532358775,89.5,100.0,11.83988942,1.3,84.69716654,84.69716654,4.0,46.33866493286666,46.33866493286666,0.7217683897949659
Develop MLOps pipelines,AI Engineer,3951d86b,Data Scientist,4.125,1,78,DATA SCIENTIST,3 tahun 1 bulan,JUNIOR,37,55.4426062092,95.0,100.0,4.279280813,1.0,70.17243405,70.17243405,0.0,39.1301400465,39.1301400465,0.4657865505230321
Develop MLOps pipelines,AI Engineer,39c4596a,Data Scientist,2.2083333333333335,0,42,DATA SCIENTIST,3 tahun 5 bulan,JUNIOR,41,60.7098506071,80.0,97.91666667,4.694561364,1.0,64.25018915,64.25018915,0.0,35.09051691616667,35.09051691616667,0.32233554283852095
Develop MLOps pipelines,AI Engineer,3cac7e99,Data Scientist,2.0416666666666665,0,88,DATA SCIENTIST,10 tahun 2 bulan,SENIOR,122,88.3660831,98.0,34.22459893,51.7318368,1.0,87.21080158,87.21080158,0.0,47.18130817073333,47.18130817073333,0.7516914835318161
Develop MLOps pipelines,AI Engineer,42e7a026,Data Analyst,2.625,0,64,DATA ANALYST,2 tahun 6 bulan,JUNIOR,30,73.5210696779,89.0,99.21875,4.472503523,1.0,72.45268383,72.45268383,2.0,39.6336724299,39.6336724299,0.48366748284518984
Develop MLOps pipelines,AI Engineer,46fd6e1c,Data Analyst,2.0,2,5,DATA SCIENTIST,1 tahun 2 bulan,JUNIOR,14,67.4580357142,90.0,100.0,11.7055718,1.0,72.32438573,72.32438573,0.0,39.2719244369,39.2719244369,0.47082145428028815
Develop MLOps pipelines,AI Engineer,47d42365,Data Engineer,3.7916666666666665,3,53,DATA ENGINEER,4 tahun 4 bulan,JUNIOR,52,71.9768703312,91.5,97.82986111,3.794124597,1.2,87.64556985,87.64556985,3.0,48.234235353833334,48.234235353833334,0.789081967881688
Develop MLOps pipelines,AI Engineer,4cba2f2d,Artificial Intelligence Engineer,2.4166666666666665,0,36,AI ENGINEER,1 tahun 7 bulan,JUNIOR,19,66.0502450979,95.0,100.0,5.817498712,1.2,84.80862745,84.80862745,5.0,46.084405881833334,46.084405881833334,0.7127393997365222
Develop MLOps pipelines,AI Engineer,4d57b04b,Data Scientist,2.5416666666666665,0,20,DATA SCIENTIST,3 tahun 11 bulan,MIDDLE,47,60.9976657327,96.5,91.31944444,1.268481508,1.1,78.63807432,78.63807432,0.0,42.87276272293334,42.87276272293334,0.5986907787134877
Develop MLOps pipelines,AI Engineer,516J6855,Data Scientist,1.75,0,46,DATA SCIENTIST,2 tahun 5 bulan,JUNIOR,29,54.7360673438,80.0,96.96180556,11.10881594,1.0,63.41641108,63.41641108,1.0,34.4331978724,34.4331978724,0.29899349429678795
Develop MLOps pipelines,AI Engineer,528f3560,Data Analyst,1.2916666666666667,2,55,DATA SCIENTIST,7 tahun 0 bulan,SENIOR,84,32.3536327033,90.0,94.11764706,44.61622935,1.0,64.269703,64.269703,0.0,34.67002592333334,34.67002592333334,0.3074034923233967
Develop MLOps pipelines,AI Engineer,528f3560,Data Analyst,1.2916666666666667,2,55,DATA SCIENTIST,7 tahun 0 bulan,SENIOR,84,32.3536327033,90.0,94.11764706,44.61622935,1.0,64.269703,64.269703,0.0,34.67002592333334,34.67002592333334,0.3074034923233967
Develop MLOps pipelines,AI Engineer,5312eea4,Data Analyst,2.8333333333333335,3,84,DATA ANALYST,2 tahun 2 bulan,MIDDLE,26,49.7969187675,86.0,92.79513889,46.9198146,1.0,70.0469465,70.0469465,2.0,38.456548311666666,38.456548311666666,0.44186664264741127
Develop MLOps pipelines,AI Engineer,544a3d1a,Data Scientist,2.3333333333333335,0,62,DATA SCIENTIST,4 tahun 2 bulan,MIDDLE,50,59.509354575,90.5,100.0,7.234474611,1.0,69.58669591,69.58669591,15.0,37.97761549896667,37.97761549896667,0.42485926538018526
Develop MLOps pipelines,AI Engineer,54b0fc4f,Data Analyst,3.1666666666666665,1,89,DATA ANALYST,2 tahun 2 bulan,MIDDLE,26,71.3084967321,88.5,98.61111111,6.180876807,1.0,71.78045298,71.78045298,3.0,39.531973412733336,39.531973412733336,0.4800560502876486
Develop MLOps pipelines,AI Engineer,557e30ab,Data Analyst,1.3333333333333333,2,29,DATA ANALYST,3 tahun 5 bulan,MIDDLE,41,53.7861081933,85.0,100.0,4.549017204,1.0,64.81437318,64.81437318,2.0,34.97828445206667,34.97828445206667,0.3183500571754728
Develop MLOps pipelines,AI Engineer,55b2e646,Data Scientist,3.375,1,57,AI ENGINEER,3 tahun 0 bulan,JUNIOR,36,50.15589986,90.0,100.0,0.871158899,1.3,85.36316737,85.36316737,0.0,46.8287287061,46.8287287061,0.739171038465857
Develop MLOps pipelines,AI Engineer,57635c17,Data Analyst,1.1666666666666667,2,12,DATA ANALYST,3 tahun 3 bulan,MIDDLE,39,67.5095967558,90.0,99.21875,6.039999292,1.0,71.43352597,71.43352597,4.0,38.408102097433336,38.408102097433336,0.44014626972497545
Develop MLOps pipelines,AI Engineer,57ecf7ad,Data Analyst,1.0,2,27,MGT,5 tahun 1 bulan,-,61,3.4722222221,90.0,77.54010695,4.326516624,1.0,48.19519238,48.19519238,0.0,26.0134519614,26.0134519614,0.0
Develop MLOps pipelines,AI Engineer,5b749bf9,Data Engineer,2.75,3,101,DATA ENGINEER,2 tahun 3 bulan,BASIC,27,34.81372549,90.0,86.63101604,10.06283501,1.2,70.83787239,70.83787239,3.0,38.8365723667,38.8365723667,0.45536167222815016
Develop MLOps pipelines,AI Engineer,5d16d190,Data Scientist,2.4583333333333335,0,99,DATA SCIENTIST,3 tahun 1 bulan,JUNIOR,37,62.2739437442,90.0,97.74305556,28.26078997,1.0,73.16053928,73.16053928,5.0,39.93050248506667,39.93050248506667,0.49420821131190545
Develop MLOps pipelines,AI Engineer,5dc773ce,Artificial Intelligence Engineer,2.5416666666666665,0,35,DATA SCIENTIST,4 tahun 4 bulan,MIDDLE,52,72.0571603642,91.0,95.57291667,5.121161842,1.1,80.15052819,80.15052819,0.0,43.67436327403334,43.67436327403334,0.6271564061014233
Develop MLOps pipelines,AI Engineer,6131e4d7,Data Engineer,4.375,1,38,DATA ENGINEER,2 tahun 3 bulan,MIDDLE,27,58.5518732492,93.5,99.30555556,10.46636816,1.2,85.46875202,85.46875202,0.0,47.3546885706,47.3546885706,0.7578483927956673
Develop MLOps pipelines,AI Engineer,64S57577,Data Scientist,3.7083333333333335,1,40,DATA SCIENTIST,3 tahun 9 bulan,MIDDLE,45,73.6180643087,84.5,89.32291667,3.982774045,1.0,69.5311892,69.5311892,9.0,38.59444694266667,38.59444694266667,0.4467635592500333
Develop MLOps pipelines,AI Engineer,65054asd,Data Analyst,1.3333333333333333,2,10,DATA ANALYST,3 tahun 4 bulan,JUNIOR,40,70.5590744629,99.0,0.0,4.917061944,1.0,73.99273476,73.99273476,2.0,39.842816089466666,39.842816089466666,0.49109438078781764
Develop MLOps pipelines,AI Engineer,66d21701,Data Analyst,2.25,0,33,DATA ANALYST,4 tahun 3 bulan,JUNIOR,51,63.8499212188,81.5,83.07291667,3.823402466,1.0,64.77440963,64.77440963,0.0,35.38793710389999,35.38793710389999,0.3328972274956095
Develop MLOps pipelines,AI Engineer,6de6b041,Data Scientist,2.9583333333333335,3,16,DATA SCIENTIST,4 tahun 0 bulan,MIDDLE,48,59.6452497667,90.0,100.0,7.186353322,1.1,76.3103827,76.3103827,7.0,41.834919497666675,41.834919497666675,0.5618359406061614
Develop MLOps pipelines,AI Engineer,6e0778a1,Data Scientist,2.125,0,92,DATA SCIENTIST,3 tahun 1 bulan,JUNIOR,37,54.5927141687,70.0,97.91666667,4.665283496,1.0,57.55075558,57.55075558,2.0,31.500650457400003,31.500650457400003,0.19485583882949553
Develop MLOps pipelines,AI Engineer,6fb8c1a0,Data Scientist,2.5833333333333335,3,75,DATA SCIENTIST,3 tahun 0 bulan,BASIC,36,61.1916404063,98.0,0.0,3.823402466,1.0,70.34689224,70.34689224,0.0,38.49801955386667,38.49801955386667,0.44333932742308935
Develop MLOps pipelines,AI Engineer,7176fcb0,Data Engineer,2.875,3,104,DATA ENGINEER,7 tahun 0 bulan,SENIOR,84,75.0633578433,80.0,33.82352941,7.122781583,1.2,79.20577781,79.20577781,10.0,43.3303122393,43.3303122393,0.6149388140055676
Develop MLOps pipelines,AI Engineer,77571f19,Data Analyst,1.5416666666666667,2,54,DATA ANALYST,3 tahun 1 bulan,JUNIOR,37,77.8103933242,100.0,100.0,5.536442394,1.0,79.32087607,79.32087607,0.0,42.76464765043333,42.76464765043333,0.5948515056933013
Develop MLOps pipelines,AI Engineer,7L762383,Data Analyst,2.75,0,59,DATA ANALYST,1 tahun 10 bulan,MIDDLE,22,63.2588118579,88.5,94.96527778,2.554920958,1.0,68.65055253,68.65055253,0.0,37.677292840899995,37.677292840899995,0.4141945111345087
Develop MLOps pipelines,AI Engineer,7b6d04c9,Data Analyst,2.5416666666666665,3,2,DATA ANALYST,4 tahun 5 bulan,MIDDLE,53,73.2388159429,86.0,100.0,4.742239915,1.0,70.9884555,70.9884555,4.0,38.818464748333334,38.818464748333334,0.4547186528133044
Develop MLOps pipelines,AI Engineer,7ba9df08,Data Analyst,2.7083333333333335,0,25,DATA ANALYST,3 tahun 1 bulan,MIDDLE,37,56.631039916,92.5,96.35416667,0.0,1.2,82.079429,82.079429,0.0,44.77501403666667,44.77501403666667,0.6662416019017178
Develop MLOps pipelines,AI Engineer,7d317bd2,Data Scientist,1.25,2,90,DATA ANALYST,4 tahun 4 bulan,JUNIOR,52,63.7458566762,86.5,86.37152778,3.794124597,1.0,67.4194445,67.4194445,6.0,36.319805585,36.319805585,0.36598879775607585
Develop MLOps pipelines,AI Engineer,7dc30989,Data Scientist,3.0416666666666665,1,73,DATA SCIENTIST,3 tahun 4 bulan,JUNIOR,40,92.1873832863,90.0,0.0,8.045322081,1.0,76.69106422,76.69106422,4.0,42.075847369933335,42.075847369933335,0.5703915273381063
Develop MLOps pipelines,AI Engineer,7fe7bd2c,Data Scientist,2.2083333333333335,0,65,DATA SCIENTIST,2 tahun 2 bulan,JUNIOR,26,39.5228291321,89.5,99.30555556,6.121971713,1.0,63.07245784,63.07245784,5.0,34.46631932186667,34.46631932186667,0.3001696696846077
Develop MLOps pipelines,AI Engineer,8126543f,Data Scientist,1.9583333333333333,0,85,DATA SCIENTIST,3 tahun 1 bulan,JUNIOR,37,63.1813433708,90.0,99.30555556,6.700326893,1.0,70.28096361,70.28096361,0.0,38.16932737996667,38.16932737996667,0.43166714364685743
Develop MLOps pipelines,AI Engineer,8387045b,Data Scientist,3.625,1,69,DATA SCIENTIST,4 tahun 4 bulan,MIDDLE,52,85.768554505,94.0,98.61111111,53.90204421,1.2,99.0,99.0,10.0,54.173750000000005,54.173750000000005,1.0
Develop MLOps pipelines,AI Engineer,859bd42e,Data Scientist,2.6666666666666665,0,95,DATA SCIENTIST,3 tahun 5 bulan,JUNIOR,41,91.9510387488,95.0,100.0,9.232623263,1.0,81.52852324,81.52852324,1.0,44.46345065053333,44.46345065053333,0.6551776782988401
Develop MLOps pipelines,AI Engineer,85e8c8f1,Data Scientist,2.0416666666666665,0,105,DATA SCIENTIST,2 tahun 9 bulan,JUNIOR,33,86.9119456117,93.0,100.0,3.409887033,1.1,86.02380765,86.02380765,0.0,46.552201387833335,46.552201387833335,0.7293512802414368
Develop MLOps pipelines,AI Engineer,8K760816,Data Analyst,1.9166666666666667,0,15,DATA ANALYST,2 tahun 8 bulan,MIDDLE,32,52.4918446546,98.5,100.0,3.455357726,1.0,70.91183125,70.91183125,8.0,38.484103895833336,38.484103895833336,0.4428451686604847
Develop MLOps pipelines,AI Engineer,9ab9d681,Data Scientist,3.25,1,18,DATA SCIENTIST,3 tahun 0 bulan,MIDDLE,36,31.3339898458,92.0,100.0,52.63227356,1.0,68.97507879,68.97507879,3.0,38.084291758700004,38.084291758700004,0.42864744473777266
Develop MLOps pipelines,AI Engineer,a016ffe0,Data Scientist,2.7083333333333335,1,26,DATA SCIENTIST,3 tahun 1 bulan,MIDDLE,37,82.0345763308,64.0,34.49197861,6.239432544,1.2,71.75887324,71.75887324,3.0,39.30511948386667,39.30511948386667,0.4720002431880322
Develop MLOps pipelines,AI Engineer,a20ce132,Data Analyst,3.9166666666666665,1,22,DATA ANALYST,2 tahun 9 bulan,MIDDLE,33,84.2864145654,95.0,98.61111111,10.2440888,1.2,95.23244671,95.23244671,0.0,52.31403008963334,52.31403008963334,0.9339595089577
Develop MLOps pipelines,AI Engineer,a77b4e68,Data Scientist,1.6666666666666667,2,80,MGT,2 tahun 5 bulan,-,29,80.6774626521,90.0,100.0,29.57650728,1.0,78.85832029,78.85832029,0.0,42.57824308703333,42.57824308703333,0.5882320955171556
Develop MLOps pipelines,AI Engineer,a9fcd0c5,Data Analyst,1.5833333333333333,2,23,DATA ANALYST,2 tahun 1 bulan,MIDDLE,25,86.9994864617,91.5,100.0,7.075545771,1.1,85.847875,85.847875,9.0,46.24354041666667,46.24354041666667,0.7183904242610215
Develop MLOps pipelines,AI Engineer,ae73e946,Data Analyst,1.1666666666666667,2,72,DATA SCIENTIST,3 tahun 5 bulan,JUNIOR,41,83.7572654062,85.0,97.91666667,10.90515878,1.0,74.34235311,74.34235311,7.0,39.94978048163334,39.94978048163334,0.49489279201272923
Develop MLOps pipelines,AI Engineer,afb96c1d,Data Analyst,2.3333333333333335,0,19,DATA ANALYST,2 tahun 8 bulan,JUNIOR,32,77.4700746967,84.5,100.0,6.630101873,1.0,71.7649257,71.7649257,2.0,39.13207728766667,39.13207728766667,0.4658553438704608
Develop MLOps pipelines,AI Engineer,aff5a1f7,Data Engineer,3.875,3,96,DATA ENGINEER,2 tahun 7 bulan,JUNIOR,31,69.9306139125,90.0,98.61111111,7.174163182,1.2,86.72069722,86.72069722,0.0,47.78321952660001,47.78321952660001,0.7730659503446894
Develop MLOps pipelines,AI Engineer,b0519d51,Data Scientist,2.0,0,43,DATA SCIENTIST,4 tahun 1 bulan,JUNIOR,49,66.8638392858,92.0,99.30555556,4.723839233,1.1,79.24054742,79.24054742,0.0,42.9374901326,42.9374901326,0.6009893129682721
Develop MLOps pipelines,AI Engineer,b7ddf289,Artificial Intelligence Engineer,2.875,1,44,DATA SCIENTIST,1 tahun 2 bulan,JUNIOR,14,78.282819795,95.0,100.0,11.82325385,1.0,77.94660283,77.94660283,9.0,42.6629494999,42.6629494999,0.5912401039107658
Develop MLOps pipelines,AI Engineer,be2d891b,Data Scientist,3.9583333333333335,1,14,AI ENGINEER,2 tahun 3 bulan,JUNIOR,27,70.2197654063,95.0,0.0,0.33375087,1.3,92.33751534,92.33751534,3.0,50.79929979686666,50.79929979686666,0.8801699400159791
Develop MLOps pipelines,AI Engineer,beb45f59,Data Analyst,1.3333333333333333,2,68,DATA ANALYST,3 tahun 4 bulan,MIDDLE,40,86.1330823996,80.0,98.61111111,6.436879162,1.0,71.94756403,71.94756403,2.0,38.75887560256666,38.75887560256666,0.4526025833851687
Develop MLOps pipelines,AI Engineer,c0b0190c,Data Analyst,3.9583333333333335,1,17,DATA SCIENTIST,6 tahun 5 bulan,MIDDLE,77,29.2835988563,84.0,22.19251337,4.068139436,1.0,53.16264673,53.16264673,29.0,30.036619433566667,30.036619433566667,0.14286665100816803
Develop MLOps pipelines,AI Engineer,c13b7f6c,Data Analyst,1.125,2,34,DATA ANALYST,3 tahun 1 bulan,MIDDLE,37,87.4991246496,90.0,100.0,12.60600857,1.0,78.2842696,78.2842696,8.0,42.019412888000005,42.019412888000005,0.568387483138859
Develop MLOps pipelines,AI Engineer,c4acf473,Data Analyst,2.3333333333333335,3,107,DATA ANALYST,2 tahun 9 bulan,JUNIOR,33,79.9589169,86.5,93.31597222,0.0,1.0,72.02498398,72.02498398,0.0,39.269908176066664,39.269908176066664,0.47074985486644055
Develop MLOps pipelines,AI Engineer,c5c364b3,Data Analyst,2.4166666666666665,0,60,DATA ANALYST,1 tahun 1 bulan,JUNIOR,13,40.932846055,100.0,16.57754011,1.742317797,1.0,64.65542017,64.65542017,0.0,35.403206023433334,35.403206023433334,0.3334394419108267
Develop MLOps pipelines,AI Engineer,c615b19e,Data Engineer,3.25,3,63,DATA SCIENTIST,4 tahun 4 bulan,JUNIOR,52,71.0338060221,88.0,96.52777778,3.953496176,1.0,70.97960925,70.97960925,9.0,39.14669290249999,39.14669290249999,0.46637435879044814
Develop MLOps pipelines,AI Engineer,ccc8525a,Data Scientist,3.2916666666666665,1,47,DATA SCIENTIST,1 tahun 0 bulan,BASIC,12,75.7084500467,90.0,0.0,0.0,1.0,70.11863666,70.11863666,16.0,38.70996076313334,38.70996076313334,0.4508655691189747
Develop MLOps pipelines,AI Engineer,cdb6bf28,Artificial Intelligence Engineer,4.125,1,6,AI ENGINEER,7 tahun 1 bulan,MIDDLE,85,81.6822187204,91.0,0.0,3.667866596,1.3,95.09100733,95.09100733,14.0,52.3369838849,52.3369838849,0.934774620901302
Develop MLOps pipelines,AI Engineer,cf9338b5,Data Scientist,2.0416666666666665,0,74,DATA SCIENTIST,1 tahun 0 bulan,BASIC,12,82.0043154762,90.0,35.29411765,3.321482848,1.0,72.67275856,72.67275856,8.0,39.47614537013334,39.47614537013334,0.4780735413481667
Develop MLOps pipelines,AI Engineer,d08b974d,Data Analyst,1.875,0,86,DATA ANALYST,2 tahun 9 bulan,MIDDLE,33,58.8772058825,93.5,97.91666667,0.871158899,1.0,69.7799626,69.7799626,0.0,37.864630178000006,37.864630178000006,0.4208470450261324
Develop MLOps pipelines,AI Engineer,d8c9672c,Data Analyst,3.7916666666666665,1,82,DATA ANALYST,2 tahun 4 bulan,MIDDLE,28,73.7417775442,90.5,95.05208333,9.595209262,1.0,73.7469197,73.7469197,0.0,40.86795077433334,40.86795077433334,0.5274979260720861
Develop MLOps pipelines,AI Engineer,ecc200ca,Data Engineer,3.1666666666666665,3,56,DATA ENGINEER,1 tahun 9 bulan,MIDDLE,21,71.0850840338,89.0,99.30555556,5.758942974,1.2,86.333236,86.333236,2.0,47.24494841333333,47.24494841333333,0.7539514114101635
Develop MLOps pipelines,AI Engineer,eed0f189,Data Analyst,2.7083333333333335,3,45,DATA ANALYST,2 tahun 10 bulan,MIDDLE,34,69.240079365,96.0,70.49910873,48.01347408,1.0,79.53001534,79.53001534,4.0,43.423824796866676,43.423824796866676,0.6182595372961556
Develop MLOps pipelines,AI Engineer,f007ee36,Artificial Intelligence Engineer,1.6666666666666667,0,70,AI ENGINEER,2 tahun 0 bulan,MIDDLE,24,40.1500350142,90.0,99.30555556,2.332863117,1.3,81.80872206,81.80872206,2.0,44.14195602513333,44.14195602513333,0.6437610865795579
Develop MLOps pipelines,AI Engineer,f2f08a05,Data Engineer,2.5,3,94,DATA ENGINEER,2 tahun 5 bulan,JUNIOR,29,59.4675711954,87.0,99.30555556,7.027424482,1.2,81.33092925,81.33092925,1.0,44.2803925025,44.2803925025,0.648677102637943
Develop MLOps pipelines,AI Engineer,f6f88029,Data Analyst,1.2083333333333333,2,100,MGT,4 tahun 3 bulan,-,51,4.3391106446,90.0,78.20855615,6.010278684,1.0,48.76020407,48.76020407,0.0,26.410824823766667,26.410824823766667,0.014111102866240169
Develop MLOps pipelines,AI Engineer,fbc7621c,Data Scientist,2.3333333333333335,0,93,DATA SCIENTIST,8 tahun 6 bulan,MIDDLE,102,58.3732609713,75.0,100.0,12.17940809,1.0,62.37965806,62.37965806,0.0,34.157885438466664,34.157885438466664,0.289216877815103
Develop MLOps pipelines,AI Engineer,ff56a859,Data Scientist,2.3333333333333335,0,97,DATA SCIENTIST,4 tahun 3 bulan,JUNIOR,51,71.9907037817,89.5,95.83333333,11.98196147,1.0,73.15820762,73.15820762,3.0,39.87051670526667,39.87051670526667,0.4920780570174524
Develop predictive models and clustering,Data Scientist,006bac9a,Data Analyst,2.4444444444444446,3,7,DATA ANALYST,2 tahun 5 bulan,JUNIOR,29,24.3446545288,90.0,100.0,10.68886874,1.0,59.64183706,59.64183706,2.0,32.759062530688894,32.759062530688894,0.17123208426402897
Develop predictive models and clustering,Data Scientist,00c74be4,Data Scientist,2.111111111111111,3,106,DATA SCIENTIST,5 tahun 10 bulan,MIDDLE,70,65.8296276846,90.0,70.58823529,2.714292537,1.0,67.48966658,67.48966658,9.0,36.76174550962223,44.114094611546676,0.4594707529684337
Develop predictive models and clustering,Data Scientist,01c8c0ef,Data Scientist,3.3333333333333335,1,67,DATA SCIENTIST,2 tahun 2 bulan,SENIOR,26,77.0315563725,92.0,96.35416667,6.32783673,1.1,82.53917202,82.53917202,3.0,45.31242783726667,54.37491340472,0.7199336673574871
Develop predictive models and clustering,Data Scientist,01d1846b,Data Analyst,2.3333333333333335,0,77,DATA ANALYST,4 tahun 3 bulan,JUNIOR,51,76.130287115,84.0,91.92708333,7.89858338,1.0,70.77981892,70.77981892,2.0,38.609970694266664,38.609970694266664,0.3197528429701542
Develop predictive models and clustering,Data Scientist,03ad7f49,Data Scientist,2.7777777777777777,2,91,DATA SCIENTIST,3 tahun 4 bulan,JUNIOR,40,75.1958741829,90.0,0.0,4.519739335,1.0,70.74391915,70.74391915,2.0,38.79983270505556,46.55979924606667,0.5215530652752944
Develop predictive models and clustering,Data Scientist,0514ff91,Data Scientist,3.4444444444444446,0,37,DATA SCIENTIST,3 tahun 4 bulan,MIDDLE,40,75.6379551821,90.0,100.0,11.44256681,1.0,74.661971,74.661971,4.0,41.189733518888886,49.42768022266666,0.5943519960763268
Develop predictive models and clustering,Data Scientist,056cd3f9,Data Engineer,2.3333333333333335,3,48,DATA ENGINEER,7 tahun 7 bulan,SENIOR,91,80.4681314192,90.0,34.22459893,5.168397654,1.3,94.26532683,94.26532683,0.0,51.05728988656667,51.05728988656667,0.6357183715022683
Develop predictive models and clustering,Data Scientist,05eed8dc,Data Engineer,1.8888888888888888,3,49,DATA ENGINEER,2 tahun 5 bulan,MIDDLE,29,62.7957662233,95.0,99.21875,8.595362988,1.2,87.48866032,87.48866032,8.0,47.25676774737778,47.25676774737778,0.5392450692710808
Develop predictive models and clustering,Data Scientist,106760ca,Data Engineer,4.0,1,21,DATA ENGINEER,1 tahun 11 bulan,MIDDLE,23,71.4513888888,91.25,100.0,8.016044212,1.2,88.25251765,88.25251765,3.0,48.653834354500006,48.653834354500006,0.5747085198417876
Develop predictive models and clustering,Data Scientist,123117c9,Data Analyst,1.4444444444444444,2,32,DATA ANALYST,4 tahun 2 bulan,MIDDLE,50,70.4449813258,95.0,100.0,3.648580437,1.0,74.43733436,74.43733436,2.0,40.13067609968889,40.13067609968889,0.35835476839222513
Develop predictive models and clustering,Data Scientist,14d4dbd6,Data Analyst,1.1111111111111112,2,108,DATA ANALYST,4 tahun 2 bulan,JUNIOR,50,79.6974498133,80.5,98.4375,3.111615146,1.0,69.81056917,69.81056917,9.0,37.521823882322224,37.521823882322224,0.2921310814289826
Develop predictive models and clustering,Data Scientist,1551c5ff,Data Analyst,2.0,2,66,DATA ANALYST,2 tahun 5 bulan,JUNIOR,29,79.0374358075,90.0,100.0,15.2788331,1.0,76.22782609,76.22782609,2.0,41.3407478277,41.3407478277,0.3890714992156234
Develop predictive models and clustering,Data Scientist,1667415a,Data Analyst,2.4444444444444446,0,50,DATA ANALYST,4 tahun 1 bulan,JUNIOR,49,73.4773576096,90.0,100.0,10.26693491,1.0,73.85696587,73.85696587,1.0,40.29308079998889,40.29308079998889,0.362477285552236
Develop predictive models and clustering,Data Scientist,1672e04a,Data Analyst,2.4444444444444446,3,41,DATA ANALYST,4 tahun 3 bulan,JUNIOR,51,69.8277310925,86.0,100.0,7.456011595,1.0,70.40596081,70.40596081,4.0,38.46404811818889,38.46404811818889,0.3160487117300955
Develop predictive models and clustering,Data Scientist,17466c54,Data Analyst,2.0,2,11,DATA ANALYST,3 tahun 1 bulan,JUNIOR,37,49.8728816529,90.0,100.0,7.676082801,1.0,66.60685575,66.60685575,0.0,36.241633547499994,36.241633547499994,0.2596344442403071
Develop predictive models and clustering,Data Scientist,1893af41,Data Analyst,1.4444444444444444,2,103,DATA SCIENTIST,1 tahun 1 bulan,JUNIOR,13,37.5269607842,98.0,29.01069519,0.0,1.0,62.25313576,62.25313576,3.0,33.67305084168889,33.67305084168889,0.19443296754626496
Develop predictive models and clustering,Data Scientist,1dbecdbe,Data Scientist,3.111111111111111,0,4,DATA SCIENTIST,2 tahun 3 bulan,JUNIOR,27,85.3527602713,90.0,99.30555556,6.414697312,1.0,76.68127695,76.68127695,5.0,42.10329900572222,50.523958806866666,0.6221801763393886
Develop predictive models and clustering,Data Scientist,29e9efd9,Data Engineer,2.0,3,61,DATA ENGINEER,3 tahun 1 bulan,MIDDLE,37,72.8804563492,94.0,99.30555556,9.72908414,1.2,90.62742563,90.62742563,0.0,48.972535583900004,48.972535583900004,0.5827985029807673
Develop predictive models and clustering,Data Scientist,2d801262,Data Analyst,2.6666666666666665,0,9,DATA ANALYST,2 tahun 10 bulan,MIDDLE,34,80.3460259104,90.0,95.74652778,10.27336667,1.1,83.12594823,83.12594823,9.0,45.310085895233335,45.310085895233335,0.48983006265044327
Develop predictive models and clustering,Data Scientist,31e8a51f,Data Scientist,2.5555555555555554,0,98,DATA SCIENTIST,2 tahun 9 bulan,JUNIOR,33,52.8933765175,90.0,65.10695187,6.407601293,1.0,64.07121964,64.07121964,0.0,35.15885752031111,42.19062902437333,0.41064507319953075
Develop predictive models and clustering,Data Scientist,3350383a,Artificial Intelligence Engineer,4.555555555555555,1,30,AI ENGINEER,3 tahun 9 bulan,MIDDLE,45,54.1797239725,95.5,96.44097222,11.49637749,1.3,92.17002068,92.17002068,0.0,50.99122207151111,50.99122207151111,0.6340412913390228
Develop predictive models and clustering,Data Scientist,365fc87a,Data Analyst,2.4444444444444446,0,110,DATA ANALYST,2 tahun 5 bulan,BASIC,29,80.8585434175,90.0,8.155080214,6.607477284,1.0,72.88466719,72.88466719,3.0,39.777762499588896,39.777762499588896,0.3493963307994344
Develop predictive models and clustering,Data Scientist,36cf70f2,Artificial Intelligence Engineer,4.0,1,58,AI ENGINEER,2 tahun 5 bulan,MIDDLE,29,43.5532358775,89.5,100.0,11.83988942,1.3,84.69716654,84.69716654,4.0,46.7694982662,46.7694982662,0.5268761120057167
Develop predictive models and clustering,Data Scientist,3951d86b,Data Scientist,3.888888888888889,1,78,DATA SCIENTIST,3 tahun 1 bulan,JUNIOR,37,55.4426062092,95.0,100.0,4.279280813,1.0,70.17243405,70.17243405,0.0,39.01916782427778,46.82300138913333,0.52823424721978
Develop predictive models and clustering,Data Scientist,39c4596a,Data Scientist,2.6666666666666665,0,42,DATA SCIENTIST,3 tahun 5 bulan,JUNIOR,41,60.7098506071,80.0,97.91666667,4.694561364,1.0,64.25018915,64.25018915,0.0,35.30593358283333,42.3671202994,0.41512516711642855
Develop predictive models and clustering,Data Scientist,3cac7e99,Data Scientist,2.888888888888889,0,88,DATA SCIENTIST,10 tahun 2 bulan,SENIOR,122,88.3660831,98.0,34.22459893,51.7318368,1.0,87.21080158,87.21080158,0.0,47.57950261517777,57.09540313821333,0.7889911859468033
Develop predictive models and clustering,Data Scientist,42e7a026,Data Analyst,2.111111111111111,0,64,DATA ANALYST,2 tahun 6 bulan,JUNIOR,30,73.5210696779,89.0,99.21875,4.472503523,1.0,72.45268383,72.45268383,2.0,39.39214465212223,39.39214465212223,0.33960772129212824
Develop predictive models and clustering,Data Scientist,46fd6e1c,Data Analyst,2.111111111111111,2,5,DATA SCIENTIST,1 tahun 2 bulan,JUNIOR,14,67.4580357142,90.0,100.0,11.7055718,1.0,72.32438573,72.32438573,0.0,39.32414665912223,39.32414665912223,0.33788164506113877
Develop predictive models and clustering,Data Scientist,47d42365,Data Engineer,2.0,3,53,DATA ENGINEER,4 tahun 4 bulan,JUNIOR,52,71.9768703312,91.5,97.82986111,3.794124597,1.2,87.64556985,87.64556985,3.0,47.3921520205,47.3921520205,0.5426816938768402
Develop predictive models and clustering,Data Scientist,4cba2f2d,Artificial Intelligence Engineer,2.6666666666666665,0,36,AI ENGINEER,1 tahun 7 bulan,JUNIOR,19,66.0502450979,95.0,100.0,5.817498712,1.2,84.80862745,84.80862745,5.0,46.20190588183333,46.20190588183333,0.5124682202382944
Develop predictive models and clustering,Data Scientist,4d57b04b,Data Scientist,2.888888888888889,0,20,DATA SCIENTIST,3 tahun 11 bulan,MIDDLE,47,60.9976657327,96.5,91.31944444,1.268481508,1.1,78.63807432,78.63807432,0.0,43.03595716737778,51.64314860085334,0.6505899398652972
Develop predictive models and clustering,Data Scientist,516J6855,Data Scientist,2.3333333333333335,0,46,DATA SCIENTIST,2 tahun 5 bulan,JUNIOR,29,54.7360673438,80.0,96.96180556,11.10881594,1.0,63.41641108,63.41641108,1.0,34.70736453906667,41.64883744688,0.39689211487234133
Develop predictive models and clustering,Data Scientist,528f3560,Data Analyst,1.1111111111111112,2,55,DATA SCIENTIST,7 tahun 0 bulan,SENIOR,84,32.3536327033,90.0,94.11764706,44.61622935,1.0,64.269703,64.269703,0.0,34.58516481222223,34.58516481222223,0.21758627215175563
Develop predictive models and clustering,Data Scientist,528f3560,Data Analyst,1.1111111111111112,2,55,DATA SCIENTIST,7 tahun 0 bulan,SENIOR,84,32.3536327033,90.0,94.11764706,44.61622935,1.0,64.269703,64.269703,0.0,34.58516481222223,34.58516481222223,0.21758627215175563
Develop predictive models and clustering,Data Scientist,5312eea4,Data Analyst,2.111111111111111,3,84,DATA ANALYST,2 tahun 2 bulan,MIDDLE,26,49.7969187675,86.0,92.79513889,46.9198146,1.0,70.0469465,70.0469465,2.0,38.11710386722223,38.11710386722223,0.30724180142802227
Develop predictive models and clustering,Data Scientist,544a3d1a,Data Scientist,3.0,0,62,DATA SCIENTIST,4 tahun 2 bulan,MIDDLE,50,59.509354575,90.5,100.0,7.234474611,1.0,69.58669591,69.58669591,15.0,38.2909488323,45.94913859876,0.5060519191088675
Develop predictive models and clustering,Data Scientist,54b0fc4f,Data Analyst,2.4444444444444446,1,89,DATA ANALYST,2 tahun 2 bulan,MIDDLE,26,71.3084967321,88.5,98.61111111,6.180876807,1.0,71.78045298,71.78045298,3.0,39.1925289682889,39.1925289682889,0.33454063222087554
Develop predictive models and clustering,Data Scientist,557e30ab,Data Analyst,1.6666666666666667,2,29,DATA ANALYST,3 tahun 5 bulan,MIDDLE,41,53.7861081933,85.0,100.0,4.549017204,1.0,64.81437318,64.81437318,2.0,35.13495111873333,35.13495111873333,0.23154217046469994
Develop predictive models and clustering,Data Scientist,55b2e646,Data Scientist,3.4444444444444446,1,57,AI ENGINEER,3 tahun 0 bulan,JUNIOR,36,50.15589986,90.0,100.0,0.871158899,1.3,85.36316737,85.36316737,0.0,46.86136759498889,56.23364111398667,0.7671160263845644
Develop predictive models and clustering,Data Scientist,57635c17,Data Analyst,1.4444444444444444,2,12,DATA ANALYST,3 tahun 3 bulan,MIDDLE,39,67.5095967558,90.0,99.21875,6.039999292,1.0,71.43352597,71.43352597,4.0,38.538657652988896,38.538657652988896,0.31794261681378627
Develop predictive models and clustering,Data Scientist,57ecf7ad,Data Analyst,1.0,2,27,MGT,5 tahun 1 bulan,-,61,3.4722222221,90.0,77.54010695,4.326516624,1.0,48.19519238,48.19519238,0.0,26.0134519614,26.0134519614,0.0
Develop predictive models and clustering,Data Scientist,5b749bf9,Data Engineer,1.0,3,101,DATA ENGINEER,2 tahun 3 bulan,BASIC,27,34.81372549,90.0,86.63101604,10.06283501,1.2,70.83787239,70.83787239,3.0,38.0140723667,38.0140723667,0.3046264268228542
Develop predictive models and clustering,Data Scientist,5d16d190,Data Scientist,3.2222222222222223,0,99,DATA SCIENTIST,3 tahun 1 bulan,JUNIOR,37,62.2739437442,90.0,97.74305556,28.26078997,1.0,73.16053928,73.16053928,5.0,40.289530262844444,48.34743631541333,0.5669308436317076
Develop predictive models and clustering,Data Scientist,5dc773ce,Artificial Intelligence Engineer,2.7777777777777777,0,35,DATA SCIENTIST,4 tahun 4 bulan,MIDDLE,52,72.0571603642,91.0,95.57291667,5.121161842,1.1,80.15052819,80.15052819,0.0,43.78533549625556,43.78533549625556,0.451125458209144
Develop predictive models and clustering,Data Scientist,6131e4d7,Data Engineer,3.2222222222222223,1,38,DATA ENGINEER,2 tahun 3 bulan,MIDDLE,27,58.5518732492,93.5,99.30555556,10.46636816,1.2,85.46875202,85.46875202,0.0,46.81288301504444,46.81288301504444,0.5279774001535571
Develop predictive models and clustering,Data Scientist,64S57577,Data Scientist,4.333333333333333,1,40,DATA SCIENTIST,3 tahun 9 bulan,MIDDLE,45,73.6180643087,84.5,89.32291667,3.982774045,1.0,69.5311892,69.5311892,9.0,38.888196942666674,46.665836331200005,0.5242447343110563
Develop predictive models and clustering,Data Scientist,65054asd,Data Analyst,2.3333333333333335,2,10,DATA ANALYST,3 tahun 4 bulan,JUNIOR,40,70.5590744629,99.0,0.0,4.917061944,1.0,73.99273476,73.99273476,2.0,40.312816089466665,40.312816089466665,0.3629782505451187
Develop predictive models and clustering,Data Scientist,66d21701,Data Analyst,3.3333333333333335,0,33,DATA ANALYST,4 tahun 3 bulan,JUNIOR,51,63.8499212188,81.5,83.07291667,3.823402466,1.0,64.77440963,64.77440963,0.0,35.897103770566666,35.897103770566666,0.2508888234859899
Develop predictive models and clustering,Data Scientist,6de6b041,Data Scientist,2.6666666666666665,3,16,DATA SCIENTIST,4 tahun 0 bulan,MIDDLE,48,59.6452497667,90.0,100.0,7.186353322,1.1,76.3103827,76.3103827,7.0,41.69783616433334,50.0374033972,0.6098293452246384
Develop predictive models and clustering,Data Scientist,6e0778a1,Data Scientist,3.5555555555555554,0,92,DATA SCIENTIST,3 tahun 1 bulan,JUNIOR,37,54.5927141687,70.0,97.91666667,4.665283496,1.0,57.55075558,57.55075558,2.0,32.173011568511114,38.607613882213336,0.3196930171269685
Develop predictive models and clustering,Data Scientist,6fb8c1a0,Data Scientist,1.7777777777777777,3,75,DATA SCIENTIST,3 tahun 0 bulan,BASIC,36,61.1916404063,98.0,0.0,3.823402466,1.0,70.34689224,70.34689224,0.0,38.119408442755564,45.74329013130667,0.5008266156670909
Develop predictive models and clustering,Data Scientist,7176fcb0,Data Engineer,1.3333333333333333,3,104,DATA ENGINEER,7 tahun 0 bulan,SENIOR,84,75.0633578433,80.0,33.82352941,7.122781583,1.2,79.20577781,79.20577781,10.0,42.605728905966664,42.605728905966664,0.4211820612412925
Develop predictive models and clustering,Data Scientist,77571f19,Data Analyst,1.0,2,54,DATA ANALYST,3 tahun 1 bulan,JUNIOR,37,77.8103933242,100.0,100.0,5.536442394,1.0,79.32087607,79.32087607,0.0,42.510064317099996,42.510064317099996,0.4187536899658324
Develop predictive models and clustering,Data Scientist,7L762383,Data Analyst,2.888888888888889,0,59,DATA ANALYST,1 tahun 10 bulan,MIDDLE,22,63.2588118579,88.5,94.96527778,2.554920958,1.0,68.65055253,68.65055253,0.0,37.742570618677775,37.742570618677775,0.2977345658537628
Develop predictive models and clustering,Data Scientist,7b6d04c9,Data Analyst,2.4444444444444446,3,2,DATA ANALYST,4 tahun 5 bulan,MIDDLE,53,73.2388159429,86.0,100.0,4.742239915,1.0,70.9884555,70.9884555,4.0,38.77277030388889,38.77277030388889,0.3238853845965415
Develop predictive models and clustering,Data Scientist,7ba9df08,Data Analyst,2.5555555555555554,0,25,DATA ANALYST,3 tahun 1 bulan,MIDDLE,37,56.631039916,92.5,96.35416667,0.0,1.2,82.079429,82.079429,0.0,44.70320848111111,44.70320848111111,0.47442495091956144
Develop predictive models and clustering,Data Scientist,7d317bd2,Data Scientist,1.0,2,90,DATA ANALYST,4 tahun 4 bulan,JUNIOR,52,63.7458566762,86.5,86.37152778,3.794124597,1.0,67.4194445,67.4194445,6.0,36.202305585,43.44276670199999,0.44242961547679666
Develop predictive models and clustering,Data Scientist,7dc30989,Data Scientist,3.6666666666666665,1,73,DATA SCIENTIST,3 tahun 4 bulan,JUNIOR,40,92.1873832863,90.0,0.0,8.045322081,1.0,76.69106422,76.69106422,4.0,42.36959736993334,50.84351684392001,0.6302919088750742
Develop predictive models and clustering,Data Scientist,7fe7bd2c,Data Scientist,3.5555555555555554,0,65,DATA SCIENTIST,2 tahun 2 bulan,JUNIOR,26,39.5228291321,89.5,99.30555556,6.121971713,1.0,63.07245784,63.07245784,5.0,35.09951376631111,42.119416519573335,0.40883739908355365
Develop predictive models and clustering,Data Scientist,8126543f,Data Scientist,3.111111111111111,0,85,DATA SCIENTIST,3 tahun 1 bulan,JUNIOR,37,63.1813433708,90.0,99.30555556,6.700326893,1.0,70.28096361,70.28096361,0.0,38.71113293552222,46.45335952262666,0.5188511755788899
Develop predictive models and clustering,Data Scientist,8387045b,Data Scientist,4.333333333333333,1,69,DATA SCIENTIST,4 tahun 4 bulan,MIDDLE,52,85.768554505,94.0,98.61111111,53.90204421,1.2,99.0,99.0,10.0,54.506666666666675,65.408,1.0
Develop predictive models and clustering,Data Scientist,859bd42e,Data Scientist,3.3333333333333335,0,95,DATA SCIENTIST,3 tahun 5 bulan,JUNIOR,41,91.9510387488,95.0,100.0,9.232623263,1.0,81.52852324,81.52852324,1.0,44.77678398386667,53.73214078064,0.7036173836054768
Develop predictive models and clustering,Data Scientist,85e8c8f1,Data Scientist,3.5555555555555554,0,105,DATA SCIENTIST,2 tahun 9 bulan,JUNIOR,33,86.9119456117,93.0,100.0,3.409887033,1.1,86.02380765,86.02380765,0.0,47.26372916561111,56.71647499873333,0.779372389480127
Develop predictive models and clustering,Data Scientist,8K760816,Data Analyst,2.111111111111111,0,15,DATA ANALYST,2 tahun 8 bulan,MIDDLE,32,52.4918446546,98.5,100.0,3.455357726,1.0,70.91183125,70.91183125,8.0,38.57549278472223,38.57549278472223,0.3188776480190495
Develop predictive models and clustering,Data Scientist,9ab9d681,Data Scientist,4.111111111111111,1,18,DATA SCIENTIST,3 tahun 0 bulan,MIDDLE,36,31.3339898458,92.0,100.0,52.63227356,1.0,68.97507879,68.97507879,3.0,38.48901398092222,46.186816777106664,0.5120851950361297
Develop predictive models and clustering,Data Scientist,a016ffe0,Data Scientist,4.0,1,26,DATA SCIENTIST,3 tahun 1 bulan,MIDDLE,37,82.0345763308,64.0,34.49197861,6.239432544,1.2,71.75887324,71.75887324,3.0,39.912202817200004,47.894643380640005,0.5554370467151986
Develop predictive models and clustering,Data Scientist,a20ce132,Data Analyst,4.111111111111111,1,22,DATA ANALYST,2 tahun 9 bulan,MIDDLE,33,84.2864145654,95.0,98.61111111,10.2440888,1.2,95.23244671,95.23244671,0.0,52.40541897852223,52.40541897852223,0.6699395812654725
Develop predictive models and clustering,Data Scientist,a77b4e68,Data Scientist,1.6666666666666667,2,80,MGT,2 tahun 5 bulan,-,29,80.6774626521,90.0,100.0,29.57650728,1.0,78.85832029,78.85832029,0.0,42.57824308703333,51.09389170443999,0.6366474802164349
Develop predictive models and clustering,Data Scientist,a9fcd0c5,Data Analyst,1.5555555555555556,2,23,DATA ANALYST,2 tahun 1 bulan,MIDDLE,25,86.9994864617,91.5,100.0,7.075545771,1.1,85.847875,85.847875,9.0,46.230484861111115,46.230484861111115,0.5131936754269103
Develop predictive models and clustering,Data Scientist,ae73e946,Data Analyst,1.8888888888888888,2,72,DATA SCIENTIST,3 tahun 5 bulan,JUNIOR,41,83.7572654062,85.0,97.91666667,10.90515878,1.0,74.34235311,74.34235311,7.0,40.289224926077786,40.289224926077786,0.36237940718827233
Develop predictive models and clustering,Data Scientist,afb96c1d,Data Analyst,2.7777777777777777,0,19,DATA ANALYST,2 tahun 8 bulan,JUNIOR,32,77.4700746967,84.5,100.0,6.630101873,1.0,71.7649257,71.7649257,2.0,39.34096617655556,39.34096617655556,0.33830859544566544
Develop predictive models and clustering,Data Scientist,aff5a1f7,Data Engineer,2.5555555555555554,3,96,DATA ENGINEER,2 tahun 7 bulan,JUNIOR,31,69.9306139125,90.0,98.61111111,7.174163182,1.2,86.72069722,86.72069722,0.0,47.16308063771112,47.16308063771112,0.5368668947689933
Develop predictive models and clustering,Data Scientist,b0519d51,Data Scientist,3.111111111111111,0,43,DATA SCIENTIST,4 tahun 1 bulan,JUNIOR,49,66.8638392858,92.0,99.30555556,4.723839233,1.1,79.24054742,79.24054742,0.0,43.45971235482222,52.151654825786665,0.6634979753740452
Develop predictive models and clustering,Data Scientist,b7ddf289,Artificial Intelligence Engineer,3.2222222222222223,1,44,DATA SCIENTIST,1 tahun 2 bulan,JUNIOR,14,78.282819795,95.0,100.0,11.82325385,1.0,77.94660283,77.94660283,9.0,42.826143944344444,42.826143944344444,0.42677712577057225
Develop predictive models and clustering,Data Scientist,be2d891b,Data Scientist,3.7777777777777777,1,14,AI ENGINEER,2 tahun 3 bulan,JUNIOR,27,70.2197654063,95.0,0.0,0.33375087,1.3,92.33751534,92.33751534,3.0,50.71443868575555,60.85732642290666,0.8844846862404805
Develop predictive models and clustering,Data Scientist,beb45f59,Data Analyst,1.5555555555555556,2,68,DATA ANALYST,3 tahun 4 bulan,MIDDLE,40,86.1330823996,80.0,98.61111111,6.436879162,1.0,71.94756403,71.94756403,2.0,38.86332004701111,38.86332004701111,0.32618391948602654
Develop predictive models and clustering,Data Scientist,c0b0190c,Data Analyst,3.6666666666666665,1,17,DATA SCIENTIST,6 tahun 5 bulan,MIDDLE,77,29.2835988563,84.0,22.19251337,4.068139436,1.0,53.16264673,53.16264673,29.0,29.899536100233334,29.899536100233334,0.09864522712700313
Develop predictive models and clustering,Data Scientist,c13b7f6c,Data Analyst,1.8888888888888888,2,34,DATA ANALYST,3 tahun 1 bulan,MIDDLE,37,87.4991246496,90.0,100.0,12.60600857,1.0,78.2842696,78.2842696,8.0,42.37844066577778,42.37844066577778,0.41541252582318894
Develop predictive models and clustering,Data Scientist,c4acf473,Data Analyst,1.2222222222222223,3,107,DATA ANALYST,2 tahun 9 bulan,JUNIOR,33,79.9589169,86.5,93.31597222,0.0,1.0,72.02498398,72.02498398,0.0,38.747685953844446,38.747685953844446,0.32324863785636143
Develop predictive models and clustering,Data Scientist,c5c364b3,Data Analyst,2.0,0,60,DATA ANALYST,1 tahun 1 bulan,JUNIOR,13,40.932846055,100.0,16.57754011,1.742317797,1.0,64.65542017,64.65542017,0.0,35.2073726901,35.2073726901,0.23338053579626072
Develop predictive models and clustering,Data Scientist,c615b19e,Data Engineer,2.7777777777777777,3,63,DATA SCIENTIST,4 tahun 4 bulan,JUNIOR,52,71.0338060221,88.0,96.52777778,3.953496176,1.0,70.97960925,70.97960925,9.0,38.924748458055554,38.924748458055554,0.3277432319823714
Develop predictive models and clustering,Data Scientist,ccc8525a,Data Scientist,3.6666666666666665,1,47,DATA SCIENTIST,1 tahun 0 bulan,BASIC,12,75.7084500467,90.0,0.0,0.0,1.0,70.11863666,70.11863666,16.0,38.88621076313334,46.66345291576001,0.5241842331615659
Develop predictive models and clustering,Data Scientist,cdb6bf28,Artificial Intelligence Engineer,4.666666666666667,1,6,AI ENGINEER,7 tahun 1 bulan,MIDDLE,85,81.6822187204,91.0,0.0,3.667866596,1.3,95.09100733,95.09100733,14.0,52.59156721823334,52.59156721823334,0.6746648097292872
Develop predictive models and clustering,Data Scientist,cf9338b5,Data Scientist,2.7777777777777777,0,74,DATA SCIENTIST,1 tahun 0 bulan,BASIC,12,82.0043154762,90.0,35.29411765,3.321482848,1.0,72.67275856,72.67275856,8.0,39.82211759235556,47.78654111082667,0.5526929545705848
Develop predictive models and clustering,Data Scientist,d08b974d,Data Analyst,1.8888888888888888,0,86,DATA ANALYST,2 tahun 9 bulan,MIDDLE,33,58.8772058825,93.5,97.91666667,0.871158899,1.0,69.7799626,69.7799626,0.0,37.87115795577778,37.87115795577778,0.3009986555185056
Develop predictive models and clustering,Data Scientist,d8c9672c,Data Analyst,3.4444444444444446,1,82,DATA ANALYST,2 tahun 4 bulan,MIDDLE,28,73.7417775442,90.5,95.05208333,9.595209262,1.0,73.7469197,73.7469197,0.0,40.704756329888895,40.704756329888895,0.37292734908632275
Develop predictive models and clustering,Data Scientist,ecc200ca,Data Engineer,2.0,3,56,DATA ENGINEER,1 tahun 9 bulan,MIDDLE,21,71.0850840338,89.0,99.30555556,5.758942974,1.2,86.333236,86.333236,2.0,46.69661508,46.69661508,0.5250260289401973
Develop predictive models and clustering,Data Scientist,eed0f189,Data Analyst,2.4444444444444446,3,45,DATA ANALYST,2 tahun 10 bulan,MIDDLE,34,69.240079365,96.0,70.49910873,48.01347408,1.0,79.53001534,79.53001534,4.0,43.2997970190889,43.2997970190889,0.438800441135946
Develop predictive models and clustering,Data Scientist,f007ee36,Artificial Intelligence Engineer,4.0,0,70,AI ENGINEER,2 tahun 0 bulan,MIDDLE,24,40.1500350142,90.0,99.30555556,2.332863117,1.3,81.80872206,81.80872206,2.0,45.2386226918,45.2386226918,0.4880160247444033
Develop predictive models and clustering,Data Scientist,f2f08a05,Data Engineer,1.0,3,94,DATA ENGINEER,2 tahun 5 bulan,JUNIOR,29,59.4675711954,87.0,99.30555556,7.027424482,1.2,81.33092925,81.33092925,1.0,43.5753925025,43.5753925025,0.4457962183978419
Develop predictive models and clustering,Data Scientist,f6f88029,Data Analyst,1.2222222222222223,2,100,MGT,4 tahun 3 bulan,-,51,4.3391106446,90.0,78.20855615,6.010278684,1.0,48.76020407,48.76020407,0.0,26.417352601544447,26.417352601544447,0.010252703997230573
Develop predictive models and clustering,Data Scientist,fbc7621c,Data Scientist,2.888888888888889,0,93,DATA SCIENTIST,8 tahun 6 bulan,MIDDLE,102,58.3732609713,75.0,100.0,12.17940809,1.0,62.37965806,62.37965806,0.0,34.41899654957778,41.30279585949333,0.38810811798405087
Develop predictive models and clustering,Data Scientist,ff56a859,Data Scientist,3.888888888888889,0,97,DATA SCIENTIST,4 tahun 3 bulan,JUNIOR,51,71.9907037817,89.5,95.83333333,11.98196147,1.0,73.15820762,73.15820762,3.0,40.60162781637778,48.721953379653336,0.5764376683799708
Ensure data security and integrity,Data Engineer,006bac9a,Data Analyst,3.1818181818181817,3,7,DATA ANALYST,2 tahun 5 bulan,JUNIOR,29,24.3446545288,90.0,100.0,10.68886874,1.0,59.64183706,59.64183706,2.0,33.105628187254545,33.105628187254545,0.19677817543504184
Ensure data security and integrity,Data Engineer,00c74be4,Data Scientist,2.8181818181818183,3,106,DATA SCIENTIST,5 tahun 10 bulan,MIDDLE,70,65.8296276846,90.0,70.58823529,2.714292537,1.0,67.48966658,67.48966658,9.0,37.09406874194546,37.09406874194546,0.30744069004121816
Ensure data security and integrity,Data Engineer,01c8c0ef,Data Scientist,3.8181818181818183,1,67,DATA SCIENTIST,2 tahun 2 bulan,SENIOR,26,77.0315563725,92.0,96.35416667,6.32783673,1.1,82.53917202,82.53917202,3.0,45.540306625145455,45.540306625145455,0.5417884032138648
Ensure data security and integrity,Data Engineer,01d1846b,Data Analyst,2.4545454545454546,0,77,DATA ANALYST,4 tahun 3 bulan,JUNIOR,51,76.130287115,84.0,91.92708333,7.89858338,1.0,70.77981892,70.77981892,2.0,38.666940391236366,38.666940391236366,0.3510812882842033
Ensure data security and integrity,Data Engineer,03ad7f49,Data Scientist,1.4545454545454546,2,91,DATA SCIENTIST,3 tahun 4 bulan,JUNIOR,40,75.1958741829,90.0,0.0,4.519739335,1.0,70.74391915,70.74391915,2.0,38.17791351313636,38.17791351313636,0.33751284134398096
Ensure data security and integrity,Data Engineer,0514ff91,Data Scientist,1.7272727272727273,0,37,DATA SCIENTIST,3 tahun 4 bulan,MIDDLE,40,75.6379551821,90.0,100.0,11.44256681,1.0,74.661971,74.661971,4.0,40.38266281181818,40.38266281181818,0.39868539691369564
Ensure data security and integrity,Data Engineer,056cd3f9,Data Engineer,3.727272727272727,3,48,DATA ENGINEER,7 tahun 7 bulan,SENIOR,91,80.4681314192,90.0,34.22459893,5.168397654,1.3,94.26532683,94.26532683,0.0,51.71244140171819,62.054929682061825,1.0
Ensure data security and integrity,Data Engineer,05eed8dc,Data Engineer,3.909090909090909,3,49,DATA ENGINEER,2 tahun 5 bulan,MIDDLE,29,62.7957662233,95.0,99.21875,8.595362988,1.2,87.48866032,87.48866032,8.0,48.20626269687273,57.84751523624727,0.8832618773729543
Ensure data security and integrity,Data Engineer,106760ca,Data Engineer,5.0,1,21,DATA ENGINEER,1 tahun 11 bulan,MIDDLE,23,71.4513888888,91.25,100.0,8.016044212,1.2,88.25251765,88.25251765,3.0,49.123834354500005,58.948601225400004,0.9138124002368242
Ensure data security and integrity,Data Engineer,123117c9,Data Analyst,1.6363636363636365,2,32,DATA ANALYST,4 tahun 2 bulan,MIDDLE,50,70.4449813258,95.0,100.0,3.648580437,1.0,74.43733436,74.43733436,2.0,40.220878119890905,40.220878119890905,0.3941965495589567
Ensure data security and integrity,Data Engineer,14d4dbd6,Data Analyst,1.2727272727272727,2,108,DATA ANALYST,4 tahun 2 bulan,JUNIOR,50,79.6974498133,80.5,98.4375,3.111615146,1.0,69.81056917,69.81056917,9.0,37.59778347828182,37.59778347828182,0.32141666350824355
Ensure data security and integrity,Data Engineer,1551c5ff,Data Analyst,1.3636363636363635,2,66,DATA ANALYST,2 tahun 5 bulan,JUNIOR,29,79.0374358075,90.0,100.0,15.2788331,1.0,76.22782609,76.22782609,2.0,41.04165691860909,41.04165691860909,0.41696972232061774
Ensure data security and integrity,Data Engineer,1667415a,Data Analyst,3.0,0,50,DATA ANALYST,4 tahun 1 bulan,JUNIOR,49,73.4773576096,90.0,100.0,10.26693491,1.0,73.85696587,73.85696587,1.0,40.5541919111,40.5541919111,0.40344461074536064
Ensure data security and integrity,Data Engineer,1672e04a,Data Analyst,3.5454545454545454,3,41,DATA ANALYST,4 tahun 3 bulan,JUNIOR,51,69.8277310925,86.0,100.0,7.456011595,1.0,70.40596081,70.40596081,4.0,38.981522865663635,38.981522865663635,0.3598096339104684
Ensure data security and integrity,Data Engineer,17466c54,Data Analyst,1.8181818181818181,2,11,DATA ANALYST,3 tahun 1 bulan,JUNIOR,37,49.8728816529,90.0,100.0,7.676082801,1.0,66.60685575,66.60685575,0.0,36.15617900204545,36.15617900204545,0.281418179333719
Ensure data security and integrity,Data Engineer,1893af41,Data Analyst,2.0,2,103,DATA SCIENTIST,1 tahun 1 bulan,JUNIOR,13,37.5269607842,98.0,29.01069519,0.0,1.0,62.25313576,62.25313576,3.0,33.9341619528,33.9341619528,0.2197665160343639
Ensure data security and integrity,Data Engineer,1dbecdbe,Data Scientist,1.7272727272727273,0,4,DATA SCIENTIST,2 tahun 3 bulan,JUNIOR,27,85.3527602713,90.0,99.30555556,6.414697312,1.0,76.68127695,76.68127695,5.0,41.45289496531818,41.45289496531818,0.428379855109744
Ensure data security and integrity,Data Engineer,29e9efd9,Data Engineer,4.0,3,61,DATA ENGINEER,3 tahun 1 bulan,MIDDLE,37,72.8804563492,94.0,99.30555556,9.72908414,1.2,90.62742563,90.62742563,0.0,49.91253558390001,59.89504270068001,0.9400721857710179
Ensure data security and integrity,Data Engineer,2d801262,Data Analyst,3.090909090909091,0,9,DATA ANALYST,2 tahun 10 bulan,MIDDLE,34,80.3460259104,90.0,95.74652778,10.27336667,1.1,83.12594823,83.12594823,9.0,45.50947983462728,45.50947983462728,0.5409330889352134
Ensure data security and integrity,Data Engineer,31e8a51f,Data Scientist,2.3636363636363638,0,98,DATA SCIENTIST,2 tahun 9 bulan,JUNIOR,33,52.8933765175,90.0,65.10695187,6.407601293,1.0,64.07121964,64.07121964,0.0,35.06865550010909,35.06865550010909,0.2512439586659325
Ensure data security and integrity,Data Engineer,3350383a,Artificial Intelligence Engineer,4.0,1,30,AI ENGINEER,3 tahun 9 bulan,MIDDLE,45,54.1797239725,95.5,96.44097222,11.49637749,1.3,92.17002068,92.17002068,0.0,50.730110960400005,50.730110960400005,0.6857837292512138
Ensure data security and integrity,Data Engineer,365fc87a,Data Analyst,2.1818181818181817,0,110,DATA ANALYST,2 tahun 5 bulan,BASIC,29,80.8585434175,90.0,8.155080214,6.607477284,1.0,72.88466719,72.88466719,3.0,39.65432815615455,39.65432815615455,0.3784771617989048
Ensure data security and integrity,Data Engineer,36cf70f2,Artificial Intelligence Engineer,2.727272727272727,1,58,AI ENGINEER,2 tahun 5 bulan,MIDDLE,29,43.5532358775,89.5,100.0,11.83988942,1.3,84.69716654,84.69716654,4.0,46.17131644801818,46.17131644801818,0.5592962819907381
Ensure data security and integrity,Data Engineer,3951d86b,Data Scientist,4.636363636363637,1,78,DATA SCIENTIST,3 tahun 1 bulan,JUNIOR,37,55.4426062092,95.0,100.0,4.279280813,1.0,70.17243405,70.17243405,0.0,39.370480955590914,39.370480955590914,0.3706015912475644
Ensure data security and integrity,Data Engineer,39c4596a,Data Scientist,2.4545454545454546,0,42,DATA SCIENTIST,3 tahun 5 bulan,JUNIOR,41,60.7098506071,80.0,97.91666667,4.694561364,1.0,64.25018915,64.25018915,0.0,35.20623661313637,35.20623661313637,0.2550612581144623
Ensure data security and integrity,Data Engineer,3cac7e99,Data Scientist,2.4545454545454546,0,88,DATA SCIENTIST,10 tahun 2 bulan,SENIOR,122,88.3660831,98.0,34.22459893,51.7318368,1.0,87.21080158,87.21080158,0.0,47.37536120103636,47.37536120103636,0.5927034791747738
Ensure data security and integrity,Data Engineer,42e7a026,Data Analyst,2.909090909090909,0,64,DATA ANALYST,2 tahun 6 bulan,JUNIOR,30,73.5210696779,89.0,99.21875,4.472503523,1.0,72.45268383,72.45268383,2.0,39.76719515717273,39.76719515717273,0.38160874818648166
Ensure data security and integrity,Data Engineer,46fd6e1c,Data Analyst,2.0,2,5,DATA SCIENTIST,1 tahun 2 bulan,JUNIOR,14,67.4580357142,90.0,100.0,11.7055718,1.0,72.32438573,72.32438573,0.0,39.2719244369,39.2719244369,0.3678670607864448
Ensure data security and integrity,Data Engineer,47d42365,Data Engineer,4.363636363636363,3,53,DATA ENGINEER,4 tahun 4 bulan,JUNIOR,52,71.9768703312,91.5,97.82986111,3.794124597,1.2,87.64556985,87.64556985,3.0,48.503061111409096,58.203673333690915,0.8931437723441882
Ensure data security and integrity,Data Engineer,4cba2f2d,Artificial Intelligence Engineer,2.4545454545454546,0,36,AI ENGINEER,1 tahun 7 bulan,JUNIOR,19,66.0502450979,95.0,100.0,5.817498712,1.2,84.80862745,84.80862745,5.0,46.10220891213637,46.10220891213637,0.557378837417088
Ensure data security and integrity,Data Engineer,4d57b04b,Data Scientist,2.4545454545454546,0,20,DATA SCIENTIST,3 tahun 11 bulan,MIDDLE,47,60.9976657327,96.5,91.31944444,1.268481508,1.1,78.63807432,78.63807432,0.0,42.83181575323637,42.83181575323637,0.46663912956584336
Ensure data security and integrity,Data Engineer,516J6855,Data Scientist,2.090909090909091,0,46,DATA SCIENTIST,2 tahun 5 bulan,JUNIOR,29,54.7360673438,80.0,96.96180556,11.10881594,1.0,63.41641108,63.41641108,1.0,34.59342514512728,34.59342514512728,0.23805830743750434
Ensure data security and integrity,Data Engineer,528f3560,Data Analyst,1.6363636363636365,2,55,DATA SCIENTIST,7 tahun 0 bulan,SENIOR,84,32.3536327033,90.0,94.11764706,44.61622935,1.0,64.269703,64.269703,0.0,34.83203349909091,34.83203349909091,0.24467868953762134
Ensure data security and integrity,Data Engineer,528f3560,Data Analyst,1.6363636363636365,2,55,DATA SCIENTIST,7 tahun 0 bulan,SENIOR,84,32.3536327033,90.0,94.11764706,44.61622935,1.0,64.269703,64.269703,0.0,34.83203349909091,34.83203349909091,0.24467868953762134
Ensure data security and integrity,Data Engineer,5312eea4,Data Analyst,3.0,3,84,DATA ANALYST,2 tahun 2 bulan,MIDDLE,26,49.7969187675,86.0,92.79513889,46.9198146,1.0,70.0469465,70.0469465,2.0,38.534881645,38.534881645,0.34741721137648374
Ensure data security and integrity,Data Engineer,544a3d1a,Data Scientist,2.4545454545454546,0,62,DATA SCIENTIST,4 tahun 2 bulan,MIDDLE,50,59.509354575,90.5,100.0,7.234474611,1.0,69.58669591,69.58669591,15.0,38.03458519593637,38.03458519593637,0.3335360810593209
Ensure data security and integrity,Data Engineer,54b0fc4f,Data Analyst,3.727272727272727,1,89,DATA ANALYST,2 tahun 2 bulan,MIDDLE,26,71.3084967321,88.5,98.61111111,6.180876807,1.0,71.78045298,71.78045298,3.0,39.79545826121819,39.79545826121819,0.3823929309068604
Ensure data security and integrity,Data Engineer,557e30ab,Data Analyst,1.6363636363636365,2,29,DATA ANALYST,3 tahun 5 bulan,MIDDLE,41,53.7861081933,85.0,100.0,4.549017204,1.0,64.81437318,64.81437318,2.0,35.12070869449091,35.12070869449091,0.2526882167173159
Ensure data security and integrity,Data Engineer,55b2e646,Data Scientist,3.3636363636363638,1,57,AI ENGINEER,3 tahun 0 bulan,JUNIOR,36,50.15589986,90.0,100.0,0.871158899,1.3,85.36316737,85.36316737,0.0,46.82338779700909,46.82338779700909,0.5773885298737124
Ensure data security and integrity,Data Engineer,57635c17,Data Analyst,1.3636363636363635,2,12,DATA ANALYST,3 tahun 3 bulan,MIDDLE,39,67.5095967558,90.0,99.21875,6.039999292,1.0,71.43352597,71.43352597,4.0,38.500677855009094,38.500677855009094,0.34646819951143204
Ensure data security and integrity,Data Engineer,57ecf7ad,Data Analyst,1.0,2,27,MGT,5 tahun 1 bulan,-,61,3.4722222221,90.0,77.54010695,4.326516624,1.0,48.19519238,48.19519238,0.0,26.0134519614,26.0134519614,0.0
Ensure data security and integrity,Data Engineer,5b749bf9,Data Engineer,3.0,3,101,DATA ENGINEER,2 tahun 3 bulan,BASIC,27,34.81372549,90.0,86.63101604,10.06283501,1.2,70.83787239,70.83787239,3.0,38.9540723667,46.744886840039996,0.5752104572214889
Ensure data security and integrity,Data Engineer,5d16d190,Data Scientist,2.4545454545454546,0,99,DATA SCIENTIST,3 tahun 1 bulan,JUNIOR,37,62.2739437442,90.0,97.74305556,28.26078997,1.0,73.16053928,73.16053928,5.0,39.92872218203637,39.92872218203637,0.38609044635977935
Ensure data security and integrity,Data Engineer,5dc773ce,Artificial Intelligence Engineer,3.6363636363636362,0,35,DATA SCIENTIST,4 tahun 4 bulan,MIDDLE,52,72.0571603642,91.0,95.57291667,5.121161842,1.1,80.15052819,80.15052819,0.0,44.188870849790916,44.188870849790916,0.5042917226995753
Ensure data security and integrity,Data Engineer,6131e4d7,Data Engineer,4.818181818181818,1,38,DATA ENGINEER,2 tahun 3 bulan,MIDDLE,27,58.5518732492,93.5,99.30555556,10.46636816,1.2,85.46875202,85.46875202,0.0,47.562984025145454,57.075580830174545,0.861843931858745
Ensure data security and integrity,Data Engineer,64S57577,Data Scientist,3.6363636363636362,1,40,DATA SCIENTIST,3 tahun 9 bulan,MIDDLE,45,73.6180643087,84.5,89.32291667,3.982774045,1.0,69.5311892,69.5311892,9.0,38.560621185090916,38.560621185090916,0.34813137577036374
Ensure data security and integrity,Data Engineer,65054asd,Data Analyst,1.6363636363636365,2,10,DATA ANALYST,3 tahun 4 bulan,JUNIOR,40,70.5590744629,99.0,0.0,4.917061944,1.0,73.99273476,73.99273476,2.0,39.98524033189091,39.98524033189091,0.3876585882182398
Ensure data security and integrity,Data Engineer,66d21701,Data Analyst,2.6363636363636362,0,33,DATA ANALYST,4 tahun 3 bulan,JUNIOR,51,63.8499212188,81.5,83.07291667,3.823402466,1.0,64.77440963,64.77440963,0.0,35.56952801299091,35.56952801299091,0.26514107234045536
Ensure data security and integrity,Data Engineer,6de6b041,Data Scientist,3.0,3,16,DATA SCIENTIST,4 tahun 0 bulan,MIDDLE,48,59.6452497667,90.0,100.0,7.186353322,1.1,76.3103827,76.3103827,7.0,41.854502831000005,41.854502831000005,0.4395227907239403
Ensure data security and integrity,Data Engineer,6e0778a1,Data Scientist,2.090909090909091,0,92,DATA SCIENTIST,3 tahun 1 bulan,JUNIOR,37,54.5927141687,70.0,97.91666667,4.665283496,1.0,57.55075558,57.55075558,2.0,31.484627730127276,31.484627730127276,0.15180220442489692
Ensure data security and integrity,Data Engineer,6fb8c1a0,Data Scientist,3.0,3,75,DATA SCIENTIST,3 tahun 0 bulan,BASIC,36,61.1916404063,98.0,0.0,3.823402466,1.0,70.34689224,70.34689224,0.0,38.6938528872,38.6938528872,0.3518279972890954
Ensure data security and integrity,Data Engineer,7176fcb0,Data Engineer,4.0,3,104,DATA ENGINEER,7 tahun 0 bulan,SENIOR,84,75.0633578433,80.0,33.82352941,7.122781583,1.2,79.20577781,79.20577781,10.0,43.8590622393,52.63087468716,0.738521958840239
Ensure data security and integrity,Data Engineer,77571f19,Data Analyst,1.8181818181818181,2,54,DATA ANALYST,3 tahun 1 bulan,JUNIOR,37,77.8103933242,100.0,100.0,5.536442394,1.0,79.32087607,79.32087607,0.0,42.89460977164545,42.89460977164545,0.4683814004820294
Ensure data security and integrity,Data Engineer,7L762383,Data Analyst,3.1818181818181817,0,59,DATA ANALYST,1 tahun 10 bulan,MIDDLE,22,63.2588118579,88.5,94.96527778,2.554920958,1.0,68.65055253,68.65055253,0.0,37.88024738635454,37.88024738635454,0.3292538534886863
Ensure data security and integrity,Data Engineer,7b6d04c9,Data Analyst,2.8181818181818183,3,2,DATA ANALYST,4 tahun 5 bulan,MIDDLE,53,73.2388159429,86.0,100.0,4.742239915,1.0,70.9884555,70.9884555,4.0,38.94842686954546,38.94842686954546,0.358891358683945
Ensure data security and integrity,Data Engineer,7ba9df08,Data Analyst,3.4545454545454546,0,25,DATA ANALYST,3 tahun 1 bulan,MIDDLE,37,56.631039916,92.5,96.35416667,0.0,1.2,82.079429,82.079429,0.0,45.125733733636366,45.125733733636366,0.5302857424538865
Ensure data security and integrity,Data Engineer,7d317bd2,Data Scientist,1.2727272727272727,2,90,DATA ANALYST,4 tahun 4 bulan,JUNIOR,52,63.7458566762,86.5,86.37152778,3.794124597,1.0,67.4194445,67.4194445,6.0,36.33048740318182,36.33048740318182,0.2862545071471162
Ensure data security and integrity,Data Engineer,7dc30989,Data Scientist,3.1818181818181817,1,73,DATA SCIENTIST,3 tahun 4 bulan,JUNIOR,40,92.1873832863,90.0,0.0,8.045322081,1.0,76.69106422,76.69106422,4.0,42.141718582054544,42.141718582054544,0.44749182443783503
Ensure data security and integrity,Data Engineer,7fe7bd2c,Data Scientist,2.090909090909091,0,65,DATA SCIENTIST,2 tahun 2 bulan,JUNIOR,26,39.5228291321,89.5,99.30555556,6.121971713,1.0,63.07245784,63.07245784,5.0,34.41112992792728,34.41112992792728,0.23300037894154
Ensure data security and integrity,Data Engineer,8126543f,Data Scientist,2.272727272727273,0,85,DATA SCIENTIST,3 tahun 1 bulan,JUNIOR,37,63.1813433708,90.0,99.30555556,6.700326893,1.0,70.28096361,70.28096361,0.0,38.31709253148182,38.31709253148182,0.34137447597017917
Ensure data security and integrity,Data Engineer,8387045b,Data Scientist,3.6363636363636362,1,69,DATA SCIENTIST,4 tahun 4 bulan,MIDDLE,52,85.768554505,94.0,98.61111111,53.90204421,1.2,99.0,99.0,10.0,54.17909090909092,54.17909090909092,0.7814784722754069
Ensure data security and integrity,Data Engineer,859bd42e,Data Scientist,3.0,0,95,DATA SCIENTIST,3 tahun 5 bulan,JUNIOR,41,91.9510387488,95.0,100.0,9.232623263,1.0,81.52852324,81.52852324,1.0,44.6201173172,44.6201173172,0.5162570053317538
Ensure data security and integrity,Data Engineer,85e8c8f1,Data Scientist,2.6363636363636362,0,105,DATA SCIENTIST,2 tahun 9 bulan,JUNIOR,33,86.9119456117,93.0,100.0,3.409887033,1.1,86.02380765,86.02380765,0.0,46.83170896359091,46.83170896359091,0.5776194073822961
Ensure data security and integrity,Data Engineer,8K760816,Data Analyst,2.4545454545454546,0,15,DATA ANALYST,2 tahun 8 bulan,MIDDLE,32,52.4918446546,98.5,100.0,3.455357726,1.0,70.91183125,70.91183125,8.0,38.73690692613637,38.73690692613637,0.35302256648157015
Ensure data security and integrity,Data Engineer,9ab9d681,Data Scientist,3.1818181818181817,1,18,DATA SCIENTIST,3 tahun 0 bulan,MIDDLE,36,31.3339898458,92.0,100.0,52.63227356,1.0,68.97507879,68.97507879,3.0,38.052246304154544,38.052246304154544,0.3340261028157831
Ensure data security and integrity,Data Engineer,a016ffe0,Data Scientist,2.727272727272727,1,26,DATA SCIENTIST,3 tahun 1 bulan,MIDDLE,37,82.0345763308,64.0,34.49197861,6.239432544,1.2,71.75887324,71.75887324,3.0,39.31402099901818,39.31402099901818,0.36903506400885566
Ensure data security and integrity,Data Engineer,a20ce132,Data Analyst,4.363636363636363,1,22,DATA ANALYST,2 tahun 9 bulan,MIDDLE,33,84.2864145654,95.0,98.61111111,10.2440888,1.2,95.23244671,95.23244671,0.0,52.5241058472091,52.5241058472091,0.7355595708721758
Ensure data security and integrity,Data Engineer,a77b4e68,Data Scientist,1.8181818181818181,2,80,MGT,2 tahun 5 bulan,-,29,80.6774626521,90.0,100.0,29.57650728,1.0,78.85832029,78.85832029,0.0,42.64945520824545,42.64945520824545,0.4615793884973916
Ensure data security and integrity,Data Engineer,a9fcd0c5,Data Analyst,2.090909090909091,2,23,DATA ANALYST,2 tahun 1 bulan,MIDDLE,25,86.9994864617,91.5,100.0,7.075545771,1.1,85.847875,85.847875,9.0,46.48210102272728,46.48210102272728,0.5679192518122815
Ensure data security and integrity,Data Engineer,ae73e946,Data Analyst,1.2727272727272727,2,72,DATA SCIENTIST,3 tahun 5 bulan,JUNIOR,41,83.7572654062,85.0,97.91666667,10.90515878,1.0,74.34235311,74.34235311,7.0,39.99962896648183,39.99962896648183,0.3880578125425708
Ensure data security and integrity,Data Engineer,afb96c1d,Data Analyst,2.727272727272727,0,19,DATA ANALYST,2 tahun 8 bulan,JUNIOR,32,77.4700746967,84.5,100.0,6.630101873,1.0,71.7649257,71.7649257,2.0,39.317228802818185,39.317228802818185,0.3691240671242347
Ensure data security and integrity,Data Engineer,aff5a1f7,Data Engineer,4.545454545454546,3,96,DATA ENGINEER,2 tahun 7 bulan,JUNIOR,31,69.9306139125,90.0,98.61111111,7.174163182,1.2,86.72069722,86.72069722,0.0,48.09833316296364,57.717999795556366,0.8796683665381682
Ensure data security and integrity,Data Engineer,b0519d51,Data Scientist,2.1818181818181817,0,43,DATA SCIENTIST,4 tahun 1 bulan,JUNIOR,49,66.8638392858,92.0,99.30555556,4.723839233,1.1,79.24054742,79.24054742,0.0,43.02294467805454,43.02294467805454,0.4719421564367034
Ensure data security and integrity,Data Engineer,b7ddf289,Artificial Intelligence Engineer,2.8181818181818183,1,44,DATA SCIENTIST,1 tahun 2 bulan,JUNIOR,14,78.282819795,95.0,100.0,11.82325385,1.0,77.94660283,77.94660283,9.0,42.63624495444546,42.63624495444546,0.46121285930282374
Ensure data security and integrity,Data Engineer,be2d891b,Data Scientist,4.181818181818182,1,14,AI ENGINEER,2 tahun 3 bulan,JUNIOR,27,70.2197654063,95.0,0.0,0.33375087,1.3,92.33751534,92.33751534,3.0,50.904337675654546,50.904337675654546,0.690617790623638
Ensure data security and integrity,Data Engineer,beb45f59,Data Analyst,1.6363636363636365,2,68,DATA ANALYST,3 tahun 4 bulan,MIDDLE,40,86.1330823996,80.0,98.61111111,6.436879162,1.0,71.94756403,71.94756403,2.0,38.9012998449909,38.9012998449909,0.3575837812055794
Ensure data security and integrity,Data Engineer,c0b0190c,Data Analyst,4.454545454545454,1,17,DATA SCIENTIST,6 tahun 5 bulan,MIDDLE,77,29.2835988563,84.0,22.19251337,4.068139436,1.0,53.16264673,53.16264673,29.0,30.269839130536365,30.269839130536365,0.11809691051308549
Ensure data security and integrity,Data Engineer,c13b7f6c,Data Analyst,1.2727272727272727,2,34,DATA ANALYST,3 tahun 1 bulan,MIDDLE,37,87.4991246496,90.0,100.0,12.60600857,1.0,78.2842696,78.2842696,8.0,42.088844706181824,42.088844706181824,0.44602479591357425
Ensure data security and integrity,Data Engineer,c4acf473,Data Analyst,3.1818181818181817,3,107,DATA ANALYST,2 tahun 9 bulan,JUNIOR,33,79.9589169,86.5,93.31597222,0.0,1.0,72.02498398,72.02498398,0.0,39.66869605485454,39.66869605485454,0.3788758107891419
Ensure data security and integrity,Data Engineer,c5c364b3,Data Analyst,2.909090909090909,0,60,DATA ANALYST,1 tahun 1 bulan,JUNIOR,13,40.932846055,100.0,16.57754011,1.742317797,1.0,64.65542017,64.65542017,0.0,35.63464541737273,35.63464541737273,0.2669478074828519
Ensure data security and integrity,Data Engineer,c615b19e,Data Engineer,3.8181818181818183,3,63,DATA SCIENTIST,4 tahun 4 bulan,JUNIOR,52,71.0338060221,88.0,96.52777778,3.953496176,1.0,70.97960925,70.97960925,9.0,39.41373835704545,47.296486028454545,0.5905150236071877
Ensure data security and integrity,Data Engineer,ccc8525a,Data Scientist,3.1818181818181817,1,47,DATA SCIENTIST,1 tahun 0 bulan,BASIC,12,75.7084500467,90.0,0.0,0.0,1.0,70.11863666,70.11863666,16.0,38.65833197525455,38.65833197525455,0.3508424408082885
Ensure data security and integrity,Data Engineer,cdb6bf28,Artificial Intelligence Engineer,3.6363636363636362,1,6,AI ENGINEER,7 tahun 1 bulan,MIDDLE,85,81.6822187204,91.0,0.0,3.667866596,1.3,95.09100733,95.09100733,14.0,52.10732479399091,52.10732479399091,0.7239956428765362
Ensure data security and integrity,Data Engineer,cf9338b5,Data Scientist,2.1818181818181817,0,74,DATA SCIENTIST,1 tahun 0 bulan,BASIC,12,82.0043154762,90.0,35.29411765,3.321482848,1.0,72.67275856,72.67275856,8.0,39.54201658225455,39.54201658225455,0.37536098618672625
Ensure data security and integrity,Data Engineer,d08b974d,Data Analyst,2.4545454545454546,0,86,DATA ANALYST,2 tahun 9 bulan,MIDDLE,33,58.8772058825,93.5,97.91666667,0.871158899,1.0,69.7799626,69.7799626,0.0,38.13701654163637,38.13701654163637,0.3363781217351747
Ensure data security and integrity,Data Engineer,d8c9672c,Data Analyst,4.181818181818182,1,82,DATA ANALYST,2 tahun 4 bulan,MIDDLE,28,73.7417775442,90.5,95.05208333,9.595209262,1.0,73.7469197,73.7469197,0.0,41.05132198645455,41.05132198645455,0.41723788745858376
Ensure data security and integrity,Data Engineer,ecc200ca,Data Engineer,3.727272727272727,3,56,DATA ENGINEER,1 tahun 9 bulan,MIDDLE,21,71.0850840338,89.0,99.30555556,5.758942974,1.2,86.333236,86.333236,2.0,47.50843326181818,57.01011991418182,0.8600276657083924
Ensure data security and integrity,Data Engineer,eed0f189,Data Analyst,3.272727272727273,3,45,DATA ANALYST,2 tahun 10 bulan,MIDDLE,34,69.240079365,96.0,70.49910873,48.01347408,1.0,79.53001534,79.53001534,4.0,43.68908994838183,43.68908994838183,0.490424896669782
Ensure data security and integrity,Data Engineer,f007ee36,Artificial Intelligence Engineer,1.5454545454545454,0,70,AI ENGINEER,2 tahun 0 bulan,MIDDLE,24,40.1500350142,90.0,99.30555556,2.332863117,1.3,81.80872206,81.80872206,2.0,44.08498632816364,44.08498632816364,0.5014093624802627
Ensure data security and integrity,Data Engineer,f2f08a05,Data Engineer,3.1818181818181817,3,94,DATA ENGINEER,2 tahun 5 bulan,JUNIOR,29,59.4675711954,87.0,99.30555556,7.027424482,1.2,81.33092925,81.33092925,1.0,44.600847047954545,53.52101645754545,0.7632196634483701
Ensure data security and integrity,Data Engineer,f6f88029,Data Analyst,1.3636363636363635,2,100,MGT,4 tahun 3 bulan,-,51,4.3391106446,90.0,78.20855615,6.010278684,1.0,48.76020407,48.76020407,0.0,26.483817248009093,26.483817248009093,0.013050665964770936
Ensure data security and integrity,Data Engineer,fbc7621c,Data Scientist,2.5454545454545454,0,93,DATA SCIENTIST,8 tahun 6 bulan,MIDDLE,102,58.3732609713,75.0,100.0,12.17940809,1.0,62.37965806,62.37965806,0.0,34.257582408163636,34.257582408163636,0.22874007860220025
Ensure data security and integrity,Data Engineer,ff56a859,Data Scientist,2.6363636363636362,0,97,DATA SCIENTIST,4 tahun 3 bulan,JUNIOR,51,71.9907037817,89.5,95.83333333,11.98196147,1.0,73.15820762,73.15820762,3.0,40.012940947690915,40.012940947690915,0.3884271642465231
Financial metrics analysis,Data Analyst,006bac9a,Data Analyst,3.125,3,7,DATA ANALYST,2 tahun 5 bulan,JUNIOR,29,24.3446545288,90.0,100.0,10.68886874,1.0,59.64183706,59.64183706,2.0,33.0789236418,39.69470837016,0.26705243630515785
Financial metrics analysis,Data Analyst,00c74be4,Data Scientist,2.375,3,106,DATA SCIENTIST,5 tahun 10 bulan,MIDDLE,70,65.8296276846,90.0,70.58823529,2.714292537,1.0,67.48966658,67.48966658,9.0,36.885773287400006,36.885773287400006,0.17857840003345407
Financial metrics analysis,Data Analyst,01c8c0ef,Data Scientist,3.875,1,67,DATA SCIENTIST,2 tahun 2 bulan,SENIOR,26,77.0315563725,92.0,96.35416667,6.32783673,1.1,82.53917202,82.53917202,3.0,45.5670111706,45.5670111706,0.4520144648523116
Financial metrics analysis,Data Analyst,01d1846b,Data Analyst,3.5,0,77,DATA ANALYST,4 tahun 3 bulan,JUNIOR,51,76.130287115,84.0,91.92708333,7.89858338,1.0,70.77981892,70.77981892,2.0,39.1583040276,46.989964833120005,0.49683374697934746
Financial metrics analysis,Data Analyst,03ad7f49,Data Scientist,3.75,2,91,DATA SCIENTIST,3 tahun 4 bulan,JUNIOR,40,75.1958741829,90.0,0.0,4.519739335,1.0,70.74391915,70.74391915,2.0,39.2567771495,39.2567771495,0.2532587594989592
Financial metrics analysis,Data Analyst,0514ff91,Data Scientist,4.5,0,37,DATA SCIENTIST,3 tahun 4 bulan,MIDDLE,40,75.6379551821,90.0,100.0,11.44256681,1.0,74.661971,74.661971,4.0,41.68584463,41.68584463,0.32976796958900073
Financial metrics analysis,Data Analyst,056cd3f9,Data Engineer,3.0,3,48,DATA ENGINEER,7 tahun 7 bulan,SENIOR,91,80.4681314192,90.0,34.22459893,5.168397654,1.3,94.26532683,94.26532683,0.0,51.370623219900004,51.370623219900004,0.6348129161615327
Financial metrics analysis,Data Analyst,05eed8dc,Data Engineer,1.375,3,49,DATA ENGINEER,2 tahun 5 bulan,MIDDLE,29,62.7957662233,95.0,99.21875,8.595362988,1.2,87.48866032,87.48866032,8.0,47.0152399696,47.0152399696,0.4976298470228936
Financial metrics analysis,Data Analyst,106760ca,Data Engineer,4.625,1,21,DATA ENGINEER,1 tahun 11 bulan,MIDDLE,23,71.4513888888,91.25,100.0,8.016044212,1.2,88.25251765,88.25251765,3.0,48.9475843545,48.9475843545,0.5584935915246291
Financial metrics analysis,Data Analyst,123117c9,Data Analyst,2.75,2,32,DATA ANALYST,4 tahun 2 bulan,MIDDLE,50,70.4449813258,95.0,100.0,3.648580437,1.0,74.43733436,74.43733436,2.0,40.744287210799996,48.89314465296,0.5567788847098534
Financial metrics analysis,Data Analyst,14d4dbd6,Data Analyst,1.625,2,108,DATA ANALYST,4 tahun 2 bulan,JUNIOR,50,79.6974498133,80.5,98.4375,3.111615146,1.0,69.81056917,69.81056917,9.0,37.7633516601,45.31602199212,0.44410896863172067
Financial metrics analysis,Data Analyst,1551c5ff,Data Analyst,3.0,2,66,DATA ANALYST,2 tahun 5 bulan,JUNIOR,29,79.0374358075,90.0,100.0,15.2788331,1.0,76.22782609,76.22782609,2.0,41.8107478277,50.17289739324,0.597087716002278
Financial metrics analysis,Data Analyst,1667415a,Data Analyst,3.375,0,50,DATA ANALYST,4 tahun 1 bulan,JUNIOR,49,73.4773576096,90.0,100.0,10.26693491,1.0,73.85696587,73.85696587,1.0,40.7304419111,48.87653029332,0.5562555762623062
Financial metrics analysis,Data Analyst,1672e04a,Data Analyst,3.5,3,41,DATA ANALYST,4 tahun 3 bulan,JUNIOR,51,69.8277310925,86.0,100.0,7.456011595,1.0,70.40596081,70.40596081,4.0,38.960159229300004,46.752191075160006,0.48934450160115167
Financial metrics analysis,Data Analyst,17466c54,Data Analyst,3.25,2,11,DATA ANALYST,3 tahun 1 bulan,JUNIOR,37,49.8728816529,90.0,100.0,7.676082801,1.0,66.60685575,66.60685575,0.0,36.82913354749999,44.19496025699999,0.40879848487416437
Financial metrics analysis,Data Analyst,1893af41,Data Analyst,3.0,2,103,DATA SCIENTIST,1 tahun 1 bulan,JUNIOR,13,37.5269607842,98.0,29.01069519,0.0,1.0,62.25313576,62.25313576,3.0,34.404161952799996,41.28499434335999,0.3171422442679072
Financial metrics analysis,Data Analyst,1dbecdbe,Data Scientist,3.125,0,4,DATA SCIENTIST,2 tahun 3 bulan,JUNIOR,27,85.3527602713,90.0,99.30555556,6.414697312,1.0,76.68127695,76.68127695,5.0,42.1098267835,42.1098267835,0.3431222876213193
Financial metrics analysis,Data Analyst,29e9efd9,Data Engineer,2.125,3,61,DATA ENGINEER,3 tahun 1 bulan,MIDDLE,37,72.8804563492,94.0,99.30555556,9.72908414,1.2,90.62742563,90.62742563,0.0,49.03128558390001,49.03128558390001,0.5611299591827403
Financial metrics analysis,Data Analyst,2d801262,Data Analyst,3.5,0,9,DATA ANALYST,2 tahun 10 bulan,MIDDLE,34,80.3460259104,90.0,95.74652778,10.27336667,1.1,83.12594823,83.12594823,9.0,45.70175256190001,54.84210307428001,0.7441553628552887
Financial metrics analysis,Data Analyst,31e8a51f,Data Scientist,2.75,0,98,DATA SCIENTIST,2 tahun 9 bulan,JUNIOR,33,52.8933765175,90.0,65.10695187,6.407601293,1.0,64.07121964,64.07121964,0.0,35.250246409199995,35.250246409199995,0.12706362305148347
Financial metrics analysis,Data Analyst,3350383a,Artificial Intelligence Engineer,4.625,1,30,AI ENGINEER,3 tahun 9 bulan,MIDDLE,45,54.1797239725,95.5,96.44097222,11.49637749,1.3,92.17002068,92.17002068,0.0,51.0238609604,51.0238609604,0.6238908208404418
Financial metrics analysis,Data Analyst,365fc87a,Data Analyst,3.25,0,110,DATA ANALYST,2 tahun 5 bulan,BASIC,29,80.8585434175,90.0,8.155080214,6.607477284,1.0,72.88466719,72.88466719,3.0,40.1563736107,48.18764833284,0.5345576139517839
Financial metrics analysis,Data Analyst,36cf70f2,Artificial Intelligence Engineer,3.75,1,58,AI ENGINEER,2 tahun 5 bulan,MIDDLE,29,43.5532358775,89.5,100.0,11.83988942,1.3,84.69716654,84.69716654,4.0,46.6519982662,46.6519982662,0.48618869274373183
Financial metrics analysis,Data Analyst,3951d86b,Data Scientist,4.125,1,78,DATA SCIENTIST,3 tahun 1 bulan,JUNIOR,37,55.4426062092,95.0,100.0,4.279280813,1.0,70.17243405,70.17243405,0.0,39.1301400465,39.1301400465,0.24927002522278055
Financial metrics analysis,Data Analyst,39c4596a,Data Scientist,4.0,0,42,DATA SCIENTIST,3 tahun 5 bulan,JUNIOR,41,60.7098506071,80.0,97.91666667,4.694561364,1.0,64.25018915,64.25018915,0.0,35.932600249500005,35.932600249500005,0.14855596681811858
Financial metrics analysis,Data Analyst,3cac7e99,Data Scientist,3.875,0,88,DATA SCIENTIST,10 tahun 2 bulan,SENIOR,122,88.3660831,98.0,34.22459893,51.7318368,1.0,87.21080158,87.21080158,0.0,48.042974837399996,48.042974837399996,0.5300007809506679
Financial metrics analysis,Data Analyst,42e7a026,Data Analyst,3.625,0,64,DATA ANALYST,2 tahun 6 bulan,JUNIOR,30,73.5210696779,89.0,99.21875,4.472503523,1.0,72.45268383,72.45268383,2.0,40.1036724299,48.12440691588,0.5325656763479804
Financial metrics analysis,Data Analyst,46fd6e1c,Data Analyst,2.625,2,5,DATA SCIENTIST,1 tahun 2 bulan,JUNIOR,14,67.4580357142,90.0,100.0,11.7055718,1.0,72.32438573,72.32438573,0.0,39.565674436900004,47.47880932428,0.5122310573364154
Financial metrics analysis,Data Analyst,47d42365,Data Engineer,2.75,3,53,DATA ENGINEER,4 tahun 4 bulan,JUNIOR,52,71.9768703312,91.5,97.82986111,3.794124597,1.2,87.64556985,87.64556985,3.0,47.7446520205,47.7446520205,0.5206044001353616
Financial metrics analysis,Data Analyst,4cba2f2d,Artificial Intelligence Engineer,2.75,0,36,AI ENGINEER,1 tahun 7 bulan,JUNIOR,19,66.0502450979,95.0,100.0,5.817498712,1.2,84.80862745,84.80862745,5.0,46.2410725485,46.2410725485,0.4732456179550318
Financial metrics analysis,Data Analyst,4d57b04b,Data Scientist,3.0,0,20,DATA SCIENTIST,3 tahun 11 bulan,MIDDLE,47,60.9976657327,96.5,91.31944444,1.268481508,1.1,78.63807432,78.63807432,0.0,43.0881793896,43.0881793896,0.3739378107317918
Financial metrics analysis,Data Analyst,516J6855,Data Scientist,3.75,0,46,DATA SCIENTIST,2 tahun 5 bulan,JUNIOR,29,54.7360673438,80.0,96.96180556,11.10881594,1.0,63.41641108,63.41641108,1.0,35.373197872400006,35.373197872400006,0.13093626940831143
Financial metrics analysis,Data Analyst,528f3560,Data Analyst,2.0,2,55,DATA SCIENTIST,7 tahun 0 bulan,SENIOR,84,32.3536327033,90.0,94.11764706,44.61622935,1.0,64.269703,64.269703,0.0,35.00294259,42.003531108000004,0.3397742545865113
Financial metrics analysis,Data Analyst,528f3560,Data Analyst,2.0,2,55,DATA SCIENTIST,7 tahun 0 bulan,SENIOR,84,32.3536327033,90.0,94.11764706,44.61622935,1.0,64.269703,64.269703,0.0,35.00294259,42.003531108000004,0.3397742545865113
Financial metrics analysis,Data Analyst,5312eea4,Data Analyst,2.5,3,84,DATA ANALYST,2 tahun 2 bulan,MIDDLE,26,49.7969187675,86.0,92.79513889,46.9198146,1.0,70.0469465,70.0469465,2.0,38.299881645,45.959857973999995,0.46438810158979116
Financial metrics analysis,Data Analyst,544a3d1a,Data Scientist,3.375,0,62,DATA SCIENTIST,4 tahun 2 bulan,MIDDLE,50,59.509354575,90.5,100.0,7.234474611,1.0,69.58669591,69.58669591,15.0,38.46719883230001,38.46719883230001,0.2283891279065255
Financial metrics analysis,Data Analyst,54b0fc4f,Data Analyst,3.5,1,89,DATA ANALYST,2 tahun 2 bulan,MIDDLE,26,71.3084967321,88.5,98.61111111,6.180876807,1.0,71.78045298,71.78045298,3.0,39.68864007940001,47.62636809528001,0.5168787688972091
Financial metrics analysis,Data Analyst,557e30ab,Data Analyst,2.625,2,29,DATA ANALYST,3 tahun 5 bulan,MIDDLE,41,53.7861081933,85.0,100.0,4.549017204,1.0,64.81437318,64.81437318,2.0,35.5853677854,42.70244134248,0.36178808104179916
Financial metrics analysis,Data Analyst,55b2e646,Data Scientist,3.0,1,57,AI ENGINEER,3 tahun 0 bulan,JUNIOR,36,50.15589986,90.0,100.0,0.871158899,1.3,85.36316737,85.36316737,0.0,46.6524787061,46.6524787061,0.48620382533166506
Financial metrics analysis,Data Analyst,57635c17,Data Analyst,2.375,2,12,DATA ANALYST,3 tahun 3 bulan,MIDDLE,39,67.5095967558,90.0,99.21875,6.039999292,1.0,71.43352597,71.43352597,4.0,38.976018764100004,46.771222516920005,0.4899439417515885
Financial metrics analysis,Data Analyst,57ecf7ad,Data Analyst,1.0,2,27,MGT,5 tahun 1 bulan,-,61,3.4722222221,90.0,77.54010695,4.326516624,1.0,48.19519238,48.19519238,0.0,26.0134519614,31.21614235368,0.0
Financial metrics analysis,Data Analyst,5b749bf9,Data Engineer,1.5,3,101,DATA ENGINEER,2 tahun 3 bulan,BASIC,27,34.81372549,90.0,86.63101604,10.06283501,1.2,70.83787239,70.83787239,3.0,38.2490723667,38.2490723667,0.22151872034610892
Financial metrics analysis,Data Analyst,5d16d190,Data Scientist,4.125,0,99,DATA SCIENTIST,3 tahun 1 bulan,JUNIOR,37,62.2739437442,90.0,97.74305556,28.26078997,1.0,73.16053928,73.16053928,5.0,40.7138358184,40.7138358184,0.2991522592503286
Financial metrics analysis,Data Analyst,5dc773ce,Artificial Intelligence Engineer,3.375,0,35,DATA SCIENTIST,4 tahun 4 bulan,MIDDLE,52,72.0571603642,91.0,95.57291667,5.121161842,1.1,80.15052819,80.15052819,0.0,44.066029940700005,44.066029940700005,0.4047375204357698
Financial metrics analysis,Data Analyst,6131e4d7,Data Engineer,3.5,1,38,DATA ENGINEER,2 tahun 3 bulan,MIDDLE,27,58.5518732492,93.5,99.30555556,10.46636816,1.2,85.46875202,85.46875202,0.0,46.9434385706,46.9434385706,0.49536829259307624
Financial metrics analysis,Data Analyst,64S57577,Data Scientist,5.0,1,40,DATA SCIENTIST,3 tahun 9 bulan,MIDDLE,45,73.6180643087,84.5,89.32291667,3.982774045,1.0,69.5311892,69.5311892,9.0,39.20153027600001,39.20153027600001,0.2515186288993107
Financial metrics analysis,Data Analyst,65054asd,Data Analyst,2.875,2,10,DATA ANALYST,3 tahun 4 bulan,JUNIOR,40,70.5590744629,99.0,0.0,4.917061944,1.0,73.99273476,73.99273476,2.0,40.5673994228,48.68087930736,0.550093086949306
Financial metrics analysis,Data Analyst,66d21701,Data Analyst,4.25,0,33,DATA ANALYST,4 tahun 3 bulan,JUNIOR,51,63.8499212188,81.5,83.07291667,3.823402466,1.0,64.77440963,64.77440963,0.0,36.3279371039,43.59352452468,0.3898548477915682
Financial metrics analysis,Data Analyst,6de6b041,Data Scientist,3.0,3,16,DATA SCIENTIST,4 tahun 0 bulan,MIDDLE,48,59.6452497667,90.0,100.0,7.186353322,1.1,76.3103827,76.3103827,7.0,41.854502831000005,41.854502831000005,0.33508025746791215
Financial metrics analysis,Data Analyst,6e0778a1,Data Scientist,3.875,0,92,DATA SCIENTIST,3 tahun 1 bulan,JUNIOR,37,54.5927141687,70.0,97.91666667,4.665283496,1.0,57.55075558,57.55075558,2.0,32.323150457400004,32.323150457400004,0.03486783148628652
Financial metrics analysis,Data Analyst,6fb8c1a0,Data Scientist,3.0,3,75,DATA SCIENTIST,3 tahun 0 bulan,BASIC,36,61.1916404063,98.0,0.0,3.823402466,1.0,70.34689224,70.34689224,0.0,38.6938528872,38.6938528872,0.2355281320071996
Financial metrics analysis,Data Analyst,7176fcb0,Data Engineer,2.875,3,104,DATA ENGINEER,7 tahun 0 bulan,SENIOR,84,75.0633578433,80.0,33.82352941,7.122781583,1.2,79.20577781,79.20577781,10.0,43.3303122393,43.3303122393,0.3815643559867571
Financial metrics analysis,Data Analyst,77571f19,Data Analyst,2.0,2,54,DATA ANALYST,3 tahun 1 bulan,JUNIOR,37,77.8103933242,100.0,100.0,5.536442394,1.0,79.32087607,79.32087607,0.0,42.980064317099995,51.576077180519995,0.6412841732851391
Financial metrics analysis,Data Analyst,7L762383,Data Analyst,4.25,0,59,DATA ANALYST,1 tahun 10 bulan,MIDDLE,22,63.2588118579,88.5,94.96527778,2.554920958,1.0,68.65055253,68.65055253,0.0,38.3822928409,46.058751409079996,0.4675029836018398
Financial metrics analysis,Data Analyst,7b6d04c9,Data Analyst,3.375,3,2,DATA ANALYST,4 tahun 5 bulan,MIDDLE,53,73.2388159429,86.0,100.0,4.742239915,1.0,70.9884555,70.9884555,4.0,39.210131415,47.052157697999995,0.4987926579620202
Financial metrics analysis,Data Analyst,7ba9df08,Data Analyst,4.375,0,25,DATA ANALYST,3 tahun 1 bulan,MIDDLE,37,56.631039916,92.5,96.35416667,0.0,1.2,82.079429,82.079429,0.0,45.55834737,54.670016843999996,0.7387351011080164
Financial metrics analysis,Data Analyst,7d317bd2,Data Scientist,1.125,2,90,DATA ANALYST,4 tahun 4 bulan,JUNIOR,52,63.7458566762,86.5,86.37152778,3.794124597,1.0,67.4194445,67.4194445,6.0,36.261055585,36.261055585,0.15890144238464815
Financial metrics analysis,Data Analyst,7dc30989,Data Scientist,4.0,1,73,DATA SCIENTIST,3 tahun 4 bulan,JUNIOR,40,92.1873832863,90.0,0.0,8.045322081,1.0,76.69106422,76.69106422,4.0,42.526264036600004,42.526264036600004,0.3562389612182957
Financial metrics analysis,Data Analyst,7fe7bd2c,Data Scientist,4.0,0,65,DATA SCIENTIST,2 tahun 2 bulan,JUNIOR,26,39.5228291321,89.5,99.30555556,6.121971713,1.0,63.07245784,63.07245784,5.0,35.308402655200005,35.308402655200005,0.1288953912007763
Financial metrics analysis,Data Analyst,8126543f,Data Scientist,3.375,0,85,DATA SCIENTIST,3 tahun 1 bulan,JUNIOR,37,63.1813433708,90.0,99.30555556,6.700326893,1.0,70.28096361,70.28096361,0.0,38.8351607133,38.8351607133,0.23997895531336247
Financial metrics analysis,Data Analyst,8387045b,Data Scientist,4.25,1,69,DATA SCIENTIST,4 tahun 4 bulan,MIDDLE,52,85.768554505,94.0,98.61111111,53.90204421,1.2,99.0,99.0,10.0,54.46750000000001,54.46750000000001,0.7323563554005577
Financial metrics analysis,Data Analyst,859bd42e,Data Scientist,3.5,0,95,DATA SCIENTIST,3 tahun 5 bulan,JUNIOR,41,91.9510387488,95.0,100.0,9.232623263,1.0,81.52852324,81.52852324,1.0,44.855117317200005,44.855117317200005,0.4295916886928045
Financial metrics analysis,Data Analyst,85e8c8f1,Data Scientist,4.625,0,105,DATA SCIENTIST,2 tahun 9 bulan,JUNIOR,33,86.9119456117,93.0,100.0,3.409887033,1.1,86.02380765,86.02380765,0.0,47.7663680545,47.7663680545,0.5212883978509321
Financial metrics analysis,Data Analyst,8K760816,Data Analyst,3.25,0,15,DATA ANALYST,2 tahun 8 bulan,MIDDLE,32,52.4918446546,98.5,100.0,3.455357726,1.0,70.91183125,70.91183125,8.0,39.11077056250001,46.93292467500001,0.495037132650513
Financial metrics analysis,Data Analyst,9ab9d681,Data Scientist,4.375,1,18,DATA SCIENTIST,3 tahun 0 bulan,MIDDLE,36,31.3339898458,92.0,100.0,52.63227356,1.0,68.97507879,68.97507879,3.0,38.6130417587,38.6130417587,0.2329827948942317
Financial metrics analysis,Data Analyst,a016ffe0,Data Scientist,4.5,1,26,DATA SCIENTIST,3 tahun 1 bulan,MIDDLE,37,82.0345763308,64.0,34.49197861,6.239432544,1.2,71.75887324,71.75887324,3.0,40.147202817200004,40.147202817200004,0.2813048162785765
Financial metrics analysis,Data Analyst,a20ce132,Data Analyst,4.25,1,22,DATA ANALYST,2 tahun 9 bulan,MIDDLE,33,84.2864145654,95.0,98.61111111,10.2440888,1.2,95.23244671,95.23244671,0.0,52.47069675630001,62.964836107560004,1.0
Financial metrics analysis,Data Analyst,a77b4e68,Data Scientist,2.5,2,80,MGT,2 tahun 5 bulan,-,29,80.6774626521,90.0,100.0,29.57650728,1.0,78.85832029,78.85832029,0.0,42.969909753699994,42.969909753699994,0.37021262956947854
Financial metrics analysis,Data Analyst,a9fcd0c5,Data Analyst,3.25,2,23,DATA ANALYST,2 tahun 1 bulan,MIDDLE,25,86.9994864617,91.5,100.0,7.075545771,1.1,85.847875,85.847875,9.0,47.02687375000001,56.43224850000001,0.7942407439436261
Financial metrics analysis,Data Analyst,ae73e946,Data Analyst,2.0,2,72,DATA SCIENTIST,3 tahun 5 bulan,JUNIOR,41,83.7572654062,85.0,97.91666667,10.90515878,1.0,74.34235311,74.34235311,7.0,40.341447148300006,48.409736577960004,0.5415528071034034
Financial metrics analysis,Data Analyst,afb96c1d,Data Analyst,3.25,0,19,DATA ANALYST,2 tahun 8 bulan,JUNIOR,32,77.4700746967,84.5,100.0,6.630101873,1.0,71.7649257,71.7649257,2.0,39.562910621,47.4754927452,0.5121265938549975
Financial metrics analysis,Data Analyst,aff5a1f7,Data Engineer,3.5,3,96,DATA ENGINEER,2 tahun 7 bulan,JUNIOR,31,69.9306139125,90.0,98.61111111,7.174163182,1.2,86.72069722,86.72069722,0.0,47.60696952660001,47.60696952660001,0.5162677652184318
Financial metrics analysis,Data Analyst,b0519d51,Data Scientist,3.875,0,43,DATA SCIENTIST,4 tahun 1 bulan,JUNIOR,49,66.8638392858,92.0,99.30555556,4.723839233,1.1,79.24054742,79.24054742,0.0,43.8187401326,43.8187401326,0.396948544611535
Financial metrics analysis,Data Analyst,b7ddf289,Artificial Intelligence Engineer,3.375,1,44,DATA SCIENTIST,1 tahun 2 bulan,JUNIOR,14,78.282819795,95.0,100.0,11.82325385,1.0,77.94660283,77.94660283,9.0,42.8979494999,42.8979494999,0.36794607163302173
Financial metrics analysis,Data Analyst,be2d891b,Data Scientist,3.75,1,14,AI ENGINEER,2 tahun 3 bulan,JUNIOR,27,70.2197654063,95.0,0.0,0.33375087,1.3,92.33751534,92.33751534,3.0,50.7013831302,50.7013831302,0.6137336209033392
Financial metrics analysis,Data Analyst,beb45f59,Data Analyst,3.375,2,68,DATA ANALYST,3 tahun 4 bulan,MIDDLE,40,86.1330823996,80.0,98.61111111,6.436879162,1.0,71.94756403,71.94756403,2.0,39.718458935899996,47.662150723079996,0.5180058271654131
Financial metrics analysis,Data Analyst,c0b0190c,Data Analyst,3.625,1,17,DATA SCIENTIST,6 tahun 5 bulan,MIDDLE,77,29.2835988563,84.0,22.19251337,4.068139436,1.0,53.16264673,53.16264673,29.0,29.8799527669,35.85594332028,0.14614147601058294
Financial metrics analysis,Data Analyst,c13b7f6c,Data Analyst,2.75,2,34,DATA ANALYST,3 tahun 1 bulan,MIDDLE,37,87.4991246496,90.0,100.0,12.60600857,1.0,78.2842696,78.2842696,8.0,42.783162888,51.3397954656,0.6338419233219852
Financial metrics analysis,Data Analyst,c4acf473,Data Analyst,4.375,3,107,DATA ANALYST,2 tahun 9 bulan,JUNIOR,33,79.9589169,86.5,93.31597222,0.0,1.0,72.02498398,72.02498398,0.0,40.2294915094,48.27538981128,0.5373212387837277
Financial metrics analysis,Data Analyst,c5c364b3,Data Analyst,3.875,0,60,DATA ANALYST,1 tahun 1 bulan,JUNIOR,13,40.932846055,100.0,16.57754011,1.742317797,1.0,64.65542017,64.65542017,0.0,36.0886226901,43.30634722812,0.3808095214299159
Financial metrics analysis,Data Analyst,c615b19e,Data Engineer,2.875,3,63,DATA SCIENTIST,4 tahun 4 bulan,JUNIOR,52,71.0338060221,88.0,96.52777778,3.953496176,1.0,70.97960925,70.97960925,9.0,38.9704429025,38.9704429025,0.24423998697182134
Financial metrics analysis,Data Analyst,ccc8525a,Data Scientist,3.75,1,47,DATA SCIENTIST,1 tahun 0 bulan,BASIC,12,75.7084500467,90.0,0.0,0.0,1.0,70.11863666,70.11863666,16.0,38.92537742980001,38.92537742980001,0.2428205436067071
Financial metrics analysis,Data Analyst,cdb6bf28,Artificial Intelligence Engineer,4.125,1,6,AI ENGINEER,7 tahun 1 bulan,MIDDLE,85,81.6822187204,91.0,0.0,3.667866596,1.3,95.09100733,95.09100733,14.0,52.3369838849,52.3369838849,0.66525072479994
Financial metrics analysis,Data Analyst,cf9338b5,Data Scientist,3.0,0,74,DATA SCIENTIST,1 tahun 0 bulan,BASIC,12,82.0043154762,90.0,35.29411765,3.321482848,1.0,72.67275856,72.67275856,8.0,39.9265620368,39.9265620368,0.27435521444265726
Financial metrics analysis,Data Analyst,d08b974d,Data Analyst,3.0,0,86,DATA ANALYST,2 tahun 9 bulan,MIDDLE,33,58.8772058825,93.5,97.91666667,0.871158899,1.0,69.7799626,69.7799626,0.0,38.393380178,46.0720562136,0.467922049804158
Financial metrics analysis,Data Analyst,d8c9672c,Data Analyst,3.875,1,82,DATA ANALYST,2 tahun 4 bulan,MIDDLE,28,73.7417775442,90.5,95.05208333,9.595209262,1.0,73.7469197,73.7469197,0.0,40.907117441000004,49.0885409292,0.5629333513394017
Financial metrics analysis,Data Analyst,ecc200ca,Data Engineer,2.75,3,56,DATA ENGINEER,1 tahun 9 bulan,MIDDLE,21,71.0850840338,89.0,99.30555556,5.758942974,1.2,86.333236,86.333236,2.0,47.04911508,47.04911508,0.4986968235310486
Financial metrics analysis,Data Analyst,eed0f189,Data Analyst,3.0,3,45,DATA ANALYST,2 tahun 10 bulan,MIDDLE,34,69.240079365,96.0,70.49910873,48.01347408,1.0,79.53001534,79.53001534,4.0,43.560908130200005,52.273089756240005,0.6632382285014998
Financial metrics analysis,Data Analyst,f007ee36,Artificial Intelligence Engineer,3.75,0,70,AI ENGINEER,2 tahun 0 bulan,MIDDLE,24,40.1500350142,90.0,99.30555556,2.332863117,1.3,81.80872206,81.80872206,2.0,45.121122691800004,45.121122691800004,0.43797015543106177
Financial metrics analysis,Data Analyst,f2f08a05,Data Engineer,1.375,3,94,DATA ENGINEER,2 tahun 5 bulan,JUNIOR,29,59.4675711954,87.0,99.30555556,7.027424482,1.2,81.33092925,81.33092925,1.0,43.751642502500005,43.751642502500005,0.3948351464786813
Financial metrics analysis,Data Analyst,f6f88029,Data Analyst,1.25,2,100,MGT,4 tahun 3 bulan,-,51,4.3391106446,90.0,78.20855615,6.010278684,1.0,48.76020407,48.76020407,0.0,26.4304081571,31.71648978852,0.01575962270192154
Financial metrics analysis,Data Analyst,fbc7621c,Data Scientist,3.375,0,93,DATA SCIENTIST,8 tahun 6 bulan,MIDDLE,102,58.3732609713,75.0,100.0,12.17940809,1.0,62.37965806,62.37965806,0.0,34.6474687718,34.6474687718,0.10807771950304755
Financial metrics analysis,Data Analyst,ff56a859,Data Scientist,4.875,0,97,DATA SCIENTIST,4 tahun 3 bulan,JUNIOR,51,71.9907037817,89.5,95.83333333,11.98196147,1.0,73.15820762,73.15820762,3.0,41.0651000386,41.0651000386,0.31021615444308986
Integrate AI solutions into business applications,AI Engineer,006bac9a,Data Analyst,2.857142857142857,3,7,DATA ANALYST,2 tahun 5 bulan,JUNIOR,29,24.3446545288,90.0,100.0,10.68886874,1.0,59.64183706,59.64183706,2.0,32.953030784657145,32.953030784657145,0.24902900831651711
Integrate AI solutions into business applications,AI Engineer,00c74be4,Data Scientist,2.4285714285714284,3,106,DATA SCIENTIST,5 tahun 10 bulan,MIDDLE,70,65.8296276846,90.0,70.58823529,2.714292537,1.0,67.48966658,67.48966658,9.0,36.910951858828575,36.910951858828575,0.3910602734983051
Integrate AI solutions into business applications,AI Engineer,01c8c0ef,Data Scientist,3.0714285714285716,1,67,DATA SCIENTIST,2 tahun 2 bulan,SENIOR,26,77.0315563725,92.0,96.35416667,6.32783673,1.1,82.53917202,82.53917202,3.0,45.18933259917143,45.18933259917143,0.6881326173306255
Integrate AI solutions into business applications,AI Engineer,01d1846b,Data Analyst,2.142857142857143,0,77,DATA ANALYST,4 tahun 3 bulan,JUNIOR,51,76.130287115,84.0,91.92708333,7.89858338,1.0,70.77981892,70.77981892,2.0,38.52044688474286,38.52044688474286,0.4488175179077976
Integrate AI solutions into business applications,AI Engineer,03ad7f49,Data Scientist,1.2142857142857142,2,91,DATA SCIENTIST,3 tahun 4 bulan,JUNIOR,40,75.1958741829,90.0,0.0,4.519739335,1.0,70.74391915,70.74391915,2.0,38.06499143521429,38.06499143521429,0.43247335325210773
Integrate AI solutions into business applications,AI Engineer,0514ff91,Data Scientist,1.6428571428571428,0,37,DATA SCIENTIST,3 tahun 4 bulan,MIDDLE,40,75.6379551821,90.0,100.0,11.44256681,1.0,74.661971,74.661971,4.0,40.34298748714286,40.34298748714286,0.5142199710525309
Integrate AI solutions into business applications,AI Engineer,056cd3f9,Data Engineer,3.2142857142857144,3,48,DATA ENGINEER,7 tahun 7 bulan,SENIOR,91,80.4681314192,90.0,34.22459893,5.168397654,1.3,94.26532683,94.26532683,0.0,51.471337505614294,51.471337505614294,0.9135643750690149
Integrate AI solutions into business applications,AI Engineer,05eed8dc,Data Engineer,3.0714285714285716,3,49,DATA ENGINEER,2 tahun 5 bulan,MIDDLE,29,62.7957662233,95.0,99.21875,8.595362988,1.2,87.48866032,87.48866032,8.0,47.81256139817143,47.81256139817143,0.7822680228127246
Integrate AI solutions into business applications,AI Engineer,106760ca,Data Engineer,4.642857142857143,1,21,DATA ENGINEER,1 tahun 11 bulan,MIDDLE,23,71.4513888888,91.25,100.0,8.016044212,1.2,88.25251765,88.25251765,3.0,48.95597721164286,48.95597721164286,0.823299865432327
Integrate AI solutions into business applications,AI Engineer,123117c9,Data Analyst,1.0714285714285714,2,32,DATA ANALYST,4 tahun 2 bulan,MIDDLE,50,70.4449813258,95.0,100.0,3.648580437,1.0,74.43733436,74.43733436,2.0,39.955358639371426,39.955358639371426,0.5003097857208387
Integrate AI solutions into business applications,AI Engineer,14d4dbd6,Data Analyst,1.0714285714285714,2,108,DATA ANALYST,4 tahun 2 bulan,JUNIOR,50,79.6974498133,80.5,98.4375,3.111615146,1.0,69.81056917,69.81056917,9.0,37.503173088671424,37.503173088671424,0.41231232197673595
Integrate AI solutions into business applications,AI Engineer,1551c5ff,Data Analyst,1.2142857142857142,2,66,DATA ANALYST,2 tahun 5 bulan,JUNIOR,29,79.0374358075,90.0,100.0,15.2788331,1.0,76.22782609,76.22782609,2.0,40.97146211341429,40.97146211341429,0.5367729842711358
Integrate AI solutions into business applications,AI Engineer,1667415a,Data Analyst,2.357142857142857,0,50,DATA ANALYST,4 tahun 1 bulan,JUNIOR,49,73.4773576096,90.0,100.0,10.26693491,1.0,73.85696587,73.85696587,1.0,40.252049053957144,40.252049053957144,0.5109566162566751
Integrate AI solutions into business applications,AI Engineer,1672e04a,Data Analyst,2.7857142857142856,3,41,DATA ANALYST,4 tahun 3 bulan,JUNIOR,51,69.8277310925,86.0,100.0,7.456011595,1.0,70.40596081,70.40596081,4.0,38.624444943585715,38.624444943585715,0.45254952155241124
Integrate AI solutions into business applications,AI Engineer,17466c54,Data Analyst,1.2857142857142858,2,11,DATA ANALYST,3 tahun 1 bulan,JUNIOR,37,49.8728816529,90.0,100.0,7.676082801,1.0,66.60685575,66.60685575,0.0,35.90591926178571,35.90591926178571,0.3549943569143522
Integrate AI solutions into business applications,AI Engineer,1893af41,Data Analyst,1.3571428571428572,2,103,DATA SCIENTIST,1 tahun 1 bulan,JUNIOR,13,37.5269607842,98.0,29.01069519,0.0,1.0,62.25313576,62.25313576,3.0,33.63201909565714,33.63201909565714,0.27339472128747716
Integrate AI solutions into business applications,AI Engineer,1dbecdbe,Data Scientist,2.0,0,4,DATA SCIENTIST,2 tahun 3 bulan,JUNIOR,27,85.3527602713,90.0,99.30555556,6.414697312,1.0,76.68127695,76.68127695,5.0,41.581076783499995,41.581076783499995,0.5586492019225393
Integrate AI solutions into business applications,AI Engineer,29e9efd9,Data Engineer,3.2857142857142856,3,61,DATA ENGINEER,3 tahun 1 bulan,MIDDLE,37,72.8804563492,94.0,99.30555556,9.72908414,1.2,90.62742563,90.62742563,0.0,49.57682129818572,49.57682129818572,0.8455790542892635
Integrate AI solutions into business applications,AI Engineer,2d801262,Data Analyst,2.5,0,9,DATA ANALYST,2 tahun 10 bulan,MIDDLE,34,80.3460259104,90.0,95.74652778,10.27336667,1.1,83.12594823,83.12594823,9.0,45.2317525619,45.2317525619,0.6896548712771787
Integrate AI solutions into business applications,AI Engineer,31e8a51f,Data Scientist,2.2142857142857144,0,98,DATA SCIENTIST,2 tahun 9 bulan,JUNIOR,33,52.8933765175,90.0,65.10695187,6.407601293,1.0,64.07121964,64.07121964,0.0,34.998460694914286,34.998460694914286,0.3224299156489885
Integrate AI solutions into business applications,AI Engineer,3350383a,Artificial Intelligence Engineer,4.428571428571429,1,30,AI ENGINEER,3 tahun 9 bulan,MIDDLE,45,54.1797239725,95.5,96.44097222,11.49637749,1.3,92.17002068,92.17002068,0.0,50.93153953182858,50.93153953182858,0.8941935519215621
Integrate AI solutions into business applications,AI Engineer,365fc87a,Data Analyst,2.0714285714285716,0,110,DATA ANALYST,2 tahun 5 bulan,BASIC,29,80.8585434175,90.0,8.155080214,6.607477284,1.0,72.88466719,72.88466719,3.0,39.60244503927143,39.60244503927143,0.48764536816861265
Integrate AI solutions into business applications,AI Engineer,36cf70f2,Artificial Intelligence Engineer,3.2142857142857144,1,58,AI ENGINEER,2 tahun 5 bulan,MIDDLE,29,43.5532358775,89.5,100.0,11.83988942,1.3,84.69716654,84.69716654,4.0,46.40021255191429,46.40021255191429,0.7315854321918555
Integrate AI solutions into business applications,AI Engineer,3951d86b,Data Scientist,3.9285714285714284,1,78,DATA SCIENTIST,3 tahun 1 bulan,JUNIOR,37,55.4426062092,95.0,100.0,4.279280813,1.0,70.17243405,70.17243405,0.0,39.03781861792857,39.03781861792857,0.46738356822982036
Integrate AI solutions into business applications,AI Engineer,39c4596a,Data Scientist,2.142857142857143,0,42,DATA SCIENTIST,3 tahun 5 bulan,JUNIOR,41,60.7098506071,80.0,97.91666667,4.694561364,1.0,64.25018915,64.25018915,0.0,35.05974310664286,35.05974310664286,0.3246290546181816
Integrate AI solutions into business applications,AI Engineer,3cac7e99,Data Scientist,1.6428571428571428,0,88,DATA SCIENTIST,10 tahun 2 bulan,SENIOR,122,88.3660831,98.0,34.22459893,51.7318368,1.0,87.21080158,87.21080158,0.0,46.99386769454286,46.99386769454286,0.7528889370897802
Integrate AI solutions into business applications,AI Engineer,42e7a026,Data Analyst,2.4285714285714284,0,64,DATA ANALYST,2 tahun 6 bulan,JUNIOR,30,73.5210696779,89.0,99.21875,4.472503523,1.0,72.45268383,72.45268383,2.0,39.54135100132857,39.54135100132857,0.4854529890530425
Integrate AI solutions into business applications,AI Engineer,46fd6e1c,Data Analyst,2.0,2,5,DATA SCIENTIST,1 tahun 2 bulan,JUNIOR,14,67.4580357142,90.0,100.0,11.7055718,1.0,72.32438573,72.32438573,0.0,39.2719244369,39.2719244369,0.4757845305107298
Integrate AI solutions into business applications,AI Engineer,47d42365,Data Engineer,3.4285714285714284,3,53,DATA ENGINEER,4 tahun 4 bulan,JUNIOR,52,71.9768703312,91.5,97.82986111,3.794124597,1.2,87.64556985,87.64556985,3.0,48.06358059192857,48.06358059192857,0.7912759269639468
Integrate AI solutions into business applications,AI Engineer,4cba2f2d,Artificial Intelligence Engineer,2.4285714285714284,0,36,AI ENGINEER,1 tahun 7 bulan,JUNIOR,19,66.0502450979,95.0,100.0,5.817498712,1.2,84.80862745,84.80862745,5.0,46.09000111992857,46.09000111992857,0.7204533956168188
Integrate AI solutions into business applications,AI Engineer,4d57b04b,Data Scientist,2.2142857142857144,0,20,DATA SCIENTIST,3 tahun 11 bulan,MIDDLE,47,60.9976657327,96.5,91.31944444,1.268481508,1.1,78.63807432,78.63807432,0.0,42.71889367531429,42.71889367531429,0.599480125445547
Integrate AI solutions into business applications,AI Engineer,516J6855,Data Scientist,2.0714285714285716,0,46,DATA SCIENTIST,2 tahun 5 bulan,JUNIOR,29,54.7360673438,80.0,96.96180556,11.10881594,1.0,63.41641108,63.41641108,1.0,34.58426930097143,34.58426930097143,0.307566524841877
Integrate AI solutions into business applications,AI Engineer,528f3560,Data Analyst,1.0714285714285714,2,55,DATA SCIENTIST,7 tahun 0 bulan,SENIOR,84,32.3536327033,90.0,94.11764706,44.61622935,1.0,64.269703,64.269703,0.0,34.56651401857143,34.56651401857143,0.3069293708472236
Integrate AI solutions into business applications,AI Engineer,528f3560,Data Analyst,1.0714285714285714,2,55,DATA SCIENTIST,7 tahun 0 bulan,SENIOR,84,32.3536327033,90.0,94.11764706,44.61622935,1.0,64.269703,64.269703,0.0,34.56651401857143,34.56651401857143,0.3069293708472236
Integrate AI solutions into business applications,AI Engineer,5312eea4,Data Analyst,2.642857142857143,3,84,DATA ANALYST,2 tahun 2 bulan,MIDDLE,26,49.7969187675,86.0,92.79513889,46.9198146,1.0,70.0469465,70.0469465,2.0,38.36702450214286,38.36702450214286,0.4433119065781316
Integrate AI solutions into business applications,AI Engineer,544a3d1a,Data Scientist,2.142857142857143,0,62,DATA SCIENTIST,4 tahun 2 bulan,MIDDLE,50,59.509354575,90.5,100.0,7.234474611,1.0,69.58669591,69.58669591,15.0,37.88809168944287,37.88809168944287,0.42612524922693795
Integrate AI solutions into business applications,AI Engineer,54b0fc4f,Data Analyst,3.0714285714285716,1,89,DATA ANALYST,2 tahun 2 bulan,MIDDLE,26,71.3084967321,88.5,98.61111111,6.180876807,1.0,71.78045298,71.78045298,3.0,39.48721150797144,39.48721150797144,0.4835101759969675
Integrate AI solutions into business applications,AI Engineer,557e30ab,Data Analyst,1.2142857142857142,2,29,DATA ANALYST,3 tahun 5 bulan,MIDDLE,41,53.7861081933,85.0,100.0,4.549017204,1.0,64.81437318,64.81437318,2.0,34.92233207111429,34.92233207111429,0.31969801560544725
Integrate AI solutions into business applications,AI Engineer,55b2e646,Data Scientist,3.142857142857143,1,57,AI ENGINEER,3 tahun 0 bulan,JUNIOR,36,50.15589986,90.0,100.0,0.871158899,1.3,85.36316737,85.36316737,0.0,46.71962156324286,46.71962156324286,0.7430475268469285
Integrate AI solutions into business applications,AI Engineer,57635c17,Data Analyst,1.1428571428571428,2,12,DATA ANALYST,3 tahun 3 bulan,MIDDLE,39,67.5095967558,90.0,99.21875,6.039999292,1.0,71.43352597,71.43352597,4.0,38.39691162124286,38.39691162124286,0.4443844154177122
Integrate AI solutions into business applications,AI Engineer,57ecf7ad,Data Analyst,1.0,2,27,MGT,5 tahun 1 bulan,-,61,3.4722222221,90.0,77.54010695,4.326516624,1.0,48.19519238,48.19519238,0.0,26.0134519614,26.0134519614,0.0
Integrate AI solutions into business applications,AI Engineer,5b749bf9,Data Engineer,2.357142857142857,3,101,DATA ENGINEER,2 tahun 3 bulan,BASIC,27,34.81372549,90.0,86.63101604,10.06283501,1.2,70.83787239,70.83787239,3.0,38.65192950955714,38.65192950955714,0.45353581400360954
Integrate AI solutions into business applications,AI Engineer,5d16d190,Data Scientist,2.5714285714285716,0,99,DATA SCIENTIST,3 tahun 1 bulan,JUNIOR,37,62.2739437442,90.0,97.74305556,28.26078997,1.0,73.16053928,73.16053928,5.0,39.98365724697143,39.98365724697143,0.5013252903165571
Integrate AI solutions into business applications,AI Engineer,5dc773ce,Artificial Intelligence Engineer,2.7857142857142856,0,35,DATA SCIENTIST,4 tahun 4 bulan,MIDDLE,52,72.0571603642,91.0,95.57291667,5.121161842,1.1,80.15052819,80.15052819,0.0,43.78906565498572,43.78906565498572,0.6378835896345472
Integrate AI solutions into business applications,AI Engineer,6131e4d7,Data Engineer,3.857142857142857,1,38,DATA ENGINEER,2 tahun 3 bulan,MIDDLE,27,58.5518732492,93.5,99.30555556,10.46636816,1.2,85.46875202,85.46875202,0.0,47.11129571345714,47.11129571345714,0.7571028791521994
Integrate AI solutions into business applications,AI Engineer,64S57577,Data Scientist,3.2142857142857144,1,40,DATA SCIENTIST,3 tahun 9 bulan,MIDDLE,45,73.6180643087,84.5,89.32291667,3.982774045,1.0,69.5311892,69.5311892,9.0,38.36224456171429,38.36224456171429,0.44314037688518404
Integrate AI solutions into business applications,AI Engineer,65054asd,Data Analyst,1.2142857142857142,2,10,DATA ANALYST,3 tahun 4 bulan,JUNIOR,40,70.5590744629,99.0,0.0,4.917061944,1.0,73.99273476,73.99273476,2.0,39.78686370851429,39.78686370851429,0.4942632911703209
Integrate AI solutions into business applications,AI Engineer,66d21701,Data Analyst,2.5,0,33,DATA ANALYST,4 tahun 3 bulan,JUNIOR,51,63.8499212188,81.5,83.07291667,3.823402466,1.0,64.77440963,64.77440963,0.0,35.50543710389999,35.50543710389999,0.3406229264332255
Integrate AI solutions into business applications,AI Engineer,6de6b041,Data Scientist,2.7142857142857144,3,16,DATA SCIENTIST,4 tahun 0 bulan,MIDDLE,48,59.6452497667,90.0,100.0,7.186353322,1.1,76.3103827,76.3103827,7.0,41.720217116714295,41.720217116714295,0.5636422973364946
Integrate AI solutions into business applications,AI Engineer,6e0778a1,Data Scientist,2.142857142857143,0,92,DATA SCIENTIST,3 tahun 1 bulan,JUNIOR,37,54.5927141687,70.0,97.91666667,4.665283496,1.0,57.55075558,57.55075558,2.0,31.509043314542858,31.509043314542858,0.19721105554697732
Integrate AI solutions into business applications,AI Engineer,6fb8c1a0,Data Scientist,2.7142857142857144,3,75,DATA SCIENTIST,3 tahun 0 bulan,BASIC,36,61.1916404063,98.0,0.0,3.823402466,1.0,70.34689224,70.34689224,0.0,38.55956717291429,38.55956717291429,0.4502213619762213
Integrate AI solutions into business applications,AI Engineer,7176fcb0,Data Engineer,2.5714285714285716,3,104,DATA ENGINEER,7 tahun 0 bulan,SENIOR,84,75.0633578433,80.0,33.82352941,7.122781583,1.2,79.20577781,79.20577781,10.0,43.18763366787143,43.18763366787143,0.616301010181893
Integrate AI solutions into business applications,AI Engineer,77571f19,Data Analyst,1.2857142857142858,2,54,DATA ANALYST,3 tahun 1 bulan,JUNIOR,37,77.8103933242,100.0,100.0,5.536442394,1.0,79.32087607,79.32087607,0.0,42.64435003138571,42.64435003138571,0.5968051029122456
Integrate AI solutions into business applications,AI Engineer,7L762383,Data Analyst,2.5,0,59,DATA ANALYST,1 tahun 10 bulan,MIDDLE,22,63.2588118579,88.5,94.96527778,2.554920958,1.0,68.65055253,68.65055253,0.0,37.559792840899995,37.559792840899995,0.4143441399166595
Integrate AI solutions into business applications,AI Engineer,7b6d04c9,Data Analyst,2.357142857142857,3,2,DATA ANALYST,4 tahun 5 bulan,MIDDLE,53,73.2388159429,86.0,100.0,4.742239915,1.0,70.9884555,70.9884555,4.0,38.73173855785714,38.73173855785714,0.45639978725890656
Integrate AI solutions into business applications,AI Engineer,7ba9df08,Data Analyst,2.0,0,25,DATA ANALYST,3 tahun 1 bulan,MIDDLE,37,56.631039916,92.5,96.35416667,0.0,1.2,82.079429,82.079429,0.0,44.44209737,44.44209737,0.6613178418465441
Integrate AI solutions into business applications,AI Engineer,7d317bd2,Data Scientist,1.2142857142857142,2,90,DATA ANALYST,4 tahun 4 bulan,JUNIOR,52,63.7458566762,86.5,86.37152778,3.794124597,1.0,67.4194445,67.4194445,6.0,36.30301987071429,36.30301987071429,0.36924443942828694
Integrate AI solutions into business applications,AI Engineer,7dc30989,Data Scientist,2.9285714285714284,1,73,DATA SCIENTIST,3 tahun 4 bulan,JUNIOR,40,92.1873832863,90.0,0.0,8.045322081,1.0,76.69106422,76.69106422,4.0,42.02269260802857,42.02269260802857,0.5744967272032759
Integrate AI solutions into business applications,AI Engineer,7fe7bd2c,Data Scientist,2.2857142857142856,0,65,DATA SCIENTIST,2 tahun 2 bulan,JUNIOR,26,39.5228291321,89.5,99.30555556,6.121971713,1.0,63.07245784,63.07245784,5.0,34.50268836948572,34.50268836948572,0.3046389669910551
Integrate AI solutions into business applications,AI Engineer,8126543f,Data Scientist,1.7142857142857142,0,85,DATA SCIENTIST,3 tahun 1 bulan,JUNIOR,37,63.1813433708,90.0,99.30555556,6.700326893,1.0,70.28096361,70.28096361,0.0,38.05462499901429,38.05462499901429,0.43210135036945274
Integrate AI solutions into business applications,AI Engineer,8387045b,Data Scientist,3.0,1,69,DATA SCIENTIST,4 tahun 4 bulan,MIDDLE,52,85.768554505,94.0,98.61111111,53.90204421,1.2,99.0,99.0,10.0,53.88,53.88,1.0
Integrate AI solutions into business applications,AI Engineer,859bd42e,Data Scientist,2.0714285714285716,0,95,DATA SCIENTIST,3 tahun 5 bulan,JUNIOR,41,91.9510387488,95.0,100.0,9.232623263,1.0,81.52852324,81.52852324,1.0,44.18368874577143,44.18368874577143,0.6520447656165557
Integrate AI solutions into business applications,AI Engineer,85e8c8f1,Data Scientist,2.357142857142857,0,105,DATA SCIENTIST,2 tahun 9 bulan,JUNIOR,33,86.9119456117,93.0,100.0,3.409887033,1.1,86.02380765,86.02380765,0.0,46.70047519735714,46.70047519735714,0.7423604533759268
Integrate AI solutions into business applications,AI Engineer,8K760816,Data Analyst,2.0,0,15,DATA ANALYST,2 tahun 8 bulan,MIDDLE,32,52.4918446546,98.5,100.0,3.455357726,1.0,70.91183125,70.91183125,8.0,38.5232705625,38.5232705625,0.4489188464883319
Integrate AI solutions into business applications,AI Engineer,9ab9d681,Data Scientist,3.357142857142857,1,18,DATA SCIENTIST,3 tahun 0 bulan,MIDDLE,36,31.3339898458,92.0,100.0,52.63227356,1.0,68.97507879,68.97507879,3.0,38.13464890155714,38.13464890155714,0.43497303373805685
Integrate AI solutions into business applications,AI Engineer,a016ffe0,Data Scientist,2.642857142857143,1,26,DATA SCIENTIST,3 tahun 1 bulan,MIDDLE,37,82.0345763308,64.0,34.49197861,6.239432544,1.2,71.75887324,71.75887324,3.0,39.27434567434286,39.27434567434286,0.4758714173917136
Integrate AI solutions into business applications,AI Engineer,a20ce132,Data Analyst,3.357142857142857,1,22,DATA ANALYST,2 tahun 9 bulan,MIDDLE,33,84.2864145654,95.0,98.61111111,10.2440888,1.2,95.23244671,95.23244671,0.0,52.05105389915715,52.05105389915715,0.9343676834924279
Integrate AI solutions into business applications,AI Engineer,a77b4e68,Data Scientist,1.4285714285714286,2,80,MGT,2 tahun 5 bulan,-,29,80.6774626521,90.0,100.0,29.57650728,1.0,78.85832029,78.85832029,0.0,42.46633832512857,42.46633832512857,0.5904170958289655
Integrate AI solutions into business applications,AI Engineer,a9fcd0c5,Data Analyst,1.3571428571428572,2,23,DATA ANALYST,2 tahun 1 bulan,MIDDLE,25,86.9994864617,91.5,100.0,7.075545771,1.1,85.847875,85.847875,9.0,46.13723089285715,46.13723089285715,0.7221482511426325
Integrate AI solutions into business applications,AI Engineer,ae73e946,Data Analyst,1.0714285714285714,2,72,DATA SCIENTIST,3 tahun 5 bulan,JUNIOR,41,83.7572654062,85.0,97.91666667,10.90515878,1.0,74.34235311,74.34235311,7.0,39.905018576871434,39.905018576871434,0.4985033164577545
Integrate AI solutions into business applications,AI Engineer,afb96c1d,Data Analyst,1.8571428571428572,0,19,DATA ANALYST,2 tahun 8 bulan,JUNIOR,32,77.4700746967,84.5,100.0,6.630101873,1.0,71.7649257,71.7649257,2.0,38.90826776385715,38.90826776385715,0.46273459434572195
Integrate AI solutions into business applications,AI Engineer,aff5a1f7,Data Engineer,3.4285714285714284,3,96,DATA ENGINEER,2 tahun 7 bulan,JUNIOR,31,69.9306139125,90.0,98.61111111,7.174163182,1.2,86.72069722,86.72069722,0.0,47.573398098028576,47.573398098028576,0.773685571200434
Integrate AI solutions into business applications,AI Engineer,b0519d51,Data Scientist,1.7142857142857142,0,43,DATA SCIENTIST,4 tahun 1 bulan,JUNIOR,49,66.8638392858,92.0,99.30555556,4.723839233,1.1,79.24054742,79.24054742,0.0,42.80320441831429,42.80320441831429,0.6025056434567198
Integrate AI solutions into business applications,AI Engineer,b7ddf289,Artificial Intelligence Engineer,2.857142857142857,1,44,DATA SCIENTIST,1 tahun 2 bulan,JUNIOR,14,78.282819795,95.0,100.0,11.82325385,1.0,77.94660283,77.94660283,9.0,42.65455664275714,42.65455664275714,0.597171370429747
Integrate AI solutions into business applications,AI Engineer,be2d891b,Data Scientist,3.642857142857143,1,14,AI ENGINEER,2 tahun 3 bulan,JUNIOR,27,70.2197654063,95.0,0.0,0.33375087,1.3,92.33751534,92.33751534,3.0,50.651025987342855,50.651025987342855,0.8841272335495427
Integrate AI solutions into business applications,AI Engineer,beb45f59,Data Analyst,1.0714285714285714,2,68,DATA ANALYST,3 tahun 4 bulan,MIDDLE,40,86.1330823996,80.0,98.61111111,6.436879162,1.0,71.94756403,71.94756403,2.0,38.63578036447142,38.63578036447142,0.45295629676080823
Integrate AI solutions into business applications,AI Engineer,c0b0190c,Data Analyst,3.642857142857143,1,17,DATA SCIENTIST,6 tahun 5 bulan,MIDDLE,77,29.2835988563,84.0,22.19251337,4.068139436,1.0,53.16264673,53.16264673,29.0,29.88834562404286,29.88834562404286,0.13905179993142525
Integrate AI solutions into business applications,AI Engineer,c13b7f6c,Data Analyst,1.1428571428571428,2,34,DATA ANALYST,3 tahun 1 bulan,MIDDLE,37,87.4991246496,90.0,100.0,12.60600857,1.0,78.2842696,78.2842696,8.0,42.02780574514286,42.02780574514286,0.5746802137659892
Integrate AI solutions into business applications,AI Engineer,c4acf473,Data Analyst,1.9285714285714286,3,107,DATA ANALYST,2 tahun 9 bulan,JUNIOR,33,79.9589169,86.5,93.31597222,0.0,1.0,72.02498398,72.02498398,0.0,39.07967008082857,39.07967008082857,0.4688854213779759
Integrate AI solutions into business applications,AI Engineer,c5c364b3,Data Analyst,2.142857142857143,0,60,DATA ANALYST,1 tahun 1 bulan,JUNIOR,13,40.932846055,100.0,16.57754011,1.742317797,1.0,64.65542017,64.65542017,0.0,35.27451554724286,35.27451554724286,0.33233623242515303
Integrate AI solutions into business applications,AI Engineer,c615b19e,Data Engineer,2.9285714285714284,3,63,DATA SCIENTIST,4 tahun 4 bulan,JUNIOR,52,71.0338060221,88.0,96.52777778,3.953496176,1.0,70.97960925,70.97960925,9.0,38.995621473928566,38.995621473928566,0.46586931020469446
Integrate AI solutions into business applications,AI Engineer,ccc8525a,Data Scientist,3.142857142857143,1,47,DATA SCIENTIST,1 tahun 0 bulan,BASIC,12,75.7084500467,90.0,0.0,0.0,1.0,70.11863666,70.11863666,16.0,38.640020286942864,38.640020286942864,0.45310844773643566
Integrate AI solutions into business applications,AI Engineer,cdb6bf28,Artificial Intelligence Engineer,3.642857142857143,1,6,AI ENGINEER,7 tahun 1 bulan,MIDDLE,85,81.6822187204,91.0,0.0,3.667866596,1.3,95.09100733,95.09100733,14.0,52.11037674204286,52.11037674204286,0.9364965027061871
Integrate AI solutions into business applications,AI Engineer,cf9338b5,Data Scientist,1.9285714285714286,0,74,DATA SCIENTIST,1 tahun 0 bulan,BASIC,12,82.0043154762,90.0,35.29411765,3.321482848,1.0,72.67275856,72.67275856,8.0,39.422990608228574,39.422990608228574,0.48120558844439704
Integrate AI solutions into business applications,AI Engineer,d08b974d,Data Analyst,2.0714285714285716,0,86,DATA ANALYST,2 tahun 9 bulan,MIDDLE,33,58.8772058825,93.5,97.91666667,0.871158899,1.0,69.7799626,69.7799626,0.0,37.95695160657143,37.95695160657143,0.42859630940393517
Integrate AI solutions into business applications,AI Engineer,d8c9672c,Data Analyst,3.7142857142857144,1,82,DATA ANALYST,2 tahun 4 bulan,MIDDLE,28,73.7417775442,90.5,95.05208333,9.595209262,1.0,73.7469197,73.7469197,0.0,40.83158172671429,40.83158172671429,0.5317533318008607
Integrate AI solutions into business applications,AI Engineer,ecc200ca,Data Engineer,2.7142857142857144,3,56,DATA ENGINEER,1 tahun 9 bulan,MIDDLE,21,71.0850840338,89.0,99.30555556,5.758942974,1.2,86.333236,86.333236,2.0,47.03232936571429,47.03232936571429,0.7542691464762517
Integrate AI solutions into business applications,AI Engineer,eed0f189,Data Analyst,2.2857142857142856,3,45,DATA ANALYST,2 tahun 10 bulan,MIDDLE,34,69.240079365,96.0,70.49910873,48.01347408,1.0,79.53001534,79.53001534,4.0,43.22519384448572,43.22519384448572,0.6176488691474981
Integrate AI solutions into business applications,AI Engineer,f007ee36,Artificial Intelligence Engineer,1.5,0,70,AI ENGINEER,2 tahun 0 bulan,MIDDLE,24,40.1500350142,90.0,99.30555556,2.332863117,1.3,81.80872206,81.80872206,2.0,44.0636226918,44.0636226918,0.6477361568213393
Integrate AI solutions into business applications,AI Engineer,f2f08a05,Data Engineer,2.0714285714285716,3,94,DATA ENGINEER,2 tahun 5 bulan,JUNIOR,29,59.4675711954,87.0,99.30555556,7.027424482,1.2,81.33092925,81.33092925,1.0,44.07896393107143,44.07896393107143,0.6482866821052812
Integrate AI solutions into business applications,AI Engineer,f6f88029,Data Analyst,1.0714285714285714,2,100,MGT,4 tahun 3 bulan,-,51,4.3391106446,90.0,78.20855615,6.010278684,1.0,48.76020407,48.76020407,0.0,26.346479585671432,26.346479585671432,0.011950802941581767
Integrate AI solutions into business applications,AI Engineer,fbc7621c,Data Scientist,1.9285714285714286,0,93,DATA SCIENTIST,8 tahun 6 bulan,MIDDLE,102,58.3732609713,75.0,100.0,12.17940809,1.0,62.37965806,62.37965806,0.0,33.96764734322857,33.96764734322857,0.28543884842897044
Integrate AI solutions into business applications,AI Engineer,ff56a859,Data Scientist,2.0714285714285716,0,97,DATA SCIENTIST,4 tahun 3 bulan,JUNIOR,51,71.9907037817,89.5,95.83333333,11.98196147,1.0,73.15820762,73.15820762,3.0,39.74742146717143,39.74742146717143,0.49284789370924226
Maintain data lakes and warehouses,Data Engineer,006bac9a,Data Analyst,3.0434782608695654,3,7,DATA ANALYST,2 tahun 5 bulan,JUNIOR,29,24.3446545288,90.0,100.0,10.68886874,1.0,59.64183706,59.64183706,2.0,33.040608424408695,33.040608424408695,0.19493797733772886
Maintain data lakes and warehouses,Data Engineer,00c74be4,Data Scientist,2.6956521739130435,3,106,DATA SCIENTIST,5 tahun 10 bulan,MIDDLE,70,65.8296276846,90.0,70.58823529,2.714292537,1.0,67.48966658,67.48966658,9.0,37.03647980913914,37.03647980913914,0.3057860977035523
Maintain data lakes and warehouses,Data Engineer,01c8c0ef,Data Scientist,3.608695652173913,1,67,DATA SCIENTIST,2 tahun 2 bulan,SENIOR,26,77.0315563725,92.0,96.35416667,6.32783673,1.1,82.53917202,82.53917202,3.0,45.44184812712174,45.44184812712174,0.5389565852701003
Maintain data lakes and warehouses,Data Engineer,01d1846b,Data Analyst,2.4782608695652173,0,77,DATA ANALYST,4 tahun 3 bulan,JUNIOR,51,76.130287115,84.0,91.92708333,7.89858338,1.0,70.77981892,70.77981892,2.0,38.67808663629565,38.67808663629565,0.35132535901846035
Maintain data lakes and warehouses,Data Engineer,03ad7f49,Data Scientist,1.6956521739130435,2,91,DATA SCIENTIST,3 tahun 4 bulan,JUNIOR,40,75.1958741829,90.0,0.0,4.519739335,1.0,70.74391915,70.74391915,2.0,38.291233671239134,38.291233671239134,0.3405938013916741
Maintain data lakes and warehouses,Data Engineer,0514ff91,Data Scientist,1.9130434782608696,0,37,DATA SCIENTIST,3 tahun 4 bulan,MIDDLE,40,75.6379551821,90.0,100.0,11.44256681,1.0,74.661971,74.661971,4.0,40.4699750647826,40.4699750647826,0.40103353154925536
Maintain data lakes and warehouses,Data Engineer,056cd3f9,Data Engineer,3.739130434782609,3,48,DATA ENGINEER,7 tahun 7 bulan,SENIOR,91,80.4681314192,90.0,34.22459893,5.168397654,1.3,94.26532683,94.26532683,0.0,51.718014524247835,62.061617429097396,1.0
Maintain data lakes and warehouses,Data Engineer,05eed8dc,Data Engineer,3.608695652173913,3,49,DATA ENGINEER,2 tahun 5 bulan,MIDDLE,29,62.7957662233,95.0,99.21875,8.595362988,1.2,87.48866032,87.48866032,8.0,48.06507692612174,57.678092311346084,0.8783981081733724
Maintain data lakes and warehouses,Data Engineer,106760ca,Data Engineer,4.869565217391305,1,21,DATA ENGINEER,1 tahun 11 bulan,MIDDLE,23,71.4513888888,91.25,100.0,8.016044212,1.2,88.25251765,88.25251765,3.0,49.06253000667392,58.8750360080087,0.9116021195601707
Maintain data lakes and warehouses,Data Engineer,123117c9,Data Analyst,1.565217391304348,2,32,DATA ANALYST,4 tahun 2 bulan,MIDDLE,50,70.4449813258,95.0,100.0,3.648580437,1.0,74.43733436,74.43733436,2.0,40.187439384713045,40.187439384713045,0.393195804541407
Maintain data lakes and warehouses,Data Engineer,14d4dbd6,Data Analyst,1.826086956521739,2,108,DATA ANALYST,4 tahun 2 bulan,JUNIOR,50,79.6974498133,80.5,98.4375,3.111615146,1.0,69.81056917,69.81056917,9.0,37.85786252966521,37.85786252966521,0.32857179871965847
Maintain data lakes and warehouses,Data Engineer,1551c5ff,Data Analyst,1.6521739130434783,2,66,DATA ANALYST,2 tahun 5 bulan,JUNIOR,29,79.0374358075,90.0,100.0,15.2788331,1.0,76.22782609,76.22782609,2.0,41.17726956683044,41.17726956683044,0.42065434977595934
Maintain data lakes and warehouses,Data Engineer,1667415a,Data Analyst,2.869565217391304,0,50,DATA ANALYST,4 tahun 1 bulan,JUNIOR,49,73.4773576096,90.0,100.0,10.26693491,1.0,73.85696587,73.85696587,1.0,40.49288756327392,40.49288756327392,0.40166913944203003
Maintain data lakes and warehouses,Data Engineer,1672e04a,Data Analyst,3.4347826086956523,3,41,DATA ANALYST,4 tahun 3 bulan,JUNIOR,51,69.8277310925,86.0,100.0,7.456011595,1.0,70.40596081,70.40596081,4.0,38.929507055386956,38.929507055386956,0.35829992806599203
Maintain data lakes and warehouses,Data Engineer,17466c54,Data Analyst,1.7391304347826086,2,11,DATA ANALYST,3 tahun 1 bulan,JUNIOR,37,49.8728816529,90.0,100.0,7.676082801,1.0,66.60685575,66.60685575,0.0,36.119024851847826,36.119024851847826,0.28033528917035694
Maintain data lakes and warehouses,Data Engineer,1893af41,Data Analyst,1.9565217391304348,2,103,DATA SCIENTIST,1 tahun 1 bulan,JUNIOR,13,37.5269607842,98.0,29.01069519,0.0,1.0,62.25313576,62.25313576,3.0,33.9137271701913,33.9137271701913,0.219158869981073
Maintain data lakes and warehouses,Data Engineer,1dbecdbe,Data Scientist,2.1739130434782608,0,4,DATA SCIENTIST,2 tahun 3 bulan,JUNIOR,27,85.3527602713,90.0,99.30555556,6.414697312,1.0,76.68127695,76.68127695,5.0,41.66281591393478,41.66281591393478,0.43412372722706527
Maintain data lakes and warehouses,Data Engineer,29e9efd9,Data Engineer,3.8260869565217392,3,61,DATA ENGINEER,3 tahun 1 bulan,MIDDLE,37,72.8804563492,94.0,99.30555556,9.72908414,1.2,90.62742563,90.62742563,0.0,49.830796453465226,59.79695574415827,0.937176784017803
Maintain data lakes and warehouses,Data Engineer,2d801262,Data Analyst,3.0,0,9,DATA ANALYST,2 tahun 10 bulan,MIDDLE,34,80.3460259104,90.0,95.74652778,10.27336667,1.1,83.12594823,83.12594823,9.0,45.4667525619,45.4667525619,0.5396474507955756
Maintain data lakes and warehouses,Data Engineer,31e8a51f,Data Scientist,2.347826086956522,0,98,DATA SCIENTIST,2 tahun 9 bulan,JUNIOR,33,52.8933765175,90.0,65.10695187,6.407601293,1.0,64.07121964,64.07121964,0.0,35.061224670069564,35.061224670069564,0.25099121109997213
Maintain data lakes and warehouses,Data Engineer,3350383a,Artificial Intelligence Engineer,4.217391304347826,1,30,AI ENGINEER,3 tahun 9 bulan,MIDDLE,45,54.1797239725,95.5,96.44097222,11.49637749,1.3,92.17002068,92.17002068,0.0,50.83228487344348,50.83228487344348,0.6884908729761442
Maintain data lakes and warehouses,Data Engineer,365fc87a,Data Analyst,2.260869565217391,0,110,DATA ANALYST,2 tahun 5 bulan,BASIC,29,80.8585434175,90.0,8.155080214,6.607477284,1.0,72.88466719,72.88466719,3.0,39.69148230635218,39.69148230635218,0.3794376265058204
Maintain data lakes and warehouses,Data Engineer,36cf70f2,Artificial Intelligence Engineer,3.3043478260869565,1,58,AI ENGINEER,2 tahun 5 bulan,MIDDLE,29,43.5532358775,89.5,100.0,11.83988942,1.3,84.69716654,84.69716654,4.0,46.44254174446087,46.44254174446087,0.5667164893971453
Maintain data lakes and warehouses,Data Engineer,3951d86b,Data Scientist,4.391304347826087,1,78,DATA SCIENTIST,3 tahun 1 bulan,JUNIOR,37,55.4426062092,95.0,100.0,4.279280813,1.0,70.17243405,70.17243405,0.0,39.25530308997826,39.25530308997826,0.3673377259778789
Maintain data lakes and warehouses,Data Engineer,39c4596a,Data Scientist,2.4347826086956523,0,42,DATA SCIENTIST,3 tahun 5 bulan,JUNIOR,41,60.7098506071,80.0,97.91666667,4.694561364,1.0,64.25018915,64.25018915,0.0,35.19694807558696,35.19694807558696,0.25475626831596326
Maintain data lakes and warehouses,Data Engineer,3cac7e99,Data Scientist,2.260869565217391,0,88,DATA SCIENTIST,10 tahun 2 bulan,SENIOR,122,88.3660831,98.0,34.22459893,51.7318368,1.0,87.21080158,87.21080158,0.0,47.28433353305217,47.28433353305217,0.5900683514869269
Maintain data lakes and warehouses,Data Engineer,42e7a026,Data Analyst,2.869565217391304,0,64,DATA ANALYST,2 tahun 6 bulan,JUNIOR,30,73.5210696779,89.0,99.21875,4.472503523,1.0,72.45268383,72.45268383,2.0,39.74861808207392,39.74861808207392,0.38102261078949884
Maintain data lakes and warehouses,Data Engineer,46fd6e1c,Data Analyst,2.130434782608696,2,5,DATA SCIENTIST,1 tahun 2 bulan,JUNIOR,14,67.4580357142,90.0,100.0,11.7055718,1.0,72.32438573,72.32438573,0.0,39.33322878472609,39.33322878472609,0.3694994363932856
Maintain data lakes and warehouses,Data Engineer,47d42365,Data Engineer,4.043478260869565,3,53,DATA ENGINEER,4 tahun 4 bulan,JUNIOR,52,71.9768703312,91.5,97.82986111,3.794124597,1.2,87.64556985,87.64556985,3.0,48.3525868031087,58.02310416373044,0.8879689656055909
Maintain data lakes and warehouses,Data Engineer,4cba2f2d,Artificial Intelligence Engineer,2.4782608695652173,0,36,AI ENGINEER,1 tahun 7 bulan,JUNIOR,19,66.0502450979,95.0,100.0,5.817498712,1.2,84.80862745,84.80862745,5.0,46.113355157195656,46.113355157195656,0.5575846353070891
Maintain data lakes and warehouses,Data Engineer,4d57b04b,Data Scientist,2.5652173913043477,0,20,DATA SCIENTIST,3 tahun 11 bulan,MIDDLE,47,60.9976657327,96.5,91.31944444,1.268481508,1.1,78.63807432,78.63807432,0.0,42.88383156351305,42.88383156351305,0.4679955105407658
Maintain data lakes and warehouses,Data Engineer,516J6855,Data Scientist,2.0,0,46,DATA SCIENTIST,2 tahun 5 bulan,JUNIOR,29,54.7360673438,80.0,96.96180556,11.10881594,1.0,63.41641108,63.41641108,1.0,34.5506978724,34.5506978724,0.2368288593950832
Maintain data lakes and warehouses,Data Engineer,528f3560,Data Analyst,1.565217391304348,2,55,DATA SCIENTIST,7 tahun 0 bulan,SENIOR,84,32.3536327033,90.0,94.11764706,44.61622935,1.0,64.269703,64.269703,0.0,34.79859476391305,34.79859476391305,0.24370568345247356
Maintain data lakes and warehouses,Data Engineer,528f3560,Data Analyst,1.565217391304348,2,55,DATA SCIENTIST,7 tahun 0 bulan,SENIOR,84,32.3536327033,90.0,94.11764706,44.61622935,1.0,64.269703,64.269703,0.0,34.79859476391305,34.79859476391305,0.24370568345247356
Maintain data lakes and warehouses,Data Engineer,5312eea4,Data Analyst,2.9565217391304346,3,84,DATA ANALYST,2 tahun 2 bulan,MIDDLE,26,49.7969187675,86.0,92.79513889,46.9198146,1.0,70.0469465,70.0469465,2.0,38.51444686239131,38.51444686239131,0.34678588324261317
Maintain data lakes and warehouses,Data Engineer,544a3d1a,Data Scientist,2.4782608695652173,0,62,DATA SCIENTIST,4 tahun 2 bulan,MIDDLE,50,59.509354575,90.5,100.0,7.234474611,1.0,69.58669591,69.58669591,15.0,38.04573144099566,38.04573144099566,0.33378340682489743
Maintain data lakes and warehouses,Data Engineer,54b0fc4f,Data Analyst,3.608695652173913,1,89,DATA ANALYST,2 tahun 2 bulan,MIDDLE,26,71.3084967321,88.5,98.61111111,6.180876807,1.0,71.78045298,71.78045298,3.0,39.739727035921746,39.739727035921746,0.3807759672769423
Maintain data lakes and warehouses,Data Engineer,557e30ab,Data Analyst,1.6521739130434783,2,29,DATA ANALYST,3 tahun 5 bulan,MIDDLE,41,53.7861081933,85.0,100.0,4.549017204,1.0,64.81437318,64.81437318,2.0,35.12813952453044,35.12813952453044,0.2528474735086885
Maintain data lakes and warehouses,Data Engineer,55b2e646,Data Scientist,3.5652173913043477,1,57,AI ENGINEER,3 tahun 0 bulan,JUNIOR,36,50.15589986,90.0,100.0,0.871158899,1.3,85.36316737,85.36316737,0.0,46.918130880013045,46.918130880013045,0.5799096472009272
Maintain data lakes and warehouses,Data Engineer,57635c17,Data Analyst,1.2608695652173914,2,12,DATA ANALYST,3 tahun 3 bulan,MIDDLE,39,67.5095967558,90.0,99.21875,6.039999292,1.0,71.43352597,71.43352597,4.0,38.45237745975218,38.45237745975218,0.3450640368786213
Maintain data lakes and warehouses,Data Engineer,57ecf7ad,Data Analyst,1.0,2,27,MGT,5 tahun 1 bulan,-,61,3.4722222221,90.0,77.54010695,4.326516624,1.0,48.19519238,48.19519238,0.0,26.0134519614,26.0134519614,0.0
Maintain data lakes and warehouses,Data Engineer,5b749bf9,Data Engineer,3.0869565217391304,3,101,DATA ENGINEER,2 tahun 3 bulan,BASIC,27,34.81372549,90.0,86.63101604,10.06283501,1.2,70.83787239,70.83787239,3.0,38.99494193191739,46.793930318300866,0.5764642413085393
Maintain data lakes and warehouses,Data Engineer,5d16d190,Data Scientist,2.608695652173913,0,99,DATA SCIENTIST,3 tahun 1 bulan,JUNIOR,37,62.2739437442,90.0,97.74305556,28.26078997,1.0,73.16053928,73.16053928,5.0,40.00117277492174,40.00117277492174,0.388028645342745
Maintain data lakes and warehouses,Data Engineer,5dc773ce,Artificial Intelligence Engineer,3.0869565217391304,0,35,DATA SCIENTIST,4 tahun 4 bulan,MIDDLE,52,72.0571603642,91.0,95.57291667,5.121161842,1.1,80.15052819,80.15052819,0.0,43.930649505917394,43.930649505917394,0.49703493401274235
Maintain data lakes and warehouses,Data Engineer,6131e4d7,Data Engineer,4.608695652173913,1,38,DATA ENGINEER,2 tahun 3 bulan,MIDDLE,27,58.5518732492,93.5,99.30555556,10.46636816,1.2,85.46875202,85.46875202,0.0,47.46452552712174,56.957430632546085,0.8584064756048363
Maintain data lakes and warehouses,Data Engineer,64S57577,Data Scientist,3.652173913043478,1,40,DATA SCIENTIST,3 tahun 9 bulan,MIDDLE,45,73.6180643087,84.5,89.32291667,3.982774045,1.0,69.5311892,69.5311892,9.0,38.56805201513044,38.56805201513044,0.3482729257049311
Maintain data lakes and warehouses,Data Engineer,65054asd,Data Analyst,1.6521739130434783,2,10,DATA ANALYST,3 tahun 4 bulan,JUNIOR,40,70.5590744629,99.0,0.0,4.917061944,1.0,73.99273476,73.99273476,2.0,39.99267116193044,39.99267116193044,0.3877928049641571
Maintain data lakes and warehouses,Data Engineer,66d21701,Data Analyst,2.8260869565217392,0,33,DATA ANALYST,4 tahun 3 bulan,JUNIOR,51,63.8499212188,81.5,83.07291667,3.823402466,1.0,64.77440963,64.77440963,0.0,35.658697973465216,35.658697973465216,0.26756551649509813
Maintain data lakes and warehouses,Data Engineer,6de6b041,Data Scientist,3.0869565217391304,3,16,DATA SCIENTIST,4 tahun 0 bulan,MIDDLE,48,59.6452497667,90.0,100.0,7.186353322,1.1,76.3103827,76.3103827,7.0,41.8953723962174,41.8953723962174,0.4405749981659709
Maintain data lakes and warehouses,Data Engineer,6e0778a1,Data Scientist,2.347826086956522,0,92,DATA SCIENTIST,3 tahun 1 bulan,JUNIOR,37,54.5927141687,70.0,97.91666667,4.665283496,1.0,57.55075558,57.55075558,2.0,31.605378718269566,31.605378718269566,0.15512375413058027
Maintain data lakes and warehouses,Data Engineer,6fb8c1a0,Data Scientist,3.0434782608695654,3,75,DATA SCIENTIST,3 tahun 0 bulan,BASIC,36,61.1916404063,98.0,0.0,3.823402466,1.0,70.34689224,70.34689224,0.0,38.7142876698087,38.7142876698087,0.35232959967934735
Maintain data lakes and warehouses,Data Engineer,7176fcb0,Data Engineer,3.391304347826087,3,104,DATA ENGINEER,7 tahun 0 bulan,SENIOR,84,75.0633578433,80.0,33.82352941,7.122781583,1.2,79.20577781,79.20577781,10.0,43.57297528277826,52.28757033933391,0.7288614562501948
Maintain data lakes and warehouses,Data Engineer,77571f19,Data Analyst,1.8695652173913044,2,54,DATA ANALYST,3 tahun 1 bulan,JUNIOR,37,77.8103933242,100.0,100.0,5.536442394,1.0,79.32087607,79.32087607,0.0,42.91875996927391,42.91875996927391,0.4689644476644083
Maintain data lakes and warehouses,Data Engineer,7L762383,Data Analyst,2.869565217391304,0,59,DATA ANALYST,1 tahun 10 bulan,MIDDLE,22,63.2588118579,88.5,94.96527778,2.554920958,1.0,68.65055253,68.65055253,0.0,37.733488493073914,37.733488493073914,0.32512158051915807
Maintain data lakes and warehouses,Data Engineer,7b6d04c9,Data Analyst,2.8260869565217392,3,2,DATA ANALYST,4 tahun 5 bulan,MIDDLE,53,73.2388159429,86.0,100.0,4.742239915,1.0,70.9884555,70.9884555,4.0,38.95214228456522,38.95214228456522,0.35892784432427005
Maintain data lakes and warehouses,Data Engineer,7ba9df08,Data Analyst,3.0869565217391304,0,25,DATA ANALYST,3 tahun 1 bulan,MIDDLE,37,56.631039916,92.5,96.35416667,0.0,1.2,82.079429,82.079429,0.0,44.95296693521739,44.95296693521739,0.5253946970141659
Maintain data lakes and warehouses,Data Engineer,7d317bd2,Data Scientist,1.2173913043478262,2,90,DATA ANALYST,4 tahun 4 bulan,JUNIOR,52,63.7458566762,86.5,86.37152778,3.794124597,1.0,67.4194445,67.4194445,6.0,36.30447949804348,36.30447949804348,0.28547992396076916
Maintain data lakes and warehouses,Data Engineer,7dc30989,Data Scientist,2.9565217391304346,1,73,DATA SCIENTIST,3 tahun 4 bulan,JUNIOR,40,92.1873832863,90.0,0.0,8.045322081,1.0,76.69106422,76.69106422,4.0,42.03582925399131,42.03582925399131,0.44447136448452257
Maintain data lakes and warehouses,Data Engineer,7fe7bd2c,Data Scientist,2.347826086956522,0,65,DATA SCIENTIST,2 tahun 2 bulan,JUNIOR,26,39.5228291321,89.5,99.30555556,6.121971713,1.0,63.07245784,63.07245784,5.0,34.53188091606957,34.53188091606957,0.23630686455605887
Maintain data lakes and warehouses,Data Engineer,8126543f,Data Scientist,2.1739130434782608,0,85,DATA SCIENTIST,3 tahun 1 bulan,JUNIOR,37,63.1813433708,90.0,99.30555556,6.700326893,1.0,70.28096361,70.28096361,0.0,38.27064984373478,38.27064984373478,0.34002279237534017
Maintain data lakes and warehouses,Data Engineer,8387045b,Data Scientist,3.652173913043478,1,69,DATA SCIENTIST,4 tahun 4 bulan,MIDDLE,52,85.768554505,94.0,98.61111111,53.90204421,1.2,99.0,99.0,10.0,54.18652173913044,54.18652173913044,0.781539626558145
Maintain data lakes and warehouses,Data Engineer,859bd42e,Data Scientist,2.869565217391304,0,95,DATA SCIENTIST,3 tahun 5 bulan,JUNIOR,41,91.9510387488,95.0,100.0,9.232623263,1.0,81.52852324,81.52852324,1.0,44.55881296937392,44.55881296937392,0.5144606047870129
Maintain data lakes and warehouses,Data Engineer,85e8c8f1,Data Scientist,2.5652173913043477,0,105,DATA SCIENTIST,2 tahun 9 bulan,JUNIOR,33,86.9119456117,93.0,100.0,3.409887033,1.1,86.02380765,86.02380765,0.0,46.798270228413045,46.798270228413045,0.5765846332912067
Maintain data lakes and warehouses,Data Engineer,8K760816,Data Analyst,2.391304347826087,0,15,DATA ANALYST,2 tahun 8 bulan,MIDDLE,32,52.4918446546,98.5,100.0,3.455357726,1.0,70.91183125,70.91183125,8.0,38.707183605978265,38.707183605978265,0.35213252824066904
Maintain data lakes and warehouses,Data Engineer,9ab9d681,Data Scientist,3.347826086956522,1,18,DATA SCIENTIST,3 tahun 0 bulan,MIDDLE,36,31.3339898458,92.0,100.0,52.63227356,1.0,68.97507879,68.97507879,3.0,38.130270019569565,38.130270019569565,0.3361285630201457
Maintain data lakes and warehouses,Data Engineer,a016ffe0,Data Scientist,2.869565217391304,1,26,DATA SCIENTIST,3 tahun 1 bulan,MIDDLE,37,82.0345763308,64.0,34.49197861,6.239432544,1.2,71.75887324,71.75887324,3.0,39.38089846937392,39.38089846937392,0.3708218250371833
Maintain data lakes and warehouses,Data Engineer,a20ce132,Data Analyst,4.130434782608695,1,22,DATA ANALYST,2 tahun 9 bulan,MIDDLE,33,84.2864145654,95.0,98.61111111,10.2440888,1.2,95.23244671,95.23244671,0.0,52.41450110412609,52.41450110412609,0.7323825997853887
Maintain data lakes and warehouses,Data Engineer,a77b4e68,Data Scientist,1.7826086956521738,2,80,MGT,2 tahun 5 bulan,-,29,80.6774626521,90.0,100.0,29.57650728,1.0,78.85832029,78.85832029,0.0,42.632735840656515,42.632735840656515,0.4610299487819701
Maintain data lakes and warehouses,Data Engineer,a9fcd0c5,Data Analyst,1.8695652173913044,2,23,DATA ANALYST,2 tahun 1 bulan,MIDDLE,25,86.9994864617,91.5,100.0,7.075545771,1.1,85.847875,85.847875,9.0,46.378069402173914,46.378069402173914,0.5649279838948409
Maintain data lakes and warehouses,Data Engineer,ae73e946,Data Analyst,1.4782608695652173,2,72,DATA SCIENTIST,3 tahun 5 bulan,JUNIOR,41,83.7572654062,85.0,97.91666667,10.90515878,1.0,74.34235311,74.34235311,7.0,40.09622975699566,40.09622975699566,0.3906655890218651
Maintain data lakes and warehouses,Data Engineer,afb96c1d,Data Analyst,2.608695652173913,0,19,DATA ANALYST,2 tahun 8 bulan,JUNIOR,32,77.4700746967,84.5,100.0,6.630101873,1.0,71.7649257,71.7649257,2.0,39.261497577521745,39.261497577521745,0.3675095651675606
Maintain data lakes and warehouses,Data Engineer,aff5a1f7,Data Engineer,4.217391304347826,3,96,DATA ENGINEER,2 tahun 7 bulan,JUNIOR,31,69.9306139125,90.0,98.61111111,7.174163182,1.2,86.72069722,86.72069722,0.0,47.94414343964348,57.53297212757218,0.8743723781010905
Maintain data lakes and warehouses,Data Engineer,b0519d51,Data Scientist,2.217391304347826,0,43,DATA SCIENTIST,4 tahun 1 bulan,JUNIOR,49,66.8638392858,92.0,99.30555556,4.723839233,1.1,79.24054742,79.24054742,0.0,43.03966404564348,43.03966404564348,0.4723184068687376
Maintain data lakes and warehouses,Data Engineer,b7ddf289,Artificial Intelligence Engineer,3.0869565217391304,1,44,DATA SCIENTIST,1 tahun 2 bulan,JUNIOR,14,78.282819795,95.0,100.0,11.82325385,1.0,77.94660283,77.94660283,9.0,42.76256906511739,42.76256906511739,0.4646316084718985
Maintain data lakes and warehouses,Data Engineer,be2d891b,Data Scientist,4.260869565217392,1,14,AI ENGINEER,2 tahun 3 bulan,JUNIOR,27,70.2197654063,95.0,0.0,0.33375087,1.3,92.33751534,92.33751534,3.0,50.94149182585217,50.94149182585217,0.6915203462098529
Maintain data lakes and warehouses,Data Engineer,beb45f59,Data Analyst,1.7391304347826086,2,68,DATA ANALYST,3 tahun 4 bulan,MIDDLE,40,86.1330823996,80.0,98.61111111,6.436879162,1.0,71.94756403,71.94756403,2.0,38.949600240247825,38.949600240247825,0.35885732633023587
Maintain data lakes and warehouses,Data Engineer,c0b0190c,Data Analyst,4.217391304347826,1,17,DATA SCIENTIST,6 tahun 5 bulan,MIDDLE,77,29.2835988563,84.0,22.19251337,4.068139436,1.0,53.16264673,53.16264673,29.0,30.15837667994348,30.15837667994348,0.11498295862677749
Maintain data lakes and warehouses,Data Engineer,c13b7f6c,Data Analyst,1.391304347826087,2,34,DATA ANALYST,3 tahun 1 bulan,MIDDLE,37,87.4991246496,90.0,100.0,12.60600857,1.0,78.2842696,78.2842696,8.0,42.144575931478265,42.144575931478265,0.4474880693868678
Maintain data lakes and warehouses,Data Engineer,c4acf473,Data Analyst,2.782608695652174,3,107,DATA ANALYST,2 tahun 9 bulan,JUNIOR,33,79.9589169,86.5,93.31597222,0.0,1.0,72.02498398,72.02498398,0.0,39.481067596356525,39.481067596356525,0.37360058300400323
Maintain data lakes and warehouses,Data Engineer,c5c364b3,Data Analyst,2.782608695652174,0,60,DATA ANALYST,1 tahun 1 bulan,JUNIOR,13,40.932846055,100.0,16.57754011,1.742317797,1.0,64.65542017,64.65542017,0.0,35.57519877705653,35.57519877705653,0.2652491934499348
Maintain data lakes and warehouses,Data Engineer,c615b19e,Data Engineer,3.652173913043478,3,63,DATA SCIENTIST,4 tahun 4 bulan,JUNIOR,52,71.0338060221,88.0,96.52777778,3.953496176,1.0,70.97960925,70.97960925,9.0,39.33571464163043,47.202857569956514,0.5878081542747091
Maintain data lakes and warehouses,Data Engineer,ccc8525a,Data Scientist,3.260869565217391,1,47,DATA SCIENTIST,1 tahun 0 bulan,BASIC,12,75.7084500467,90.0,0.0,0.0,1.0,70.11863666,70.11863666,16.0,38.69548612545218,38.69548612545218,0.35180803237869324
Maintain data lakes and warehouses,Data Engineer,cdb6bf28,Artificial Intelligence Engineer,4.086956521739131,1,6,AI ENGINEER,7 tahun 1 bulan,MIDDLE,85,81.6822187204,91.0,0.0,3.667866596,1.3,95.09100733,95.09100733,14.0,52.319103450117396,52.319103450117396,0.729736205641027
Maintain data lakes and warehouses,Data Engineer,cf9338b5,Data Scientist,2.130434782608696,0,74,DATA SCIENTIST,1 tahun 0 bulan,BASIC,12,82.0043154762,90.0,35.29411765,3.321482848,1.0,72.67275856,72.67275856,8.0,39.51786638462609,39.51786638462609,0.37462140577798153
Maintain data lakes and warehouses,Data Engineer,d08b974d,Data Analyst,2.217391304347826,0,86,DATA ANALYST,2 tahun 9 bulan,MIDDLE,33,58.8772058825,93.5,97.91666667,0.871158899,1.0,69.7799626,69.7799626,0.0,38.02555409104348,38.02555409104348,0.3332236737652426
Maintain data lakes and warehouses,Data Engineer,d8c9672c,Data Analyst,3.9565217391304346,1,82,DATA ANALYST,2 tahun 4 bulan,MIDDLE,28,73.7417775442,90.5,95.05208333,9.595209262,1.0,73.7469197,73.7469197,0.0,40.94543265839131,40.94543265839131,0.4142230402923498
Maintain data lakes and warehouses,Data Engineer,ecc200ca,Data Engineer,3.5217391304347827,3,56,DATA ENGINEER,1 tahun 9 bulan,MIDDLE,21,71.0850840338,89.0,99.30555556,5.758942974,1.2,86.333236,86.333236,2.0,47.41183247130435,56.89419896556522,0.8566523872577461
Maintain data lakes and warehouses,Data Engineer,eed0f189,Data Analyst,2.9130434782608696,3,45,DATA ANALYST,2 tahun 10 bulan,MIDDLE,34,69.240079365,96.0,70.49910873,48.01347408,1.0,79.53001534,79.53001534,4.0,43.52003856498262,43.52003856498262,0.48564431439015104
Maintain data lakes and warehouses,Data Engineer,f007ee36,Artificial Intelligence Engineer,1.7391304347826086,0,70,AI ENGINEER,2 tahun 0 bulan,MIDDLE,24,40.1500350142,90.0,99.30555556,2.332863117,1.3,81.80872206,81.80872206,2.0,44.17601399614783,44.17601399614783,0.503841507580274
Maintain data lakes and warehouses,Data Engineer,f2f08a05,Data Engineer,3.0,3,94,DATA ENGINEER,2 tahun 5 bulan,JUNIOR,29,59.4675711954,87.0,99.30555556,7.027424482,1.2,81.33092925,81.33092925,1.0,44.5153925025,53.418471003,0.7602333901334735
Maintain data lakes and warehouses,Data Engineer,f6f88029,Data Analyst,1.2608695652173914,2,100,MGT,4 tahun 3 bulan,-,51,4.3391106446,90.0,78.20855615,6.010278684,1.0,48.76020407,48.76020407,0.0,26.435516852752176,26.435516852752176,0.011708359797959358
Maintain data lakes and warehouses,Data Engineer,fbc7621c,Data Scientist,2.5652173913043477,0,93,DATA SCIENTIST,8 tahun 6 bulan,MIDDLE,102,58.3732609713,75.0,100.0,12.17940809,1.0,62.37965806,62.37965806,0.0,34.266870945713045,34.266870945713045,0.22895531235033018
Maintain data lakes and warehouses,Data Engineer,ff56a859,Data Scientist,2.608695652173913,0,97,DATA SCIENTIST,4 tahun 3 bulan,JUNIOR,51,71.9907037817,89.5,95.83333333,11.98196147,1.0,73.15820762,73.15820762,3.0,39.99993699512174,39.99993699512174,0.3879943639921141
Manage cloud-based data processing,Data Engineer,006bac9a,Data Analyst,3.1,3,7,DATA ANALYST,2 tahun 5 bulan,JUNIOR,29,24.3446545288,90.0,100.0,10.68886874,1.0,59.64183706,59.64183706,2.0,33.067173641800004,33.067173641800004,0.19518365196973123
Manage cloud-based data processing,Data Engineer,00c74be4,Data Scientist,2.75,3,106,DATA SCIENTIST,5 tahun 10 bulan,MIDDLE,70,65.8296276846,90.0,70.58823529,2.714292537,1.0,67.48966658,67.48966658,9.0,37.0620232874,37.0620232874,0.30572520410735077
Manage cloud-based data processing,Data Engineer,01c8c0ef,Data Scientist,3.65,1,67,DATA SCIENTIST,2 tahun 2 bulan,SENIOR,26,77.0315563725,92.0,96.35416667,6.32783673,1.1,82.53917202,82.53917202,3.0,45.4612611706,45.4612611706,0.5381406576913548
Manage cloud-based data processing,Data Engineer,01d1846b,Data Analyst,2.5,0,77,DATA ANALYST,4 tahun 3 bulan,JUNIOR,51,76.130287115,84.0,91.92708333,7.89858338,1.0,70.77981892,70.77981892,2.0,38.6883040276,38.6883040276,0.350726045986651
Manage cloud-based data processing,Data Engineer,03ad7f49,Data Scientist,1.65,2,91,DATA SCIENTIST,3 tahun 4 bulan,JUNIOR,40,75.1958741829,90.0,0.0,4.519739335,1.0,70.74391915,70.74391915,2.0,38.2697771495,38.2697771495,0.33914498166112816
Manage cloud-based data processing,Data Engineer,0514ff91,Data Scientist,1.9,0,37,DATA SCIENTIST,3 tahun 4 bulan,MIDDLE,40,75.6379551821,90.0,100.0,11.44256681,1.0,74.661971,74.661971,4.0,40.46384463,40.46384463,0.39985706003841553
Manage cloud-based data processing,Data Engineer,056cd3f9,Data Engineer,3.9,3,48,DATA ENGINEER,7 tahun 7 bulan,SENIOR,91,80.4681314192,90.0,34.22459893,5.168397654,1.3,94.26532683,94.26532683,0.0,51.793623219900006,62.15234786388,1.0
Manage cloud-based data processing,Data Engineer,05eed8dc,Data Engineer,3.8,3,49,DATA ENGINEER,2 tahun 5 bulan,MIDDLE,29,62.7957662233,95.0,99.21875,8.595362988,1.2,87.48866032,87.48866032,8.0,48.1549899696,57.78598796352,0.8791783813168358
Manage cloud-based data processing,Data Engineer,106760ca,Data Engineer,5.0,1,21,DATA ENGINEER,1 tahun 11 bulan,MIDDLE,23,71.4513888888,91.25,100.0,8.016044212,1.2,88.25251765,88.25251765,3.0,49.123834354500005,58.948601225400004,0.9113490725581314
Manage cloud-based data processing,Data Engineer,123117c9,Data Analyst,1.55,2,32,DATA ANALYST,4 tahun 2 bulan,MIDDLE,50,70.4449813258,95.0,100.0,3.648580437,1.0,74.43733436,74.43733436,2.0,40.180287210799996,40.180287210799996,0.39201073789384383
Manage cloud-based data processing,Data Engineer,14d4dbd6,Data Analyst,1.8,2,108,DATA ANALYST,4 tahun 2 bulan,JUNIOR,50,79.6974498133,80.5,98.4375,3.111615146,1.0,69.81056917,69.81056917,9.0,37.845601660099994,37.845601660099994,0.32740761451674627
Manage cloud-based data processing,Data Engineer,1551c5ff,Data Analyst,1.75,2,66,DATA ANALYST,2 tahun 5 bulan,JUNIOR,29,79.0374358075,90.0,100.0,15.2788331,1.0,76.22782609,76.22782609,2.0,41.2232478277,41.2232478277,0.4208705187713341
Manage cloud-based data processing,Data Engineer,1667415a,Data Analyst,2.9,0,50,DATA ANALYST,4 tahun 1 bulan,JUNIOR,49,73.4773576096,90.0,100.0,10.26693491,1.0,73.85696587,73.85696587,1.0,40.5071919111,40.5071919111,0.4010565233871846
Manage cloud-based data processing,Data Engineer,1672e04a,Data Analyst,3.65,3,41,DATA ANALYST,4 tahun 3 bulan,JUNIOR,51,69.8277310925,86.0,100.0,7.456011595,1.0,70.40596081,70.40596081,4.0,39.0306592293,39.0306592293,0.3601993625656589
Manage cloud-based data processing,Data Engineer,17466c54,Data Analyst,1.85,2,11,DATA ANALYST,3 tahun 1 bulan,JUNIOR,37,49.8728816529,90.0,100.0,7.676082801,1.0,66.60685575,66.60685575,0.0,36.1711335475,36.1711335475,0.28107337904041874
Manage cloud-based data processing,Data Engineer,1893af41,Data Analyst,2.0,2,103,DATA SCIENTIST,1 tahun 1 bulan,JUNIOR,13,37.5269607842,98.0,29.01069519,0.0,1.0,62.25313576,62.25313576,3.0,33.9341619528,33.9341619528,0.2191741001931507
Manage cloud-based data processing,Data Engineer,1dbecdbe,Data Scientist,2.0,0,4,DATA SCIENTIST,2 tahun 3 bulan,JUNIOR,27,85.3527602713,90.0,99.30555556,6.414697312,1.0,76.68127695,76.68127695,5.0,41.581076783499995,41.581076783499995,0.43077200986186404
Manage cloud-based data processing,Data Engineer,29e9efd9,Data Engineer,4.15,3,61,DATA ENGINEER,3 tahun 1 bulan,MIDDLE,37,72.8804563492,94.0,99.30555556,9.72908414,1.2,90.62742563,90.62742563,0.0,49.983035583900005,59.97964270068,0.9398790386661785
Manage cloud-based data processing,Data Engineer,2d801262,Data Analyst,3.1,0,9,DATA ANALYST,2 tahun 10 bulan,MIDDLE,34,80.3460259104,90.0,95.74652778,10.27336667,1.1,83.12594823,83.12594823,9.0,45.513752561900006,45.513752561900006,0.5395931478681897
Manage cloud-based data processing,Data Engineer,31e8a51f,Data Scientist,2.3,0,98,DATA SCIENTIST,2 tahun 9 bulan,JUNIOR,33,52.8933765175,90.0,65.10695187,6.407601293,1.0,64.07121964,64.07121964,0.0,35.0387464092,35.0387464092,0.24973907537614196
Manage cloud-based data processing,Data Engineer,3350383a,Artificial Intelligence Engineer,4.15,1,30,AI ENGINEER,3 tahun 9 bulan,MIDDLE,45,54.1797239725,95.5,96.44097222,11.49637749,1.3,92.17002068,92.17002068,0.0,50.8006109604,50.8006109604,0.6858858960685349
Manage cloud-based data processing,Data Engineer,365fc87a,Data Analyst,2.35,0,110,DATA ANALYST,2 tahun 5 bulan,BASIC,29,80.8585434175,90.0,8.155080214,6.607477284,1.0,72.88466719,72.88466719,3.0,39.733373610700006,39.733373610700006,0.3796441841035461
Manage cloud-based data processing,Data Engineer,36cf70f2,Artificial Intelligence Engineer,3.3,1,58,AI ENGINEER,2 tahun 5 bulan,MIDDLE,29,43.5532358775,89.5,100.0,11.83988942,1.3,84.69716654,84.69716654,4.0,46.4404982662,46.4404982662,0.5652371439327291
Manage cloud-based data processing,Data Engineer,3951d86b,Data Scientist,4.55,1,78,DATA SCIENTIST,3 tahun 1 bulan,JUNIOR,37,55.4426062092,95.0,100.0,4.279280813,1.0,70.17243405,70.17243405,0.0,39.329890046500005,39.329890046500005,0.36847938357148796
Manage cloud-based data processing,Data Engineer,39c4596a,Data Scientist,2.5,0,42,DATA SCIENTIST,3 tahun 5 bulan,JUNIOR,41,60.7098506071,80.0,97.91666667,4.694561364,1.0,64.25018915,64.25018915,0.0,35.2276002495,35.2276002495,0.25496485318655476
Manage cloud-based data processing,Data Engineer,3cac7e99,Data Scientist,2.35,0,88,DATA SCIENTIST,10 tahun 2 bulan,SENIOR,122,88.3660831,98.0,34.22459893,51.7318368,1.0,87.21080158,87.21080158,0.0,47.3262248374,47.3262248374,0.5897460988712006
Manage cloud-based data processing,Data Engineer,42e7a026,Data Analyst,3.0,0,64,DATA ANALYST,2 tahun 6 bulan,JUNIOR,30,73.5210696779,89.0,99.21875,4.472503523,1.0,72.45268383,72.45268383,2.0,39.8099224299,39.8099224299,0.3817623677748613
Manage cloud-based data processing,Data Engineer,46fd6e1c,Data Analyst,2.15,2,5,DATA SCIENTIST,1 tahun 2 bulan,JUNIOR,14,67.4580357142,90.0,100.0,11.7055718,1.0,72.32438573,72.32438573,0.0,39.342424436900004,39.342424436900004,0.3688262229003325
Manage cloud-based data processing,Data Engineer,47d42365,Data Engineer,4.35,3,53,DATA ENGINEER,4 tahun 4 bulan,JUNIOR,52,71.9768703312,91.5,97.82986111,3.794124597,1.2,87.64556985,87.64556985,3.0,48.4966520205,58.1959824246,0.8905233449866269
Manage cloud-based data processing,Data Engineer,4cba2f2d,Artificial Intelligence Engineer,2.55,0,36,AI ENGINEER,1 tahun 7 bulan,JUNIOR,19,66.0502450979,95.0,100.0,5.817498712,1.2,84.80862745,84.80862745,5.0,46.147072548500006,46.147072548500006,0.557117755933389
Manage cloud-based data processing,Data Engineer,4d57b04b,Data Scientist,2.55,0,20,DATA SCIENTIST,3 tahun 11 bulan,MIDDLE,47,60.9976657327,96.5,91.31944444,1.268481508,1.1,78.63807432,78.63807432,0.0,42.87667938960001,42.87667938960001,0.4666226514972966
Manage cloud-based data processing,Data Engineer,516J6855,Data Scientist,2.15,0,46,DATA SCIENTIST,2 tahun 5 bulan,JUNIOR,29,54.7360673438,80.0,96.96180556,11.10881594,1.0,63.41641108,63.41641108,1.0,34.6211978724,34.6211978724,0.23818508274928518
Manage cloud-based data processing,Data Engineer,528f3560,Data Analyst,1.65,2,55,DATA SCIENTIST,7 tahun 0 bulan,SENIOR,84,32.3536327033,90.0,94.11764706,44.61622935,1.0,64.269703,64.269703,0.0,34.83844259000001,34.83844259000001,0.24419646500584977
Manage cloud-based data processing,Data Engineer,528f3560,Data Analyst,1.65,2,55,DATA SCIENTIST,7 tahun 0 bulan,SENIOR,84,32.3536327033,90.0,94.11764706,44.61622935,1.0,64.269703,64.269703,0.0,34.83844259000001,34.83844259000001,0.24419646500584977
Manage cloud-based data processing,Data Engineer,5312eea4,Data Analyst,3.0,3,84,DATA ANALYST,2 tahun 2 bulan,MIDDLE,26,49.7969187675,86.0,92.79513889,46.9198146,1.0,70.0469465,70.0469465,2.0,38.534881645,38.534881645,0.3464806926417673
Manage cloud-based data processing,Data Engineer,544a3d1a,Data Scientist,2.5,0,62,DATA SCIENTIST,4 tahun 2 bulan,MIDDLE,50,59.509354575,90.5,100.0,7.234474611,1.0,69.58669591,69.58669591,15.0,38.055948832300004,38.055948832300004,0.3332281346778388
Manage cloud-based data processing,Data Engineer,54b0fc4f,Data Analyst,3.85,1,89,DATA ANALYST,2 tahun 2 bulan,MIDDLE,26,71.3084967321,88.5,98.61111111,6.180876807,1.0,71.78045298,71.78045298,3.0,39.853140079400006,39.853140079400006,0.3829582440854334
Manage cloud-based data processing,Data Engineer,557e30ab,Data Analyst,1.75,2,29,DATA ANALYST,3 tahun 5 bulan,MIDDLE,41,53.7861081933,85.0,100.0,4.549017204,1.0,64.81437318,64.81437318,2.0,35.1741177854,35.1741177854,0.2534849390175021
Manage cloud-based data processing,Data Engineer,55b2e646,Data Scientist,3.6,1,57,AI ENGINEER,3 tahun 0 bulan,JUNIOR,36,50.15589986,90.0,100.0,0.871158899,1.3,85.36316737,85.36316737,0.0,46.9344787061,46.9344787061,0.5789060850435199
Manage cloud-based data processing,Data Engineer,57635c17,Data Analyst,1.3,2,12,DATA ANALYST,3 tahun 3 bulan,MIDDLE,39,67.5095967558,90.0,99.21875,6.039999292,1.0,71.43352597,71.43352597,4.0,38.4707687641,38.4707687641,0.3447066240295716
Manage cloud-based data processing,Data Engineer,57ecf7ad,Data Analyst,1.0,2,27,MGT,5 tahun 1 bulan,-,61,3.4722222221,90.0,77.54010695,4.326516624,1.0,48.19519238,48.19519238,0.0,26.0134519614,26.0134519614,0.0
Manage cloud-based data processing,Data Engineer,5b749bf9,Data Engineer,3.45,3,101,DATA ENGINEER,2 tahun 3 bulan,BASIC,27,34.81372549,90.0,86.63101604,10.06283501,1.2,70.83787239,70.83787239,3.0,39.1655723667,46.998686840039994,0.580682789404197
Manage cloud-based data processing,Data Engineer,5d16d190,Data Scientist,2.5,0,99,DATA SCIENTIST,3 tahun 1 bulan,JUNIOR,37,62.2739437442,90.0,97.74305556,28.26078997,1.0,73.16053928,73.16053928,5.0,39.9500858184,39.9500858184,0.3856408312696572
Manage cloud-based data processing,Data Engineer,5dc773ce,Artificial Intelligence Engineer,3.35,0,35,DATA SCIENTIST,4 tahun 4 bulan,MIDDLE,52,72.0571603642,91.0,95.57291667,5.121161842,1.1,80.15052819,80.15052819,0.0,44.054279940700006,44.054279940700006,0.49920805627218867
Manage cloud-based data processing,Data Engineer,6131e4d7,Data Engineer,4.9,1,38,DATA ENGINEER,2 tahun 3 bulan,MIDDLE,27,58.5518732492,93.5,99.30555556,10.46636816,1.2,85.46875202,85.46875202,0.0,47.601438570599996,57.12172628471999,0.860797585163226
Manage cloud-based data processing,Data Engineer,64S57577,Data Scientist,3.7,1,40,DATA SCIENTIST,3 tahun 9 bulan,MIDDLE,45,73.6180643087,84.5,89.32291667,3.982774045,1.0,69.5311892,69.5311892,9.0,38.590530276,38.590530276,0.34802054685176226
Manage cloud-based data processing,Data Engineer,65054asd,Data Analyst,1.75,2,10,DATA ANALYST,3 tahun 4 bulan,JUNIOR,40,70.5590744629,99.0,0.0,4.917061944,1.0,73.99273476,73.99273476,2.0,40.0386494228,40.0386494228,0.3880914762655361
Manage cloud-based data processing,Data Engineer,66d21701,Data Analyst,3.0,0,33,DATA ANALYST,4 tahun 3 bulan,JUNIOR,51,63.8499212188,81.5,83.07291667,3.823402466,1.0,64.77440963,64.77440963,0.0,35.74043710389999,35.74043710389999,0.26915557046203187
Manage cloud-based data processing,Data Engineer,6de6b041,Data Scientist,3.2,3,16,DATA SCIENTIST,4 tahun 0 bulan,MIDDLE,48,59.6452497667,90.0,100.0,7.186353322,1.1,76.3103827,76.3103827,7.0,41.948502831000006,41.948502831000006,0.4409390622392112
Manage cloud-based data processing,Data Engineer,6e0778a1,Data Scientist,2.3,0,92,DATA SCIENTIST,3 tahun 1 bulan,JUNIOR,37,54.5927141687,70.0,97.91666667,4.665283496,1.0,57.55075558,57.55075558,2.0,31.5829004574,31.5829004574,0.15411230356978894
Manage cloud-based data processing,Data Engineer,6fb8c1a0,Data Scientist,3.4,3,75,DATA SCIENTIST,3 tahun 0 bulan,BASIC,36,61.1916404063,98.0,0.0,3.823402466,1.0,70.34689224,70.34689224,0.0,38.881852887200004,38.881852887200004,0.35608173975555574
Manage cloud-based data processing,Data Engineer,7176fcb0,Data Engineer,3.75,3,104,DATA ENGINEER,7 tahun 0 bulan,SENIOR,84,75.0633578433,80.0,33.82352941,7.122781583,1.2,79.20577781,79.20577781,10.0,43.7415622393,52.489874687160004,0.7326295412346308
Manage cloud-based data processing,Data Engineer,77571f19,Data Analyst,1.95,2,54,DATA ANALYST,3 tahun 1 bulan,JUNIOR,37,77.8103933242,100.0,100.0,5.536442394,1.0,79.32087607,79.32087607,0.0,42.956564317099996,42.956564317099996,0.4688331486778291
Manage cloud-based data processing,Data Engineer,7L762383,Data Analyst,2.9,0,59,DATA ANALYST,1 tahun 10 bulan,MIDDLE,22,63.2588118579,88.5,94.96527778,2.554920958,1.0,68.65055253,68.65055253,0.0,37.7477928409,37.7477928409,0.32470114502570446
Manage cloud-based data processing,Data Engineer,7b6d04c9,Data Analyst,3.0,3,2,DATA ANALYST,4 tahun 5 bulan,MIDDLE,53,73.2388159429,86.0,100.0,4.742239915,1.0,70.9884555,70.9884555,4.0,39.033881414999996,39.033881414999996,0.360288523720684
Manage cloud-based data processing,Data Engineer,7ba9df08,Data Analyst,3.05,0,25,DATA ANALYST,3 tahun 1 bulan,MIDDLE,37,56.631039916,92.5,96.35416667,0.0,1.2,82.079429,82.079429,0.0,44.93559737,44.93559737,0.5235950057705412
Manage cloud-based data processing,Data Engineer,7d317bd2,Data Scientist,1.25,2,90,DATA ANALYST,4 tahun 4 bulan,JUNIOR,52,63.7458566762,86.5,86.37152778,3.794124597,1.0,67.4194445,67.4194445,6.0,36.319805585,36.319805585,0.2851872855056629
Manage cloud-based data processing,Data Engineer,7dc30989,Data Scientist,2.95,1,73,DATA SCIENTIST,3 tahun 4 bulan,JUNIOR,40,92.1873832863,90.0,0.0,8.045322081,1.0,76.69106422,76.69106422,4.0,42.0327640366,42.0327640366,0.44327065548509703
Manage cloud-based data processing,Data Engineer,7fe7bd2c,Data Scientist,2.3,0,65,DATA SCIENTIST,2 tahun 2 bulan,JUNIOR,26,39.5228291321,89.5,99.30555556,6.121971713,1.0,63.07245784,63.07245784,5.0,34.509402655200006,34.509402655200006,0.23509159540253075
Manage cloud-based data processing,Data Engineer,8126543f,Data Scientist,2.2,0,85,DATA SCIENTIST,3 tahun 1 bulan,JUNIOR,37,63.1813433708,90.0,99.30555556,6.700326893,1.0,70.28096361,70.28096361,0.0,38.2829107133,38.2829107133,0.33950840072726224
Manage cloud-based data processing,Data Engineer,8387045b,Data Scientist,3.7,1,69,DATA SCIENTIST,4 tahun 4 bulan,MIDDLE,52,85.768554505,94.0,98.61111111,53.90204421,1.2,99.0,99.0,10.0,54.209,54.209,0.7801994868544145
Manage cloud-based data processing,Data Engineer,859bd42e,Data Scientist,2.7,0,95,DATA SCIENTIST,3 tahun 5 bulan,JUNIOR,41,91.9510387488,95.0,100.0,9.232623263,1.0,81.52852324,81.52852324,1.0,44.4791173172,44.4791173172,0.5109637385057136
Manage cloud-based data processing,Data Engineer,85e8c8f1,Data Scientist,2.7,0,105,DATA SCIENTIST,2 tahun 9 bulan,JUNIOR,33,86.9119456117,93.0,100.0,3.409887033,1.1,86.02380765,86.02380765,0.0,46.8616180545,46.8616180545,0.5768899567202691
Manage cloud-based data processing,Data Engineer,8K760816,Data Analyst,2.6,0,15,DATA ANALYST,2 tahun 8 bulan,MIDDLE,32,52.4918446546,98.5,100.0,3.455357726,1.0,70.91183125,70.91183125,8.0,38.805270562500006,38.805270562500006,0.35396262895298297
Manage cloud-based data processing,Data Engineer,9ab9d681,Data Scientist,3.25,1,18,DATA SCIENTIST,3 tahun 0 bulan,MIDDLE,36,31.3339898458,92.0,100.0,52.63227356,1.0,68.97507879,68.97507879,3.0,38.084291758700004,38.084291758700004,0.3340124122738252
Manage cloud-based data processing,Data Engineer,a016ffe0,Data Scientist,2.75,1,26,DATA SCIENTIST,3 tahun 1 bulan,MIDDLE,37,82.0345763308,64.0,34.49197861,6.239432544,1.2,71.75887324,71.75887324,3.0,39.3247028172,39.3247028172,0.3683358476617578
Manage cloud-based data processing,Data Engineer,a20ce132,Data Analyst,4.15,1,22,DATA ANALYST,2 tahun 9 bulan,MIDDLE,33,84.2864145654,95.0,98.61111111,10.2440888,1.2,95.23244671,95.23244671,0.0,52.423696756300004,52.423696756300004,0.7307983305900505
Manage cloud-based data processing,Data Engineer,a77b4e68,Data Scientist,1.9,2,80,MGT,2 tahun 5 bulan,-,29,80.6774626521,90.0,100.0,29.57650728,1.0,78.85832029,78.85832029,0.0,42.6879097537,42.6879097537,0.46139920370826065
Manage cloud-based data processing,Data Engineer,a9fcd0c5,Data Analyst,2.0,2,23,DATA ANALYST,2 tahun 1 bulan,MIDDLE,25,86.9994864617,91.5,100.0,7.075545771,1.1,85.847875,85.847875,9.0,46.43937375,46.43937375,0.5652060274259316
Manage cloud-based data processing,Data Engineer,ae73e946,Data Analyst,1.5,2,72,DATA SCIENTIST,3 tahun 5 bulan,JUNIOR,41,83.7572654062,85.0,97.91666667,10.90515878,1.0,74.34235311,74.34235311,7.0,40.106447148300006,40.106447148300006,0.38996750827500754
Manage cloud-based data processing,Data Engineer,afb96c1d,Data Analyst,2.45,0,19,DATA ANALYST,2 tahun 8 bulan,JUNIOR,32,77.4700746967,84.5,100.0,6.630101873,1.0,71.7649257,71.7649257,2.0,39.186910621,39.186910621,0.3645229974692166
Manage cloud-based data processing,Data Engineer,aff5a1f7,Data Engineer,4.6,3,96,DATA ENGINEER,2 tahun 7 bulan,JUNIOR,31,69.9306139125,90.0,98.61111111,7.174163182,1.2,86.72069722,86.72069722,0.0,48.12396952660001,57.748763431920004,0.8781483406730806
Manage cloud-based data processing,Data Engineer,b0519d51,Data Scientist,2.25,0,43,DATA SCIENTIST,4 tahun 1 bulan,JUNIOR,49,66.8638392858,92.0,99.30555556,4.723839233,1.1,79.24054742,79.24054742,0.0,43.0549901326,43.0549901326,0.47155669108392806
Manage cloud-based data processing,Data Engineer,b7ddf289,Artificial Intelligence Engineer,3.1,1,44,DATA SCIENTIST,1 tahun 2 bulan,JUNIOR,14,78.282819795,95.0,100.0,11.82325385,1.0,77.94660283,77.94660283,9.0,42.7686994999,42.7686994999,0.4636347381423511
Manage cloud-based data processing,Data Engineer,be2d891b,Data Scientist,4.3,1,14,AI ENGINEER,2 tahun 3 bulan,JUNIOR,27,70.2197654063,95.0,0.0,0.33375087,1.3,92.33751534,92.33751534,3.0,50.9598831302,50.9598831302,0.6902931189740101
Manage cloud-based data processing,Data Engineer,beb45f59,Data Analyst,1.95,2,68,DATA ANALYST,3 tahun 4 bulan,MIDDLE,40,86.1330823996,80.0,98.61111111,6.436879162,1.0,71.94756403,71.94756403,2.0,39.048708935899995,39.048708935899995,0.3606988163023946
Manage cloud-based data processing,Data Engineer,c0b0190c,Data Analyst,4.3,1,17,DATA SCIENTIST,6 tahun 5 bulan,MIDDLE,77,29.2835988563,84.0,22.19251337,4.068139436,1.0,53.16264673,53.16264673,29.0,30.197202766900002,30.197202766900002,0.11576863932948472
Manage cloud-based data processing,Data Engineer,c13b7f6c,Data Analyst,1.45,2,34,DATA ANALYST,3 tahun 1 bulan,MIDDLE,37,87.4991246496,90.0,100.0,12.60600857,1.0,78.2842696,78.2842696,8.0,42.172162888,42.172162888,0.44712796346086275
Manage cloud-based data processing,Data Engineer,c4acf473,Data Analyst,3.0,3,107,DATA ANALYST,2 tahun 9 bulan,JUNIOR,33,79.9589169,86.5,93.31597222,0.0,1.0,72.02498398,72.02498398,0.0,39.5832415094,39.5832415094,0.375489876188187
Manage cloud-based data processing,Data Engineer,c5c364b3,Data Analyst,2.75,0,60,DATA ANALYST,1 tahun 1 bulan,JUNIOR,13,40.932846055,100.0,16.57754011,1.742317797,1.0,64.65542017,64.65542017,0.0,35.5598726901,35.5598726901,0.2641591695125607
Manage cloud-based data processing,Data Engineer,c615b19e,Data Engineer,3.85,3,63,DATA SCIENTIST,4 tahun 4 bulan,JUNIOR,52,71.0338060221,88.0,96.52777778,3.953496176,1.0,70.97960925,70.97960925,9.0,39.428692902499996,47.31443148299999,0.5894197647620505
Manage cloud-based data processing,Data Engineer,ccc8525a,Data Scientist,3.25,1,47,DATA SCIENTIST,1 tahun 0 bulan,BASIC,12,75.7084500467,90.0,0.0,0.0,1.0,70.11863666,70.11863666,16.0,38.69037742980001,38.69037742980001,0.35078341913401023
Manage cloud-based data processing,Data Engineer,cdb6bf28,Artificial Intelligence Engineer,3.85,1,6,AI ENGINEER,7 tahun 1 bulan,MIDDLE,85,81.6822187204,91.0,0.0,3.667866596,1.3,95.09100733,95.09100733,14.0,52.2077338849,52.2077338849,0.7248224183213754
Manage cloud-based data processing,Data Engineer,cf9338b5,Data Scientist,2.15,0,74,DATA SCIENTIST,1 tahun 0 bulan,BASIC,12,82.0043154762,90.0,35.29411765,3.321482848,1.0,72.67275856,72.67275856,8.0,39.527062036800004,39.527062036800004,0.3739353330512967
Manage cloud-based data processing,Data Engineer,d08b974d,Data Analyst,2.35,0,86,DATA ANALYST,2 tahun 9 bulan,MIDDLE,33,58.8772058825,93.5,97.91666667,0.871158899,1.0,69.7799626,69.7799626,0.0,38.087880178000006,38.087880178000006,0.33411170748499286
Manage cloud-based data processing,Data Engineer,d8c9672c,Data Analyst,4.1,1,82,DATA ANALYST,2 tahun 4 bulan,MIDDLE,28,73.7417775442,90.5,95.05208333,9.595209262,1.0,73.7469197,73.7469197,0.0,41.012867441000004,41.012867441000004,0.4150490795312505
Manage cloud-based data processing,Data Engineer,ecc200ca,Data Engineer,3.75,3,56,DATA ENGINEER,1 tahun 9 bulan,MIDDLE,21,71.0850840338,89.0,99.30555556,5.758942974,1.2,86.333236,86.333236,2.0,47.519115080000006,57.022938096000004,0.8580640155216254
Manage cloud-based data processing,Data Engineer,eed0f189,Data Analyst,3.2,3,45,DATA ANALYST,2 tahun 10 bulan,MIDDLE,34,69.240079365,96.0,70.49910873,48.01347408,1.0,79.53001534,79.53001534,4.0,43.654908130200006,43.654908130200006,0.48815703214633555
Manage cloud-based data processing,Data Engineer,f007ee36,Artificial Intelligence Engineer,1.7,0,70,AI ENGINEER,2 tahun 0 bulan,MIDDLE,24,40.1500350142,90.0,99.30555556,2.332863117,1.3,81.80872206,81.80872206,2.0,44.1576226918,44.1576226918,0.5020676552864712
Manage cloud-based data processing,Data Engineer,f2f08a05,Data Engineer,3.3,3,94,DATA ENGINEER,2 tahun 5 bulan,JUNIOR,29,59.4675711954,87.0,99.30555556,7.027424482,1.2,81.33092925,81.33092925,1.0,44.656392502500005,53.587671003000004,0.7630066816653285
Manage cloud-based data processing,Data Engineer,f6f88029,Data Analyst,1.25,2,100,MGT,4 tahun 3 bulan,-,51,4.3391106446,90.0,78.20855615,6.010278684,1.0,48.76020407,48.76020407,0.0,26.4304081571,26.4304081571,0.011537601946256082
Manage cloud-based data processing,Data Engineer,fbc7621c,Data Scientist,2.7,0,93,DATA SCIENTIST,8 tahun 6 bulan,MIDDLE,102,58.3732609713,75.0,100.0,12.17940809,1.0,62.37965806,62.37965806,0.0,34.3302187718,34.3302187718,0.23013339513311656
Manage cloud-based data processing,Data Engineer,ff56a859,Data Scientist,2.6,0,97,DATA SCIENTIST,4 tahun 3 bulan,JUNIOR,51,71.9907037817,89.5,95.83333333,11.98196147,1.0,73.15820762,73.15820762,3.0,39.995850038600004,39.995850038600004,0.38690717378115785
Optimize AI model inference,AI Engineer,006bac9a,Data Analyst,2.739130434782609,3,7,DATA ANALYST,2 tahun 5 bulan,JUNIOR,29,24.3446545288,90.0,100.0,10.68886874,1.0,59.64183706,59.64183706,2.0,32.89756494614783,32.89756494614783,0.24417372341968338
Optimize AI model inference,AI Engineer,00c74be4,Data Scientist,2.3043478260869565,3,106,DATA SCIENTIST,5 tahun 10 bulan,MIDDLE,70,65.8296276846,90.0,70.58823529,2.714292537,1.0,67.48966658,67.48966658,9.0,36.852566765660875,36.852566765660875,0.38445432638795335
Optimize AI model inference,AI Engineer,01c8c0ef,Data Scientist,3.1739130434782608,1,67,DATA SCIENTIST,2 tahun 2 bulan,SENIOR,26,77.0315563725,92.0,96.35416667,6.32783673,1.1,82.53917202,82.53917202,3.0,45.23750030103478,45.23750030103478,0.6818608980835241
Optimize AI model inference,AI Engineer,01d1846b,Data Analyst,2.217391304347826,0,77,DATA ANALYST,4 tahun 3 bulan,JUNIOR,51,76.130287115,84.0,91.92708333,7.89858338,1.0,70.77981892,70.77981892,2.0,38.55547794064348,38.55547794064348,0.444855159896894
Optimize AI model inference,AI Engineer,03ad7f49,Data Scientist,1.6521739130434783,2,91,DATA SCIENTIST,3 tahun 4 bulan,JUNIOR,40,75.1958741829,90.0,0.0,4.519739335,1.0,70.74391915,70.74391915,2.0,38.27079888863044,38.27079888863044,0.43475783228713283
Optimize AI model inference,AI Engineer,0514ff91,Data Scientist,2.0434782608695654,0,37,DATA SCIENTIST,3 tahun 4 bulan,MIDDLE,40,75.6379551821,90.0,100.0,11.44256681,1.0,74.661971,74.661971,4.0,40.53127941260869,40.53127941260869,0.5149351837455306
Optimize AI model inference,AI Engineer,056cd3f9,Data Engineer,3.0434782608695654,3,48,DATA ENGINEER,7 tahun 7 bulan,SENIOR,91,80.4681314192,90.0,34.22459893,5.168397654,1.3,94.26532683,94.26532683,0.0,51.3910580025087,51.3910580025087,0.9001224373080717
Optimize AI model inference,AI Engineer,05eed8dc,Data Engineer,2.652173913043478,3,49,DATA ENGINEER,2 tahun 5 bulan,MIDDLE,29,62.7957662233,95.0,99.21875,8.595362988,1.2,87.48866032,87.48866032,8.0,47.61551170873044,47.61551170873044,0.7662069715773777
Optimize AI model inference,AI Engineer,106760ca,Data Engineer,4.3478260869565215,1,21,DATA ENGINEER,1 tahun 11 bulan,MIDDLE,23,71.4513888888,91.25,100.0,8.016044212,1.2,88.25251765,88.25251765,3.0,48.817312615369566,48.817312615369566,0.808833843453737
Optimize AI model inference,AI Engineer,123117c9,Data Analyst,1.3043478260869565,2,32,DATA ANALYST,4 tahun 2 bulan,MIDDLE,50,70.4449813258,95.0,100.0,3.648580437,1.0,74.43733436,74.43733436,2.0,40.06483068906087,40.06483068906087,0.49839063808432926
Optimize AI model inference,AI Engineer,14d4dbd6,Data Analyst,1.391304347826087,2,108,DATA ANALYST,4 tahun 2 bulan,JUNIOR,50,79.6974498133,80.5,98.4375,3.111615146,1.0,69.81056917,69.81056917,9.0,37.65351470357826,37.65351470357826,0.41286327910268994
Optimize AI model inference,AI Engineer,1551c5ff,Data Analyst,1.3043478260869565,2,66,DATA ANALYST,2 tahun 5 bulan,JUNIOR,29,79.0374358075,90.0,100.0,15.2788331,1.0,76.22782609,76.22782609,2.0,41.01379130596087,41.01379130596087,0.5320494765898104
Optimize AI model inference,AI Engineer,1667415a,Data Analyst,2.4347826086956523,0,50,DATA ANALYST,4 tahun 1 bulan,JUNIOR,49,73.4773576096,90.0,100.0,10.26693491,1.0,73.85696587,73.85696587,1.0,40.28853973718696,40.28853973718696,0.5063254107071266
Optimize AI model inference,AI Engineer,1672e04a,Data Analyst,2.5652173913043477,3,41,DATA ANALYST,4 tahun 3 bulan,JUNIOR,51,69.8277310925,86.0,100.0,7.456011595,1.0,70.40596081,70.40596081,4.0,38.520811403213045,38.520811403213045,0.44362556684093885
Optimize AI model inference,AI Engineer,17466c54,Data Analyst,1.608695652173913,2,11,DATA ANALYST,3 tahun 1 bulan,JUNIOR,37,49.8728816529,90.0,100.0,7.676082801,1.0,66.60685575,66.60685575,0.0,36.05772050402174,36.05772050402174,0.35626179502180044
Optimize AI model inference,AI Engineer,1893af41,Data Analyst,1.608695652173913,2,103,DATA SCIENTIST,1 tahun 1 bulan,JUNIOR,13,37.5269607842,98.0,29.01069519,0.0,1.0,62.25313576,62.25313576,3.0,33.75024890932174,33.75024890932174,0.2744177096310823
Optimize AI model inference,AI Engineer,1dbecdbe,Data Scientist,2.4347826086956523,0,4,DATA SCIENTIST,2 tahun 3 bulan,JUNIOR,27,85.3527602713,90.0,99.30555556,6.414697312,1.0,76.68127695,76.68127695,5.0,41.785424609586954,41.785424609586954,0.5594186637717249
Optimize AI model inference,AI Engineer,29e9efd9,Data Engineer,2.6956521739130435,3,61,DATA ENGINEER,3 tahun 1 bulan,MIDDLE,37,72.8804563492,94.0,99.30555556,9.72908414,1.2,90.62742563,90.62742563,0.0,49.29949210563914,49.29949210563914,0.8259363462390017
Optimize AI model inference,AI Engineer,2d801262,Data Analyst,2.4782608695652173,0,9,DATA ANALYST,2 tahun 10 bulan,MIDDLE,34,80.3460259104,90.0,95.74652778,10.27336667,1.1,83.12594823,83.12594823,9.0,45.22153517059566,45.22153517059566,0.6812946282746414
Optimize AI model inference,AI Engineer,31e8a51f,Data Scientist,2.347826086956522,0,98,DATA SCIENTIST,2 tahun 9 bulan,JUNIOR,33,52.8933765175,90.0,65.10695187,6.407601293,1.0,64.07121964,64.07121964,0.0,35.061224670069564,35.061224670069564,0.3209169221692788
Optimize AI model inference,AI Engineer,3350383a,Artificial Intelligence Engineer,4.478260869565218,1,30,AI ENGINEER,3 tahun 9 bulan,MIDDLE,45,54.1797239725,95.5,96.44097222,11.49637749,1.3,92.17002068,92.17002068,0.0,50.95489356909565,50.95489356909565,0.884652050060556
Optimize AI model inference,AI Engineer,365fc87a,Data Analyst,2.1739130434782608,0,110,DATA ANALYST,2 tahun 5 bulan,BASIC,29,80.8585434175,90.0,8.155080214,6.607477284,1.0,72.88466719,72.88466719,3.0,39.650612741134786,39.650612741134786,0.48369867430098396
Optimize AI model inference,AI Engineer,36cf70f2,Artificial Intelligence Engineer,3.347826086956522,1,58,AI ENGINEER,2 tahun 5 bulan,MIDDLE,29,43.5532358775,89.5,100.0,11.83988942,1.3,84.69716654,84.69716654,4.0,46.462976527069564,46.462976527069564,0.7253275137152222
Optimize AI model inference,AI Engineer,3951d86b,Data Scientist,3.782608695652174,1,78,DATA SCIENTIST,3 tahun 1 bulan,JUNIOR,37,55.4426062092,95.0,100.0,4.279280813,1.0,70.17243405,70.17243405,0.0,38.96921613345653,38.96921613345653,0.4595301071680846
Optimize AI model inference,AI Engineer,39c4596a,Data Scientist,2.3043478260869565,0,42,DATA SCIENTIST,3 tahun 5 bulan,JUNIOR,41,60.7098506071,80.0,97.91666667,4.694561364,1.0,64.25018915,64.25018915,0.0,35.13564372776087,35.13564372776087,0.32355650383363127
Optimize AI model inference,AI Engineer,3cac7e99,Data Scientist,2.130434782608696,0,88,DATA SCIENTIST,10 tahun 2 bulan,SENIOR,122,88.3660831,98.0,34.22459893,51.7318368,1.0,87.21080158,87.21080158,0.0,47.22302918522608,47.22302918522608,0.7522859450989428
Optimize AI model inference,AI Engineer,42e7a026,Data Analyst,2.3043478260869565,0,64,DATA ANALYST,2 tahun 6 bulan,JUNIOR,30,73.5210696779,89.0,99.21875,4.472503523,1.0,72.45268383,72.45268383,2.0,39.48296590816087,39.48296590816087,0.47775238150807764
Optimize AI model inference,AI Engineer,46fd6e1c,Data Analyst,2.0,2,5,DATA SCIENTIST,1 tahun 2 bulan,JUNIOR,14,67.4580357142,90.0,100.0,11.7055718,1.0,72.32438573,72.32438573,0.0,39.2719244369,39.2719244369,0.4702669172299776
Optimize AI model inference,AI Engineer,47d42365,Data Engineer,3.0434782608695654,3,53,DATA ENGINEER,4 tahun 4 bulan,JUNIOR,52,71.9768703312,91.5,97.82986111,3.794124597,1.2,87.64556985,87.64556985,3.0,47.882586803108694,47.882586803108694,0.7756799015498352
Optimize AI model inference,AI Engineer,4cba2f2d,Artificial Intelligence Engineer,2.4347826086956523,0,36,AI ENGINEER,1 tahun 7 bulan,JUNIOR,19,66.0502450979,95.0,100.0,5.817498712,1.2,84.80862745,84.80862745,5.0,46.09292037458696,46.09292037458696,0.7122019318390628
Optimize AI model inference,AI Engineer,4d57b04b,Data Scientist,2.608695652173913,0,20,DATA SCIENTIST,3 tahun 11 bulan,MIDDLE,47,60.9976657327,96.5,91.31944444,1.268481508,1.1,78.63807432,78.63807432,0.0,42.904266346121744,42.904266346121744,0.5991030433471789
Optimize AI model inference,AI Engineer,516J6855,Data Scientist,1.9130434782608696,0,46,DATA SCIENTIST,2 tahun 5 bulan,JUNIOR,29,54.7360673438,80.0,96.96180556,11.10881594,1.0,63.41641108,63.41641108,1.0,34.50982830718261,34.50982830718261,0.3013593548683827
Optimize AI model inference,AI Engineer,528f3560,Data Analyst,1.0434782608695652,2,55,DATA SCIENTIST,7 tahun 0 bulan,SENIOR,84,32.3536327033,90.0,94.11764706,44.61622935,1.0,64.269703,64.269703,0.0,34.5533773726087,34.5533773726087,0.302904003754898
Optimize AI model inference,AI Engineer,528f3560,Data Analyst,1.0434782608695652,2,55,DATA SCIENTIST,7 tahun 0 bulan,SENIOR,84,32.3536327033,90.0,94.11764706,44.61622935,1.0,64.269703,64.269703,0.0,34.5533773726087,34.5533773726087,0.302904003754898
Optimize AI model inference,AI Engineer,5312eea4,Data Analyst,2.5217391304347827,3,84,DATA ANALYST,2 tahun 2 bulan,MIDDLE,26,49.7969187675,86.0,92.79513889,46.9198146,1.0,70.0469465,70.0469465,2.0,38.31009903630435,38.31009903630435,0.4361517756186475
Optimize AI model inference,AI Engineer,544a3d1a,Data Scientist,2.391304347826087,0,62,DATA SCIENTIST,4 tahun 2 bulan,MIDDLE,50,59.509354575,90.5,100.0,7.234474611,1.0,69.58669591,69.58669591,15.0,38.00486187577827,38.00486187577827,0.4253252691134764
Optimize AI model inference,AI Engineer,54b0fc4f,Data Analyst,2.8260869565217392,1,89,DATA ANALYST,2 tahun 2 bulan,MIDDLE,26,71.3084967321,88.5,98.61111111,6.180876807,1.0,71.78045298,71.78045298,3.0,39.37190094896523,39.37190094896523,0.47381300040141366
Optimize AI model inference,AI Engineer,557e30ab,Data Analyst,1.434782608695652,2,29,DATA ANALYST,3 tahun 5 bulan,MIDDLE,41,53.7861081933,85.0,100.0,4.549017204,1.0,64.81437318,64.81437318,2.0,35.02596561148696,35.02596561148696,0.3196663128841812
Optimize AI model inference,AI Engineer,55b2e646,Data Scientist,3.217391304347826,1,57,AI ENGINEER,3 tahun 0 bulan,JUNIOR,36,50.15589986,90.0,100.0,0.871158899,1.3,85.36316737,85.36316737,0.0,46.75465261914348,46.75465261914348,0.735673020477238
Optimize AI model inference,AI Engineer,57635c17,Data Analyst,1.2608695652173914,2,12,DATA ANALYST,3 tahun 3 bulan,MIDDLE,39,67.5095967558,90.0,99.21875,6.039999292,1.0,71.43352597,71.43352597,4.0,38.45237745975218,38.45237745975218,0.44119827216693314
Optimize AI model inference,AI Engineer,57ecf7ad,Data Analyst,1.0,2,27,MGT,5 tahun 1 bulan,-,61,3.4722222221,90.0,77.54010695,4.326516624,1.0,48.19519238,48.19519238,0.0,26.0134519614,26.0134519614,0.0
Optimize AI model inference,AI Engineer,5b749bf9,Data Engineer,2.0,3,101,DATA ENGINEER,2 tahun 3 bulan,BASIC,27,34.81372549,90.0,86.63101604,10.06283501,1.2,70.83787239,70.83787239,3.0,38.4840723667,38.4840723667,0.4423224639778514
Optimize AI model inference,AI Engineer,5d16d190,Data Scientist,2.739130434782609,0,99,DATA SCIENTIST,3 tahun 1 bulan,JUNIOR,37,62.2739437442,90.0,97.74305556,28.26078997,1.0,73.16053928,73.16053928,5.0,40.06247712274783,40.06247712274783,0.49830715905787465
Optimize AI model inference,AI Engineer,5dc773ce,Artificial Intelligence Engineer,2.652173913043478,0,35,DATA SCIENTIST,4 tahun 4 bulan,MIDDLE,52,72.0571603642,91.0,95.57291667,5.121161842,1.1,80.15052819,80.15052819,0.0,43.72630167983044,43.72630167983044,0.6282599483339072
Optimize AI model inference,AI Engineer,6131e4d7,Data Engineer,3.5652173913043477,1,38,DATA ENGINEER,2 tahun 3 bulan,MIDDLE,27,58.5518732492,93.5,99.30555556,10.46636816,1.2,85.46875202,85.46875202,0.0,46.97409074451304,46.97409074451304,0.7434563070459556
Optimize AI model inference,AI Engineer,64S57577,Data Scientist,3.9130434782608696,1,40,DATA SCIENTIST,3 tahun 9 bulan,MIDDLE,45,73.6180643087,84.5,89.32291667,3.982774045,1.0,69.5311892,69.5311892,9.0,38.690660710782616,38.690660710782616,0.449649979563595
Optimize AI model inference,AI Engineer,65054asd,Data Analyst,1.565217391304348,2,10,DATA ANALYST,3 tahun 4 bulan,JUNIOR,40,70.5590744629,99.0,0.0,4.917061944,1.0,73.99273476,73.99273476,2.0,39.95180159671305,39.95180159671305,0.49438159081934946
Optimize AI model inference,AI Engineer,66d21701,Data Analyst,2.608695652173913,0,33,DATA ANALYST,4 tahun 3 bulan,JUNIOR,51,63.8499212188,81.5,83.07291667,3.823402466,1.0,64.77440963,64.77440963,0.0,35.55652406042174,35.55652406042174,0.33848477682502565
Optimize AI model inference,AI Engineer,6de6b041,Data Scientist,2.6956521739130435,3,16,DATA SCIENTIST,4 tahun 0 bulan,MIDDLE,48,59.6452497667,90.0,100.0,7.186353322,1.1,76.3103827,76.3103827,7.0,41.71145935273914,41.71145935273914,0.5567951780433185
Optimize AI model inference,AI Engineer,6e0778a1,Data Scientist,2.5217391304347827,0,92,DATA SCIENTIST,3 tahun 1 bulan,JUNIOR,37,54.5927141687,70.0,97.91666667,4.665283496,1.0,57.55075558,57.55075558,2.0,31.68711784870435,31.68711784870435,0.20124017839505162
Optimize AI model inference,AI Engineer,6fb8c1a0,Data Scientist,2.3043478260869565,3,75,DATA SCIENTIST,3 tahun 0 bulan,BASIC,36,61.1916404063,98.0,0.0,3.823402466,1.0,70.34689224,70.34689224,0.0,38.366896365460875,38.366896365460875,0.4381663293267531
Optimize AI model inference,AI Engineer,7176fcb0,Data Engineer,2.130434782608696,3,104,DATA ENGINEER,7 tahun 0 bulan,SENIOR,84,75.0633578433,80.0,33.82352941,7.122781583,1.2,79.20577781,79.20577781,10.0,42.980366587126085,42.980366587126085,0.6018022551759699
Optimize AI model inference,AI Engineer,77571f19,Data Analyst,1.2608695652173914,2,54,DATA ANALYST,3 tahun 1 bulan,JUNIOR,37,77.8103933242,100.0,100.0,5.536442394,1.0,79.32087607,79.32087607,0.0,42.63267301275217,42.63267301275217,0.5894698552208744
Optimize AI model inference,AI Engineer,7L762383,Data Analyst,2.739130434782609,0,59,DATA ANALYST,1 tahun 10 bulan,MIDDLE,22,63.2588118579,88.5,94.96527778,2.554920958,1.0,68.65055253,68.65055253,0.0,37.672184145247826,37.672184145247826,0.41352546856656486
Optimize AI model inference,AI Engineer,7b6d04c9,Data Analyst,2.391304347826087,3,2,DATA ANALYST,4 tahun 5 bulan,MIDDLE,53,73.2388159429,86.0,100.0,4.742239915,1.0,70.9884555,70.9884555,4.0,38.74779445847826,38.74779445847826,0.451676465755596
Optimize AI model inference,AI Engineer,7ba9df08,Data Analyst,2.347826086956522,0,25,DATA ANALYST,3 tahun 1 bulan,MIDDLE,37,56.631039916,92.5,96.35416667,0.0,1.2,82.079429,82.079429,0.0,44.605575630869566,44.605575630869566,0.6594470591507735
Optimize AI model inference,AI Engineer,7d317bd2,Data Scientist,1.2173913043478262,2,90,DATA ANALYST,4 tahun 4 bulan,JUNIOR,52,63.7458566762,86.5,86.37152778,3.794124597,1.0,67.4194445,67.4194445,6.0,36.30447949804348,36.30447949804348,0.3650141299255238
Optimize AI model inference,AI Engineer,7dc30989,Data Scientist,3.3043478260869565,1,73,DATA SCIENTIST,3 tahun 4 bulan,JUNIOR,40,92.1873832863,90.0,0.0,8.045322081,1.0,76.69106422,76.69106422,4.0,42.19930751486087,42.19930751486087,0.5740987438727331
Optimize AI model inference,AI Engineer,7fe7bd2c,Data Scientist,2.6956521739130435,0,65,DATA SCIENTIST,2 tahun 2 bulan,JUNIOR,26,39.5228291321,89.5,99.30555556,6.121971713,1.0,63.07245784,63.07245784,5.0,34.695359176939135,34.695359176939135,0.3079399794714524
Optimize AI model inference,AI Engineer,8126543f,Data Scientist,2.1739130434782608,0,85,DATA SCIENTIST,3 tahun 1 bulan,JUNIOR,37,63.1813433708,90.0,99.30555556,6.700326893,1.0,70.28096361,70.28096361,0.0,38.27064984373478,38.27064984373478,0.4347525457894809
Optimize AI model inference,AI Engineer,8387045b,Data Scientist,3.6956521739130435,1,69,DATA SCIENTIST,4 tahun 4 bulan,MIDDLE,52,85.768554505,94.0,98.61111111,53.90204421,1.2,99.0,99.0,10.0,54.20695652173914,54.20695652173914,1.0
Optimize AI model inference,AI Engineer,859bd42e,Data Scientist,2.8260869565217392,0,95,DATA SCIENTIST,3 tahun 5 bulan,JUNIOR,41,91.9510387488,95.0,100.0,9.232623263,1.0,81.52852324,81.52852324,1.0,44.53837818676522,44.53837818676522,0.6570636220736081
Optimize AI model inference,AI Engineer,85e8c8f1,Data Scientist,2.4782608695652173,0,105,DATA SCIENTIST,2 tahun 9 bulan,JUNIOR,33,86.9119456117,93.0,100.0,3.409887033,1.1,86.02380765,86.02380765,0.0,46.757400663195654,46.757400663195654,0.7357704912987989
Optimize AI model inference,AI Engineer,8K760816,Data Analyst,1.8695652173913044,0,15,DATA ANALYST,2 tahun 8 bulan,MIDDLE,32,52.4918446546,98.5,100.0,3.455357726,1.0,70.91183125,70.91183125,8.0,38.461966214673915,38.461966214673915,0.4415383772752291
Optimize AI model inference,AI Engineer,9ab9d681,Data Scientist,3.608695652173913,1,18,DATA SCIENTIST,3 tahun 0 bulan,MIDDLE,36,31.3339898458,92.0,100.0,52.63227356,1.0,68.97507879,68.97507879,3.0,38.25287871522174,38.25287871522174,0.43412221874109974
Optimize AI model inference,AI Engineer,a016ffe0,Data Scientist,3.130434782608696,1,26,DATA SCIENTIST,3 tahun 1 bulan,MIDDLE,37,82.0345763308,64.0,34.49197861,6.239432544,1.2,71.75887324,71.75887324,3.0,39.503507165026086,39.503507165026086,0.4784809626896492
Optimize AI model inference,AI Engineer,a20ce132,Data Analyst,3.739130434782609,1,22,DATA ANALYST,2 tahun 9 bulan,MIDDLE,33,84.2864145654,95.0,98.61111111,10.2440888,1.2,95.23244671,95.23244671,0.0,52.23058806064783,52.23058806064783,0.9298998655218076
Optimize AI model inference,AI Engineer,a77b4e68,Data Scientist,1.4782608695652173,2,80,MGT,2 tahun 5 bulan,-,29,80.6774626521,90.0,100.0,29.57650728,1.0,78.85832029,78.85832029,0.0,42.48969236239565,42.48969236239565,0.5843984512721202
Optimize AI model inference,AI Engineer,a9fcd0c5,Data Analyst,1.391304347826087,2,23,DATA ANALYST,2 tahun 1 bulan,MIDDLE,25,86.9994864617,91.5,100.0,7.075545771,1.1,85.847875,85.847875,9.0,46.153286793478266,46.153286793478266,0.71434307817162
Optimize AI model inference,AI Engineer,ae73e946,Data Analyst,1.3043478260869565,2,72,DATA SCIENTIST,3 tahun 5 bulan,JUNIOR,41,83.7572654062,85.0,97.91666667,10.90515878,1.0,74.34235311,74.34235311,7.0,40.01449062656088,40.01449062656088,0.49660511821778497
Optimize AI model inference,AI Engineer,afb96c1d,Data Analyst,2.347826086956522,0,19,DATA ANALYST,2 tahun 8 bulan,JUNIOR,32,77.4700746967,84.5,100.0,6.630101873,1.0,71.7649257,71.7649257,2.0,39.13888888186957,39.13888888186957,0.46554825748529377
Optimize AI model inference,AI Engineer,aff5a1f7,Data Engineer,3.0434782608695654,3,96,DATA ENGINEER,2 tahun 7 bulan,JUNIOR,31,69.9306139125,90.0,98.61111111,7.174163182,1.2,86.72069722,86.72069722,0.0,47.3924043092087,47.3924043092087,0.7582935389268093
Optimize AI model inference,AI Engineer,b0519d51,Data Scientist,2.260869565217391,0,43,DATA SCIENTIST,4 tahun 1 bulan,JUNIOR,49,66.8638392858,92.0,99.30555556,4.723839233,1.1,79.24054742,79.24054742,0.0,43.06009882825217,43.06009882825217,0.6046302910079626
Optimize AI model inference,AI Engineer,b7ddf289,Artificial Intelligence Engineer,2.9565217391304346,1,44,DATA SCIENTIST,1 tahun 2 bulan,JUNIOR,14,78.282819795,95.0,100.0,11.82325385,1.0,77.94660283,77.94660283,9.0,42.70126471729131,42.70126471729131,0.5919027455482311
Optimize AI model inference,AI Engineer,be2d891b,Data Scientist,3.739130434782609,1,14,AI ENGINEER,2 tahun 3 bulan,JUNIOR,27,70.2197654063,95.0,0.0,0.33375087,1.3,92.33751534,92.33751534,3.0,50.696274434547824,50.696274434547824,0.8754790459030084
Optimize AI model inference,AI Engineer,beb45f59,Data Analyst,1.1304347826086956,2,68,DATA ANALYST,3 tahun 4 bulan,MIDDLE,40,86.1330823996,80.0,98.61111111,6.436879162,1.0,71.94756403,71.94756403,2.0,38.66351328372608,38.66351328372608,0.4486870830567619
Optimize AI model inference,AI Engineer,c0b0190c,Data Analyst,3.739130434782609,1,17,DATA SCIENTIST,6 tahun 5 bulan,MIDDLE,77,29.2835988563,84.0,22.19251337,4.068139436,1.0,53.16264673,53.16264673,29.0,29.93359407124783,29.93359407124783,0.13904415825489247
Optimize AI model inference,AI Engineer,c13b7f6c,Data Analyst,1.391304347826087,2,34,DATA ANALYST,3 tahun 1 bulan,MIDDLE,37,87.4991246496,90.0,100.0,12.60600857,1.0,78.2842696,78.2842696,8.0,42.144575931478265,42.144575931478265,0.5721574604375549
Optimize AI model inference,AI Engineer,c4acf473,Data Analyst,1.826086956521739,3,107,DATA ANALYST,2 tahun 9 bulan,JUNIOR,33,79.9589169,86.5,93.31597222,0.0,1.0,72.02498398,72.02498398,0.0,39.031502378965214,39.031502378965214,0.46173934814326684
Optimize AI model inference,AI Engineer,c5c364b3,Data Analyst,2.1739130434782608,0,60,DATA ANALYST,1 tahun 1 bulan,JUNIOR,13,40.932846055,100.0,16.57754011,1.742317797,1.0,64.65542017,64.65542017,0.0,35.289111820534785,35.289111820534785,0.3289998885836706
Optimize AI model inference,AI Engineer,c615b19e,Data Engineer,2.8260869565217392,3,63,DATA SCIENTIST,4 tahun 4 bulan,JUNIOR,52,71.0338060221,88.0,96.52777778,3.953496176,1.0,70.97960925,70.97960925,9.0,38.94745377206522,38.94745377206522,0.45875821443141773
Optimize AI model inference,AI Engineer,ccc8525a,Data Scientist,3.391304347826087,1,47,DATA SCIENTIST,1 tahun 0 bulan,BASIC,12,75.7084500467,90.0,0.0,0.0,1.0,70.11863666,70.11863666,16.0,38.756790473278265,38.756790473278265,0.45199554686808247
Optimize AI model inference,AI Engineer,cdb6bf28,Artificial Intelligence Engineer,4.260869565217392,1,6,AI ENGINEER,7 tahun 1 bulan,MIDDLE,85,81.6822187204,91.0,0.0,3.667866596,1.3,95.09100733,95.09100733,14.0,52.40084258055217,52.40084258055217,0.9359386507866889
Optimize AI model inference,AI Engineer,cf9338b5,Data Scientist,2.391304347826087,0,74,DATA SCIENTIST,1 tahun 0 bulan,BASIC,12,82.0043154762,90.0,35.29411765,3.321482848,1.0,72.67275856,72.67275856,8.0,39.640475080278264,39.640475080278264,0.4833390999587866
Optimize AI model inference,AI Engineer,d08b974d,Data Analyst,1.826086956521739,0,86,DATA ANALYST,2 tahun 9 bulan,MIDDLE,33,58.8772058825,93.5,97.91666667,0.871158899,1.0,69.7799626,69.7799626,0.0,37.84164104756522,37.84164104756522,0.41953596300349183
Optimize AI model inference,AI Engineer,d8c9672c,Data Analyst,3.5217391304347827,1,82,DATA ANALYST,2 tahun 4 bulan,MIDDLE,28,73.7417775442,90.5,95.05208333,9.595209262,1.0,73.7469197,73.7469197,0.0,40.74108483230435,40.74108483230435,0.5223768063095734
Optimize AI model inference,AI Engineer,ecc200ca,Data Engineer,2.4347826086956523,3,56,DATA ENGINEER,1 tahun 9 bulan,MIDDLE,21,71.0850840338,89.0,99.30555556,5.758942974,1.2,86.333236,86.333236,2.0,46.90096290608696,46.90096290608696,0.7408625238477875
Optimize AI model inference,AI Engineer,eed0f189,Data Analyst,2.347826086956522,3,45,DATA ANALYST,2 tahun 10 bulan,MIDDLE,34,69.240079365,96.0,70.49910873,48.01347408,1.0,79.53001534,79.53001534,4.0,43.25438639106957,43.25438639106957,0.6115215081818187
Optimize AI model inference,AI Engineer,f007ee36,Artificial Intelligence Engineer,2.260869565217391,0,70,AI ENGINEER,2 tahun 0 bulan,MIDDLE,24,40.1500350142,90.0,99.30555556,2.332863117,1.3,81.80872206,81.80872206,2.0,44.421231387452174,44.421231387452174,0.6529085231903766
Optimize AI model inference,AI Engineer,f2f08a05,Data Engineer,1.6956521739130435,3,94,DATA ENGINEER,2 tahun 5 bulan,JUNIOR,29,59.4675711954,87.0,99.30555556,7.027424482,1.2,81.33092925,81.33092925,1.0,43.902349024239136,43.902349024239136,0.6345042002335574
Optimize AI model inference,AI Engineer,f6f88029,Data Analyst,1.173913043478261,2,100,MGT,4 tahun 3 bulan,-,51,4.3391106446,90.0,78.20855615,6.010278684,1.0,48.76020407,48.76020407,0.0,26.394647287534784,26.394647287534784,0.013520679038640161
Optimize AI model inference,AI Engineer,fbc7621c,Data Scientist,2.1739130434782608,0,93,DATA SCIENTIST,8 tahun 6 bulan,MIDDLE,102,58.3732609713,75.0,100.0,12.17940809,1.0,62.37965806,62.37965806,0.0,34.08295790223478,34.08295790223478,0.28621861902852824
Optimize AI model inference,AI Engineer,ff56a859,Data Scientist,2.869565217391304,0,97,DATA SCIENTIST,4 tahun 3 bulan,JUNIOR,51,71.9907037817,89.5,95.83333333,11.98196147,1.0,73.15820762,73.15820762,3.0,40.12254569077392,40.12254569077392,0.5004377408696367
Optimize business processes with AI,Data Scientist,006bac9a,Data Analyst,3.0555555555555554,3,7,DATA ANALYST,2 tahun 5 bulan,JUNIOR,29,24.3446545288,90.0,100.0,10.68886874,1.0,59.64183706,59.64183706,2.0,33.04628475291111,33.04628475291111,0.17981014135336926
Optimize business processes with AI,Data Scientist,00c74be4,Data Scientist,2.3333333333333335,3,106,DATA SCIENTIST,5 tahun 10 bulan,MIDDLE,70,65.8296276846,90.0,70.58823529,2.714292537,1.0,67.48966658,67.48966658,9.0,36.86618995406667,44.23942794488,0.46598794753777895
Optimize business processes with AI,Data Scientist,01c8c0ef,Data Scientist,3.7222222222222223,1,67,DATA SCIENTIST,2 tahun 2 bulan,SENIOR,26,77.0315563725,92.0,96.35416667,6.32783673,1.1,82.53917202,82.53917202,3.0,45.49520561504444,54.59424673805333,0.7307321105351424
Optimize business processes with AI,Data Scientist,01d1846b,Data Analyst,2.888888888888889,0,77,DATA ANALYST,4 tahun 3 bulan,JUNIOR,51,76.130287115,84.0,91.92708333,7.89858338,1.0,70.77981892,70.77981892,2.0,38.87108180537778,38.87108180537778,0.3287341400332353
Optimize business processes with AI,Data Scientist,03ad7f49,Data Scientist,2.4444444444444446,2,91,DATA SCIENTIST,3 tahun 4 bulan,JUNIOR,40,75.1958741829,90.0,0.0,4.519739335,1.0,70.74391915,70.74391915,2.0,38.64316603838889,46.371799246066665,0.5205068016682293
Optimize business processes with AI,Data Scientist,0514ff91,Data Scientist,2.9444444444444446,0,37,DATA SCIENTIST,3 tahun 4 bulan,MIDDLE,40,75.6379551821,90.0,100.0,11.44256681,1.0,74.661971,74.661971,4.0,40.95473351888889,49.14568022266666,0.591427289227937
Optimize business processes with AI,Data Scientist,056cd3f9,Data Engineer,3.4444444444444446,3,48,DATA ENGINEER,7 tahun 7 bulan,SENIOR,91,80.4681314192,90.0,34.22459893,5.168397654,1.3,94.26532683,94.26532683,0.0,51.5795121087889,51.5795121087889,0.6536536592338056
Optimize business processes with AI,Data Scientist,05eed8dc,Data Engineer,2.5,3,49,DATA ENGINEER,2 tahun 5 bulan,MIDDLE,29,62.7957662233,95.0,99.21875,8.595362988,1.2,87.48866032,87.48866032,8.0,47.5439899696,47.5439899696,0.550476486138198
Optimize business processes with AI,Data Scientist,106760ca,Data Engineer,4.722222222222222,1,21,DATA ENGINEER,1 tahun 11 bulan,MIDDLE,23,71.4513888888,91.25,100.0,8.016044212,1.2,88.25251765,88.25251765,3.0,48.993278798944445,48.993278798944445,0.5875308050722176
Optimize business processes with AI,Data Scientist,123117c9,Data Analyst,2.0,2,32,DATA ANALYST,4 tahun 2 bulan,MIDDLE,50,70.4449813258,95.0,100.0,3.648580437,1.0,74.43733436,74.43733436,2.0,40.3917872108,40.3917872108,0.36761438388544976
Optimize business processes with AI,Data Scientist,14d4dbd6,Data Analyst,1.3333333333333333,2,108,DATA ANALYST,4 tahun 2 bulan,JUNIOR,50,79.6974498133,80.5,98.4375,3.111615146,1.0,69.81056917,69.81056917,9.0,37.62626832676666,37.62626832676666,0.29690769197409544
Optimize business processes with AI,Data Scientist,1551c5ff,Data Analyst,2.0,2,66,DATA ANALYST,2 tahun 5 bulan,JUNIOR,29,79.0374358075,90.0,100.0,15.2788331,1.0,76.22782609,76.22782609,2.0,41.3407478277,41.3407478277,0.3918766900886528
Optimize business processes with AI,Data Scientist,1667415a,Data Analyst,3.0,0,50,DATA ANALYST,4 tahun 1 bulan,JUNIOR,49,73.4773576096,90.0,100.0,10.26693491,1.0,73.85696587,73.85696587,1.0,40.5541919111,40.5541919111,0.37176662423910106
Optimize business processes with AI,Data Scientist,1672e04a,Data Analyst,3.3333333333333335,3,41,DATA ANALYST,4 tahun 3 bulan,JUNIOR,51,69.8277310925,86.0,100.0,7.456011595,1.0,70.40596081,70.40596081,4.0,38.88182589596667,38.88182589596667,0.3290088368026273
Optimize business processes with AI,Data Scientist,17466c54,Data Analyst,2.3333333333333335,2,11,DATA ANALYST,3 tahun 1 bulan,JUNIOR,37,49.8728816529,90.0,100.0,7.676082801,1.0,66.60685575,66.60685575,0.0,36.39830021416666,36.39830021416666,0.2655119334725495
Optimize business processes with AI,Data Scientist,1893af41,Data Analyst,2.2777777777777777,2,103,DATA SCIENTIST,1 tahun 1 bulan,JUNIOR,13,37.5269607842,98.0,29.01069519,0.0,1.0,62.25313576,62.25313576,3.0,34.06471750835556,34.06471750835556,0.205848658568851
Optimize business processes with AI,Data Scientist,1dbecdbe,Data Scientist,2.5,0,4,DATA SCIENTIST,2 tahun 3 bulan,JUNIOR,27,85.3527602713,90.0,99.30555556,6.414697312,1.0,76.68127695,76.68127695,5.0,41.816076783499994,50.17929214019999,0.6178538957612996
Optimize business processes with AI,Data Scientist,29e9efd9,Data Engineer,2.9444444444444446,3,61,DATA ENGINEER,3 tahun 1 bulan,MIDDLE,37,72.8804563492,94.0,99.30555556,9.72908414,1.2,90.62742563,90.62742563,0.0,49.4164244727889,49.4164244727889,0.5983494731228608
Optimize business processes with AI,Data Scientist,2d801262,Data Analyst,3.0555555555555554,0,9,DATA ANALYST,2 tahun 10 bulan,MIDDLE,34,80.3460259104,90.0,95.74652778,10.27336667,1.1,83.12594823,83.12594823,9.0,45.492863673011115,45.492863673011115,0.49803484274118287
Optimize business processes with AI,Data Scientist,31e8a51f,Data Scientist,2.4444444444444446,0,98,DATA SCIENTIST,2 tahun 9 bulan,JUNIOR,33,52.8933765175,90.0,65.10695187,6.407601293,1.0,64.07121964,64.07121964,0.0,35.10663529808889,42.127962357706664,0.4120035948668781
Optimize business processes with AI,Data Scientist,3350383a,Artificial Intelligence Engineer,4.5,1,30,AI ENGINEER,3 tahun 9 bulan,MIDDLE,45,54.1797239725,95.5,96.44097222,11.49637749,1.3,92.17002068,92.17002068,0.0,50.965110960400004,50.965110960400004,0.6379451160884563
Optimize business processes with AI,Data Scientist,365fc87a,Data Analyst,2.611111111111111,0,110,DATA ANALYST,2 tahun 5 bulan,BASIC,29,80.8585434175,90.0,8.155080214,6.607477284,1.0,72.88466719,72.88466719,3.0,39.85609583292223,39.85609583292223,0.35391823252888005
Optimize business processes with AI,Data Scientist,36cf70f2,Artificial Intelligence Engineer,3.3333333333333335,1,58,AI ENGINEER,2 tahun 5 bulan,MIDDLE,29,43.5532358775,89.5,100.0,11.83988942,1.3,84.69716654,84.69716654,4.0,46.45616493286667,46.45616493286667,0.5226637996402547
Optimize business processes with AI,Data Scientist,3951d86b,Data Scientist,4.222222222222222,1,78,DATA SCIENTIST,3 tahun 1 bulan,JUNIOR,37,55.4426062092,95.0,100.0,4.279280813,1.0,70.17243405,70.17243405,0.0,39.175834490944446,47.011001389133334,0.5368494378584321
Optimize business processes with AI,Data Scientist,39c4596a,Data Scientist,3.0555555555555554,0,42,DATA SCIENTIST,3 tahun 5 bulan,JUNIOR,41,60.7098506071,80.0,97.91666667,4.694561364,1.0,64.25018915,64.25018915,0.0,35.48871136061111,42.58645363273333,0.4237259524738073
Optimize business processes with AI,Data Scientist,3cac7e99,Data Scientist,3.0555555555555554,0,88,DATA SCIENTIST,10 tahun 2 bulan,SENIOR,122,88.3660831,98.0,34.22459893,51.7318368,1.0,87.21080158,87.21080158,0.0,47.65783594851111,57.18940313821333,0.7970831035105643
Optimize business processes with AI,Data Scientist,42e7a026,Data Analyst,3.1666666666666665,0,64,DATA ANALYST,2 tahun 6 bulan,JUNIOR,30,73.5210696779,89.0,99.21875,4.472503523,1.0,72.45268383,72.45268383,2.0,39.88825576323333,39.88825576323333,0.35474047326551944
Optimize business processes with AI,Data Scientist,46fd6e1c,Data Analyst,2.2777777777777777,2,5,DATA SCIENTIST,1 tahun 2 bulan,JUNIOR,14,67.4580357142,90.0,100.0,11.7055718,1.0,72.32438573,72.32438573,0.0,39.40247999245556,39.40247999245556,0.34232052633957744
Optimize business processes with AI,Data Scientist,47d42365,Data Engineer,3.5,3,53,DATA ENGINEER,4 tahun 4 bulan,JUNIOR,52,71.9768703312,91.5,97.82986111,3.794124597,1.2,87.64556985,87.64556985,3.0,48.097152020500005,48.097152020500005,0.564619314428344
Optimize business processes with AI,Data Scientist,4cba2f2d,Artificial Intelligence Engineer,2.4444444444444446,0,36,AI ENGINEER,1 tahun 7 bulan,JUNIOR,19,66.0502450979,95.0,100.0,5.817498712,1.2,84.80862745,84.80862745,5.0,46.097461437388894,46.097461437388894,0.5134927403903237
Optimize business processes with AI,Data Scientist,4d57b04b,Data Scientist,2.7777777777777777,0,20,DATA SCIENTIST,3 tahun 11 bulan,MIDDLE,47,60.9976657327,96.5,91.31944444,1.268481508,1.1,78.63807432,78.63807432,0.0,42.98373494515556,51.58048193418667,0.6536784549949208
Optimize business processes with AI,Data Scientist,516J6855,Data Scientist,2.7222222222222223,0,46,DATA SCIENTIST,2 tahun 5 bulan,JUNIOR,29,54.7360673438,80.0,96.96180556,11.10881594,1.0,63.41641108,63.41641108,1.0,34.89014231684445,41.86817078021333,0.40536144060894164
Optimize business processes with AI,Data Scientist,528f3560,Data Analyst,1.6111111111111112,2,55,DATA SCIENTIST,7 tahun 0 bulan,SENIOR,84,32.3536327033,90.0,94.11764706,44.61622935,1.0,64.269703,64.269703,0.0,34.82016481222223,34.82016481222223,0.2251633629732055
Optimize business processes with AI,Data Scientist,528f3560,Data Analyst,1.6111111111111112,2,55,DATA SCIENTIST,7 tahun 0 bulan,SENIOR,84,32.3536327033,90.0,94.11764706,44.61622935,1.0,64.269703,64.269703,0.0,34.82016481222223,34.82016481222223,0.2251633629732055
Optimize business processes with AI,Data Scientist,5312eea4,Data Analyst,2.6666666666666665,3,84,DATA ANALYST,2 tahun 2 bulan,MIDDLE,26,49.7969187675,86.0,92.79513889,46.9198146,1.0,70.0469465,70.0469465,2.0,38.37821497833333,38.37821497833333,0.3161328943522319
Optimize business processes with AI,Data Scientist,544a3d1a,Data Scientist,2.7777777777777777,0,62,DATA SCIENTIST,4 tahun 2 bulan,MIDDLE,50,59.509354575,90.5,100.0,7.234474611,1.0,69.58669591,69.58669591,15.0,38.186504387855564,45.82380526542668,0.5064961066836128
Optimize business processes with AI,Data Scientist,54b0fc4f,Data Analyst,3.2777777777777777,1,89,DATA ANALYST,2 tahun 2 bulan,MIDDLE,26,71.3084967321,88.5,98.61111111,6.180876807,1.0,71.78045298,71.78045298,3.0,39.58419563495556,39.58419563495556,0.3469664942351149
Optimize business processes with AI,Data Scientist,557e30ab,Data Analyst,2.0,2,29,DATA ANALYST,3 tahun 5 bulan,MIDDLE,41,53.7861081933,85.0,100.0,4.549017204,1.0,64.81437318,64.81437318,2.0,35.2916177854,35.2916177854,0.23721711545981145
Optimize business processes with AI,Data Scientist,55b2e646,Data Scientist,3.0,1,57,AI ENGINEER,3 tahun 0 bulan,JUNIOR,36,50.15589986,90.0,100.0,0.871158899,1.3,85.36316737,85.36316737,0.0,46.6524787061,55.98297444732,0.7662380486268295
Optimize business processes with AI,Data Scientist,57635c17,Data Analyst,1.7222222222222223,2,12,DATA ANALYST,3 tahun 3 bulan,MIDDLE,39,67.5095967558,90.0,99.21875,6.039999292,1.0,71.43352597,71.43352597,4.0,38.66921320854445,38.66921320854445,0.3235729166674217
Optimize business processes with AI,Data Scientist,57ecf7ad,Data Analyst,1.0,2,27,MGT,5 tahun 1 bulan,-,61,3.4722222221,90.0,77.54010695,4.326516624,1.0,48.19519238,48.19519238,0.0,26.0134519614,26.0134519614,0.0
Optimize business processes with AI,Data Scientist,5b749bf9,Data Engineer,2.5,3,101,DATA ENGINEER,2 tahun 3 bulan,BASIC,27,34.81372549,90.0,86.63101604,10.06283501,1.2,70.83787239,70.83787239,3.0,38.7190723667,38.7190723667,0.3248476778541985
Optimize business processes with AI,Data Scientist,5d16d190,Data Scientist,3.0555555555555554,0,99,DATA SCIENTIST,3 tahun 1 bulan,JUNIOR,37,62.2739437442,90.0,97.74305556,28.26078997,1.0,73.16053928,73.16053928,5.0,40.21119692951111,48.25343631541333,0.5686150728933534
Optimize business processes with AI,Data Scientist,5dc773ce,Artificial Intelligence Engineer,3.2222222222222223,0,35,DATA SCIENTIST,4 tahun 4 bulan,MIDDLE,52,72.0571603642,91.0,95.57291667,5.121161842,1.1,80.15052819,80.15052819,0.0,43.99422438514445,43.99422438514445,0.4597187686672651
Optimize business processes with AI,Data Scientist,6131e4d7,Data Engineer,4.111111111111111,1,38,DATA ENGINEER,2 tahun 3 bulan,MIDDLE,27,58.5518732492,93.5,99.30555556,10.46636816,1.2,85.46875202,85.46875202,0.0,47.23066079282222,47.23066079282222,0.5424655230971669
Optimize business processes with AI,Data Scientist,64S57577,Data Scientist,4.277777777777778,1,40,DATA SCIENTIST,3 tahun 9 bulan,MIDDLE,45,73.6180643087,84.5,89.32291667,3.982774045,1.0,69.5311892,69.5311892,9.0,38.86208583155556,46.63450299786667,0.5272234121928299
Optimize business processes with AI,Data Scientist,65054asd,Data Analyst,2.0,2,10,DATA ANALYST,3 tahun 4 bulan,JUNIOR,40,70.5590744629,99.0,0.0,4.917061944,1.0,73.99273476,73.99273476,2.0,40.1561494228,40.1561494228,0.3615897754204771
Optimize business processes with AI,Data Scientist,66d21701,Data Analyst,3.388888888888889,0,33,DATA ANALYST,4 tahun 3 bulan,JUNIOR,51,63.8499212188,81.5,83.07291667,3.823402466,1.0,64.77440963,64.77440963,0.0,35.92321488167777,35.92321488167777,0.25336531157463504
Optimize business processes with AI,Data Scientist,6de6b041,Data Scientist,2.9411764705882355,3,16,DATA SCIENTIST,4 tahun 0 bulan,MIDDLE,48,59.6452497667,90.0,100.0,7.186353322,1.1,76.3103827,76.3103827,7.0,41.82685577217648,50.192226926611774,0.6181846025820114
Optimize business processes with AI,Data Scientist,6e0778a1,Data Scientist,2.9444444444444446,0,92,DATA SCIENTIST,3 tahun 1 bulan,JUNIOR,37,54.5927141687,70.0,97.91666667,4.665283496,1.0,57.55075558,57.55075558,2.0,31.88578934628889,38.26294721554667,0.3131858155100939
Optimize business processes with AI,Data Scientist,6fb8c1a0,Data Scientist,3.0,3,75,DATA SCIENTIST,3 tahun 0 bulan,BASIC,36,61.1916404063,98.0,0.0,3.823402466,1.0,70.34689224,70.34689224,0.0,38.6938528872,46.43262346464,0.5220619092135959
Optimize business processes with AI,Data Scientist,7176fcb0,Data Engineer,3.2777777777777777,3,104,DATA ENGINEER,7 tahun 0 bulan,SENIOR,84,75.0633578433,80.0,33.82352941,7.122781583,1.2,79.20577781,79.20577781,10.0,43.519617794855556,43.519617794855556,0.44758438688726687
Optimize business processes with AI,Data Scientist,77571f19,Data Analyst,1.8333333333333333,2,54,DATA ANALYST,3 tahun 1 bulan,JUNIOR,37,77.8103933242,100.0,100.0,5.536442394,1.0,79.32087607,79.32087607,0.0,42.90173098376666,42.90173098376666,0.4317867249584377
Optimize business processes with AI,Data Scientist,7L762383,Data Analyst,3.5,0,59,DATA ANALYST,1 tahun 10 bulan,MIDDLE,22,63.2588118579,88.5,94.96527778,2.554920958,1.0,68.65055253,68.65055253,0.0,38.0297928409,38.0297928409,0.30722470107652217
Optimize business processes with AI,Data Scientist,7b6d04c9,Data Analyst,2.9444444444444446,3,2,DATA ANALYST,4 tahun 5 bulan,MIDDLE,53,73.2388159429,86.0,100.0,4.742239915,1.0,70.9884555,70.9884555,4.0,39.00777030388889,39.00777030388889,0.33222888801989714
Optimize business processes with AI,Data Scientist,7ba9df08,Data Analyst,3.5555555555555554,0,25,DATA ANALYST,3 tahun 1 bulan,MIDDLE,37,56.631039916,92.5,96.35416667,0.0,1.2,82.079429,82.079429,0.0,45.17320848111111,45.17320848111111,0.4898621409375433
Optimize business processes with AI,Data Scientist,7d317bd2,Data Scientist,1.2222222222222223,2,90,DATA ANALYST,4 tahun 4 bulan,JUNIOR,52,63.7458566762,86.5,86.37152778,3.794124597,1.0,67.4194445,67.4194445,6.0,36.306750029444444,43.56810003533333,0.4488239440858909
Optimize business processes with AI,Data Scientist,7dc30989,Data Scientist,3.4444444444444446,1,73,DATA SCIENTIST,3 tahun 4 bulan,JUNIOR,40,92.1873832863,90.0,0.0,8.045322081,1.0,76.69106422,76.69106422,4.0,42.26515292548889,50.71818351058667,0.6316318621023023
Optimize business processes with AI,Data Scientist,7fe7bd2c,Data Scientist,2.9444444444444446,0,65,DATA SCIENTIST,2 tahun 2 bulan,JUNIOR,26,39.5228291321,89.5,99.30555556,6.121971713,1.0,63.07245784,63.07245784,5.0,34.81229154408889,41.77474985290667,0.4029729251071016
Optimize business processes with AI,Data Scientist,8126543f,Data Scientist,2.5555555555555554,0,85,DATA SCIENTIST,3 tahun 1 bulan,JUNIOR,37,63.1813433708,90.0,99.30555556,6.700326893,1.0,70.28096361,70.28096361,0.0,38.45002182441111,46.14002618929333,0.5145810037236771
Optimize business processes with AI,Data Scientist,8387045b,Data Scientist,3.8333333333333335,1,69,DATA SCIENTIST,4 tahun 4 bulan,MIDDLE,52,85.768554505,94.0,98.61111111,53.90204421,1.2,99.0,99.0,10.0,54.271666666666675,65.126,1.0
Optimize business processes with AI,Data Scientist,859bd42e,Data Scientist,3.111111111111111,0,95,DATA SCIENTIST,3 tahun 5 bulan,JUNIOR,41,91.9510387488,95.0,100.0,9.232623263,1.0,81.52852324,81.52852324,1.0,44.672339539422225,53.60680744730667,0.7054860107471114
Optimize business processes with AI,Data Scientist,85e8c8f1,Data Scientist,3.2222222222222223,0,105,DATA SCIENTIST,2 tahun 9 bulan,JUNIOR,33,86.9119456117,93.0,100.0,3.409887033,1.1,86.02380765,86.02380765,0.0,47.107062498944444,56.52847499873333,0.7801849935017833
Optimize business processes with AI,Data Scientist,8K760816,Data Analyst,2.5,0,15,DATA ANALYST,2 tahun 8 bulan,MIDDLE,32,52.4918446546,98.5,100.0,3.455357726,1.0,70.91183125,70.91183125,8.0,38.7582705625,38.7582705625,0.32584986763128276
Optimize business processes with AI,Data Scientist,9ab9d681,Data Scientist,3.7222222222222223,1,18,DATA SCIENTIST,3 tahun 0 bulan,MIDDLE,36,31.3339898458,92.0,100.0,52.63227356,1.0,68.97507879,68.97507879,3.0,38.306236203144444,45.96748344377333,0.5101695615095387
Optimize business processes with AI,Data Scientist,a016ffe0,Data Scientist,3.5,1,26,DATA SCIENTIST,3 tahun 1 bulan,MIDDLE,37,82.0345763308,64.0,34.49197861,6.239432544,1.2,71.75887324,71.75887324,3.0,39.677202817200005,47.61264338064,0.5522317645458397
Optimize business processes with AI,Data Scientist,a20ce132,Data Analyst,4.055555555555555,1,22,DATA ANALYST,2 tahun 9 bulan,MIDDLE,33,84.2864145654,95.0,98.61111111,10.2440888,1.2,95.23244671,95.23244671,0.0,52.379307867411114,52.379307867411114,0.6741022313348332
Optimize business processes with AI,Data Scientist,a77b4e68,Data Scientist,2.0555555555555554,2,80,MGT,2 tahun 5 bulan,-,29,80.6774626521,90.0,100.0,29.57650728,1.0,78.85832029,78.85832029,0.0,42.76102086481111,51.31322503777333,0.6468454331179112
Optimize business processes with AI,Data Scientist,a9fcd0c5,Data Analyst,2.3333333333333335,2,23,DATA ANALYST,2 tahun 1 bulan,MIDDLE,25,86.9994864617,91.5,100.0,7.075545771,1.1,85.847875,85.847875,9.0,46.59604041666667,46.59604041666667,0.526240030052601
Optimize business processes with AI,Data Scientist,ae73e946,Data Analyst,1.4444444444444444,2,72,DATA SCIENTIST,3 tahun 5 bulan,JUNIOR,41,83.7572654062,85.0,97.91666667,10.90515878,1.0,74.34235311,74.34235311,7.0,40.0803360371889,40.0803360371889,0.35965143620677315
Optimize business processes with AI,Data Scientist,afb96c1d,Data Analyst,2.888888888888889,0,19,DATA ANALYST,2 tahun 8 bulan,JUNIOR,32,77.4700746967,84.5,100.0,6.630101873,1.0,71.7649257,71.7649257,2.0,39.39318839877778,39.39318839877778,0.3420829659109239
Optimize business processes with AI,Data Scientist,aff5a1f7,Data Engineer,3.888888888888889,3,96,DATA ENGINEER,2 tahun 7 bulan,JUNIOR,31,69.9306139125,90.0,98.61111111,7.174163182,1.2,86.72069722,86.72069722,0.0,47.789747304377784,47.789747304377784,0.5567598235095002
Optimize business processes with AI,Data Scientist,b0519d51,Data Scientist,2.9444444444444446,0,43,DATA SCIENTIST,4 tahun 1 bulan,JUNIOR,49,66.8638392858,92.0,99.30555556,4.723839233,1.1,79.24054742,79.24054742,0.0,43.38137902148889,52.05765482578666,0.6658784500228354
Optimize business processes with AI,Data Scientist,b7ddf289,Artificial Intelligence Engineer,2.8333333333333335,1,44,DATA SCIENTIST,1 tahun 2 bulan,JUNIOR,14,78.282819795,95.0,100.0,11.82325385,1.0,77.94660283,77.94660283,9.0,42.643366166566665,42.643366166566665,0.4251810490268922
Optimize business processes with AI,Data Scientist,be2d891b,Data Scientist,4.055555555555555,1,14,AI ENGINEER,2 tahun 3 bulan,JUNIOR,27,70.2197654063,95.0,0.0,0.33375087,1.3,92.33751534,92.33751534,3.0,50.844994241311106,61.013993089573326,0.8948673222115686
Optimize business processes with AI,Data Scientist,beb45f59,Data Analyst,2.111111111111111,2,68,DATA ANALYST,3 tahun 4 bulan,MIDDLE,40,86.1330823996,80.0,98.61111111,6.436879162,1.0,71.94756403,71.94756403,2.0,39.12443115812222,39.12443115812222,0.3352115843688591
Optimize business processes with AI,Data Scientist,c0b0190c,Data Analyst,3.8333333333333335,1,17,DATA SCIENTIST,6 tahun 5 bulan,MIDDLE,77,29.2835988563,84.0,22.19251337,4.068139436,1.0,53.16264673,53.16264673,29.0,29.977869433566667,29.977869433566667,0.1013592228318697
Optimize business processes with AI,Data Scientist,c13b7f6c,Data Analyst,1.9444444444444444,2,34,DATA ANALYST,3 tahun 1 bulan,MIDDLE,37,87.4991246496,90.0,100.0,12.60600857,1.0,78.2842696,78.2842696,8.0,42.404551776888894,42.404551776888894,0.4190752236165383
Optimize business processes with AI,Data Scientist,c4acf473,Data Analyst,3.7222222222222223,3,107,DATA ANALYST,2 tahun 9 bulan,JUNIOR,33,79.9589169,86.5,93.31597222,0.0,1.0,72.02498398,72.02498398,0.0,39.92268595384444,39.92268595384444,0.3556207582977585
Optimize business processes with AI,Data Scientist,c5c364b3,Data Analyst,3.0555555555555554,0,60,DATA ANALYST,1 tahun 1 bulan,JUNIOR,13,40.932846055,100.0,16.57754011,1.742317797,1.0,64.65542017,64.65542017,0.0,35.703483801211114,35.703483801211114,0.24774739375834226
Optimize business processes with AI,Data Scientist,c615b19e,Data Engineer,3.2222222222222223,3,63,DATA SCIENTIST,4 tahun 4 bulan,JUNIOR,52,71.0338060221,88.0,96.52777778,3.953496176,1.0,70.97960925,70.97960925,9.0,39.13363734694444,39.13363734694444,0.3354469612308609
Optimize business processes with AI,Data Scientist,ccc8525a,Data Scientist,3.5,1,47,DATA SCIENTIST,1 tahun 0 bulan,BASIC,12,75.7084500467,90.0,0.0,0.0,1.0,70.11863666,70.11863666,16.0,38.80787742980001,46.56945291576001,0.5255602609697886
Optimize business processes with AI,Data Scientist,cdb6bf28,Artificial Intelligence Engineer,3.9444444444444446,1,6,AI ENGINEER,7 tahun 1 bulan,MIDDLE,85,81.6822187204,91.0,0.0,3.667866596,1.3,95.09100733,95.09100733,14.0,52.25212277378889,52.25212277378889,0.6708504592054207
Optimize business processes with AI,Data Scientist,cf9338b5,Data Scientist,2.6666666666666665,0,74,DATA SCIENTIST,1 tahun 0 bulan,BASIC,12,82.0043154762,90.0,35.29411765,3.321482848,1.0,72.67275856,72.67275856,8.0,39.769895370133334,47.723874444159996,0.5550756361189784
Optimize business processes with AI,Data Scientist,d08b974d,Data Analyst,2.5,0,86,DATA ANALYST,2 tahun 9 bulan,MIDDLE,33,58.8772058825,93.5,97.91666667,0.871158899,1.0,69.7799626,69.7799626,0.0,38.158380178,38.158380178,0.31051232470495715
Optimize business processes with AI,Data Scientist,d8c9672c,Data Analyst,3.888888888888889,1,82,DATA ANALYST,2 tahun 4 bulan,MIDDLE,28,73.7417775442,90.5,95.05208333,9.595209262,1.0,73.7469197,73.7469197,0.0,40.91364521877778,40.91364521877778,0.38095685411936964
Optimize business processes with AI,Data Scientist,ecc200ca,Data Engineer,3.111111111111111,3,56,DATA ENGINEER,1 tahun 9 bulan,MIDDLE,21,71.0850840338,89.0,99.30555556,5.758942974,1.2,86.333236,86.333236,2.0,47.21883730222223,47.21883730222223,0.5421632290459503
Optimize business processes with AI,Data Scientist,eed0f189,Data Analyst,2.9444444444444446,3,45,DATA ANALYST,2 tahun 10 bulan,MIDDLE,34,69.240079365,96.0,70.49910873,48.01347408,1.0,79.53001534,79.53001534,4.0,43.5347970190889,43.5347970190889,0.4479724777940102
Optimize business processes with AI,Data Scientist,f007ee36,Artificial Intelligence Engineer,2.4444444444444446,0,70,AI ENGINEER,2 tahun 0 bulan,MIDDLE,24,40.1500350142,90.0,99.30555556,2.332863117,1.3,81.80872206,81.80872206,2.0,44.50751158068889,44.50751158068889,0.4728421068613884
Optimize business processes with AI,Data Scientist,f2f08a05,Data Engineer,2.0555555555555554,3,94,DATA ENGINEER,2 tahun 5 bulan,JUNIOR,29,59.4675711954,87.0,99.30555556,7.027424482,1.2,81.33092925,81.33092925,1.0,44.071503613611114,44.071503613611114,0.46169458544070563
Optimize business processes with AI,Data Scientist,f6f88029,Data Analyst,1.2222222222222223,2,100,MGT,4 tahun 3 bulan,-,51,4.3391106446,90.0,78.20855615,6.010278684,1.0,48.76020407,48.76020407,0.0,26.417352601544447,26.417352601544447,0.010326625607358494
Optimize business processes with AI,Data Scientist,fbc7621c,Data Scientist,2.8333333333333335,0,93,DATA SCIENTIST,8 tahun 6 bulan,MIDDLE,102,58.3732609713,75.0,100.0,12.17940809,1.0,62.37965806,62.37965806,0.0,34.392885438466664,41.27146252615999,0.3901052559833721
Optimize business processes with AI,Data Scientist,ff56a859,Data Scientist,3.5555555555555554,0,97,DATA SCIENTIST,4 tahun 3 bulan,JUNIOR,51,71.9907037817,89.5,95.83333333,11.98196147,1.0,73.15820762,73.15820762,3.0,40.44496114971111,48.53395337965333,0.5757871206966099
Optimize database performance,Data Engineer,006bac9a,Data Analyst,3.0588235294117645,3,7,DATA ANALYST,2 tahun 5 bulan,JUNIOR,29,24.3446545288,90.0,100.0,10.68886874,1.0,59.64183706,59.64183706,2.0,33.04782070062353,33.04782070062353,0.1947017588296951
Optimize database performance,Data Engineer,00c74be4,Data Scientist,2.7058823529411766,3,106,DATA SCIENTIST,5 tahun 10 bulan,MIDDLE,70,65.8296276846,90.0,70.58823529,2.714292537,1.0,67.48966658,67.48966658,9.0,37.04128799328236,37.04128799328236,0.30523550173316427
Optimize database performance,Data Engineer,01c8c0ef,Data Scientist,3.6470588235294117,1,67,DATA SCIENTIST,2 tahun 2 bulan,SENIOR,26,77.0315563725,92.0,96.35416667,6.32783673,1.1,82.53917202,82.53917202,3.0,45.45987881765882,45.45987881765882,0.5382506451153917
Optimize database performance,Data Engineer,01d1846b,Data Analyst,2.411764705882353,0,77,DATA ANALYST,4 tahun 3 bulan,JUNIOR,51,76.130287115,84.0,91.92708333,7.89858338,1.0,70.77981892,70.77981892,2.0,38.646833439364705,38.646833439364705,0.34967481588088206
Optimize database performance,Data Engineer,03ad7f49,Data Scientist,1.6470588235294117,2,91,DATA SCIENTIST,3 tahun 4 bulan,JUNIOR,40,75.1958741829,90.0,0.0,4.519739335,1.0,70.74391915,70.74391915,2.0,38.26839479655882,38.26839479655882,0.33920014898539014
Optimize database performance,Data Engineer,0514ff91,Data Scientist,1.8235294117647058,0,37,DATA SCIENTIST,3 tahun 4 bulan,MIDDLE,40,75.6379551821,90.0,100.0,11.44256681,1.0,74.661971,74.661971,4.0,40.42790345352941,40.42790345352941,0.3989724113314976
Optimize database performance,Data Engineer,056cd3f9,Data Engineer,3.8823529411764706,3,48,DATA ENGINEER,7 tahun 7 bulan,SENIOR,91,80.4681314192,90.0,34.22459893,5.168397654,1.3,94.26532683,94.26532683,0.0,51.78532910225295,62.14239492270354,1.0
Optimize database performance,Data Engineer,05eed8dc,Data Engineer,3.823529411764706,3,49,DATA ENGINEER,2 tahun 5 bulan,MIDDLE,29,62.7957662233,95.0,99.21875,8.595362988,1.2,87.48866032,87.48866032,8.0,48.16604879312941,57.799258551755294,0.8797878926156232
Optimize database performance,Data Engineer,106760ca,Data Engineer,5.0,1,21,DATA ENGINEER,1 tahun 11 bulan,MIDDLE,23,71.4513888888,91.25,100.0,8.016044212,1.2,88.25251765,88.25251765,3.0,49.123834354500005,58.948601225400004,0.9116001345313564
Optimize database performance,Data Engineer,123117c9,Data Analyst,1.6470588235294117,2,32,DATA ANALYST,4 tahun 2 bulan,MIDDLE,50,70.4449813258,95.0,100.0,3.648580437,1.0,74.43733436,74.43733436,2.0,40.22590485785882,40.22590485785882,0.39338136495389
Optimize database performance,Data Engineer,14d4dbd6,Data Analyst,1.4705882352941178,2,108,DATA ANALYST,4 tahun 2 bulan,JUNIOR,50,79.6974498133,80.5,98.4375,3.111615146,1.0,69.81056917,69.81056917,9.0,37.69077813068823,37.69077813068823,0.3232125053255892
Optimize database performance,Data Engineer,1551c5ff,Data Analyst,1.5294117647058822,2,66,DATA ANALYST,2 tahun 5 bulan,JUNIOR,29,79.0374358075,90.0,100.0,15.2788331,1.0,76.22782609,76.22782609,2.0,41.11957135711177,41.11957135711177,0.4181168381231471
Optimize database performance,Data Engineer,1667415a,Data Analyst,2.823529411764706,0,50,DATA ANALYST,4 tahun 1 bulan,JUNIOR,49,73.4773576096,90.0,100.0,10.26693491,1.0,73.85696587,73.85696587,1.0,40.471250734629415,40.471250734629415,0.4001722051130769
Optimize database performance,Data Engineer,1672e04a,Data Analyst,3.6470588235294117,3,41,DATA ANALYST,4 tahun 3 bulan,JUNIOR,51,69.8277310925,86.0,100.0,7.456011595,1.0,70.40596081,70.40596081,4.0,39.02927687635882,39.02927687635882,0.3602603300323406
Optimize database performance,Data Engineer,17466c54,Data Analyst,1.8235294117647058,2,11,DATA ANALYST,3 tahun 1 bulan,JUNIOR,37,49.8728816529,90.0,100.0,7.676082801,1.0,66.60685575,66.60685575,0.0,36.15869237102941,36.15869237102941,0.28080645538109505
Optimize database performance,Data Engineer,1893af41,Data Analyst,1.9411764705882353,2,103,DATA SCIENTIST,1 tahun 1 bulan,JUNIOR,13,37.5269607842,98.0,29.01069519,0.0,1.0,62.25313576,62.25313576,3.0,33.90651489397647,33.90651489397647,0.21846924613959665
Optimize database performance,Data Engineer,1dbecdbe,Data Scientist,1.9411764705882353,0,4,DATA SCIENTIST,2 tahun 3 bulan,JUNIOR,27,85.3527602713,90.0,99.30555556,6.414697312,1.0,76.68127695,76.68127695,5.0,41.55342972467647,41.55342972467647,0.43012544762023075
Optimize database performance,Data Engineer,29e9efd9,Data Engineer,4.0588235294117645,3,61,DATA ENGINEER,3 tahun 1 bulan,MIDDLE,37,72.8804563492,94.0,99.30555556,9.72908414,1.2,90.62742563,90.62742563,0.0,49.940182642723535,59.92821917126824,0.9387146268351436
Optimize database performance,Data Engineer,2d801262,Data Analyst,3.0588235294117645,0,9,DATA ANALYST,2 tahun 10 bulan,MIDDLE,34,80.3460259104,90.0,95.74652778,10.27336667,1.1,83.12594823,83.12594823,9.0,45.494399620723534,45.494399620723534,0.5392061339903829
Optimize database performance,Data Engineer,31e8a51f,Data Scientist,2.2941176470588234,0,98,DATA SCIENTIST,2 tahun 9 bulan,JUNIOR,33,52.8933765175,90.0,65.10695187,6.407601293,1.0,64.07121964,64.07121964,0.0,35.035981703317645,35.035981703317645,0.24973135116577766
Optimize database performance,Data Engineer,3350383a,Artificial Intelligence Engineer,4.176470588235294,1,30,AI ENGINEER,3 tahun 9 bulan,MIDDLE,45,54.1797239725,95.5,96.44097222,11.49637749,1.3,92.17002068,92.17002068,0.0,50.81305213687059,50.81305213687059,0.6864192014151254
Optimize database performance,Data Engineer,365fc87a,Data Analyst,2.235294117647059,0,110,DATA ANALYST,2 tahun 5 bulan,BASIC,29,80.8585434175,90.0,8.155080214,6.607477284,1.0,72.88466719,72.88466719,3.0,39.67946184599412,39.67946184599412,0.3782565656357926
Optimize database performance,Data Engineer,36cf70f2,Artificial Intelligence Engineer,3.235294117647059,1,58,AI ENGINEER,2 tahun 5 bulan,MIDDLE,29,43.5532358775,89.5,100.0,11.83988942,1.3,84.69716654,84.69716654,4.0,46.41008650149412,46.41008650149412,0.5645511013687904
Optimize database performance,Data Engineer,3951d86b,Data Scientist,4.529411764705882,1,78,DATA SCIENTIST,3 tahun 1 bulan,JUNIOR,37,55.4426062092,95.0,100.0,4.279280813,1.0,70.17243405,70.17243405,0.0,39.320213575911765,39.320213575911765,0.36831306215529686
Optimize database performance,Data Engineer,39c4596a,Data Scientist,2.4705882352941178,0,42,DATA SCIENTIST,3 tahun 5 bulan,JUNIOR,41,60.7098506071,80.0,97.91666667,4.694561364,1.0,64.25018915,64.25018915,0.0,35.21377672008824,35.21377672008824,0.25465247540019065
Optimize database performance,Data Engineer,3cac7e99,Data Scientist,2.3529411764705883,0,88,DATA SCIENTIST,10 tahun 2 bulan,SENIOR,122,88.3660831,98.0,34.22459893,51.7318368,1.0,87.21080158,87.21080158,0.0,47.327607190341176,47.327607190341176,0.589946826060481
Optimize database performance,Data Engineer,42e7a026,Data Analyst,3.0588235294117645,0,64,DATA ANALYST,2 tahun 6 bulan,JUNIOR,30,73.5210696779,89.0,99.21875,4.472503523,1.0,72.45268383,72.45268383,2.0,39.83756948872353,39.83756948872353,0.3826327701347384
Optimize database performance,Data Engineer,46fd6e1c,Data Analyst,2.0588235294117645,2,5,DATA SCIENTIST,1 tahun 2 bulan,JUNIOR,14,67.4580357142,90.0,100.0,11.7055718,1.0,72.32438573,72.32438573,0.0,39.299571495723534,39.299571495723534,0.36774171745223316
Optimize database performance,Data Engineer,47d42365,Data Engineer,4.411764705882353,3,53,DATA ENGINEER,4 tahun 4 bulan,JUNIOR,52,71.9768703312,91.5,97.82986111,3.794124597,1.2,87.64556985,87.64556985,3.0,48.525681432264705,58.230817718717645,0.8917328633673162
Optimize database performance,Data Engineer,4cba2f2d,Artificial Intelligence Engineer,2.4705882352941178,0,36,AI ENGINEER,1 tahun 7 bulan,JUNIOR,19,66.0502450979,95.0,100.0,5.817498712,1.2,84.80862745,84.80862745,5.0,46.10974901908824,46.10974901908824,0.5562381683630404
Optimize database performance,Data Engineer,4d57b04b,Data Scientist,2.5294117647058822,0,20,DATA SCIENTIST,3 tahun 11 bulan,MIDDLE,47,60.9976657327,96.5,91.31944444,1.268481508,1.1,78.63807432,78.63807432,0.0,42.86700291901177,42.86700291901177,0.4664833669687769
Optimize database performance,Data Engineer,516J6855,Data Scientist,2.176470588235294,0,46,DATA SCIENTIST,2 tahun 5 bulan,JUNIOR,29,54.7360673438,80.0,96.96180556,11.10881594,1.0,63.41641108,63.41641108,1.0,34.63363904887059,34.63363904887059,0.23859505374135564
Optimize database performance,Data Engineer,528f3560,Data Analyst,1.5294117647058822,2,55,DATA SCIENTIST,7 tahun 0 bulan,SENIOR,84,32.3536327033,90.0,94.11764706,44.61622935,1.0,64.269703,64.269703,0.0,34.78176611941177,34.78176611941177,0.24269500957731333
Optimize database performance,Data Engineer,528f3560,Data Analyst,1.5294117647058822,2,55,DATA SCIENTIST,7 tahun 0 bulan,SENIOR,84,32.3536327033,90.0,94.11764706,44.61622935,1.0,64.269703,64.269703,0.0,34.78176611941177,34.78176611941177,0.24269500957731333
Optimize database performance,Data Engineer,5312eea4,Data Analyst,3.0,3,84,DATA ANALYST,2 tahun 2 bulan,MIDDLE,26,49.7969187675,86.0,92.79513889,46.9198146,1.0,70.0469465,70.0469465,2.0,38.534881645,38.534881645,0.3465761424852996
Optimize database performance,Data Engineer,544a3d1a,Data Scientist,2.3529411764705883,0,62,DATA SCIENTIST,4 tahun 2 bulan,MIDDLE,50,59.509354575,90.5,100.0,7.234474611,1.0,69.58669591,69.58669591,15.0,37.986831185241186,37.986831185241186,0.33140685119588076
Optimize database performance,Data Engineer,54b0fc4f,Data Analyst,3.764705882352941,1,89,DATA ANALYST,2 tahun 2 bulan,MIDDLE,26,71.3084967321,88.5,98.61111111,6.180876807,1.0,71.78045298,71.78045298,3.0,39.813051844105885,39.813051844105885,0.38195415507965896
Optimize database performance,Data Engineer,557e30ab,Data Analyst,1.6470588235294117,2,29,DATA ANALYST,3 tahun 5 bulan,MIDDLE,41,53.7861081933,85.0,100.0,4.549017204,1.0,64.81437318,64.81437318,2.0,35.125735432458825,35.125735432458825,0.2522156123089091
Optimize database performance,Data Engineer,55b2e646,Data Scientist,3.6470588235294117,1,57,AI ENGINEER,3 tahun 0 bulan,JUNIOR,36,50.15589986,90.0,100.0,0.871158899,1.3,85.36316737,85.36316737,0.0,46.95659635315882,46.95659635315882,0.5796777507216389
Optimize database performance,Data Engineer,57635c17,Data Analyst,1.3529411764705883,2,12,DATA ANALYST,3 tahun 3 bulan,MIDDLE,39,67.5095967558,90.0,99.21875,6.039999292,1.0,71.43352597,71.43352597,4.0,38.49565111704118,38.49565111704118,0.3454902948312224
Optimize database performance,Data Engineer,57ecf7ad,Data Analyst,1.0,2,27,MGT,5 tahun 1 bulan,-,61,3.4722222221,90.0,77.54010695,4.326516624,1.0,48.19519238,48.19519238,0.0,26.0134519614,26.0134519614,0.0
Optimize database performance,Data Engineer,5b749bf9,Data Engineer,3.411764705882353,3,101,DATA ENGINEER,2 tahun 3 bulan,BASIC,27,34.81372549,90.0,86.63101604,10.06283501,1.2,70.83787239,70.83787239,3.0,39.147601778464704,46.977122134157646,0.5802458764213254
Optimize database performance,Data Engineer,5d16d190,Data Scientist,2.5294117647058822,0,99,DATA SCIENTIST,3 tahun 1 bulan,JUNIOR,37,62.2739437442,90.0,97.74305556,28.26078997,1.0,73.16053928,73.16053928,5.0,39.963909347811764,39.963909347811764,0.3861296855917876
Optimize database performance,Data Engineer,5dc773ce,Artificial Intelligence Engineer,3.2941176470588234,0,35,DATA SCIENTIST,4 tahun 4 bulan,MIDDLE,52,72.0571603642,91.0,95.57291667,5.121161842,1.1,80.15052819,80.15052819,0.0,44.02801523481765,44.02801523481765,0.4986186087069424
Optimize database performance,Data Engineer,6131e4d7,Data Engineer,4.9411764705882355,1,38,DATA ENGINEER,2 tahun 3 bulan,MIDDLE,27,58.5518732492,93.5,99.30555556,10.46636816,1.2,85.46875202,85.46875202,0.0,47.62079151177647,57.144949814131756,0.861677516723244
Optimize database performance,Data Engineer,64S57577,Data Scientist,3.764705882352941,1,40,DATA SCIENTIST,3 tahun 9 bulan,MIDDLE,45,73.6180643087,84.5,89.32291667,3.982774045,1.0,69.5311892,69.5311892,9.0,38.620942040705884,38.620942040705884,0.3489581771824692
Optimize database performance,Data Engineer,65054asd,Data Analyst,1.7058823529411764,2,10,DATA ANALYST,3 tahun 4 bulan,JUNIOR,40,70.5590744629,99.0,0.0,4.917061944,1.0,73.99273476,73.99273476,2.0,40.01791412868236,40.01791412868236,0.38762446447110427
Optimize database performance,Data Engineer,66d21701,Data Analyst,2.9411764705882355,0,33,DATA ANALYST,4 tahun 3 bulan,JUNIOR,51,63.8499212188,81.5,83.07291667,3.823402466,1.0,64.77440963,64.77440963,0.0,35.71279004507647,35.71279004507647,0.2684644854975439
Optimize database performance,Data Engineer,6de6b041,Data Scientist,3.235294117647059,3,16,DATA SCIENTIST,4 tahun 0 bulan,MIDDLE,48,59.6452497667,90.0,100.0,7.186353322,1.1,76.3103827,76.3103827,7.0,41.96509106629413,41.96509106629413,0.4415196736306229
Optimize database performance,Data Engineer,6e0778a1,Data Scientist,2.176470588235294,0,92,DATA SCIENTIST,3 tahun 1 bulan,JUNIOR,37,54.5927141687,70.0,97.91666667,4.665283496,1.0,57.55075558,57.55075558,2.0,31.52484163387059,31.52484163387059,0.15254776975826964
Optimize database performance,Data Engineer,6fb8c1a0,Data Scientist,3.411764705882353,3,75,DATA SCIENTIST,3 tahun 0 bulan,BASIC,36,61.1916404063,98.0,0.0,3.823402466,1.0,70.34689224,70.34689224,0.0,38.88738229896471,38.88738229896471,0.35633288112950134
Optimize database performance,Data Engineer,7176fcb0,Data Engineer,3.764705882352941,3,104,DATA ENGINEER,7 tahun 0 bulan,SENIOR,84,75.0633578433,80.0,33.82352941,7.122781583,1.2,79.20577781,79.20577781,10.0,43.74847400400588,52.49816880480705,0.733060938754115
Optimize database performance,Data Engineer,77571f19,Data Analyst,1.8823529411764706,2,54,DATA ANALYST,3 tahun 1 bulan,JUNIOR,37,77.8103933242,100.0,100.0,5.536442394,1.0,79.32087607,79.32087607,0.0,42.92477019945294,42.92477019945294,0.46808228671860297
Optimize database performance,Data Engineer,7L762383,Data Analyst,2.8823529411764706,0,59,DATA ANALYST,1 tahun 10 bulan,MIDDLE,22,63.2588118579,88.5,94.96527778,2.554920958,1.0,68.65055253,68.65055253,0.0,37.739498723252936,37.739498723252936,0.3245610250599443
Optimize database performance,Data Engineer,7b6d04c9,Data Analyst,2.8823529411764706,3,2,DATA ANALYST,4 tahun 5 bulan,MIDDLE,53,73.2388159429,86.0,100.0,4.742239915,1.0,70.9884555,70.9884555,4.0,38.97858729735294,38.97858729735294,0.35885731143143174
Optimize database performance,Data Engineer,7ba9df08,Data Analyst,3.0588235294117645,0,25,DATA ANALYST,3 tahun 1 bulan,MIDDLE,37,56.631039916,92.5,96.35416667,0.0,1.2,82.079429,82.079429,0.0,44.93974442882353,44.93974442882353,0.5238540326987929
Optimize database performance,Data Engineer,7d317bd2,Data Scientist,1.2352941176470589,2,90,DATA ANALYST,4 tahun 4 bulan,JUNIOR,52,63.7458566762,86.5,86.37152778,3.794124597,1.0,67.4194445,67.4194445,6.0,36.312893820294114,36.312893820294114,0.2850745417579886
Optimize database performance,Data Engineer,7dc30989,Data Scientist,2.9411764705882355,1,73,DATA SCIENTIST,3 tahun 4 bulan,JUNIOR,40,92.1873832863,90.0,0.0,8.045322081,1.0,76.69106422,76.69106422,4.0,42.02861697777647,42.02861697777647,0.443277984455005
Optimize database performance,Data Engineer,7fe7bd2c,Data Scientist,2.235294117647059,0,65,DATA SCIENTIST,2 tahun 2 bulan,JUNIOR,26,39.5228291321,89.5,99.30555556,6.121971713,1.0,63.07245784,63.07245784,5.0,34.47899089049412,34.47899089049412,0.23431460306384447
Optimize database performance,Data Engineer,8126543f,Data Scientist,2.0,0,85,DATA SCIENTIST,3 tahun 1 bulan,JUNIOR,37,63.1813433708,90.0,99.30555556,6.700326893,1.0,70.28096361,70.28096361,0.0,38.1889107133,38.1889107133,0.33700013767191334
Optimize database performance,Data Engineer,8387045b,Data Scientist,3.588235294117647,1,69,DATA SCIENTIST,4 tahun 4 bulan,MIDDLE,52,85.768554505,94.0,98.61111111,53.90204421,1.2,99.0,99.0,10.0,54.1564705882353,54.1564705882353,0.77896047656247
Optimize database performance,Data Engineer,859bd42e,Data Scientist,2.5294117647058822,0,95,DATA SCIENTIST,3 tahun 5 bulan,JUNIOR,41,91.9510387488,95.0,100.0,9.232623263,1.0,81.52852324,81.52852324,1.0,44.398940846611765,44.398940846611765,0.5088853251229583
Optimize database performance,Data Engineer,85e8c8f1,Data Scientist,2.588235294117647,0,105,DATA SCIENTIST,2 tahun 9 bulan,JUNIOR,33,86.9119456117,93.0,100.0,3.409887033,1.1,86.02380765,86.02380765,0.0,46.8090886427353,46.8090886427353,0.5755949379313086
Optimize database performance,Data Engineer,8K760816,Data Analyst,2.4705882352941178,0,15,DATA ANALYST,2 tahun 8 bulan,MIDDLE,32,52.4918446546,98.5,100.0,3.455357726,1.0,70.91183125,70.91183125,8.0,38.74444703308824,38.74444703308824,0.35237662738497416
Optimize database performance,Data Engineer,9ab9d681,Data Scientist,3.176470588235294,1,18,DATA SCIENTIST,3 tahun 0 bulan,MIDDLE,36,31.3339898458,92.0,100.0,52.63227356,1.0,68.97507879,68.97507879,3.0,38.04973293517059,38.04973293517059,0.3331478860774375
Optimize database performance,Data Engineer,a016ffe0,Data Scientist,2.7058823529411766,1,26,DATA SCIENTIST,3 tahun 1 bulan,MIDDLE,37,82.0345763308,64.0,34.49197861,6.239432544,1.2,71.75887324,71.75887324,3.0,39.303967523082356,39.303967523082356,0.3678633935102216
Optimize database performance,Data Engineer,a20ce132,Data Analyst,4.117647058823529,1,22,DATA ANALYST,2 tahun 9 bulan,MIDDLE,33,84.2864145654,95.0,98.61111111,10.2440888,1.2,95.23244671,95.23244671,0.0,52.408490873947066,52.408490873947066,0.7305787756043093
Optimize database performance,Data Engineer,a77b4e68,Data Scientist,1.9411764705882353,2,80,MGT,2 tahun 5 bulan,-,29,80.6774626521,90.0,100.0,29.57650728,1.0,78.85832029,78.85832029,0.0,42.70726269487647,42.70726269487647,0.4620619748370893
Optimize database performance,Data Engineer,a9fcd0c5,Data Analyst,2.0588235294117645,2,23,DATA ANALYST,2 tahun 1 bulan,MIDDLE,25,86.9994864617,91.5,100.0,7.075545771,1.1,85.847875,85.847875,9.0,46.467020808823534,46.467020808823534,0.5661269655558604
Optimize database performance,Data Engineer,ae73e946,Data Analyst,1.411764705882353,2,72,DATA SCIENTIST,3 tahun 5 bulan,JUNIOR,41,83.7572654062,85.0,97.91666667,10.90515878,1.0,74.34235311,74.34235311,7.0,40.064976560064714,40.064976560064714,0.38892708855929764
Optimize database performance,Data Engineer,afb96c1d,Data Analyst,2.5294117647058822,0,19,DATA ANALYST,2 tahun 8 bulan,JUNIOR,32,77.4700746967,84.5,100.0,6.630101873,1.0,71.7649257,71.7649257,2.0,39.22423415041177,39.22423415041177,0.3656564822049009
Optimize database performance,Data Engineer,aff5a1f7,Data Engineer,4.705882352941177,3,96,DATA ENGINEER,2 tahun 7 bulan,JUNIOR,31,69.9306139125,90.0,98.61111111,7.174163182,1.2,86.72069722,86.72069722,0.0,48.17373423248236,57.80848107897883,0.8800431596250514
Optimize database performance,Data Engineer,b0519d51,Data Scientist,2.176470588235294,0,43,DATA SCIENTIST,4 tahun 1 bulan,JUNIOR,49,66.8638392858,92.0,99.30555556,4.723839233,1.1,79.24054742,79.24054742,0.0,43.02043130907059,43.02043130907059,0.47073005611833635
Optimize database performance,Data Engineer,b7ddf289,Artificial Intelligence Engineer,2.823529411764706,1,44,DATA SCIENTIST,1 tahun 2 bulan,JUNIOR,14,78.282819795,95.0,100.0,11.82325385,1.0,77.94660283,77.94660283,9.0,42.638758323429414,42.638758323429414,0.4601658670123896
Optimize database performance,Data Engineer,be2d891b,Data Scientist,4.352941176470588,1,14,AI ENGINEER,2 tahun 3 bulan,JUNIOR,27,70.2197654063,95.0,0.0,0.33375087,1.3,92.33751534,92.33751534,3.0,50.984765483141175,50.984765483141175,0.6911719932821474
Optimize database performance,Data Engineer,beb45f59,Data Analyst,1.7058823529411764,2,68,DATA ANALYST,3 tahun 4 bulan,MIDDLE,40,86.1330823996,80.0,98.61111111,6.436879162,1.0,71.94756403,71.94756403,2.0,38.93397364178235,38.93397364178235,0.35762246612697957
Optimize database performance,Data Engineer,c0b0190c,Data Analyst,4.176470588235294,1,17,DATA SCIENTIST,6 tahun 5 bulan,MIDDLE,77,29.2835988563,84.0,22.19251337,4.068139436,1.0,53.16264673,53.16264673,29.0,30.13914394337059,30.13914394337059,0.11419354245679084
Optimize database performance,Data Engineer,c13b7f6c,Data Analyst,1.3529411764705883,2,34,DATA ANALYST,3 tahun 1 bulan,MIDDLE,37,87.4991246496,90.0,100.0,12.60600857,1.0,78.2842696,78.2842696,8.0,42.12654524094118,42.12654524094118,0.4459885055812276
Optimize database performance,Data Engineer,c4acf473,Data Analyst,3.1176470588235294,3,107,DATA ANALYST,2 tahun 9 bulan,JUNIOR,33,79.9589169,86.5,93.31597222,0.0,1.0,72.02498398,72.02498398,0.0,39.63853562704706,39.63853562704706,0.3771237835615733
Optimize database performance,Data Engineer,c5c364b3,Data Analyst,2.764705882352941,0,60,DATA ANALYST,1 tahun 1 bulan,JUNIOR,13,40.932846055,100.0,16.57754011,1.742317797,1.0,64.65542017,64.65542017,0.0,35.566784454805884,35.566784454805884,0.26442324934992223
Optimize database performance,Data Engineer,c615b19e,Data Engineer,3.823529411764706,3,63,DATA SCIENTIST,4 tahun 4 bulan,JUNIOR,52,71.0338060221,88.0,96.52777778,3.953496176,1.0,70.97960925,70.97960925,9.0,39.41625172602941,47.29950207123529,0.5891689145911089
Optimize database performance,Data Engineer,ccc8525a,Data Scientist,3.235294117647059,1,47,DATA SCIENTIST,1 tahun 0 bulan,BASIC,12,75.7084500467,90.0,0.0,0.0,1.0,70.11863666,70.11863666,16.0,38.683465665094126,38.683465665094126,0.3506887460633581
Optimize database performance,Data Engineer,cdb6bf28,Artificial Intelligence Engineer,3.9411764705882355,1,6,AI ENGINEER,7 tahun 1 bulan,MIDDLE,85,81.6822187204,91.0,0.0,3.667866596,1.3,95.09100733,95.09100733,14.0,52.25058682607647,52.25058682607647,0.7262082063341339
Optimize database performance,Data Engineer,cf9338b5,Data Scientist,2.1176470588235294,0,74,DATA SCIENTIST,1 tahun 0 bulan,BASIC,12,82.0043154762,90.0,35.29411765,3.321482848,1.0,72.67275856,72.67275856,8.0,39.51185615444706,39.51185615444706,0.3736174680644472
Optimize database performance,Data Engineer,d08b974d,Data Analyst,2.411764705882353,0,86,DATA ANALYST,2 tahun 9 bulan,MIDDLE,33,58.8772058825,93.5,97.91666667,0.871158899,1.0,69.7799626,69.7799626,0.0,38.11690958976471,38.11690958976471,0.33500724450555625
Optimize database performance,Data Engineer,d8c9672c,Data Analyst,4.117647058823529,1,82,DATA ANALYST,2 tahun 4 bulan,MIDDLE,28,73.7417775442,90.5,95.05208333,9.595209262,1.0,73.7469197,73.7469197,0.0,41.021161558647066,41.021161558647066,0.415392988754786
Optimize database performance,Data Engineer,ecc200ca,Data Engineer,3.764705882352941,3,56,DATA ENGINEER,1 tahun 9 bulan,MIDDLE,21,71.0850840338,89.0,99.30555556,5.758942974,1.2,86.333236,86.333236,2.0,47.52602684470588,57.03123221364706,0.8585299682160402
Optimize database performance,Data Engineer,eed0f189,Data Analyst,3.1176470588235294,3,45,DATA ANALYST,2 tahun 10 bulan,MIDDLE,34,69.240079365,96.0,70.49910873,48.01347408,1.0,79.53001534,79.53001534,4.0,43.61620224784707,43.61620224784707,0.48722018535944345
Optimize database performance,Data Engineer,f007ee36,Artificial Intelligence Engineer,1.5294117647058822,0,70,AI ENGINEER,2 tahun 0 bulan,MIDDLE,24,40.1500350142,90.0,99.30555556,2.332863117,1.3,81.80872206,81.80872206,2.0,44.077446221211765,44.077446221211765,0.4999867911762457
Optimize database performance,Data Engineer,f2f08a05,Data Engineer,3.235294117647059,3,94,DATA ENGINEER,2 tahun 5 bulan,JUNIOR,29,59.4675711954,87.0,99.30555556,7.027424482,1.2,81.33092925,81.33092925,1.0,44.62598073779412,53.551176885352945,0.762206770163402
Optimize database performance,Data Engineer,f6f88029,Data Analyst,1.2352941176470589,2,100,MGT,4 tahun 3 bulan,-,51,4.3391106446,90.0,78.20855615,6.010278684,1.0,48.76020407,48.76020407,0.0,26.42349639239412,26.42349639239412,0.011349472123590883
Optimize database performance,Data Engineer,fbc7621c,Data Scientist,2.7058823529411766,0,93,DATA SCIENTIST,8 tahun 6 bulan,MIDDLE,102,58.3732609713,75.0,100.0,12.17940809,1.0,62.37965806,62.37965806,0.0,34.332983477682355,34.332983477682355,0.23027331647076185
Optimize database performance,Data Engineer,ff56a859,Data Scientist,2.4705882352941178,0,97,DATA SCIENTIST,4 tahun 3 bulan,JUNIOR,51,71.9907037817,89.5,95.83333333,11.98196147,1.0,73.15820762,73.15820762,3.0,39.93502650918824,39.93502650918824,0.3853302479039909
Perform machine learning analysis,Data Scientist,006bac9a,Data Analyst,2.6923076923076925,3,7,DATA ANALYST,2 tahun 5 bulan,JUNIOR,29,24.3446545288,90.0,100.0,10.68886874,1.0,59.64183706,59.64183706,2.0,32.87555825718462,32.87555825718462,0.17463799884195363
Perform machine learning analysis,Data Scientist,00c74be4,Data Scientist,2.1538461538461537,3,106,DATA SCIENTIST,5 tahun 10 bulan,MIDDLE,70,65.8296276846,90.0,70.58823529,2.714292537,1.0,67.48966658,67.48966658,9.0,36.7818309797077,44.13819717564924,0.46126788150763304
Perform machine learning analysis,Data Scientist,01c8c0ef,Data Scientist,2.8461538461538463,1,67,DATA SCIENTIST,2 tahun 2 bulan,SENIOR,26,77.0315563725,92.0,96.35416667,6.32783673,1.1,82.53917202,82.53917202,3.0,45.083453478292306,54.10014417395077,0.7147956488378624
Perform machine learning analysis,Data Scientist,01d1846b,Data Analyst,2.1538461538461537,0,77,DATA ANALYST,4 tahun 3 bulan,JUNIOR,51,76.130287115,84.0,91.92708333,7.89858338,1.0,70.77981892,70.77981892,2.0,38.525611719907694,38.525611719907694,0.31842971344802795
Perform machine learning analysis,Data Scientist,03ad7f49,Data Scientist,2.1538461538461537,2,91,DATA SCIENTIST,3 tahun 4 bulan,JUNIOR,40,75.1958741829,90.0,0.0,4.519739335,1.0,70.74391915,70.74391915,2.0,38.506584841807694,46.20790181016923,0.5139410783347539
Perform machine learning analysis,Data Scientist,0514ff91,Data Scientist,2.769230769230769,0,37,DATA SCIENTIST,3 tahun 4 bulan,MIDDLE,40,75.6379551821,90.0,100.0,11.44256681,1.0,74.661971,74.661971,4.0,40.87238309153846,49.04685970984615,0.5861914785800395
Perform machine learning analysis,Data Scientist,056cd3f9,Data Engineer,2.3076923076923075,3,48,DATA ENGINEER,7 tahun 7 bulan,SENIOR,91,80.4681314192,90.0,34.22459893,5.168397654,1.3,94.26532683,94.26532683,0.0,51.04523860451539,51.04523860451539,0.6370494624191148
Perform machine learning analysis,Data Scientist,05eed8dc,Data Engineer,2.0,3,49,DATA ENGINEER,2 tahun 5 bulan,MIDDLE,29,62.7957662233,95.0,99.21875,8.595362988,1.2,87.48866032,87.48866032,8.0,47.3089899696,47.3089899696,0.5419633537736644
Perform machine learning analysis,Data Scientist,106760ca,Data Engineer,4.0,1,21,DATA ENGINEER,1 tahun 11 bulan,MIDDLE,23,71.4513888888,91.25,100.0,8.016044212,1.2,88.25251765,88.25251765,3.0,48.653834354500006,48.653834354500006,0.5761891325665477
Perform machine learning analysis,Data Scientist,123117c9,Data Analyst,1.3076923076923077,2,32,DATA ANALYST,4 tahun 2 bulan,MIDDLE,50,70.4449813258,95.0,100.0,3.648580437,1.0,74.43733436,74.43733436,2.0,40.06640259541538,40.06640259541538,0.3576422560018937
Perform machine learning analysis,Data Scientist,14d4dbd6,Data Analyst,1.0769230769230769,2,108,DATA ANALYST,4 tahun 2 bulan,JUNIOR,50,79.6974498133,80.5,98.4375,3.111615146,1.0,69.81056917,69.81056917,9.0,37.50575550625384,37.50575550625384,0.2924747601753789
Perform machine learning analysis,Data Scientist,1551c5ff,Data Analyst,1.5384615384615385,2,66,DATA ANALYST,2 tahun 5 bulan,JUNIOR,29,79.0374358075,90.0,100.0,15.2788331,1.0,76.22782609,76.22782609,2.0,41.123824750776926,41.123824750776926,0.38455324822259496
Perform machine learning analysis,Data Scientist,1667415a,Data Analyst,2.230769230769231,0,50,DATA ANALYST,4 tahun 1 bulan,JUNIOR,49,73.4773576096,90.0,100.0,10.26693491,1.0,73.85696587,73.85696587,1.0,40.19265344956154,40.19265344956154,0.36085529228693586
Perform machine learning analysis,Data Scientist,1672e04a,Data Analyst,2.3076923076923075,3,41,DATA ANALYST,4 tahun 3 bulan,JUNIOR,51,69.8277310925,86.0,100.0,7.456011595,1.0,70.40596081,70.40596081,4.0,38.39977461391538,38.39977461391538,0.3152272068963501
Perform machine learning analysis,Data Scientist,17466c54,Data Analyst,1.6153846153846154,2,11,DATA ANALYST,3 tahun 1 bulan,JUNIOR,37,49.8728816529,90.0,100.0,7.676082801,1.0,66.60685575,66.60685575,0.0,36.060864316730765,36.060864316730765,0.2557028282049156
Perform machine learning analysis,Data Scientist,1893af41,Data Analyst,1.6923076923076923,2,103,DATA SCIENTIST,1 tahun 1 bulan,JUNIOR,13,37.5269607842,98.0,29.01069519,0.0,1.0,62.25313576,62.25313576,3.0,33.78954656818461,33.78954656818461,0.19789865420312575
Perform machine learning analysis,Data Scientist,1dbecdbe,Data Scientist,3.0,0,4,DATA SCIENTIST,2 tahun 3 bulan,JUNIOR,27,85.3527602713,90.0,99.30555556,6.414697312,1.0,76.68127695,76.68127695,5.0,42.051076783499994,50.461292140199994,0.622188246698583
Perform machine learning analysis,Data Scientist,29e9efd9,Data Engineer,2.0,3,61,DATA ENGINEER,3 tahun 1 bulan,MIDDLE,37,72.8804563492,94.0,99.30555556,9.72908414,1.2,90.62742563,90.62742563,0.0,48.972535583900004,48.972535583900004,0.5842999578047222
Perform machine learning analysis,Data Scientist,2d801262,Data Analyst,2.3076923076923075,0,9,DATA ANALYST,2 tahun 10 bulan,MIDDLE,34,80.3460259104,90.0,95.74652778,10.27336667,1.1,83.12594823,83.12594823,9.0,45.14136794651539,45.14136794651539,0.4867981965988499
Perform machine learning analysis,Data Scientist,31e8a51f,Data Scientist,2.4615384615384617,0,98,DATA SCIENTIST,2 tahun 9 bulan,JUNIOR,33,52.8933765175,90.0,65.10695187,6.407601293,1.0,64.07121964,64.07121964,0.0,35.11466948612308,42.13760338334769,0.41035352936508446
Perform machine learning analysis,Data Scientist,3350383a,Artificial Intelligence Engineer,4.6923076923076925,1,30,AI ENGINEER,3 tahun 9 bulan,MIDDLE,45,54.1797239725,95.5,96.44097222,11.49637749,1.3,92.17002068,92.17002068,0.0,51.05549557578462,51.05549557578462,0.6373104984420831
Perform machine learning analysis,Data Scientist,365fc87a,Data Analyst,2.3076923076923075,0,110,DATA ANALYST,2 tahun 5 bulan,BASIC,29,80.8585434175,90.0,8.155080214,6.607477284,1.0,72.88466719,72.88466719,3.0,39.71348899531539,39.71348899531539,0.34866073892404936
Perform machine learning analysis,Data Scientist,36cf70f2,Artificial Intelligence Engineer,3.769230769230769,1,58,AI ENGINEER,2 tahun 5 bulan,MIDDLE,29,43.5532358775,89.5,100.0,11.83988942,1.3,84.69716654,84.69716654,4.0,46.66103672773846,46.66103672773846,0.5254731898758292
Perform machine learning analysis,Data Scientist,3951d86b,Data Scientist,3.769230769230769,1,78,DATA SCIENTIST,3 tahun 1 bulan,JUNIOR,37,55.4426062092,95.0,100.0,4.279280813,1.0,70.17243405,70.17243405,0.0,38.962928508038466,46.75551420964616,0.52787760590566
Perform machine learning analysis,Data Scientist,39c4596a,Data Scientist,2.6153846153846154,0,42,DATA SCIENTIST,3 tahun 5 bulan,JUNIOR,41,60.7098506071,80.0,97.91666667,4.694561364,1.0,64.25018915,64.25018915,0.0,35.28183101873077,42.33819722247692,0.41545856638077067
Perform machine learning analysis,Data Scientist,3cac7e99,Data Scientist,2.0,0,88,DATA SCIENTIST,10 tahun 2 bulan,SENIOR,122,88.3660831,98.0,34.22459893,51.7318368,1.0,87.21080158,87.21080158,0.0,47.161724837399994,56.59406980487999,0.7782651088947089
Perform machine learning analysis,Data Scientist,42e7a026,Data Analyst,2.0,0,64,DATA ANALYST,2 tahun 6 bulan,JUNIOR,30,73.5210696779,89.0,99.21875,4.472503523,1.0,72.45268383,72.45268383,2.0,39.3399224299,39.3399224299,0.3391536117233994
Perform machine learning analysis,Data Scientist,46fd6e1c,Data Analyst,2.1538461538461537,2,5,DATA SCIENTIST,1 tahun 2 bulan,JUNIOR,14,67.4580357142,90.0,100.0,11.7055718,1.0,72.32438573,72.32438573,0.0,39.3442321292077,39.3442321292077,0.3392632919338574
Perform machine learning analysis,Data Scientist,47d42365,Data Engineer,2.0,3,53,DATA ENGINEER,4 tahun 4 bulan,JUNIOR,52,71.9768703312,91.5,97.82986111,3.794124597,1.2,87.64556985,87.64556985,3.0,47.3921520205,47.3921520205,0.5440797963822103
Perform machine learning analysis,Data Scientist,4cba2f2d,Artificial Intelligence Engineer,2.6923076923076925,0,36,AI ENGINEER,1 tahun 7 bulan,JUNIOR,19,66.0502450979,95.0,100.0,5.817498712,1.2,84.80862745,84.80862745,5.0,46.213957163884615,46.213957163884615,0.5140951847868478
Perform machine learning analysis,Data Scientist,4d57b04b,Data Scientist,2.6153846153846154,0,20,DATA SCIENTIST,3 tahun 11 bulan,MIDDLE,47,60.9976657327,96.5,91.31944444,1.268481508,1.1,78.63807432,78.63807432,0.0,42.90741015883077,51.48889219059692,0.648340277675056
Perform machine learning analysis,Data Scientist,516J6855,Data Scientist,2.1538461538461537,0,46,DATA SCIENTIST,2 tahun 5 bulan,JUNIOR,29,54.7360673438,80.0,96.96180556,11.10881594,1.0,63.41641108,63.41641108,1.0,34.6230055647077,41.547606677649235,0.39533833729937456
Perform machine learning analysis,Data Scientist,528f3560,Data Analyst,1.0,2,55,DATA SCIENTIST,7 tahun 0 bulan,SENIOR,84,32.3536327033,90.0,94.11764706,44.61622935,1.0,64.269703,64.269703,0.0,34.532942590000005,34.532942590000005,0.21681780059942404
Perform machine learning analysis,Data Scientist,528f3560,Data Analyst,1.0,2,55,DATA SCIENTIST,7 tahun 0 bulan,SENIOR,84,32.3536327033,90.0,94.11764706,44.61622935,1.0,64.269703,64.269703,0.0,34.532942590000005,34.532942590000005,0.21681780059942404
Perform machine learning analysis,Data Scientist,5312eea4,Data Analyst,2.076923076923077,3,84,DATA ANALYST,2 tahun 2 bulan,MIDDLE,26,49.7969187675,86.0,92.79513889,46.9198146,1.0,70.0469465,70.0469465,2.0,38.10103549115385,38.10103549115385,0.30762440969005744
Perform machine learning analysis,Data Scientist,544a3d1a,Data Scientist,2.6153846153846154,0,62,DATA SCIENTIST,4 tahun 2 bulan,MIDDLE,50,59.509354575,90.5,100.0,7.234474611,1.0,69.58669591,69.58669591,15.0,38.110179601530774,45.73221552183693,0.5018350429732874
Perform machine learning analysis,Data Scientist,54b0fc4f,Data Analyst,2.8461538461538463,1,89,DATA ANALYST,2 tahun 2 bulan,MIDDLE,26,71.3084967321,88.5,98.61111111,6.180876807,1.0,71.78045298,71.78045298,3.0,39.381332387092314,39.381332387092314,0.3402074794054899
Perform machine learning analysis,Data Scientist,557e30ab,Data Analyst,1.4615384615384615,2,29,DATA ANALYST,3 tahun 5 bulan,MIDDLE,41,53.7861081933,85.0,100.0,4.549017204,1.0,64.81437318,64.81437318,2.0,35.03854086232308,35.03854086232308,0.2296850845921963
Perform machine learning analysis,Data Scientist,55b2e646,Data Scientist,3.6153846153846154,1,57,AI ENGINEER,3 tahun 0 bulan,JUNIOR,36,50.15589986,90.0,100.0,0.871158899,1.3,85.36316737,85.36316737,0.0,46.94170947533077,56.33005137039692,0.7715459400173873
Perform machine learning analysis,Data Scientist,57635c17,Data Analyst,1.3076923076923077,2,12,DATA ANALYST,3 tahun 3 bulan,MIDDLE,39,67.5095967558,90.0,99.21875,6.039999292,1.0,71.43352597,71.43352597,4.0,38.47438414871539,38.47438414871539,0.31712599121859325
Perform machine learning analysis,Data Scientist,57ecf7ad,Data Analyst,1.0,2,27,MGT,5 tahun 1 bulan,-,61,3.4722222221,90.0,77.54010695,4.326516624,1.0,48.19519238,48.19519238,0.0,26.0134519614,26.0134519614,0.0
Perform machine learning analysis,Data Scientist,5b749bf9,Data Engineer,1.0,3,101,DATA ENGINEER,2 tahun 3 bulan,BASIC,27,34.81372549,90.0,86.63101604,10.06283501,1.2,70.83787239,70.83787239,3.0,38.0140723667,38.0140723667,0.30541123120330127
Perform machine learning analysis,Data Scientist,5d16d190,Data Scientist,3.076923076923077,0,99,DATA SCIENTIST,3 tahun 1 bulan,JUNIOR,37,62.2739437442,90.0,97.74305556,28.26078997,1.0,73.16053928,73.16053928,5.0,40.22123966455385,48.26548759746462,0.5663058551030254
Perform machine learning analysis,Data Scientist,5dc773ce,Artificial Intelligence Engineer,3.230769230769231,0,35,DATA SCIENTIST,4 tahun 4 bulan,MIDDLE,52,72.0571603642,91.0,95.57291667,5.121161842,1.1,80.15052819,80.15052819,0.0,43.99824147916154,43.99824147916154,0.45770606219041293
Perform machine learning analysis,Data Scientist,6131e4d7,Data Engineer,2.6153846153846154,1,38,DATA ENGINEER,2 tahun 3 bulan,MIDDLE,27,58.5518732492,93.5,99.30555556,10.46636816,1.2,85.46875202,85.46875202,0.0,46.527669339830766,46.527669339830766,0.5220790405095791
Perform machine learning analysis,Data Scientist,64S57577,Data Scientist,4.0,1,40,DATA SCIENTIST,3 tahun 9 bulan,MIDDLE,45,73.6180643087,84.5,89.32291667,3.982774045,1.0,69.5311892,69.5311892,9.0,38.73153027600001,46.47783633120001,0.520810809367649
Perform machine learning analysis,Data Scientist,65054asd,Data Analyst,1.9230769230769231,2,10,DATA ANALYST,3 tahun 4 bulan,JUNIOR,40,70.5590744629,99.0,0.0,4.917061944,1.0,73.99273476,73.99273476,2.0,40.119995576646154,40.119995576646154,0.3590061770183702
Perform machine learning analysis,Data Scientist,66d21701,Data Analyst,3.3076923076923075,0,33,DATA ANALYST,4 tahun 3 bulan,JUNIOR,51,63.8499212188,81.5,83.07291667,3.823402466,1.0,64.77440963,64.77440963,0.0,35.88505248851538,35.88505248851538,0.2512284839542091
Perform machine learning analysis,Data Scientist,6de6b041,Data Scientist,2.5384615384615383,3,16,DATA SCIENTIST,4 tahun 0 bulan,MIDDLE,48,59.6452497667,90.0,100.0,7.186353322,1.1,76.3103827,76.3103827,7.0,41.63757975407693,49.96509570489231,0.6095602358868186
Perform machine learning analysis,Data Scientist,6e0778a1,Data Scientist,3.076923076923077,0,92,DATA SCIENTIST,3 tahun 1 bulan,JUNIOR,37,54.5927141687,70.0,97.91666667,4.665283496,1.0,57.55075558,57.55075558,2.0,31.948054303553846,38.337665164264614,0.3136465449933352
Perform machine learning analysis,Data Scientist,6fb8c1a0,Data Scientist,2.230769230769231,3,75,DATA SCIENTIST,3 tahun 0 bulan,BASIC,36,61.1916404063,98.0,0.0,3.823402466,1.0,70.34689224,70.34689224,0.0,38.332314425661544,45.99877731079385,0.508618939255944
Perform machine learning analysis,Data Scientist,7176fcb0,Data Engineer,1.3076923076923077,3,104,DATA ENGINEER,7 tahun 0 bulan,SENIOR,84,75.0633578433,80.0,33.82352941,7.122781583,1.2,79.20577781,79.20577781,10.0,42.59367762391538,42.59367762391538,0.4219604455600483
Perform machine learning analysis,Data Scientist,77571f19,Data Analyst,1.0,2,54,DATA ANALYST,3 tahun 1 bulan,JUNIOR,37,77.8103933242,100.0,100.0,5.536442394,1.0,79.32087607,79.32087607,0.0,42.510064317099996,42.510064317099996,0.4198325186598533
Perform machine learning analysis,Data Scientist,7L762383,Data Analyst,2.4615384615384617,0,59,DATA ANALYST,1 tahun 10 bulan,MIDDLE,22,63.2588118579,88.5,94.96527778,2.554920958,1.0,68.65055253,68.65055253,0.0,37.541715917823076,37.541715917823076,0.2933899389912247
Perform machine learning analysis,Data Scientist,7b6d04c9,Data Analyst,2.230769230769231,3,2,DATA ANALYST,4 tahun 5 bulan,MIDDLE,53,73.2388159429,86.0,100.0,4.742239915,1.0,70.9884555,70.9884555,4.0,38.67234295346154,38.67234295346154,0.3221639676100767
Perform machine learning analysis,Data Scientist,7ba9df08,Data Analyst,1.7692307692307692,0,25,DATA ANALYST,3 tahun 1 bulan,MIDDLE,37,56.631039916,92.5,96.35416667,0.0,1.2,82.079429,82.079429,0.0,44.333635831538466,44.333635831538466,0.4662417210679182
Perform machine learning analysis,Data Scientist,7d317bd2,Data Scientist,1.0769230769230769,2,90,DATA ANALYST,4 tahun 4 bulan,JUNIOR,52,63.7458566762,86.5,86.37152778,3.794124597,1.0,67.4194445,67.4194445,6.0,36.23845943115384,43.48615131738461,0.44467356207680897
Perform machine learning analysis,Data Scientist,7dc30989,Data Scientist,4.0,1,73,DATA SCIENTIST,3 tahun 4 bulan,JUNIOR,40,92.1873832863,90.0,0.0,8.045322081,1.0,76.69106422,76.69106422,4.0,42.526264036600004,51.03151684392,0.6367002488238024
Perform machine learning analysis,Data Scientist,7fe7bd2c,Data Scientist,3.0,0,65,DATA SCIENTIST,2 tahun 2 bulan,JUNIOR,26,39.5228291321,89.5,99.30555556,6.121971713,1.0,63.07245784,63.07245784,5.0,34.8384026552,41.806083186239995,0.4019164662676878
Perform machine learning analysis,Data Scientist,8126543f,Data Scientist,2.8461538461538463,0,85,DATA SCIENTIST,3 tahun 1 bulan,JUNIOR,37,63.1813433708,90.0,99.30555556,6.700326893,1.0,70.28096361,70.28096361,0.0,38.58660302099231,46.30392362519077,0.5163847970557587
Perform machine learning analysis,Data Scientist,8387045b,Data Scientist,4.153846153846154,1,69,DATA SCIENTIST,4 tahun 4 bulan,MIDDLE,52,85.768554505,94.0,98.61111111,53.90204421,1.2,99.0,99.0,10.0,54.4223076923077,65.30676923076923,1.0
Perform machine learning analysis,Data Scientist,859bd42e,Data Scientist,3.076923076923077,0,95,DATA SCIENTIST,3 tahun 5 bulan,JUNIOR,41,91.9510387488,95.0,100.0,9.232623263,1.0,81.52852324,81.52852324,1.0,44.65627116335385,53.58752539602462,0.7017496956440414
Perform machine learning analysis,Data Scientist,85e8c8f1,Data Scientist,3.1538461538461537,0,105,DATA SCIENTIST,2 tahun 9 bulan,JUNIOR,33,86.9119456117,93.0,100.0,3.409887033,1.1,86.02380765,86.02380765,0.0,47.07492574680769,56.48991089616923,0.7756143042299686
Perform machine learning analysis,Data Scientist,8K760816,Data Analyst,2.076923076923077,0,15,DATA ANALYST,2 tahun 8 bulan,MIDDLE,32,52.4918446546,98.5,100.0,3.455357726,1.0,70.91183125,70.91183125,8.0,38.559424408653854,38.559424408653854,0.319290233533781
Perform machine learning analysis,Data Scientist,9ab9d681,Data Scientist,3.923076923076923,1,18,DATA SCIENTIST,3 tahun 0 bulan,MIDDLE,36,31.3339898458,92.0,100.0,52.63227356,1.0,68.97507879,68.97507879,3.0,38.40063791254615,46.08076549505538,0.5107055074044023
Perform machine learning analysis,Data Scientist,a016ffe0,Data Scientist,3.6923076923076925,1,26,DATA SCIENTIST,3 tahun 1 bulan,MIDDLE,37,82.0345763308,64.0,34.49197861,6.239432544,1.2,71.75887324,71.75887324,3.0,39.76758743258462,47.72110491910154,0.5524515227077443
Perform machine learning analysis,Data Scientist,a20ce132,Data Analyst,3.6923076923076925,1,22,DATA ANALYST,2 tahun 9 bulan,MIDDLE,33,84.2864145654,95.0,98.61111111,10.2440888,1.2,95.23244671,95.23244671,0.0,52.20858137168462,52.20858137168462,0.6666560939792378
Perform machine learning analysis,Data Scientist,a77b4e68,Data Scientist,1.4615384615384615,2,80,MGT,2 tahun 5 bulan,-,29,80.6774626521,90.0,100.0,29.57650728,1.0,78.85832029,78.85832029,0.0,42.48183283062308,50.97819939674769,0.6353433400444595
Perform machine learning analysis,Data Scientist,a9fcd0c5,Data Analyst,1.3076923076923077,2,23,DATA ANALYST,2 tahun 1 bulan,MIDDLE,25,86.9994864617,91.5,100.0,7.075545771,1.1,85.847875,85.847875,9.0,46.11398913461539,46.11398913461539,0.5115510364121022
Perform machine learning analysis,Data Scientist,ae73e946,Data Analyst,1.5384615384615385,2,72,DATA SCIENTIST,3 tahun 5 bulan,JUNIOR,41,83.7572654062,85.0,97.91666667,10.90515878,1.0,74.34235311,74.34235311,7.0,40.12452407137693,40.12452407137693,0.35912142548924203
Perform machine learning analysis,Data Scientist,afb96c1d,Data Analyst,2.3076923076923075,0,19,DATA ANALYST,2 tahun 8 bulan,JUNIOR,32,77.4700746967,84.5,100.0,6.630101873,1.0,71.7649257,71.7649257,2.0,39.12002600561539,39.12002600561539,0.3335573312470745
Perform machine learning analysis,Data Scientist,aff5a1f7,Data Engineer,2.0,3,96,DATA ENGINEER,2 tahun 7 bulan,JUNIOR,31,69.9306139125,90.0,98.61111111,7.174163182,1.2,86.72069722,86.72069722,0.0,46.901969526600006,46.901969526600006,0.5316048380950383
Perform machine learning analysis,Data Scientist,b0519d51,Data Scientist,2.4615384615384617,0,43,DATA SCIENTIST,4 tahun 1 bulan,JUNIOR,49,66.8638392858,92.0,99.30555556,4.723839233,1.1,79.24054742,79.24054742,0.0,43.15441320952308,51.78529585142769,0.6558836382622729
Perform machine learning analysis,Data Scientist,b7ddf289,Artificial Intelligence Engineer,3.1538461538461537,1,44,DATA SCIENTIST,1 tahun 2 bulan,JUNIOR,14,78.282819795,95.0,100.0,11.82325385,1.0,77.94660283,77.94660283,9.0,42.794007192207694,42.794007192207694,0.427058756983311
Perform machine learning analysis,Data Scientist,be2d891b,Data Scientist,3.6923076923076925,1,14,AI ENGINEER,2 tahun 3 bulan,JUNIOR,27,70.2197654063,95.0,0.0,0.33375087,1.3,92.33751534,92.33751534,3.0,50.674267745584615,60.809121294701534,0.8855365683371863
Perform machine learning analysis,Data Scientist,beb45f59,Data Analyst,1.3076923076923077,2,68,DATA ANALYST,3 tahun 4 bulan,MIDDLE,40,86.1330823996,80.0,98.61111111,6.436879162,1.0,71.94756403,71.94756403,2.0,38.74682432051538,38.74682432051538,0.3240594901118611
Perform machine learning analysis,Data Scientist,c0b0190c,Data Analyst,3.5384615384615383,1,17,DATA SCIENTIST,6 tahun 5 bulan,MIDDLE,77,29.2835988563,84.0,22.19251337,4.068139436,1.0,53.16264673,53.16264673,29.0,29.839279689976923,29.839279689976923,0.09736586255493661
Perform machine learning analysis,Data Scientist,c13b7f6c,Data Analyst,1.6153846153846154,2,34,DATA ANALYST,3 tahun 1 bulan,MIDDLE,37,87.4991246496,90.0,100.0,12.60600857,1.0,78.2842696,78.2842696,8.0,42.24989365723077,42.24989365723077,0.41321127418498077
Perform machine learning analysis,Data Scientist,c4acf473,Data Analyst,1.0769230769230769,3,107,DATA ANALYST,2 tahun 9 bulan,JUNIOR,33,79.9589169,86.5,93.31597222,0.0,1.0,72.02498398,72.02498398,0.0,38.679395355553844,38.679395355553844,0.3223434485646614
Perform machine learning analysis,Data Scientist,c5c364b3,Data Analyst,1.9230769230769231,0,60,DATA ANALYST,1 tahun 1 bulan,JUNIOR,13,40.932846055,100.0,16.57754011,1.742317797,1.0,64.65542017,64.65542017,0.0,35.17121884394616,35.17121884394616,0.23306168883035525
Perform machine learning analysis,Data Scientist,c615b19e,Data Engineer,2.6153846153846154,3,63,DATA SCIENTIST,4 tahun 4 bulan,JUNIOR,52,71.0338060221,88.0,96.52777778,3.953496176,1.0,70.97960925,70.97960925,9.0,38.848423671730764,38.848423671730764,0.3266451550105227
Perform machine learning analysis,Data Scientist,ccc8525a,Data Scientist,3.6153846153846154,1,47,DATA SCIENTIST,1 tahun 0 bulan,BASIC,12,75.7084500467,90.0,0.0,0.0,1.0,70.11863666,70.11863666,16.0,38.86210819903077,46.634529838836926,0.5247985996212111
Perform machine learning analysis,Data Scientist,cdb6bf28,Artificial Intelligence Engineer,4.615384615384615,1,6,AI ENGINEER,7 tahun 1 bulan,MIDDLE,85,81.6822187204,91.0,0.0,3.667866596,1.3,95.09100733,95.09100733,14.0,52.567464654130774,52.567464654130774,0.6757895372053692
Perform machine learning analysis,Data Scientist,cf9338b5,Data Scientist,2.4615384615384617,0,74,DATA SCIENTIST,1 tahun 0 bulan,BASIC,12,82.0043154762,90.0,35.29411765,3.321482848,1.0,72.67275856,72.67275856,8.0,39.67348511372308,47.6081821364677,0.5495776807803825
Perform machine learning analysis,Data Scientist,d08b974d,Data Analyst,1.8461538461538463,0,86,DATA ANALYST,2 tahun 9 bulan,MIDDLE,33,58.8772058825,93.5,97.91666667,0.871158899,1.0,69.7799626,69.7799626,0.0,37.85107248569231,37.85107248569231,0.30126294614275867
Perform machine learning analysis,Data Scientist,d8c9672c,Data Analyst,3.5384615384615383,1,82,DATA ANALYST,2 tahun 4 bulan,MIDDLE,28,73.7417775442,90.5,95.05208333,9.595209262,1.0,73.7469197,73.7469197,0.0,40.74894436407693,40.74894436407693,0.37501268476927124
Perform machine learning analysis,Data Scientist,ecc200ca,Data Engineer,1.6153846153846154,3,56,DATA ENGINEER,1 tahun 9 bulan,MIDDLE,21,71.0850840338,89.0,99.30555556,5.758942974,1.2,86.333236,86.333236,2.0,46.51584584923077,46.51584584923077,0.5217781371646428
Perform machine learning analysis,Data Scientist,eed0f189,Data Analyst,1.9230769230769231,3,45,DATA ANALYST,2 tahun 10 bulan,MIDDLE,34,69.240079365,96.0,70.49910873,48.01347408,1.0,79.53001534,79.53001534,4.0,43.05475428404616,43.05475428404616,0.43369467143285867
Perform machine learning analysis,Data Scientist,f007ee36,Artificial Intelligence Engineer,3.4615384615384617,0,70,AI ENGINEER,2 tahun 0 bulan,MIDDLE,24,40.1500350142,90.0,99.30555556,2.332863117,1.3,81.80872206,81.80872206,2.0,44.98554576872308,44.98554576872308,0.48283258135888185
Perform machine learning analysis,Data Scientist,f2f08a05,Data Engineer,1.0,3,94,DATA ENGINEER,2 tahun 5 bulan,JUNIOR,29,59.4675711954,87.0,99.30555556,7.027424482,1.2,81.33092925,81.33092925,1.0,43.5753925025,43.5753925025,0.44694471634214145
Perform machine learning analysis,Data Scientist,f6f88029,Data Analyst,1.3076923076923077,2,100,MGT,4 tahun 3 bulan,-,51,4.3391106446,90.0,78.20855615,6.010278684,1.0,48.76020407,48.76020407,0.0,26.457523541715386,26.457523541715386,0.011301453050428921
Perform machine learning analysis,Data Scientist,fbc7621c,Data Scientist,2.1538461538461537,0,93,DATA SCIENTIST,8 tahun 6 bulan,MIDDLE,102,58.3732609713,75.0,100.0,12.17940809,1.0,62.37965806,62.37965806,0.0,34.073526464107694,40.88823175692923,0.37855749601280764
Perform machine learning analysis,Data Scientist,ff56a859,Data Scientist,3.4615384615384617,0,97,DATA SCIENTIST,4 tahun 3 bulan,JUNIOR,51,71.9907037817,89.5,95.83333333,11.98196147,1.0,73.15820762,73.15820762,3.0,40.40077311552308,48.48092773862769,0.5717887248665059
Product performance evaluation,Data Analyst,006bac9a,Data Analyst,3.103896103896104,3,7,DATA ANALYST,2 tahun 5 bulan,JUNIOR,29,24.3446545288,90.0,100.0,10.68886874,1.0,59.64183706,59.64183706,2.0,33.06900481063117,39.682805772757405,0.2660790171731985
Product performance evaluation,Data Analyst,00c74be4,Data Scientist,2.5194805194805197,3,106,DATA SCIENTIST,5 tahun 10 bulan,MIDDLE,70,65.8296276846,90.0,70.58823529,2.714292537,1.0,67.48966658,67.48966658,9.0,36.95367913155585,36.95367913155585,0.18031166131068918
Product performance evaluation,Data Analyst,01c8c0ef,Data Scientist,3.883116883116883,1,67,DATA SCIENTIST,2 tahun 2 bulan,SENIOR,26,77.0315563725,92.0,96.35416667,6.32783673,1.1,82.53917202,82.53917202,3.0,45.570826105664935,45.570826105664935,0.4511198751510584
Product performance evaluation,Data Analyst,01d1846b,Data Analyst,3.116883116883117,0,77,DATA ANALYST,4 tahun 3 bulan,JUNIOR,51,76.130287115,84.0,91.92708333,7.89858338,1.0,70.77981892,70.77981892,2.0,38.97823909253506,46.77388691104208,0.48892806721560467
Product performance evaluation,Data Analyst,03ad7f49,Data Scientist,2.675324675324675,2,91,DATA SCIENTIST,3 tahun 4 bulan,JUNIOR,40,75.1958741829,90.0,0.0,4.519739335,1.0,70.74391915,70.74391915,2.0,38.751679746902596,38.751679746902596,0.2368168290406707
Product performance evaluation,Data Analyst,0514ff91,Data Scientist,3.3506493506493507,0,37,DATA SCIENTIST,3 tahun 4 bulan,MIDDLE,40,75.6379551821,90.0,100.0,11.44256681,1.0,74.661971,74.661971,4.0,41.14564982480519,41.14564982480519,0.3120513309856858
Product performance evaluation,Data Analyst,056cd3f9,Data Engineer,3.4285714285714284,3,48,DATA ENGINEER,7 tahun 7 bulan,SENIOR,91,80.4681314192,90.0,34.22459893,5.168397654,1.3,94.26532683,94.26532683,0.0,51.572051791328576,51.572051791328576,0.6397184001234772
Product performance evaluation,Data Analyst,05eed8dc,Data Engineer,2.5974025974025974,3,49,DATA ENGINEER,2 tahun 5 bulan,MIDDLE,29,62.7957662233,95.0,99.21875,8.595362988,1.2,87.48866032,87.48866032,8.0,47.58976919037922,47.58976919037922,0.5145685284303381
Product performance evaluation,Data Analyst,106760ca,Data Engineer,4.805194805194805,1,21,DATA ENGINEER,1 tahun 11 bulan,MIDDLE,23,71.4513888888,91.25,100.0,8.016044212,1.2,88.25251765,88.25251765,3.0,49.032275912941564,49.032275912941564,0.5599017077486844
Product performance evaluation,Data Analyst,123117c9,Data Analyst,2.25974025974026,2,32,DATA ANALYST,4 tahun 2 bulan,MIDDLE,50,70.4449813258,95.0,100.0,3.648580437,1.0,74.43733436,74.43733436,2.0,40.513865132877925,48.61663815945351,0.5468395982169666
Product performance evaluation,Data Analyst,14d4dbd6,Data Analyst,1.5064935064935066,2,108,DATA ANALYST,4 tahun 2 bulan,JUNIOR,50,79.6974498133,80.5,98.4375,3.111615146,1.0,69.81056917,69.81056917,9.0,37.707653608151944,45.24918432978233,0.4410117459657351
Product performance evaluation,Data Analyst,1551c5ff,Data Analyst,2.2857142857142856,2,66,DATA ANALYST,2 tahun 5 bulan,JUNIOR,29,79.0374358075,90.0,100.0,15.2788331,1.0,76.22782609,76.22782609,2.0,41.47503354198572,49.770040250382856,0.5830871823678239
Product performance evaluation,Data Analyst,1667415a,Data Analyst,3.207792207792208,0,50,DATA ANALYST,4 tahun 1 bulan,JUNIOR,49,73.4773576096,90.0,100.0,10.26693491,1.0,73.85696587,73.85696587,1.0,40.65185424876234,48.78222509851481,0.5520434439140652
Product performance evaluation,Data Analyst,1672e04a,Data Analyst,3.5064935064935066,3,41,DATA ANALYST,4 tahun 3 bulan,JUNIOR,51,69.8277310925,86.0,100.0,7.456011595,1.0,70.40596081,70.40596081,4.0,38.96321117735195,46.75585341282234,0.48836133446091756
Product performance evaluation,Data Analyst,17466c54,Data Analyst,2.6623376623376624,2,11,DATA ANALYST,3 tahun 1 bulan,JUNIOR,37,49.8728816529,90.0,100.0,7.676082801,1.0,66.60685575,66.60685575,0.0,36.5529322487987,43.86351869855844,0.39746489273238556
Product performance evaluation,Data Analyst,1893af41,Data Analyst,2.5844155844155843,2,103,DATA SCIENTIST,1 tahun 1 bulan,JUNIOR,13,37.5269607842,98.0,29.01069519,0.0,1.0,62.25313576,62.25313576,3.0,34.208837277475325,41.05060473297039,0.3090643804751038
Product performance evaluation,Data Analyst,1dbecdbe,Data Scientist,2.5454545454545454,0,4,DATA SCIENTIST,2 tahun 3 bulan,JUNIOR,27,85.3527602713,90.0,99.30555556,6.414697312,1.0,76.68127695,76.68127695,5.0,41.83744041986363,41.83744041986363,0.33379200408343257
Product performance evaluation,Data Analyst,29e9efd9,Data Engineer,3.051948051948052,3,61,DATA ENGINEER,3 tahun 1 bulan,MIDDLE,37,72.8804563492,94.0,99.30555556,9.72908414,1.2,90.62742563,90.62742563,0.0,49.46695116831559,49.46695116831559,0.5735621025246035
Product performance evaluation,Data Analyst,2d801262,Data Analyst,3.311688311688312,0,9,DATA ANALYST,2 tahun 10 bulan,MIDDLE,34,80.3460259104,90.0,95.74652778,10.27336667,1.1,83.12594823,83.12594823,9.0,45.61324606839351,54.73589528207221,0.7391474579280002
Product performance evaluation,Data Analyst,31e8a51f,Data Scientist,2.5844155844155843,0,98,DATA SCIENTIST,2 tahun 9 bulan,JUNIOR,33,52.8933765175,90.0,65.10695187,6.407601293,1.0,64.07121964,64.07121964,0.0,35.172421733875325,35.172421733875325,0.1243326771172949
Product performance evaluation,Data Analyst,3350383a,Artificial Intelligence Engineer,4.363636363636363,1,30,AI ENGINEER,3 tahun 9 bulan,MIDDLE,45,54.1797239725,95.5,96.44097222,11.49637749,1.3,92.17002068,92.17002068,0.0,50.90102005130909,50.90102005130909,0.6186301086633377
Product performance evaluation,Data Analyst,365fc87a,Data Analyst,2.779220779220779,0,110,DATA ANALYST,2 tahun 5 bulan,BASIC,29,80.8585434175,90.0,8.155080214,6.607477284,1.0,72.88466719,72.88466719,3.0,39.93510737693377,47.922128852320526,0.5250134850584823
Product performance evaluation,Data Analyst,36cf70f2,Artificial Intelligence Engineer,3.272727272727273,1,58,AI ENGINEER,2 tahun 5 bulan,MIDDLE,29,43.5532358775,89.5,100.0,11.83988942,1.3,84.69716654,84.69716654,4.0,46.42768008438182,46.42768008438182,0.4780479403442744
Product performance evaluation,Data Analyst,3951d86b,Data Scientist,4.3896103896103895,1,78,DATA SCIENTIST,3 tahun 1 bulan,JUNIOR,37,55.4426062092,95.0,100.0,4.279280813,1.0,70.17243405,70.17243405,0.0,39.25450692961689,39.25450692961689,0.25261901178518875
Product performance evaluation,Data Analyst,39c4596a,Data Scientist,3.311688311688312,0,42,DATA SCIENTIST,3 tahun 5 bulan,JUNIOR,41,60.7098506071,80.0,97.91666667,4.694561364,1.0,64.25018915,64.25018915,0.0,35.60909375599351,35.60909375599351,0.13805582361800953
Product performance evaluation,Data Analyst,3cac7e99,Data Scientist,3.2857142857142856,0,88,DATA SCIENTIST,10 tahun 2 bulan,SENIOR,122,88.3660831,98.0,34.22459893,51.7318368,1.0,87.21080158,87.21080158,0.0,47.76601055168571,47.76601055168571,0.5201072071140842
Product performance evaluation,Data Analyst,42e7a026,Data Analyst,3.2987012987012987,0,64,DATA ANALYST,2 tahun 6 bulan,JUNIOR,30,73.5210696779,89.0,99.21875,4.472503523,1.0,72.45268383,72.45268383,2.0,39.95031204028961,47.940374448347534,0.5255868833404627
Product performance evaluation,Data Analyst,46fd6e1c,Data Analyst,2.3506493506493507,2,5,DATA SCIENTIST,1 tahun 2 bulan,JUNIOR,14,67.4580357142,90.0,100.0,11.7055718,1.0,72.32438573,72.32438573,0.0,39.4367296317052,47.32407555804624,0.5062186629566447
Product performance evaluation,Data Analyst,47d42365,Data Engineer,3.5714285714285716,3,53,DATA ENGINEER,4 tahun 4 bulan,JUNIOR,52,71.9768703312,91.5,97.82986111,3.794124597,1.2,87.64556985,87.64556985,3.0,48.13072344907143,48.13072344907143,0.5315689181191683
Product performance evaluation,Data Analyst,4cba2f2d,Artificial Intelligence Engineer,2.5194805194805197,0,36,AI ENGINEER,1 tahun 7 bulan,JUNIOR,19,66.0502450979,95.0,100.0,5.817498712,1.2,84.80862745,84.80862745,5.0,46.13272839265585,46.13272839265585,0.4687785915626536
Product performance evaluation,Data Analyst,4d57b04b,Data Scientist,2.8701298701298703,0,20,DATA SCIENTIST,3 tahun 11 bulan,MIDDLE,47,60.9976657327,96.5,91.31944444,1.268481508,1.1,78.63807432,78.63807432,0.0,43.02714042856104,43.02714042856104,0.37118031083150527
Product performance evaluation,Data Analyst,516J6855,Data Scientist,3.0,0,46,DATA SCIENTIST,2 tahun 5 bulan,JUNIOR,29,54.7360673438,80.0,96.96180556,11.10881594,1.0,63.41641108,63.41641108,1.0,35.0206978724,35.0206978724,0.11956450175176511
Product performance evaluation,Data Analyst,528f3560,Data Analyst,1.87012987012987,2,55,DATA SCIENTIST,7 tahun 0 bulan,SENIOR,84,32.3536327033,90.0,94.11764706,44.61622935,1.0,64.269703,64.269703,0.0,34.94190362896104,41.93028435475325,0.3367097795663055
Product performance evaluation,Data Analyst,528f3560,Data Analyst,1.87012987012987,2,55,DATA SCIENTIST,7 tahun 0 bulan,SENIOR,84,32.3536327033,90.0,94.11764706,44.61622935,1.0,64.269703,64.269703,0.0,34.94190362896104,41.93028435475325,0.3367097795663055
Product performance evaluation,Data Analyst,5312eea4,Data Analyst,2.727272727272727,3,84,DATA ANALYST,2 tahun 2 bulan,MIDDLE,26,49.7969187675,86.0,92.79513889,46.9198146,1.0,70.0469465,70.0469465,2.0,38.40669982681818,46.08803979218182,0.46737417776888174
Product performance evaluation,Data Analyst,544a3d1a,Data Scientist,2.948051948051948,0,62,DATA SCIENTIST,4 tahun 2 bulan,MIDDLE,50,59.509354575,90.5,100.0,7.234474611,1.0,69.58669591,69.58669591,15.0,38.266533247884425,38.266533247884425,0.22157029126607244
Product performance evaluation,Data Analyst,54b0fc4f,Data Analyst,3.5974025974025974,1,89,DATA ANALYST,2 tahun 2 bulan,MIDDLE,26,71.3084967321,88.5,98.61111111,6.180876807,1.0,71.78045298,71.78045298,3.0,39.734419300179226,47.68130316021507,0.5174451360768646
Product performance evaluation,Data Analyst,557e30ab,Data Analyst,2.2337662337662336,2,29,DATA ANALYST,3 tahun 5 bulan,MIDDLE,41,53.7861081933,85.0,100.0,4.549017204,1.0,64.81437318,64.81437318,2.0,35.40148791527013,42.48178549832416,0.3540416227007091
Product performance evaluation,Data Analyst,55b2e646,Data Scientist,3.155844155844156,1,57,AI ENGINEER,3 tahun 0 bulan,JUNIOR,36,50.15589986,90.0,100.0,0.871158899,1.3,85.36316737,85.36316737,0.0,46.725725459346755,46.725725459346755,0.4874145132807865
Product performance evaluation,Data Analyst,57635c17,Data Analyst,1.896103896103896,2,12,DATA ANALYST,3 tahun 3 bulan,MIDDLE,39,67.5095967558,90.0,99.21875,6.039999292,1.0,71.43352597,71.43352597,4.0,38.75093759526884,46.501125114322605,0.4803560728890106
Product performance evaluation,Data Analyst,57ecf7ad,Data Analyst,1.0,2,27,MGT,5 tahun 1 bulan,-,61,3.4722222221,90.0,77.54010695,4.326516624,1.0,48.19519238,48.19519238,0.0,26.0134519614,31.21614235368,0.0
Product performance evaluation,Data Analyst,5b749bf9,Data Engineer,2.4805194805194803,3,101,DATA ENGINEER,2 tahun 3 bulan,BASIC,27,34.81372549,90.0,86.63101604,10.06283501,1.2,70.83787239,70.83787239,3.0,38.709916522544155,38.709916522544155,0.23550435006976478
Product performance evaluation,Data Analyst,5d16d190,Data Scientist,3.2987012987012987,0,99,DATA SCIENTIST,3 tahun 1 bulan,JUNIOR,37,62.2739437442,90.0,97.74305556,28.26078997,1.0,73.16053928,73.16053928,5.0,40.32547542878961,40.32547542878961,0.28627598284668687
Product performance evaluation,Data Analyst,5dc773ce,Artificial Intelligence Engineer,3.675324675324675,0,35,DATA SCIENTIST,4 tahun 4 bulan,MIDDLE,52,72.0571603642,91.0,95.57291667,5.121161842,1.1,80.15052819,80.15052819,0.0,44.2071825381026,44.2071825381026,0.40826510199284094
Product performance evaluation,Data Analyst,6131e4d7,Data Engineer,4.194805194805195,1,38,DATA ENGINEER,2 tahun 3 bulan,MIDDLE,27,58.5518732492,93.5,99.30555556,10.46636816,1.2,85.46875202,85.46875202,0.0,47.26999701215844,47.26999701215844,0.5045191544693274
Product performance evaluation,Data Analyst,64S57577,Data Scientist,4.3896103896103895,1,40,DATA SCIENTIST,3 tahun 9 bulan,MIDDLE,45,73.6180643087,84.5,89.32291667,3.982774045,1.0,69.5311892,69.5311892,9.0,38.91464715911689,38.91464715911689,0.24193835173821093
Product performance evaluation,Data Analyst,65054asd,Data Analyst,2.3506493506493507,2,10,DATA ANALYST,3 tahun 4 bulan,JUNIOR,40,70.5590744629,99.0,0.0,4.917061944,1.0,73.99273476,73.99273476,2.0,40.320954617605196,48.385145541126235,0.5395645566429054
Product performance evaluation,Data Analyst,66d21701,Data Analyst,3.7532467532467533,0,33,DATA ANALYST,4 tahun 3 bulan,JUNIOR,51,63.8499212188,81.5,83.07291667,3.823402466,1.0,64.77440963,64.77440963,0.0,36.09446307792597,43.31335569351116,0.3801751028326019
Product performance evaluation,Data Analyst,6de6b041,Data Scientist,3.0,3,16,DATA SCIENTIST,4 tahun 0 bulan,MIDDLE,48,59.6452497667,90.0,100.0,7.186353322,1.1,76.3103827,76.3103827,7.0,41.854502831000005,41.854502831000005,0.3343282188071148
Product performance evaluation,Data Analyst,6e0778a1,Data Scientist,3.142857142857143,0,92,DATA SCIENTIST,3 tahun 1 bulan,JUNIOR,37,54.5927141687,70.0,97.91666667,4.665283496,1.0,57.55075558,57.55075558,2.0,31.97904331454286,31.97904331454286,0.023975434928650854
Product performance evaluation,Data Analyst,6fb8c1a0,Data Scientist,3.272727272727273,3,75,DATA SCIENTIST,3 tahun 0 bulan,BASIC,36,61.1916404063,98.0,0.0,3.823402466,1.0,70.34689224,70.34689224,0.0,38.822034705381824,38.822034705381824,0.23902785093664378
Product performance evaluation,Data Analyst,7176fcb0,Data Engineer,3.6103896103896105,3,104,DATA ENGINEER,7 tahun 0 bulan,SENIOR,84,75.0633578433,80.0,33.82352941,7.122781583,1.2,79.20577781,79.20577781,10.0,43.675945356183114,43.675945356183114,0.3915700876460442
Product performance evaluation,Data Analyst,77571f19,Data Analyst,2.0,2,54,DATA ANALYST,3 tahun 1 bulan,JUNIOR,37,77.8103933242,100.0,100.0,5.536442394,1.0,79.32087607,79.32087607,0.0,42.980064317099995,51.576077180519995,0.6398449046916617
Product performance evaluation,Data Analyst,7L762383,Data Analyst,3.7662337662337664,0,59,DATA ANALYST,1 tahun 10 bulan,MIDDLE,22,63.2588118579,88.5,94.96527778,2.554920958,1.0,68.65055253,68.65055253,0.0,38.15492271102987,45.78590725323584,0.4578791588884042
Product performance evaluation,Data Analyst,7b6d04c9,Data Analyst,3.155844155844156,3,2,DATA ANALYST,4 tahun 5 bulan,MIDDLE,53,73.2388159429,86.0,100.0,4.742239915,1.0,70.9884555,70.9884555,4.0,39.10712816824675,46.9285538018961,0.49378873218723257
Product performance evaluation,Data Analyst,7ba9df08,Data Analyst,4.025974025974026,0,25,DATA ANALYST,3 tahun 1 bulan,MIDDLE,37,56.631039916,92.5,96.35416667,0.0,1.2,82.079429,82.079429,0.0,45.39430516220779,54.47316619464935,0.7308907582218599
Product performance evaluation,Data Analyst,7d317bd2,Data Scientist,1.2987012987012987,2,90,DATA ANALYST,4 tahun 4 bulan,JUNIOR,52,63.7458566762,86.5,86.37152778,3.794124597,1.0,67.4194445,67.4194445,6.0,36.34269519538961,36.34269519538961,0.16111047222392127
Product performance evaluation,Data Analyst,7dc30989,Data Scientist,3.6363636363636362,1,73,DATA SCIENTIST,3 tahun 4 bulan,JUNIOR,40,92.1873832863,90.0,0.0,8.045322081,1.0,76.69106422,76.69106422,4.0,42.35535494569091,42.35535494569091,0.35006833174532304
Product performance evaluation,Data Analyst,7fe7bd2c,Data Scientist,3.1298701298701297,0,65,DATA SCIENTIST,2 tahun 2 bulan,JUNIOR,26,39.5228291321,89.5,99.30555556,6.121971713,1.0,63.07245784,63.07245784,5.0,34.89944161623897,34.89944161623897,0.11575382169181005
Product performance evaluation,Data Analyst,8126543f,Data Scientist,2.883116883116883,0,85,DATA SCIENTIST,3 tahun 1 bulan,JUNIOR,37,63.1813433708,90.0,99.30555556,6.700326893,1.0,70.28096361,70.28096361,0.0,38.60397564836494,38.60397564836494,0.23217498142891857
Product performance evaluation,Data Analyst,8387045b,Data Scientist,3.948051948051948,1,69,DATA SCIENTIST,4 tahun 4 bulan,MIDDLE,52,85.768554505,94.0,98.61111111,53.90204421,1.2,99.0,99.0,10.0,54.32558441558442,54.32558441558442,0.7262527547035215
Product performance evaluation,Data Analyst,859bd42e,Data Scientist,3.324675324675325,0,95,DATA SCIENTIST,3 tahun 5 bulan,JUNIOR,41,91.9510387488,95.0,100.0,9.232623263,1.0,81.52852324,81.52852324,1.0,44.772714719797406,44.772714719797406,0.426037893898813
Product performance evaluation,Data Analyst,85e8c8f1,Data Scientist,3.727272727272727,0,105,DATA SCIENTIST,2 tahun 9 bulan,JUNIOR,33,86.9119456117,93.0,100.0,3.409887033,1.1,86.02380765,86.02380765,0.0,47.34443623631818,47.34443623631818,0.5068585312253385
Product performance evaluation,Data Analyst,8K760816,Data Analyst,2.857142857142857,0,15,DATA ANALYST,2 tahun 8 bulan,MIDDLE,32,52.4918446546,98.5,100.0,3.455357726,1.0,70.91183125,70.91183125,8.0,38.926127705357146,46.71135324642857,0.48696284252235555
Product performance evaluation,Data Analyst,9ab9d681,Data Scientist,3.844155844155844,1,18,DATA SCIENTIST,3 tahun 0 bulan,MIDDLE,36,31.3339898458,92.0,100.0,52.63227356,1.0,68.97507879,68.97507879,3.0,38.36354500545325,38.36354500545325,0.22461904752700923
Product performance evaluation,Data Analyst,a016ffe0,Data Scientist,3.792207792207792,1,26,DATA SCIENTIST,3 tahun 1 bulan,MIDDLE,37,82.0345763308,64.0,34.49197861,6.239432544,1.2,71.75887324,71.75887324,3.0,39.81454047953766,39.81454047953766,0.27021900001800014
Product performance evaluation,Data Analyst,a20ce132,Data Analyst,4.376623376623376,1,22,DATA ANALYST,2 tahun 9 bulan,MIDDLE,33,84.2864145654,95.0,98.61111111,10.2440888,1.2,95.23244671,95.23244671,0.0,52.530209743312994,63.03625169197559,1.0
Product performance evaluation,Data Analyst,a77b4e68,Data Scientist,2.1948051948051948,2,80,MGT,2 tahun 5 bulan,-,29,80.6774626521,90.0,100.0,29.57650728,1.0,78.85832029,78.85832029,0.0,42.826468195258435,42.826468195258435,0.36487385125372196
Product performance evaluation,Data Analyst,a9fcd0c5,Data Analyst,2.688311688311688,2,23,DATA ANALYST,2 tahun 1 bulan,MIDDLE,25,86.9994864617,91.5,100.0,7.075545771,1.1,85.847875,85.847875,9.0,46.762880243506494,56.11545629220779,0.7825024632634242
Product performance evaluation,Data Analyst,ae73e946,Data Analyst,1.6623376623376624,2,72,DATA SCIENTIST,3 tahun 5 bulan,JUNIOR,41,83.7572654062,85.0,97.91666667,10.90515878,1.0,74.34235311,74.34235311,7.0,40.18274584959871,48.21929501951845,0.5343524274247262
Product performance evaluation,Data Analyst,afb96c1d,Data Analyst,3.220779220779221,0,19,DATA ANALYST,2 tahun 8 bulan,JUNIOR,32,77.4700746967,84.5,100.0,6.630101873,1.0,71.7649257,71.7649257,2.0,39.54917685476624,47.45901222571948,0.510459272762182
Product performance evaluation,Data Analyst,aff5a1f7,Data Engineer,4.090909090909091,3,96,DATA ENGINEER,2 tahun 7 bulan,JUNIOR,31,69.9306139125,90.0,98.61111111,7.174163182,1.2,86.72069722,86.72069722,0.0,47.88469679932728,47.88469679932728,0.5238371203705019
Product performance evaluation,Data Analyst,b0519d51,Data Scientist,3.220779220779221,0,43,DATA SCIENTIST,4 tahun 1 bulan,JUNIOR,49,66.8638392858,92.0,99.30555556,4.723839233,1.1,79.24054742,79.24054742,0.0,43.51125636636623,43.51125636636623,0.38639446150139495
Product performance evaluation,Data Analyst,b7ddf289,Artificial Intelligence Engineer,2.9740259740259742,1,44,DATA SCIENTIST,1 tahun 2 bulan,JUNIOR,14,78.282819795,95.0,100.0,11.82325385,1.0,77.94660283,77.94660283,9.0,42.70949170769221,42.70949170769221,0.3611976700589124
Product performance evaluation,Data Analyst,be2d891b,Data Scientist,4.1688311688311686,1,14,AI ENGINEER,2 tahun 3 bulan,JUNIOR,27,70.2197654063,95.0,0.0,0.33375087,1.3,92.33751534,92.33751534,3.0,50.898233779550644,50.898233779550644,0.6185425454268692
Product performance evaluation,Data Analyst,beb45f59,Data Analyst,2.5454545454545454,2,68,DATA ANALYST,3 tahun 4 bulan,MIDDLE,40,86.1330823996,80.0,98.61111111,6.436879162,1.0,71.94756403,71.94756403,2.0,39.32857257226363,47.19428708671636,0.502139843806464
Product performance evaluation,Data Analyst,c0b0190c,Data Analyst,3.987012987012987,1,17,DATA SCIENTIST,6 tahun 5 bulan,MIDDLE,77,29.2835988563,84.0,22.19251337,4.068139436,1.0,53.16264673,53.16264673,29.0,30.050098870796106,36.060118644955324,0.15223003289450002
Product performance evaluation,Data Analyst,c13b7f6c,Data Analyst,2.1818181818181817,2,34,DATA ANALYST,3 tahun 1 bulan,MIDDLE,37,87.4991246496,90.0,100.0,12.60600857,1.0,78.2842696,78.2842696,8.0,42.516117433454546,51.01934092014545,0.6223485392814866
Product performance evaluation,Data Analyst,c4acf473,Data Analyst,4.12987012987013,3,107,DATA ANALYST,2 tahun 9 bulan,JUNIOR,33,79.9589169,86.5,93.31597222,0.0,1.0,72.02498398,72.02498398,0.0,40.11428047043896,48.137136564526756,0.5317704609670304
Product performance evaluation,Data Analyst,c5c364b3,Data Analyst,3.4025974025974026,0,60,DATA ANALYST,1 tahun 1 bulan,JUNIOR,13,40.932846055,100.0,16.57754011,1.742317797,1.0,64.65542017,64.65542017,0.0,35.86659346932078,43.03991216318494,0.37158168389053886
Product performance evaluation,Data Analyst,c615b19e,Data Engineer,3.4025974025974026,3,63,DATA SCIENTIST,4 tahun 4 bulan,JUNIOR,52,71.0338060221,88.0,96.52777778,3.953496176,1.0,70.97960925,70.97960925,9.0,39.218413681720776,39.218413681720776,0.2514847212800121
Product performance evaluation,Data Analyst,ccc8525a,Data Scientist,3.5324675324675323,1,47,DATA SCIENTIST,1 tahun 0 bulan,BASIC,12,75.7084500467,90.0,0.0,0.0,1.0,70.11863666,70.11863666,16.0,38.823137170059745,38.823137170059745,0.23906249772764626
Product performance evaluation,Data Analyst,cdb6bf28,Artificial Intelligence Engineer,3.948051948051948,1,6,AI ENGINEER,7 tahun 1 bulan,MIDDLE,85,81.6822187204,91.0,0.0,3.667866596,1.3,95.09100733,95.09100733,14.0,52.25381830048442,52.25381830048442,0.6611440496053078
Product performance evaluation,Data Analyst,cf9338b5,Data Scientist,2.6493506493506493,0,74,DATA SCIENTIST,1 tahun 0 bulan,BASIC,12,82.0043154762,90.0,35.29411765,3.321482848,1.0,72.67275856,72.67275856,8.0,39.76175684199481,39.76175684199481,0.2685601861848457
Product performance evaluation,Data Analyst,d08b974d,Data Analyst,2.7662337662337664,0,86,DATA ANALYST,2 tahun 9 bulan,MIDDLE,33,58.8772058825,93.5,97.91666667,0.871158899,1.0,69.7799626,69.7799626,0.0,38.28351004812988,45.94021205775585,0.4627284446931611
Product performance evaluation,Data Analyst,d8c9672c,Data Analyst,3.987012987012987,1,82,DATA ANALYST,2 tahun 4 bulan,MIDDLE,28,73.7417775442,90.5,95.05208333,9.595209262,1.0,73.7469197,73.7469197,0.0,40.959763544896106,49.15171625387533,0.563655319644355
Product performance evaluation,Data Analyst,ecc200ca,Data Engineer,3.2467532467532467,3,56,DATA ENGINEER,1 tahun 9 bulan,MIDDLE,21,71.0850840338,89.0,99.30555556,5.758942974,1.2,86.333236,86.333236,2.0,47.282589105974026,47.282589105974026,0.5049148820163861
Product performance evaluation,Data Analyst,eed0f189,Data Analyst,3.090909090909091,3,45,DATA ANALYST,2 tahun 10 bulan,MIDDLE,34,69.240079365,96.0,70.49910873,48.01347408,1.0,79.53001534,79.53001534,4.0,43.60363540292728,52.324362483512736,0.6633610181982917
Product performance evaluation,Data Analyst,f007ee36,Artificial Intelligence Engineer,2.6493506493506493,0,70,AI ENGINEER,2 tahun 0 bulan,MIDDLE,24,40.1500350142,90.0,99.30555556,2.332863117,1.3,81.80872206,81.80872206,2.0,44.60381749699481,44.60381749699481,0.4207300170148285
Product performance evaluation,Data Analyst,f2f08a05,Data Engineer,2.2467532467532467,3,94,DATA ENGINEER,2 tahun 5 bulan,JUNIOR,29,59.4675711954,87.0,99.30555556,7.027424482,1.2,81.33092925,81.33092925,1.0,44.161366528474026,44.161366528474026,0.40682525748629067
Product performance evaluation,Data Analyst,f6f88029,Data Analyst,1.2857142857142858,2,100,MGT,4 tahun 3 bulan,-,51,4.3391106446,90.0,78.20855615,6.010278684,1.0,48.76020407,48.76020407,0.0,26.447193871385718,31.73663264566286,0.016357275408744376
Product performance evaluation,Data Analyst,fbc7621c,Data Scientist,3.064935064935065,0,93,DATA SCIENTIST,8 tahun 6 bulan,MIDDLE,102,58.3732609713,75.0,100.0,12.17940809,1.0,62.37965806,62.37965806,0.0,34.501738252319484,34.501738252319484,0.10325533026014028
Product performance evaluation,Data Analyst,ff56a859,Data Scientist,3.935064935064935,0,97,DATA SCIENTIST,4 tahun 3 bulan,JUNIOR,51,71.9907037817,89.5,95.83333333,11.98196147,1.0,73.15820762,73.15820762,3.0,40.623330558080525,40.623330558080525,0.2956365769956343
Work on computer vision and NLP,AI Engineer,006bac9a,Data Analyst,2.5714285714285716,3,7,DATA ANALYST,2 tahun 5 bulan,JUNIOR,29,24.3446545288,90.0,100.0,10.68886874,1.0,59.64183706,59.64183706,2.0,32.818745070371435,32.818745070371435,0.23959185916895784
Work on computer vision and NLP,AI Engineer,00c74be4,Data Scientist,2.4285714285714284,3,106,DATA SCIENTIST,5 tahun 10 bulan,MIDDLE,70,65.8296276846,90.0,70.58823529,2.714292537,1.0,67.48966658,67.48966658,9.0,36.910951858828575,36.910951858828575,0.38366492359842885
Work on computer vision and NLP,AI Engineer,01c8c0ef,Data Scientist,2.5714285714285716,1,67,DATA SCIENTIST,2 tahun 2 bulan,SENIOR,26,77.0315563725,92.0,96.35416667,6.32783673,1.1,82.53917202,82.53917202,3.0,44.95433259917143,44.95433259917143,0.6668457528035655
Work on computer vision and NLP,AI Engineer,01d1846b,Data Analyst,2.142857142857143,0,77,DATA ANALYST,4 tahun 3 bulan,JUNIOR,51,76.130287115,84.0,91.92708333,7.89858338,1.0,70.77981892,70.77981892,2.0,38.52044688474286,38.52044688474286,0.4403299194196415
Work on computer vision and NLP,AI Engineer,03ad7f49,Data Scientist,2.0,2,91,DATA SCIENTIST,3 tahun 4 bulan,JUNIOR,40,75.1958741829,90.0,0.0,4.519739335,1.0,70.74391915,70.74391915,2.0,38.4342771495,38.4342771495,0.4372961680822131
Work on computer vision and NLP,AI Engineer,0514ff91,Data Scientist,2.5714285714285716,0,37,DATA SCIENTIST,3 tahun 4 bulan,MIDDLE,40,75.6379551821,90.0,100.0,11.44256681,1.0,74.661971,74.661971,4.0,40.77941605857143,40.77941605857143,0.5198607515963549
Work on computer vision and NLP,AI Engineer,056cd3f9,Data Engineer,2.2857142857142856,3,48,DATA ENGINEER,7 tahun 7 bulan,SENIOR,91,80.4681314192,90.0,34.22459893,5.168397654,1.3,94.26532683,94.26532683,0.0,51.03490893418572,51.03490893418572,0.8809227316487919
Work on computer vision and NLP,AI Engineer,05eed8dc,Data Engineer,2.0,3,49,DATA ENGINEER,2 tahun 5 bulan,MIDDLE,29,62.7957662233,95.0,99.21875,8.595362988,1.2,87.48866032,87.48866032,8.0,47.3089899696,47.3089899696,0.7497454498560174
Work on computer vision and NLP,AI Engineer,106760ca,Data Engineer,4.0,1,21,DATA ENGINEER,1 tahun 11 bulan,MIDDLE,23,71.4513888888,91.25,100.0,8.016044212,1.2,88.25251765,88.25251765,3.0,48.653834354500006,48.653834354500006,0.7970929720437614
Work on computer vision and NLP,AI Engineer,123117c9,Data Analyst,1.2857142857142858,2,32,DATA ANALYST,4 tahun 2 bulan,MIDDLE,50,70.4449813258,95.0,100.0,3.648580437,1.0,74.43733436,74.43733436,2.0,40.056072925085715,40.056072925085715,0.49439423260976334
Work on computer vision and NLP,AI Engineer,14d4dbd6,Data Analyst,1.0,2,108,DATA ANALYST,4 tahun 2 bulan,JUNIOR,50,79.6974498133,80.5,98.4375,3.111615146,1.0,69.81056917,69.81056917,9.0,37.4696016601,37.4696016601,0.403333135146075
Work on computer vision and NLP,AI Engineer,1551c5ff,Data Analyst,1.5714285714285714,2,66,DATA ANALYST,2 tahun 5 bulan,JUNIOR,29,79.0374358075,90.0,100.0,15.2788331,1.0,76.22782609,76.22782609,2.0,41.13931925627143,41.13931925627143,0.5325317526652316
Work on computer vision and NLP,AI Engineer,1667415a,Data Analyst,2.142857142857143,0,50,DATA ANALYST,4 tahun 1 bulan,JUNIOR,49,73.4773576096,90.0,100.0,10.26693491,1.0,73.85696587,73.85696587,1.0,40.15133476824286,40.15133476824286,0.4977480869911115
Work on computer vision and NLP,AI Engineer,1672e04a,Data Analyst,2.2857142857142856,3,41,DATA ANALYST,4 tahun 3 bulan,JUNIOR,51,69.8277310925,86.0,100.0,7.456011595,1.0,70.40596081,70.40596081,4.0,38.389444943585715,38.389444943585715,0.43571777441222
Work on computer vision and NLP,AI Engineer,17466c54,Data Analyst,1.5714285714285714,2,11,DATA ANALYST,3 tahun 1 bulan,JUNIOR,37,49.8728816529,90.0,100.0,7.676082801,1.0,66.60685575,66.60685575,0.0,36.04020497607142,36.04020497607142,0.3530088061961774
Work on computer vision and NLP,AI Engineer,1893af41,Data Analyst,1.8571428571428572,2,103,DATA SCIENTIST,1 tahun 1 bulan,JUNIOR,13,37.5269607842,98.0,29.01069519,0.0,1.0,62.25313576,62.25313576,3.0,33.86701909565714,33.86701909565714,0.27649812001841745
Work on computer vision and NLP,AI Engineer,1dbecdbe,Data Scientist,3.142857142857143,0,4,DATA SCIENTIST,2 tahun 3 bulan,JUNIOR,27,85.3527602713,90.0,99.30555556,6.414697312,1.0,76.68127695,76.68127695,5.0,42.118219640642856,42.118219640642856,0.5669955970988486
Work on computer vision and NLP,AI Engineer,29e9efd9,Data Engineer,2.0,3,61,DATA ENGINEER,3 tahun 1 bulan,MIDDLE,37,72.8804563492,94.0,99.30555556,9.72908414,1.2,90.62742563,90.62742563,0.0,48.972535583900004,48.972535583900004,0.8083133881005974
Work on computer vision and NLP,AI Engineer,2d801262,Data Analyst,2.142857142857143,0,9,DATA ANALYST,2 tahun 10 bulan,MIDDLE,34,80.3460259104,90.0,95.74652778,10.27336667,1.1,83.12594823,83.12594823,9.0,45.063895419042865,45.063895419042865,0.6707030972688883
Work on computer vision and NLP,AI Engineer,31e8a51f,Data Scientist,2.7142857142857144,0,98,DATA SCIENTIST,2 tahun 9 bulan,JUNIOR,33,52.8933765175,90.0,65.10695187,6.407601293,1.0,64.07121964,64.07121964,0.0,35.233460694914285,35.233460694914285,0.3246060086823497
Work on computer vision and NLP,AI Engineer,3350383a,Artificial Intelligence Engineer,5.0,1,30,AI ENGINEER,3 tahun 9 bulan,MIDDLE,45,54.1797239725,95.5,96.44097222,11.49637749,1.3,92.17002068,92.17002068,0.0,51.2001109604,51.2001109604,0.8867389485207703
Work on computer vision and NLP,AI Engineer,365fc87a,Data Analyst,2.2857142857142856,0,110,DATA ANALYST,2 tahun 5 bulan,BASIC,29,80.8585434175,90.0,8.155080214,6.607477284,1.0,72.88466719,72.88466719,3.0,39.70315932498572,39.70315932498572,0.48196931215152494
Work on computer vision and NLP,AI Engineer,36cf70f2,Artificial Intelligence Engineer,4.142857142857143,1,58,AI ENGINEER,2 tahun 5 bulan,MIDDLE,29,43.5532358775,89.5,100.0,11.83988942,1.3,84.69716654,84.69716654,4.0,46.83664112334286,46.83664112334286,0.73311560945989
Work on computer vision and NLP,AI Engineer,3951d86b,Data Scientist,3.7142857142857144,1,78,DATA SCIENTIST,3 tahun 1 bulan,JUNIOR,37,55.4426062092,95.0,100.0,4.279280813,1.0,70.17243405,70.17243405,0.0,38.93710433221429,38.93710433221429,0.4549990498858471
Work on computer vision and NLP,AI Engineer,39c4596a,Data Scientist,2.857142857142857,0,42,DATA SCIENTIST,3 tahun 5 bulan,JUNIOR,41,60.7098506071,80.0,97.91666667,4.694561364,1.0,64.25018915,64.25018915,0.0,35.395457392357144,35.395457392357144,0.33030937653117876
Work on computer vision and NLP,AI Engineer,3cac7e99,Data Scientist,1.7142857142857142,0,88,DATA SCIENTIST,10 tahun 2 bulan,SENIOR,122,88.3660831,98.0,34.22459893,51.7318368,1.0,87.21080158,87.21080158,0.0,47.027439123114284,47.027439123114284,0.7398329758920118
Work on computer vision and NLP,AI Engineer,42e7a026,Data Analyst,2.0,0,64,DATA ANALYST,2 tahun 6 bulan,JUNIOR,30,73.5210696779,89.0,99.21875,4.472503523,1.0,72.45268383,72.45268383,2.0,39.3399224299,39.3399224299,0.4691809426252194
Work on computer vision and NLP,AI Engineer,46fd6e1c,Data Analyst,2.142857142857143,2,5,DATA SCIENTIST,1 tahun 2 bulan,JUNIOR,14,67.4580357142,90.0,100.0,11.7055718,1.0,72.32438573,72.32438573,0.0,39.33906729404286,39.33906729404286,0.4691508361203896
Work on computer vision and NLP,AI Engineer,47d42365,Data Engineer,2.0,3,53,DATA ENGINEER,4 tahun 4 bulan,JUNIOR,52,71.9768703312,91.5,97.82986111,3.794124597,1.2,87.64556985,87.64556985,3.0,47.3921520205,47.3921520205,0.7526733105768388
Work on computer vision and NLP,AI Engineer,4cba2f2d,Artificial Intelligence Engineer,3.0,0,36,AI ENGINEER,1 tahun 7 bulan,JUNIOR,19,66.0502450979,95.0,100.0,5.817498712,1.2,84.80862745,84.80862745,5.0,46.3585725485,46.3585725485,0.7162843963405234
Work on computer vision and NLP,AI Engineer,4d57b04b,Data Scientist,2.5714285714285716,0,20,DATA SCIENTIST,3 tahun 11 bulan,MIDDLE,47,60.9976657327,96.5,91.31944444,1.268481508,1.1,78.63807432,78.63807432,0.0,42.886750818171436,42.886750818171436,0.5940530376388654
Work on computer vision and NLP,AI Engineer,516J6855,Data Scientist,2.5714285714285716,0,46,DATA SCIENTIST,2 tahun 5 bulan,JUNIOR,29,54.7360673438,80.0,96.96180556,11.10881594,1.0,63.41641108,63.41641108,1.0,34.819269300971435,34.819269300971435,0.31002369980343814
Work on computer vision and NLP,AI Engineer,528f3560,Data Analyst,1.0,2,55,DATA SCIENTIST,7 tahun 0 bulan,SENIOR,84,32.3536327033,90.0,94.11764706,44.61622935,1.0,64.269703,64.269703,0.0,34.532942590000005,34.532942590000005,0.2999430834489507
Work on computer vision and NLP,AI Engineer,528f3560,Data Analyst,1.0,2,55,DATA SCIENTIST,7 tahun 0 bulan,SENIOR,84,32.3536327033,90.0,94.11764706,44.61622935,1.0,64.269703,64.269703,0.0,34.532942590000005,34.532942590000005,0.2999430834489507
Work on computer vision and NLP,AI Engineer,5312eea4,Data Analyst,2.0,3,84,DATA ANALYST,2 tahun 2 bulan,MIDDLE,26,49.7969187675,86.0,92.79513889,46.9198146,1.0,70.0469465,70.0469465,2.0,38.064881645,38.064881645,0.42429097429046675
Work on computer vision and NLP,AI Engineer,544a3d1a,Data Scientist,2.7142857142857144,0,62,DATA SCIENTIST,4 tahun 2 bulan,MIDDLE,50,59.509354575,90.5,100.0,7.234474611,1.0,69.58669591,69.58669591,15.0,38.15666311801429,38.15666311801429,0.4275222963517855
Work on computer vision and NLP,AI Engineer,54b0fc4f,Data Analyst,3.4285714285714284,1,89,DATA ANALYST,2 tahun 2 bulan,MIDDLE,26,71.3084967321,88.5,98.61111111,6.180876807,1.0,71.78045298,71.78045298,3.0,39.655068650828575,39.655068650828575,0.4802761985933728
Work on computer vision and NLP,AI Engineer,557e30ab,Data Analyst,1.2857142857142858,2,29,DATA ANALYST,3 tahun 5 bulan,MIDDLE,41,53.7861081933,85.0,100.0,4.549017204,1.0,64.81437318,64.81437318,2.0,34.95590349968572,34.95590349968572,0.3148341379685275
Work on computer vision and NLP,AI Engineer,55b2e646,Data Scientist,4.0,1,57,AI ENGINEER,3 tahun 0 bulan,JUNIOR,36,50.15589986,90.0,100.0,0.871158899,1.3,85.36316737,85.36316737,0.0,47.122478706100004,47.122478706100004,0.7431790052279375
Work on computer vision and NLP,AI Engineer,57635c17,Data Analyst,1.2857142857142858,2,12,DATA ANALYST,3 tahun 3 bulan,MIDDLE,39,67.5095967558,90.0,99.21875,6.039999292,1.0,71.43352597,71.43352597,4.0,38.46405447838572,38.46405447838572,0.4383445293319894
Work on computer vision and NLP,AI Engineer,57ecf7ad,Data Analyst,1.0,2,27,MGT,5 tahun 1 bulan,-,61,3.4722222221,90.0,77.54010695,4.326516624,1.0,48.19519238,48.19519238,0.0,26.0134519614,26.0134519614,0.0
Work on computer vision and NLP,AI Engineer,5b749bf9,Data Engineer,1.1428571428571428,3,101,DATA ENGINEER,2 tahun 3 bulan,BASIC,27,34.81372549,90.0,86.63101604,10.06283501,1.2,70.83787239,70.83787239,3.0,38.081215223842854,38.081215223842854,0.4248660255717529
Work on computer vision and NLP,AI Engineer,5d16d190,Data Scientist,3.4285714285714284,0,99,DATA SCIENTIST,3 tahun 1 bulan,JUNIOR,37,62.2739437442,90.0,97.74305556,28.26078997,1.0,73.16053928,73.16053928,5.0,40.38651438982857,40.38651438982857,0.5060279835175505
Work on computer vision and NLP,AI Engineer,5dc773ce,Artificial Intelligence Engineer,4.0,0,35,DATA SCIENTIST,4 tahun 4 bulan,MIDDLE,52,72.0571603642,91.0,95.57291667,5.121161842,1.1,80.15052819,80.15052819,0.0,44.35977994070001,44.35977994070001,0.6459135204168044
Work on computer vision and NLP,AI Engineer,6131e4d7,Data Engineer,2.0,1,38,DATA ENGINEER,2 tahun 3 bulan,MIDDLE,27,58.5518732492,93.5,99.30555556,10.46636816,1.2,85.46875202,85.46875202,0.0,46.238438570599996,46.238438570599996,0.7120548763693
Work on computer vision and NLP,AI Engineer,64S57577,Data Scientist,4.0,1,40,DATA SCIENTIST,3 tahun 9 bulan,MIDDLE,45,73.6180643087,84.5,89.32291667,3.982774045,1.0,69.5311892,69.5311892,9.0,38.73153027600001,38.73153027600001,0.4477614673840219
Work on computer vision and NLP,AI Engineer,65054asd,Data Analyst,2.2857142857142856,2,10,DATA ANALYST,3 tahun 4 bulan,JUNIOR,40,70.5590744629,99.0,0.0,4.917061944,1.0,73.99273476,73.99273476,2.0,40.290435137085716,40.290435137085716,0.502645350848595
Work on computer vision and NLP,AI Engineer,66d21701,Data Analyst,3.4285714285714284,0,33,DATA ANALYST,4 tahun 3 bulan,JUNIOR,51,63.8499212188,81.5,83.07291667,3.823402466,1.0,64.77440963,64.77440963,0.0,35.941865675328565,35.941865675328565,0.3495466047131442
Work on computer vision and NLP,AI Engineer,6de6b041,Data Scientist,2.5714285714285716,3,16,DATA SCIENTIST,4 tahun 0 bulan,MIDDLE,48,59.6452497667,90.0,100.0,7.186353322,1.1,76.3103827,76.3103827,7.0,41.65307425957144,41.65307425957144,0.550619366883601
Work on computer vision and NLP,AI Engineer,6e0778a1,Data Scientist,2.7142857142857144,0,92,DATA SCIENTIST,3 tahun 1 bulan,JUNIOR,37,54.5927141687,70.0,97.91666667,4.665283496,1.0,57.55075558,57.55075558,2.0,31.777614743114288,31.777614743114288,0.20293710429647782
Work on computer vision and NLP,AI Engineer,6fb8c1a0,Data Scientist,3.142857142857143,3,75,DATA SCIENTIST,3 tahun 0 bulan,BASIC,36,61.1916404063,98.0,0.0,3.823402466,1.0,70.34689224,70.34689224,0.0,38.760995744342864,38.760995744342864,0.44879884905568596
Work on computer vision and NLP,AI Engineer,7176fcb0,Data Engineer,1.4285714285714286,3,104,DATA ENGINEER,7 tahun 0 bulan,SENIOR,84,75.0633578433,80.0,33.82352941,7.122781583,1.2,79.20577781,79.20577781,10.0,42.65049081072857,42.65049081072857,0.5857351043001994
Work on computer vision and NLP,AI Engineer,77571f19,Data Analyst,1.0,2,54,DATA ANALYST,3 tahun 1 bulan,JUNIOR,37,77.8103933242,100.0,100.0,5.536442394,1.0,79.32087607,79.32087607,0.0,42.510064317099996,42.510064317099996,0.5807911519756928
Work on computer vision and NLP,AI Engineer,7L762383,Data Analyst,2.2857142857142856,0,59,DATA ANALYST,1 tahun 10 bulan,MIDDLE,22,63.2588118579,88.5,94.96527778,2.554920958,1.0,68.65055253,68.65055253,0.0,37.45907855518571,37.45907855518571,0.4029626514313736
Work on computer vision and NLP,AI Engineer,7b6d04c9,Data Analyst,2.142857142857143,3,2,DATA ANALYST,4 tahun 5 bulan,MIDDLE,53,73.2388159429,86.0,100.0,4.742239915,1.0,70.9884555,70.9884555,4.0,38.63102427214286,38.63102427214286,0.4442229834515618
Work on computer vision and NLP,AI Engineer,7ba9df08,Data Analyst,1.4285714285714286,0,25,DATA ANALYST,3 tahun 1 bulan,MIDDLE,37,56.631039916,92.5,96.35416667,0.0,1.2,82.079429,82.079429,0.0,44.17352594142857,44.17352594142857,0.6393561332112088
Work on computer vision and NLP,AI Engineer,7d317bd2,Data Scientist,1.2857142857142858,2,90,DATA ANALYST,4 tahun 4 bulan,JUNIOR,52,63.7458566762,86.5,86.37152778,3.794124597,1.0,67.4194445,67.4194445,6.0,36.336591299285715,36.336591299285715,0.3634435882215907
Work on computer vision and NLP,AI Engineer,7dc30989,Data Scientist,4.428571428571429,1,73,DATA SCIENTIST,3 tahun 4 bulan,JUNIOR,40,92.1873832863,90.0,0.0,8.045322081,1.0,76.69106422,76.69106422,4.0,42.727692608028576,42.727692608028576,0.5884531242076607
Work on computer vision and NLP,AI Engineer,7fe7bd2c,Data Scientist,3.142857142857143,0,65,DATA SCIENTIST,2 tahun 2 bulan,JUNIOR,26,39.5228291321,89.5,99.30555556,6.121971713,1.0,63.07245784,63.07245784,5.0,34.90554551234286,34.90554551234286,0.31306119981314134
Work on computer vision and NLP,AI Engineer,8126543f,Data Scientist,2.857142857142857,0,85,DATA SCIENTIST,3 tahun 1 bulan,JUNIOR,37,63.1813433708,90.0,99.30555556,6.700326893,1.0,70.28096361,70.28096361,0.0,38.59176785615714,38.59176785615714,0.4428408949008234
Work on computer vision and NLP,AI Engineer,8387045b,Data Scientist,4.142857142857143,1,69,DATA SCIENTIST,4 tahun 4 bulan,MIDDLE,52,85.768554505,94.0,98.61111111,53.90204421,1.2,99.0,99.0,10.0,54.41714285714286,54.41714285714286,1.0
Work on computer vision and NLP,AI Engineer,859bd42e,Data Scientist,3.0,0,95,DATA SCIENTIST,3 tahun 5 bulan,JUNIOR,41,91.9510387488,95.0,100.0,9.232623263,1.0,81.52852324,81.52852324,1.0,44.6201173172,44.6201173172,0.6550791382745529
Work on computer vision and NLP,AI Engineer,85e8c8f1,Data Scientist,3.2857142857142856,0,105,DATA SCIENTIST,2 tahun 9 bulan,JUNIOR,33,86.9119456117,93.0,100.0,3.409887033,1.1,86.02380765,86.02380765,0.0,47.136903768785714,47.136903768785714,0.7436868639685025
Work on computer vision and NLP,AI Engineer,8K760816,Data Analyst,2.142857142857143,0,15,DATA ANALYST,2 tahun 8 bulan,MIDDLE,32,52.4918446546,98.5,100.0,3.455357726,1.0,70.91183125,70.91183125,8.0,38.590413419642864,38.590413419642864,0.4427932096714901
Work on computer vision and NLP,AI Engineer,9ab9d681,Data Scientist,4.0,1,18,DATA SCIENTIST,3 tahun 0 bulan,MIDDLE,36,31.3339898458,92.0,100.0,52.63227356,1.0,68.97507879,68.97507879,3.0,38.436791758700004,38.436791758700004,0.437384699154081
Work on computer vision and NLP,AI Engineer,a016ffe0,Data Scientist,3.7142857142857144,1,26,DATA SCIENTIST,3 tahun 1 bulan,MIDDLE,37,82.0345763308,64.0,34.49197861,6.239432544,1.2,71.75887324,71.75887324,3.0,39.77791710291429,39.77791710291429,0.48460128622147836
Work on computer vision and NLP,AI Engineer,a20ce132,Data Analyst,2.857142857142857,1,22,DATA ANALYST,2 tahun 9 bulan,MIDDLE,33,84.2864145654,95.0,98.61111111,10.2440888,1.2,95.23244671,95.23244671,0.0,51.81605389915715,51.81605389915715,0.9084242619195815
Work on computer vision and NLP,AI Engineer,a77b4e68,Data Scientist,1.4285714285714286,2,80,MGT,2 tahun 5 bulan,-,29,80.6774626521,90.0,100.0,29.57650728,1.0,78.85832029,78.85832029,0.0,42.46633832512857,42.46633832512857,0.5792517044393876
Work on computer vision and NLP,AI Engineer,a9fcd0c5,Data Analyst,1.1428571428571428,2,23,DATA ANALYST,2 tahun 1 bulan,MIDDLE,25,86.9994864617,91.5,100.0,7.075545771,1.1,85.847875,85.847875,9.0,46.03651660714286,46.03651660714286,0.7049458719727129
Work on computer vision and NLP,AI Engineer,ae73e946,Data Analyst,1.7142857142857142,2,72,DATA SCIENTIST,3 tahun 5 bulan,JUNIOR,41,83.7572654062,85.0,97.91666667,10.90515878,1.0,74.34235311,74.34235311,7.0,40.207161434014296,40.207161434014296,0.49971355922415156
Work on computer vision and NLP,AI Engineer,afb96c1d,Data Analyst,2.2857142857142856,0,19,DATA ANALYST,2 tahun 8 bulan,JUNIOR,32,77.4700746967,84.5,100.0,6.630101873,1.0,71.7649257,71.7649257,2.0,39.10969633528572,39.10969633528572,0.4610754433976952
Work on computer vision and NLP,AI Engineer,aff5a1f7,Data Engineer,1.4285714285714286,3,96,DATA ENGINEER,2 tahun 7 bulan,JUNIOR,31,69.9306139125,90.0,98.61111111,7.174163182,1.2,86.72069722,86.72069722,0.0,46.63339809802858,46.63339809802858,0.7259600948452474
Work on computer vision and NLP,AI Engineer,b0519d51,Data Scientist,2.2857142857142856,0,43,DATA SCIENTIST,4 tahun 1 bulan,JUNIOR,49,66.8638392858,92.0,99.30555556,4.723839233,1.1,79.24054742,79.24054742,0.0,43.071775846885714,43.071775846885714,0.6005671568564496
Work on computer vision and NLP,AI Engineer,b7ddf289,Artificial Intelligence Engineer,4.0,1,44,DATA SCIENTIST,1 tahun 2 bulan,JUNIOR,14,78.282819795,95.0,100.0,11.82325385,1.0,77.94660283,77.94660283,9.0,43.191699499900004,43.191699499900004,0.6047892719841799
Work on computer vision and NLP,AI Engineer,be2d891b,Data Scientist,4.0,1,14,AI ENGINEER,2 tahun 3 bulan,JUNIOR,27,70.2197654063,95.0,0.0,0.33375087,1.3,92.33751534,92.33751534,3.0,50.8188831302,50.8188831302,0.8733171776812227
Work on computer vision and NLP,AI Engineer,beb45f59,Data Analyst,1.1428571428571428,2,68,DATA ANALYST,3 tahun 4 bulan,MIDDLE,40,86.1330823996,80.0,98.61111111,6.436879162,1.0,71.94756403,71.94756403,2.0,38.66935179304285,38.66935179304285,0.4455723686790195
Work on computer vision and NLP,AI Engineer,c0b0190c,Data Analyst,3.5714285714285716,1,17,DATA SCIENTIST,6 tahun 5 bulan,MIDDLE,77,29.2835988563,84.0,22.19251337,4.068139436,1.0,53.16264673,53.16264673,29.0,29.85477419547143,29.85477419547143,0.13524024916941915
Work on computer vision and NLP,AI Engineer,c13b7f6c,Data Analyst,1.5714285714285714,2,34,DATA ANALYST,3 tahun 1 bulan,MIDDLE,37,87.4991246496,90.0,100.0,12.60600857,1.0,78.2842696,78.2842696,8.0,42.22923431657143,42.22923431657143,0.5709040566133553
Work on computer vision and NLP,AI Engineer,c4acf473,Data Analyst,1.1428571428571428,3,107,DATA ANALYST,2 tahun 9 bulan,JUNIOR,33,79.9589169,86.5,93.31597222,0.0,1.0,72.02498398,72.02498398,0.0,38.710384366542854,38.710384366542854,0.4470169898604926
Work on computer vision and NLP,AI Engineer,c5c364b3,Data Analyst,1.4285714285714286,0,60,DATA ANALYST,1 tahun 1 bulan,JUNIOR,13,40.932846055,100.0,16.57754011,1.742317797,1.0,64.65542017,64.65542017,0.0,34.938801261528575,34.938801261528575,0.3142320247354298
Work on computer vision and NLP,AI Engineer,c615b19e,Data Engineer,2.5714285714285716,3,63,DATA SCIENTIST,4 tahun 4 bulan,JUNIOR,52,71.0338060221,88.0,96.52777778,3.953496176,1.0,70.97960925,70.97960925,9.0,38.82776433107143,38.82776433107143,0.4511495501308963
Work on computer vision and NLP,AI Engineer,ccc8525a,Data Scientist,3.5714285714285716,1,47,DATA SCIENTIST,1 tahun 0 bulan,BASIC,12,75.7084500467,90.0,0.0,0.0,1.0,70.11863666,70.11863666,16.0,38.841448858371436,38.841448858371436,0.45163133707014436
Work on computer vision and NLP,AI Engineer,cdb6bf28,Artificial Intelligence Engineer,4.571428571428571,1,6,AI ENGINEER,7 tahun 1 bulan,MIDDLE,85,81.6822187204,91.0,0.0,3.667866596,1.3,95.09100733,95.09100733,14.0,52.54680531347143,52.54680531347143,0.9341516019683288
Work on computer vision and NLP,AI Engineer,cf9338b5,Data Scientist,2.7142857142857144,0,74,DATA SCIENTIST,1 tahun 0 bulan,BASIC,12,82.0043154762,90.0,35.29411765,3.321482848,1.0,72.67275856,72.67275856,8.0,39.79227632251429,39.79227632251429,0.48510682684479767
Work on computer vision and NLP,AI Engineer,d08b974d,Data Analyst,2.0,0,86,DATA ANALYST,2 tahun 9 bulan,MIDDLE,33,58.8772058825,93.5,97.91666667,0.871158899,1.0,69.7799626,69.7799626,0.0,37.923380178,37.923380178,0.4193091757094518
Work on computer vision and NLP,AI Engineer,d8c9672c,Data Analyst,3.4285714285714284,1,82,DATA ANALYST,2 tahun 4 bulan,MIDDLE,28,73.7417775442,90.5,95.05208333,9.595209262,1.0,73.7469197,73.7469197,0.0,40.69729601242857,40.69729601242857,0.5169695764161897
Work on computer vision and NLP,AI Engineer,ecc200ca,Data Engineer,1.4285714285714286,3,56,DATA ENGINEER,1 tahun 9 bulan,MIDDLE,21,71.0850840338,89.0,99.30555556,5.758942974,1.2,86.333236,86.333236,2.0,46.428043651428574,46.428043651428574,0.7187302440714952
Work on computer vision and NLP,AI Engineer,eed0f189,Data Analyst,1.4285714285714286,3,45,DATA ANALYST,2 tahun 10 bulan,MIDDLE,34,69.240079365,96.0,70.49910873,48.01347408,1.0,79.53001534,79.53001534,4.0,42.82233670162858,42.82233670162858,0.5917852296705528
Work on computer vision and NLP,AI Engineer,f007ee36,Artificial Intelligence Engineer,3.4285714285714284,0,70,AI ENGINEER,2 tahun 0 bulan,MIDDLE,24,40.1500350142,90.0,99.30555556,2.332863117,1.3,81.80872206,81.80872206,2.0,44.97005126322857,44.97005126322857,0.6673991549693205
Work on computer vision and NLP,AI Engineer,f2f08a05,Data Engineer,1.0,3,94,DATA ENGINEER,2 tahun 5 bulan,JUNIOR,29,59.4675711954,87.0,99.30555556,7.027424482,1.2,81.33092925,81.33092925,1.0,43.5753925025,43.5753925025,0.6182978333893987
Work on computer vision and NLP,AI Engineer,f6f88029,Data Analyst,1.4285714285714286,2,100,MGT,4 tahun 3 bulan,-,51,4.3391106446,90.0,78.20855615,6.010278684,1.0,48.76020407,48.76020407,0.0,26.514336728528573,26.514336728528573,0.01763449577616844
Work on computer vision and NLP,AI Engineer,fbc7621c,Data Scientist,2.2857142857142856,0,93,DATA SCIENTIST,8 tahun 6 bulan,MIDDLE,102,58.3732609713,75.0,100.0,12.17940809,1.0,62.37965806,62.37965806,0.0,34.135504486085715,34.135504486085715,0.2859506024938134
Work on computer vision and NLP,AI Engineer,ff56a859,Data Scientist,3.4285714285714284,0,97,DATA SCIENTIST,4 tahun 3 bulan,JUNIOR,51,71.9907037817,89.5,95.83333333,11.98196147,1.0,73.15820762,73.15820762,3.0,40.38527861002857,40.38527861002857,0.5059844757986229
