Responsibilities,Role,UNIQUE ID,Role Person,Avg_SkillScore,Cluster,NO,ROLE,LAMA KERJA BERJALAN,GRADE,Durasi Bulan,"Technical Score (29,06%)","Personal Evaluation Score (49,17%)","Discipline Score (15,06%)",Development Score (7%),Expert Judgement,Capability Score,scoring_eval
Analyze structured and unstructured data,Data Scientist,006bac9a,Data Analyst,3.0,3,7,DATA ANALYST,2 tahun 5 bulan,JUNIOR,29,24.3446545288,90.0,100.0,10.68886874,1.0,59.64183706,59.64183706
Analyze structured and unstructured data,Data Scientist,00c74be4,Data Scientist,2.75,3,106,DATA SCIENTIST,5 tahun 10 bulan,MIDDLE,70,65.8296276846,90.0,70.58823529,2.714292537,1.0,67.48966658,67.48966658
Analyze structured and unstructured data,Data Scientist,01c8c0ef,Data Scientist,3.85,1,67,DATA SCIENTIST,2 tahun 2 bulan,SENIOR,26,77.0315563725,92.0,96.35416667,6.32783673,1.1,82.53917202,82.53917202
Analyze structured and unstructured data,Data Scientist,01d1846b,Data Analyst,3.3,0,77,DATA ANALYST,4 tahun 3 bulan,JUNIOR,51,76.130287115,84.0,91.92708333,7.89858338,1.0,70.77981892,70.77981892
Analyze structured and unstructured data,Data Scientist,03ad7f49,Data Scientist,2.85,2,91,DATA SCIENTIST,3 tahun 4 bulan,JUNIOR,40,75.1958741829,90.0,0.0,4.519739335,1.0,70.74391915,70.74391915
Analyze structured and unstructured data,Data Scientist,0514ff91,Data Scientist,3.65,0,37,DATA SCIENTIST,3 tahun 4 bulan,MIDDLE,40,75.6379551821,90.0,100.0,11.44256681,1.0,74.661971,74.661971
Analyze structured and unstructured data,Data Scientist,056cd3f9,Data Engineer,3.55,3,48,DATA ENGINEER,7 tahun 7 bulan,SENIOR,91,80.4681314192,90.0,34.22459893,5.168397654,1.3,94.26532683,94.26532683
Analyze structured and unstructured data,Data Scientist,05eed8dc,Data Engineer,2.85,3,49,DATA ENGINEER,2 tahun 5 bulan,MIDDLE,29,62.7957662233,95.0,99.21875,8.595362988,1.2,87.48866032,87.48866032
Analyze structured and unstructured data,Data Scientist,106760ca,Data Engineer,4.85,1,21,DATA ENGINEER,1 tahun 11 bulan,MIDDLE,23,71.4513888888,91.25,100.0,8.016044212,1.2,88.25251765,88.25251765
Analyze structured and unstructured data,Data Scientist,123117c9,Data Analyst,2.35,2,32,DATA ANALYST,4 tahun 2 bulan,MIDDLE,50,70.4449813258,95.0,100.0,3.648580437,1.0,74.43733436,74.43733436
Analyze structured and unstructured data,Data Scientist,14d4dbd6,Data Analyst,2.5,2,108,DATA ANALYST,4 tahun 2 bulan,JUNIOR,50,79.6974498133,80.5,98.4375,3.111615146,1.0,69.81056917,69.81056917
Analyze structured and unstructured data,Data Scientist,1551c5ff,Data Analyst,2.75,2,66,DATA ANALYST,2 tahun 5 bulan,JUNIOR,29,79.0374358075,90.0,100.0,15.2788331,1.0,76.22782609,76.22782609
Analyze structured and unstructured data,Data Scientist,1667415a,Data Analyst,3.45,0,50,DATA ANALYST,4 tahun 1 bulan,JUNIOR,49,73.4773576096,90.0,100.0,10.26693491,1.0,73.85696587,73.85696587
Analyze structured and unstructured data,Data Scientist,1672e04a,Data Analyst,3.85,3,41,DATA ANALYST,4 tahun 3 bulan,JUNIOR,51,69.8277310925,86.0,100.0,7.456011595,1.0,70.40596081,70.40596081
Analyze structured and unstructured data,Data Scientist,17466c54,Data Analyst,2.85,2,11,DATA ANALYST,3 tahun 1 bulan,JUNIOR,37,49.8728816529,90.0,100.0,7.676082801,1.0,66.60685575,66.60685575
Analyze structured and unstructured data,Data Scientist,1893af41,Data Analyst,2.8,2,103,DATA SCIENTIST,1 tahun 1 bulan,JUNIOR,13,37.5269607842,98.0,29.01069519,0.0,1.0,62.25313576,62.25313576
Analyze structured and unstructured data,Data Scientist,1dbecdbe,Data Scientist,2.85,0,4,DATA SCIENTIST,2 tahun 3 bulan,JUNIOR,27,85.3527602713,90.0,99.30555556,6.414697312,1.0,76.68127695,76.68127695
Analyze structured and unstructured data,Data Scientist,29e9efd9,Data Engineer,3.45,3,61,DATA ENGINEER,3 tahun 1 bulan,MIDDLE,37,72.8804563492,94.0,99.30555556,9.72908414,1.2,90.62742563,90.62742563
Analyze structured and unstructured data,Data Scientist,2d801262,Data Analyst,3.5,0,9,DATA ANALYST,2 tahun 10 bulan,MIDDLE,34,80.3460259104,90.0,95.74652778,10.27336667,1.1,83.12594823,83.12594823
Analyze structured and unstructured data,Data Scientist,31e8a51f,Data Scientist,2.75,0,98,DATA SCIENTIST,2 tahun 9 bulan,JUNIOR,33,52.8933765175,90.0,65.10695187,6.407601293,1.0,64.07121964,64.07121964
Analyze structured and unstructured data,Data Scientist,3350383a,Artificial Intelligence Engineer,4.5,1,30,AI ENGINEER,3 tahun 9 bulan,MIDDLE,45,54.1797239725,95.5,96.44097222,11.49637749,1.3,92.17002068,92.17002068
Analyze structured and unstructured data,Data Scientist,365fc87a,Data Analyst,3.0,0,110,DATA ANALYST,2 tahun 5 bulan,BASIC,29,80.8585434175,90.0,8.155080214,6.607477284,1.0,72.88466719,72.88466719
Analyze structured and unstructured data,Data Scientist,36cf70f2,Artificial Intelligence Engineer,3.85,1,58,AI ENGINEER,2 tahun 5 bulan,MIDDLE,29,43.5532358775,89.5,100.0,11.83988942,1.3,84.69716654,84.69716654
Analyze structured and unstructured data,Data Scientist,3951d86b,Data Scientist,4.5,1,78,DATA SCIENTIST,3 tahun 1 bulan,JUNIOR,37,55.4426062092,95.0,100.0,4.279280813,1.0,70.17243405,70.17243405
Analyze structured and unstructured data,Data Scientist,39c4596a,Data Scientist,3.4,0,42,DATA SCIENTIST,3 tahun 5 bulan,JUNIOR,41,60.7098506071,80.0,97.91666667,4.694561364,1.0,64.25018915,64.25018915
Analyze structured and unstructured data,Data Scientist,3cac7e99,Data Scientist,3.35,0,88,DATA SCIENTIST,10 tahun 2 bulan,SENIOR,122,88.3660831,98.0,34.22459893,51.7318368,1.0,87.21080158,87.21080158
Analyze structured and unstructured data,Data Scientist,42e7a026,Data Analyst,3.5,0,64,DATA ANALYST,2 tahun 6 bulan,JUNIOR,30,73.5210696779,89.0,99.21875,4.472503523,1.0,72.45268383,72.45268383
Analyze structured and unstructured data,Data Scientist,46fd6e1c,Data Analyst,2.5,2,5,DATA SCIENTIST,1 tahun 2 bulan,JUNIOR,14,67.4580357142,90.0,100.0,11.7055718,1.0,72.32438573,72.32438573
Analyze structured and unstructured data,Data Scientist,47d42365,Data Engineer,3.65,3,53,DATA ENGINEER,4 tahun 4 bulan,JUNIOR,52,71.9768703312,91.5,97.82986111,3.794124597,1.2,87.64556985,87.64556985
Analyze structured and unstructured data,Data Scientist,4cba2f2d,Artificial Intelligence Engineer,2.65,0,36,AI ENGINEER,1 tahun 7 bulan,JUNIOR,19,66.0502450979,95.0,100.0,5.817498712,1.2,84.80862745,84.80862745
Analyze structured and unstructured data,Data Scientist,4d57b04b,Data Scientist,2.95,0,20,DATA SCIENTIST,3 tahun 11 bulan,MIDDLE,47,60.9976657327,96.5,91.31944444,1.268481508,1.1,78.63807432,78.63807432
Analyze structured and unstructured data,Data Scientist,516J6855,Data Scientist,2.9,0,46,DATA SCIENTIST,2 tahun 5 bulan,JUNIOR,29,54.7360673438,80.0,96.96180556,11.10881594,1.0,63.41641108,63.41641108
Analyze structured and unstructured data,Data Scientist,528f3560,Data Analyst,2.35,2,55,DATA SCIENTIST,7 tahun 0 bulan,SENIOR,84,32.3536327033,90.0,94.11764706,44.61622935,1.0,64.269703,64.269703
Analyze structured and unstructured data,Data Scientist,528f3560,Data Analyst,2.35,2,55,DATA SCIENTIST,7 tahun 0 bulan,SENIOR,84,32.3536327033,90.0,94.11764706,44.61622935,1.0,64.269703,64.269703
Analyze structured and unstructured data,Data Scientist,5312eea4,Data Analyst,2.8,3,84,DATA ANALYST,2 tahun 2 bulan,MIDDLE,26,49.7969187675,86.0,92.79513889,46.9198146,1.0,70.0469465,70.0469465
Analyze structured and unstructured data,Data Scientist,544a3d1a,Data Scientist,3.25,0,62,DATA SCIENTIST,4 tahun 2 bulan,MIDDLE,50,59.509354575,90.5,100.0,7.234474611,1.0,69.58669591,69.58669591
Analyze structured and unstructured data,Data Scientist,54b0fc4f,Data Analyst,4.2,1,89,DATA ANALYST,2 tahun 2 bulan,MIDDLE,26,71.3084967321,88.5,98.61111111,6.180876807,1.0,71.78045298,71.78045298
Analyze structured and unstructured data,Data Scientist,557e30ab,Data Analyst,2.3,2,29,DATA ANALYST,3 tahun 5 bulan,MIDDLE,41,53.7861081933,85.0,100.0,4.549017204,1.0,64.81437318,64.81437318
Analyze structured and unstructured data,Data Scientist,55b2e646,Data Scientist,3.75,1,57,AI ENGINEER,3 tahun 0 bulan,JUNIOR,36,50.15589986,90.0,100.0,0.871158899,1.3,85.36316737,85.36316737
Analyze structured and unstructured data,Data Scientist,57635c17,Data Analyst,1.9,2,12,DATA ANALYST,3 tahun 3 bulan,MIDDLE,39,67.5095967558,90.0,99.21875,6.039999292,1.0,71.43352597,71.43352597
Analyze structured and unstructured data,Data Scientist,57ecf7ad,Data Analyst,1.0,2,27,MGT,5 tahun 1 bulan,-,61,3.4722222221,90.0,77.54010695,4.326516624,1.0,48.19519238,48.19519238
Analyze structured and unstructured data,Data Scientist,5b749bf9,Data Engineer,2.85,3,101,DATA ENGINEER,2 tahun 3 bulan,BASIC,27,34.81372549,90.0,86.63101604,10.06283501,1.2,70.83787239,70.83787239
Analyze structured and unstructured data,Data Scientist,5d16d190,Data Scientist,3.5,0,99,DATA SCIENTIST,3 tahun 1 bulan,JUNIOR,37,62.2739437442,90.0,97.74305556,28.26078997,1.0,73.16053928,73.16053928
Analyze structured and unstructured data,Data Scientist,5dc773ce,Artificial Intelligence Engineer,3.95,0,35,DATA SCIENTIST,4 tahun 4 bulan,MIDDLE,52,72.0571603642,91.0,95.57291667,5.121161842,1.1,80.15052819,80.15052819
Analyze structured and unstructured data,Data Scientist,6131e4d7,Data Engineer,4.25,1,38,DATA ENGINEER,2 tahun 3 bulan,MIDDLE,27,58.5518732492,93.5,99.30555556,10.46636816,1.2,85.46875202,85.46875202
Analyze structured and unstructured data,Data Scientist,64S57577,Data Scientist,4.4,1,40,DATA SCIENTIST,3 tahun 9 bulan,MIDDLE,45,73.6180643087,84.5,89.32291667,3.982774045,1.0,69.5311892,69.5311892
Analyze structured and unstructured data,Data Scientist,65054asd,Data Analyst,2.75,2,10,DATA ANALYST,3 tahun 4 bulan,JUNIOR,40,70.5590744629,99.0,0.0,4.917061944,1.0,73.99273476,73.99273476
Analyze structured and unstructured data,Data Scientist,66d21701,Data Analyst,4.1,0,33,DATA ANALYST,4 tahun 3 bulan,JUNIOR,51,63.8499212188,81.5,83.07291667,3.823402466,1.0,64.77440963,64.77440963
Analyze structured and unstructured data,Data Scientist,6de6b041,Data Scientist,3.1578947368421053,3,16,DATA SCIENTIST,4 tahun 0 bulan,MIDDLE,48,59.6452497667,90.0,100.0,7.186353322,1.1,76.3103827,76.3103827
Analyze structured and unstructured data,Data Scientist,6e0778a1,Data Scientist,3.45,0,92,DATA SCIENTIST,3 tahun 1 bulan,JUNIOR,37,54.5927141687,70.0,97.91666667,4.665283496,1.0,57.55075558,57.55075558
Analyze structured and unstructured data,Data Scientist,6fb8c1a0,Data Scientist,3.6,3,75,DATA SCIENTIST,3 tahun 0 bulan,BASIC,36,61.1916404063,98.0,0.0,3.823402466,1.0,70.34689224,70.34689224
Analyze structured and unstructured data,Data Scientist,7176fcb0,Data Engineer,3.75,3,104,DATA ENGINEER,7 tahun 0 bulan,SENIOR,84,75.0633578433,80.0,33.82352941,7.122781583,1.2,79.20577781,79.20577781
Analyze structured and unstructured data,Data Scientist,77571f19,Data Analyst,2.2,2,54,DATA ANALYST,3 tahun 1 bulan,JUNIOR,37,77.8103933242,100.0,100.0,5.536442394,1.0,79.32087607,79.32087607
Analyze structured and unstructured data,Data Scientist,7L762383,Data Analyst,3.85,0,59,DATA ANALYST,1 tahun 10 bulan,MIDDLE,22,63.2588118579,88.5,94.96527778,2.554920958,1.0,68.65055253,68.65055253
Analyze structured and unstructured data,Data Scientist,7b6d04c9,Data Analyst,3.35,3,2,DATA ANALYST,4 tahun 5 bulan,MIDDLE,53,73.2388159429,86.0,100.0,4.742239915,1.0,70.9884555,70.9884555
Analyze structured and unstructured data,Data Scientist,7ba9df08,Data Analyst,4.15,0,25,DATA ANALYST,3 tahun 1 bulan,MIDDLE,37,56.631039916,92.5,96.35416667,0.0,1.2,82.079429,82.079429
Analyze structured and unstructured data,Data Scientist,7d317bd2,Data Scientist,1.2,2,90,DATA ANALYST,4 tahun 4 bulan,JUNIOR,52,63.7458566762,86.5,86.37152778,3.794124597,1.0,67.4194445,67.4194445
Analyze structured and unstructured data,Data Scientist,7dc30989,Data Scientist,3.75,1,73,DATA SCIENTIST,3 tahun 4 bulan,JUNIOR,40,92.1873832863,90.0,0.0,8.045322081,1.0,76.69106422,76.69106422
Analyze structured and unstructured data,Data Scientist,7fe7bd2c,Data Scientist,3.35,0,65,DATA SCIENTIST,2 tahun 2 bulan,JUNIOR,26,39.5228291321,89.5,99.30555556,6.121971713,1.0,63.07245784,63.07245784
Analyze structured and unstructured data,Data Scientist,8126543f,Data Scientist,3.2,0,85,DATA SCIENTIST,3 tahun 1 bulan,JUNIOR,37,63.1813433708,90.0,99.30555556,6.700326893,1.0,70.28096361,70.28096361
Analyze structured and unstructured data,Data Scientist,8387045b,Data Scientist,4.0,1,69,DATA SCIENTIST,4 tahun 4 bulan,MIDDLE,52,85.768554505,94.0,98.61111111,53.90204421,1.2,99.0,99.0
Analyze structured and unstructured data,Data Scientist,859bd42e,Data Scientist,3.8,0,95,DATA SCIENTIST,3 tahun 5 bulan,JUNIOR,41,91.9510387488,95.0,100.0,9.232623263,1.0,81.52852324,81.52852324
Analyze structured and unstructured data,Data Scientist,85e8c8f1,Data Scientist,4.15,0,105,DATA SCIENTIST,2 tahun 9 bulan,JUNIOR,33,86.9119456117,93.0,100.0,3.409887033,1.1,86.02380765,86.02380765
Analyze structured and unstructured data,Data Scientist,8K760816,Data Analyst,3.4,0,15,DATA ANALYST,2 tahun 8 bulan,MIDDLE,32,52.4918446546,98.5,100.0,3.455357726,1.0,70.91183125,70.91183125
Analyze structured and unstructured data,Data Scientist,9ab9d681,Data Scientist,3.95,1,18,DATA SCIENTIST,3 tahun 0 bulan,MIDDLE,36,31.3339898458,92.0,100.0,52.63227356,1.0,68.97507879,68.97507879
Analyze structured and unstructured data,Data Scientist,a016ffe0,Data Scientist,4.1,1,26,DATA SCIENTIST,3 tahun 1 bulan,MIDDLE,37,82.0345763308,64.0,34.49197861,6.239432544,1.2,71.75887324,71.75887324
Analyze structured and unstructured data,Data Scientist,a20ce132,Data Analyst,4.65,1,22,DATA ANALYST,2 tahun 9 bulan,MIDDLE,33,84.2864145654,95.0,98.61111111,10.2440888,1.2,95.23244671,95.23244671
Analyze structured and unstructured data,Data Scientist,a77b4e68,Data Scientist,2.3,2,80,MGT,2 tahun 5 bulan,-,29,80.6774626521,90.0,100.0,29.57650728,1.0,78.85832029,78.85832029
Analyze structured and unstructured data,Data Scientist,a9fcd0c5,Data Analyst,2.85,2,23,DATA ANALYST,2 tahun 1 bulan,MIDDLE,25,86.9994864617,91.5,100.0,7.075545771,1.1,85.847875,85.847875
Analyze structured and unstructured data,Data Scientist,ae73e946,Data Analyst,2.2,2,72,DATA SCIENTIST,3 tahun 5 bulan,JUNIOR,41,83.7572654062,85.0,97.91666667,10.90515878,1.0,74.34235311,74.34235311
Analyze structured and unstructured data,Data Scientist,afb96c1d,Data Analyst,3.3,0,19,DATA ANALYST,2 tahun 8 bulan,JUNIOR,32,77.4700746967,84.5,100.0,6.630101873,1.0,71.7649257,71.7649257
Analyze structured and unstructured data,Data Scientist,aff5a1f7,Data Engineer,4.05,3,96,DATA ENGINEER,2 tahun 7 bulan,JUNIOR,31,69.9306139125,90.0,98.61111111,7.174163182,1.2,86.72069722,86.72069722
Analyze structured and unstructured data,Data Scientist,b0519d51,Data Scientist,3.4,0,43,DATA SCIENTIST,4 tahun 1 bulan,JUNIOR,49,66.8638392858,92.0,99.30555556,4.723839233,1.1,79.24054742,79.24054742
Analyze structured and unstructured data,Data Scientist,b7ddf289,Artificial Intelligence Engineer,3.55,1,44,DATA SCIENTIST,1 tahun 2 bulan,JUNIOR,14,78.282819795,95.0,100.0,11.82325385,1.0,77.94660283,77.94660283
Analyze structured and unstructured data,Data Scientist,be2d891b,Data Scientist,4.3,1,14,AI ENGINEER,2 tahun 3 bulan,JUNIOR,27,70.2197654063,95.0,0.0,0.33375087,1.3,92.33751534,92.33751534
Analyze structured and unstructured data,Data Scientist,beb45f59,Data Analyst,3.3,2,68,DATA ANALYST,3 tahun 4 bulan,MIDDLE,40,86.1330823996,80.0,98.61111111,6.436879162,1.0,71.94756403,71.94756403
Analyze structured and unstructured data,Data Scientist,c0b0190c,Data Analyst,4.15,1,17,DATA SCIENTIST,6 tahun 5 bulan,MIDDLE,77,29.2835988563,84.0,22.19251337,4.068139436,1.0,53.16264673,53.16264673
Analyze structured and unstructured data,Data Scientist,c13b7f6c,Data Analyst,2.35,2,34,DATA ANALYST,3 tahun 1 bulan,MIDDLE,37,87.4991246496,90.0,100.0,12.60600857,1.0,78.2842696,78.2842696
Analyze structured and unstructured data,Data Scientist,c4acf473,Data Analyst,4.0,3,107,DATA ANALYST,2 tahun 9 bulan,JUNIOR,33,79.9589169,86.5,93.31597222,0.0,1.0,72.02498398,72.02498398
Analyze structured and unstructured data,Data Scientist,c5c364b3,Data Analyst,3.7,0,60,DATA ANALYST,1 tahun 1 bulan,JUNIOR,13,40.932846055,100.0,16.57754011,1.742317797,1.0,64.65542017,64.65542017
Analyze structured and unstructured data,Data Scientist,c615b19e,Data Engineer,3.95,3,63,DATA SCIENTIST,4 tahun 4 bulan,JUNIOR,52,71.0338060221,88.0,96.52777778,3.953496176,1.0,70.97960925,70.97960925
Analyze structured and unstructured data,Data Scientist,ccc8525a,Data Scientist,3.5,1,47,DATA SCIENTIST,1 tahun 0 bulan,BASIC,12,75.7084500467,90.0,0.0,0.0,1.0,70.11863666,70.11863666
Analyze structured and unstructured data,Data Scientist,cdb6bf28,Artificial Intelligence Engineer,4.35,1,6,AI ENGINEER,7 tahun 1 bulan,MIDDLE,85,81.6822187204,91.0,0.0,3.667866596,1.3,95.09100733,95.09100733
Analyze structured and unstructured data,Data Scientist,cf9338b5,Data Scientist,2.95,0,74,DATA SCIENTIST,1 tahun 0 bulan,BASIC,12,82.0043154762,90.0,35.29411765,3.321482848,1.0,72.67275856,72.67275856
Analyze structured and unstructured data,Data Scientist,d08b974d,Data Analyst,2.9,0,86,DATA ANALYST,2 tahun 9 bulan,MIDDLE,33,58.8772058825,93.5,97.91666667,0.871158899,1.0,69.7799626,69.7799626
Analyze structured and unstructured data,Data Scientist,d8c9672c,Data Analyst,3.95,1,82,DATA ANALYST,2 tahun 4 bulan,MIDDLE,28,73.7417775442,90.5,95.05208333,9.595209262,1.0,73.7469197,73.7469197
Analyze structured and unstructured data,Data Scientist,ecc200ca,Data Engineer,3.45,3,56,DATA ENGINEER,1 tahun 9 bulan,MIDDLE,21,71.0850840338,89.0,99.30555556,5.758942974,1.2,86.333236,86.333236
Analyze structured and unstructured data,Data Scientist,eed0f189,Data Analyst,3.2,3,45,DATA ANALYST,2 tahun 10 bulan,MIDDLE,34,69.240079365,96.0,70.49910873,48.01347408,1.0,79.53001534,79.53001534
Analyze structured and unstructured data,Data Scientist,f007ee36,Artificial Intelligence Engineer,3.25,0,70,AI ENGINEER,2 tahun 0 bulan,MIDDLE,24,40.1500350142,90.0,99.30555556,2.332863117,1.3,81.80872206,81.80872206
Analyze structured and unstructured data,Data Scientist,f2f08a05,Data Engineer,2.9,3,94,DATA ENGINEER,2 tahun 5 bulan,JUNIOR,29,59.4675711954,87.0,99.30555556,7.027424482,1.2,81.33092925,81.33092925
Analyze structured and unstructured data,Data Scientist,f6f88029,Data Analyst,1.35,2,100,MGT,4 tahun 3 bulan,-,51,4.3391106446,90.0,78.20855615,6.010278684,1.0,48.76020407,48.76020407
Analyze structured and unstructured data,Data Scientist,fbc7621c,Data Scientist,3.4,0,93,DATA SCIENTIST,8 tahun 6 bulan,MIDDLE,102,58.3732609713,75.0,100.0,12.17940809,1.0,62.37965806,62.37965806
Analyze structured and unstructured data,Data Scientist,ff56a859,Data Scientist,4.25,0,97,DATA SCIENTIST,4 tahun 3 bulan,JUNIOR,51,71.9907037817,89.5,95.83333333,11.98196147,1.0,73.15820762,73.15820762
Automate data analysis workflows,Data Scientist,006bac9a,Data Analyst,2.8333333333333335,3,7,DATA ANALYST,2 tahun 5 bulan,JUNIOR,29,24.3446545288,90.0,100.0,10.68886874,1.0,59.64183706,59.64183706
Automate data analysis workflows,Data Scientist,00c74be4,Data Scientist,2.5416666666666665,3,106,DATA SCIENTIST,5 tahun 10 bulan,MIDDLE,70,65.8296276846,90.0,70.58823529,2.714292537,1.0,67.48966658,67.48966658
Automate data analysis workflows,Data Scientist,01c8c0ef,Data Scientist,3.625,1,67,DATA SCIENTIST,2 tahun 2 bulan,SENIOR,26,77.0315563725,92.0,96.35416667,6.32783673,1.1,82.53917202,82.53917202
Automate data analysis workflows,Data Scientist,01d1846b,Data Analyst,2.3333333333333335,0,77,DATA ANALYST,4 tahun 3 bulan,JUNIOR,51,76.130287115,84.0,91.92708333,7.89858338,1.0,70.77981892,70.77981892
Automate data analysis workflows,Data Scientist,03ad7f49,Data Scientist,1.6666666666666667,2,91,DATA SCIENTIST,3 tahun 4 bulan,JUNIOR,40,75.1958741829,90.0,0.0,4.519739335,1.0,70.74391915,70.74391915
Automate data analysis workflows,Data Scientist,0514ff91,Data Scientist,2.0,0,37,DATA SCIENTIST,3 tahun 4 bulan,MIDDLE,40,75.6379551821,90.0,100.0,11.44256681,1.0,74.661971,74.661971
Automate data analysis workflows,Data Scientist,056cd3f9,Data Engineer,3.5,3,48,DATA ENGINEER,7 tahun 7 bulan,SENIOR,91,80.4681314192,90.0,34.22459893,5.168397654,1.3,94.26532683,94.26532683
Automate data analysis workflows,Data Scientist,05eed8dc,Data Engineer,3.2083333333333335,3,49,DATA ENGINEER,2 tahun 5 bulan,MIDDLE,29,62.7957662233,95.0,99.21875,8.595362988,1.2,87.48866032,87.48866032
Automate data analysis workflows,Data Scientist,106760ca,Data Engineer,4.625,1,21,DATA ENGINEER,1 tahun 11 bulan,MIDDLE,23,71.4513888888,91.25,100.0,8.016044212,1.2,88.25251765,88.25251765
Automate data analysis workflows,Data Scientist,123117c9,Data Analyst,1.4166666666666667,2,32,DATA ANALYST,4 tahun 2 bulan,MIDDLE,50,70.4449813258,95.0,100.0,3.648580437,1.0,74.43733436,74.43733436
Automate data analysis workflows,Data Scientist,14d4dbd6,Data Analyst,1.5833333333333333,2,108,DATA ANALYST,4 tahun 2 bulan,JUNIOR,50,79.6974498133,80.5,98.4375,3.111615146,1.0,69.81056917,69.81056917
Automate data analysis workflows,Data Scientist,1551c5ff,Data Analyst,1.4583333333333333,2,66,DATA ANALYST,2 tahun 5 bulan,JUNIOR,29,79.0374358075,90.0,100.0,15.2788331,1.0,76.22782609,76.22782609
Automate data analysis workflows,Data Scientist,1667415a,Data Analyst,2.6666666666666665,0,50,DATA ANALYST,4 tahun 1 bulan,JUNIOR,49,73.4773576096,90.0,100.0,10.26693491,1.0,73.85696587,73.85696587
Automate data analysis workflows,Data Scientist,1672e04a,Data Analyst,3.0416666666666665,3,41,DATA ANALYST,4 tahun 3 bulan,JUNIOR,51,69.8277310925,86.0,100.0,7.456011595,1.0,70.40596081,70.40596081
Automate data analysis workflows,Data Scientist,17466c54,Data Analyst,1.7916666666666667,2,11,DATA ANALYST,3 tahun 1 bulan,JUNIOR,37,49.8728816529,90.0,100.0,7.676082801,1.0,66.60685575,66.60685575
Automate data analysis workflows,Data Scientist,1893af41,Data Analyst,1.75,2,103,DATA SCIENTIST,1 tahun 1 bulan,JUNIOR,13,37.5269607842,98.0,29.01069519,0.0,1.0,62.25313576,62.25313576
Automate data analysis workflows,Data Scientist,1dbecdbe,Data Scientist,2.2083333333333335,0,4,DATA SCIENTIST,2 tahun 3 bulan,JUNIOR,27,85.3527602713,90.0,99.30555556,6.414697312,1.0,76.68127695,76.68127695
Automate data analysis workflows,Data Scientist,29e9efd9,Data Engineer,3.2916666666666665,3,61,DATA ENGINEER,3 tahun 1 bulan,MIDDLE,37,72.8804563492,94.0,99.30555556,9.72908414,1.2,90.62742563,90.62742563
Automate data analysis workflows,Data Scientist,2d801262,Data Analyst,2.75,0,9,DATA ANALYST,2 tahun 10 bulan,MIDDLE,34,80.3460259104,90.0,95.74652778,10.27336667,1.1,83.12594823,83.12594823
Automate data analysis workflows,Data Scientist,31e8a51f,Data Scientist,2.2916666666666665,0,98,DATA SCIENTIST,2 tahun 9 bulan,JUNIOR,33,52.8933765175,90.0,65.10695187,6.407601293,1.0,64.07121964,64.07121964
Automate data analysis workflows,Data Scientist,3350383a,Artificial Intelligence Engineer,4.25,1,30,AI ENGINEER,3 tahun 9 bulan,MIDDLE,45,54.1797239725,95.5,96.44097222,11.49637749,1.3,92.17002068,92.17002068
Automate data analysis workflows,Data Scientist,365fc87a,Data Analyst,2.2916666666666665,0,110,DATA ANALYST,2 tahun 5 bulan,BASIC,29,80.8585434175,90.0,8.155080214,6.607477284,1.0,72.88466719,72.88466719
Automate data analysis workflows,Data Scientist,36cf70f2,Artificial Intelligence Engineer,3.25,1,58,AI ENGINEER,2 tahun 5 bulan,MIDDLE,29,43.5532358775,89.5,100.0,11.83988942,1.3,84.69716654,84.69716654
Automate data analysis workflows,Data Scientist,3951d86b,Data Scientist,4.125,1,78,DATA SCIENTIST,3 tahun 1 bulan,JUNIOR,37,55.4426062092,95.0,100.0,4.279280813,1.0,70.17243405,70.17243405
Automate data analysis workflows,Data Scientist,39c4596a,Data Scientist,2.4166666666666665,0,42,DATA SCIENTIST,3 tahun 5 bulan,JUNIOR,41,60.7098506071,80.0,97.91666667,4.694561364,1.0,64.25018915,64.25018915
Automate data analysis workflows,Data Scientist,3cac7e99,Data Scientist,2.4583333333333335,0,88,DATA SCIENTIST,10 tahun 2 bulan,SENIOR,122,88.3660831,98.0,34.22459893,51.7318368,1.0,87.21080158,87.21080158
Automate data analysis workflows,Data Scientist,42e7a026,Data Analyst,2.5833333333333335,0,64,DATA ANALYST,2 tahun 6 bulan,JUNIOR,30,73.5210696779,89.0,99.21875,4.472503523,1.0,72.45268383,72.45268383
Automate data analysis workflows,Data Scientist,46fd6e1c,Data Analyst,2.0416666666666665,2,5,DATA SCIENTIST,1 tahun 2 bulan,JUNIOR,14,67.4580357142,90.0,100.0,11.7055718,1.0,72.32438573,72.32438573
Automate data analysis workflows,Data Scientist,47d42365,Data Engineer,3.5833333333333335,3,53,DATA ENGINEER,4 tahun 4 bulan,JUNIOR,52,71.9768703312,91.5,97.82986111,3.794124597,1.2,87.64556985,87.64556985
Automate data analysis workflows,Data Scientist,4cba2f2d,Artificial Intelligence Engineer,2.4583333333333335,0,36,AI ENGINEER,1 tahun 7 bulan,JUNIOR,19,66.0502450979,95.0,100.0,5.817498712,1.2,84.80862745,84.80862745
Automate data analysis workflows,Data Scientist,4d57b04b,Data Scientist,2.6666666666666665,0,20,DATA SCIENTIST,3 tahun 11 bulan,MIDDLE,47,60.9976657327,96.5,91.31944444,1.268481508,1.1,78.63807432,78.63807432
Automate data analysis workflows,Data Scientist,516J6855,Data Scientist,1.9166666666666667,0,46,DATA SCIENTIST,2 tahun 5 bulan,JUNIOR,29,54.7360673438,80.0,96.96180556,11.10881594,1.0,63.41641108,63.41641108
Automate data analysis workflows,Data Scientist,528f3560,Data Analyst,1.3333333333333333,2,55,DATA SCIENTIST,7 tahun 0 bulan,SENIOR,84,32.3536327033,90.0,94.11764706,44.61622935,1.0,64.269703,64.269703
Automate data analysis workflows,Data Scientist,528f3560,Data Analyst,1.3333333333333333,2,55,DATA SCIENTIST,7 tahun 0 bulan,SENIOR,84,32.3536327033,90.0,94.11764706,44.61622935,1.0,64.269703,64.269703
Automate data analysis workflows,Data Scientist,5312eea4,Data Analyst,2.75,3,84,DATA ANALYST,2 tahun 2 bulan,MIDDLE,26,49.7969187675,86.0,92.79513889,46.9198146,1.0,70.0469465,70.0469465
Automate data analysis workflows,Data Scientist,544a3d1a,Data Scientist,2.5833333333333335,0,62,DATA SCIENTIST,4 tahun 2 bulan,MIDDLE,50,59.509354575,90.5,100.0,7.234474611,1.0,69.58669591,69.58669591
Automate data analysis workflows,Data Scientist,54b0fc4f,Data Analyst,3.2083333333333335,1,89,DATA ANALYST,2 tahun 2 bulan,MIDDLE,26,71.3084967321,88.5,98.61111111,6.180876807,1.0,71.78045298,71.78045298
Automate data analysis workflows,Data Scientist,557e30ab,Data Analyst,1.5833333333333333,2,29,DATA ANALYST,3 tahun 5 bulan,MIDDLE,41,53.7861081933,85.0,100.0,4.549017204,1.0,64.81437318,64.81437318
Automate data analysis workflows,Data Scientist,55b2e646,Data Scientist,3.4166666666666665,1,57,AI ENGINEER,3 tahun 0 bulan,JUNIOR,36,50.15589986,90.0,100.0,0.871158899,1.3,85.36316737,85.36316737
Automate data analysis workflows,Data Scientist,57635c17,Data Analyst,1.3333333333333333,2,12,DATA ANALYST,3 tahun 3 bulan,MIDDLE,39,67.5095967558,90.0,99.21875,6.039999292,1.0,71.43352597,71.43352597
Automate data analysis workflows,Data Scientist,57ecf7ad,Data Analyst,1.0,2,27,MGT,5 tahun 1 bulan,-,61,3.4722222221,90.0,77.54010695,4.326516624,1.0,48.19519238,48.19519238
Automate data analysis workflows,Data Scientist,5b749bf9,Data Engineer,2.625,3,101,DATA ENGINEER,2 tahun 3 bulan,BASIC,27,34.81372549,90.0,86.63101604,10.06283501,1.2,70.83787239,70.83787239
Automate data analysis workflows,Data Scientist,5d16d190,Data Scientist,2.6666666666666665,0,99,DATA SCIENTIST,3 tahun 1 bulan,JUNIOR,37,62.2739437442,90.0,97.74305556,28.26078997,1.0,73.16053928,73.16053928
Automate data analysis workflows,Data Scientist,5dc773ce,Artificial Intelligence Engineer,2.75,0,35,DATA SCIENTIST,4 tahun 4 bulan,MIDDLE,52,72.0571603642,91.0,95.57291667,5.121161842,1.1,80.15052819,80.15052819
Automate data analysis workflows,Data Scientist,6131e4d7,Data Engineer,4.333333333333333,1,38,DATA ENGINEER,2 tahun 3 bulan,MIDDLE,27,58.5518732492,93.5,99.30555556,10.46636816,1.2,85.46875202,85.46875202
Automate data analysis workflows,Data Scientist,64S57577,Data Scientist,3.9583333333333335,1,40,DATA SCIENTIST,3 tahun 9 bulan,MIDDLE,45,73.6180643087,84.5,89.32291667,3.982774045,1.0,69.5311892,69.5311892
Automate data analysis workflows,Data Scientist,65054asd,Data Analyst,1.75,2,10,DATA ANALYST,3 tahun 4 bulan,JUNIOR,40,70.5590744629,99.0,0.0,4.917061944,1.0,73.99273476,73.99273476
Automate data analysis workflows,Data Scientist,66d21701,Data Analyst,2.5833333333333335,0,33,DATA ANALYST,4 tahun 3 bulan,JUNIOR,51,63.8499212188,81.5,83.07291667,3.823402466,1.0,64.77440963,64.77440963
Automate data analysis workflows,Data Scientist,6de6b041,Data Scientist,2.9583333333333335,3,16,DATA SCIENTIST,4 tahun 0 bulan,MIDDLE,48,59.6452497667,90.0,100.0,7.186353322,1.1,76.3103827,76.3103827
Automate data analysis workflows,Data Scientist,6e0778a1,Data Scientist,2.4166666666666665,0,92,DATA SCIENTIST,3 tahun 1 bulan,JUNIOR,37,54.5927141687,70.0,97.91666667,4.665283496,1.0,57.55075558,57.55075558
Automate data analysis workflows,Data Scientist,6fb8c1a0,Data Scientist,2.625,3,75,DATA SCIENTIST,3 tahun 0 bulan,BASIC,36,61.1916404063,98.0,0.0,3.823402466,1.0,70.34689224,70.34689224
Automate data analysis workflows,Data Scientist,7176fcb0,Data Engineer,2.8333333333333335,3,104,DATA ENGINEER,7 tahun 0 bulan,SENIOR,84,75.0633578433,80.0,33.82352941,7.122781583,1.2,79.20577781,79.20577781
Automate data analysis workflows,Data Scientist,77571f19,Data Analyst,1.4583333333333333,2,54,DATA ANALYST,3 tahun 1 bulan,JUNIOR,37,77.8103933242,100.0,100.0,5.536442394,1.0,79.32087607,79.32087607
Automate data analysis workflows,Data Scientist,7L762383,Data Analyst,2.9583333333333335,0,59,DATA ANALYST,1 tahun 10 bulan,MIDDLE,22,63.2588118579,88.5,94.96527778,2.554920958,1.0,68.65055253,68.65055253
Automate data analysis workflows,Data Scientist,7b6d04c9,Data Analyst,2.6666666666666665,3,2,DATA ANALYST,4 tahun 5 bulan,MIDDLE,53,73.2388159429,86.0,100.0,4.742239915,1.0,70.9884555,70.9884555
Automate data analysis workflows,Data Scientist,7ba9df08,Data Analyst,2.7916666666666665,0,25,DATA ANALYST,3 tahun 1 bulan,MIDDLE,37,56.631039916,92.5,96.35416667,0.0,1.2,82.079429,82.079429
Automate data analysis workflows,Data Scientist,7d317bd2,Data Scientist,1.25,2,90,DATA ANALYST,4 tahun 4 bulan,JUNIOR,52,63.7458566762,86.5,86.37152778,3.794124597,1.0,67.4194445,67.4194445
Automate data analysis workflows,Data Scientist,7dc30989,Data Scientist,3.25,1,73,DATA SCIENTIST,3 tahun 4 bulan,JUNIOR,40,92.1873832863,90.0,0.0,8.045322081,1.0,76.69106422,76.69106422
Automate data analysis workflows,Data Scientist,7fe7bd2c,Data Scientist,2.5833333333333335,0,65,DATA SCIENTIST,2 tahun 2 bulan,JUNIOR,26,39.5228291321,89.5,99.30555556,6.121971713,1.0,63.07245784,63.07245784
Automate data analysis workflows,Data Scientist,8126543f,Data Scientist,2.2916666666666665,0,85,DATA SCIENTIST,3 tahun 1 bulan,JUNIOR,37,63.1813433708,90.0,99.30555556,6.700326893,1.0,70.28096361,70.28096361
Automate data analysis workflows,Data Scientist,8387045b,Data Scientist,3.9166666666666665,1,69,DATA SCIENTIST,4 tahun 4 bulan,MIDDLE,52,85.768554505,94.0,98.61111111,53.90204421,1.2,99.0,99.0
Automate data analysis workflows,Data Scientist,859bd42e,Data Scientist,3.0,0,95,DATA SCIENTIST,3 tahun 5 bulan,JUNIOR,41,91.9510387488,95.0,100.0,9.232623263,1.0,81.52852324,81.52852324
Automate data analysis workflows,Data Scientist,85e8c8f1,Data Scientist,2.4583333333333335,0,105,DATA SCIENTIST,2 tahun 9 bulan,JUNIOR,33,86.9119456117,93.0,100.0,3.409887033,1.1,86.02380765,86.02380765
Automate data analysis workflows,Data Scientist,8K760816,Data Analyst,2.0833333333333335,0,15,DATA ANALYST,2 tahun 8 bulan,MIDDLE,32,52.4918446546,98.5,100.0,3.455357726,1.0,70.91183125,70.91183125
Automate data analysis workflows,Data Scientist,9ab9d681,Data Scientist,3.5,1,18,DATA SCIENTIST,3 tahun 0 bulan,MIDDLE,36,31.3339898458,92.0,100.0,52.63227356,1.0,68.97507879,68.97507879
Automate data analysis workflows,Data Scientist,a016ffe0,Data Scientist,3.0416666666666665,1,26,DATA SCIENTIST,3 tahun 1 bulan,MIDDLE,37,82.0345763308,64.0,34.49197861,6.239432544,1.2,71.75887324,71.75887324
Automate data analysis workflows,Data Scientist,a20ce132,Data Analyst,4.083333333333333,1,22,DATA ANALYST,2 tahun 9 bulan,MIDDLE,33,84.2864145654,95.0,98.61111111,10.2440888,1.2,95.23244671,95.23244671
Automate data analysis workflows,Data Scientist,a77b4e68,Data Scientist,1.6666666666666667,2,80,MGT,2 tahun 5 bulan,-,29,80.6774626521,90.0,100.0,29.57650728,1.0,78.85832029,78.85832029
Automate data analysis workflows,Data Scientist,a9fcd0c5,Data Analyst,1.6666666666666667,2,23,DATA ANALYST,2 tahun 1 bulan,MIDDLE,25,86.9994864617,91.5,100.0,7.075545771,1.1,85.847875,85.847875
Automate data analysis workflows,Data Scientist,ae73e946,Data Analyst,1.3333333333333333,2,72,DATA SCIENTIST,3 tahun 5 bulan,JUNIOR,41,83.7572654062,85.0,97.91666667,10.90515878,1.0,74.34235311,74.34235311
Automate data analysis workflows,Data Scientist,afb96c1d,Data Analyst,2.5416666666666665,0,19,DATA ANALYST,2 tahun 8 bulan,JUNIOR,32,77.4700746967,84.5,100.0,6.630101873,1.0,71.7649257,71.7649257
Automate data analysis workflows,Data Scientist,aff5a1f7,Data Engineer,3.9583333333333335,3,96,DATA ENGINEER,2 tahun 7 bulan,JUNIOR,31,69.9306139125,90.0,98.61111111,7.174163182,1.2,86.72069722,86.72069722
Automate data analysis workflows,Data Scientist,b0519d51,Data Scientist,2.2916666666666665,0,43,DATA SCIENTIST,4 tahun 1 bulan,JUNIOR,49,66.8638392858,92.0,99.30555556,4.723839233,1.1,79.24054742,79.24054742
Automate data analysis workflows,Data Scientist,b7ddf289,Artificial Intelligence Engineer,3.0833333333333335,1,44,DATA SCIENTIST,1 tahun 2 bulan,JUNIOR,14,78.282819795,95.0,100.0,11.82325385,1.0,77.94660283,77.94660283
Automate data analysis workflows,Data Scientist,be2d891b,Data Scientist,4.0,1,14,AI ENGINEER,2 tahun 3 bulan,JUNIOR,27,70.2197654063,95.0,0.0,0.33375087,1.3,92.33751534,92.33751534
Automate data analysis workflows,Data Scientist,beb45f59,Data Analyst,1.5,2,68,DATA ANALYST,3 tahun 4 bulan,MIDDLE,40,86.1330823996,80.0,98.61111111,6.436879162,1.0,71.94756403,71.94756403
Automate data analysis workflows,Data Scientist,c0b0190c,Data Analyst,4.125,1,17,DATA SCIENTIST,6 tahun 5 bulan,MIDDLE,77,29.2835988563,84.0,22.19251337,4.068139436,1.0,53.16264673,53.16264673
Automate data analysis workflows,Data Scientist,c13b7f6c,Data Analyst,1.4166666666666667,2,34,DATA ANALYST,3 tahun 1 bulan,MIDDLE,37,87.4991246496,90.0,100.0,12.60600857,1.0,78.2842696,78.2842696
Automate data analysis workflows,Data Scientist,c4acf473,Data Analyst,2.2916666666666665,3,107,DATA ANALYST,2 tahun 9 bulan,JUNIOR,33,79.9589169,86.5,93.31597222,0.0,1.0,72.02498398,72.02498398
Automate data analysis workflows,Data Scientist,c5c364b3,Data Analyst,2.375,0,60,DATA ANALYST,1 tahun 1 bulan,JUNIOR,13,40.932846055,100.0,16.57754011,1.742317797,1.0,64.65542017,64.65542017
Automate data analysis workflows,Data Scientist,c615b19e,Data Engineer,3.2083333333333335,3,63,DATA SCIENTIST,4 tahun 4 bulan,JUNIOR,52,71.0338060221,88.0,96.52777778,3.953496176,1.0,70.97960925,70.97960925
Automate data analysis workflows,Data Scientist,ccc8525a,Data Scientist,3.4166666666666665,1,47,DATA SCIENTIST,1 tahun 0 bulan,BASIC,12,75.7084500467,90.0,0.0,0.0,1.0,70.11863666,70.11863666
Automate data analysis workflows,Data Scientist,cdb6bf28,Artificial Intelligence Engineer,4.125,1,6,AI ENGINEER,7 tahun 1 bulan,MIDDLE,85,81.6822187204,91.0,0.0,3.667866596,1.3,95.09100733,95.09100733
Automate data analysis workflows,Data Scientist,cf9338b5,Data Scientist,2.2916666666666665,0,74,DATA SCIENTIST,1 tahun 0 bulan,BASIC,12,82.0043154762,90.0,35.29411765,3.321482848,1.0,72.67275856,72.67275856
Automate data analysis workflows,Data Scientist,d08b974d,Data Analyst,1.9166666666666667,0,86,DATA ANALYST,2 tahun 9 bulan,MIDDLE,33,58.8772058825,93.5,97.91666667,0.871158899,1.0,69.7799626,69.7799626
Automate data analysis workflows,Data Scientist,d8c9672c,Data Analyst,3.8333333333333335,1,82,DATA ANALYST,2 tahun 4 bulan,MIDDLE,28,73.7417775442,90.5,95.05208333,9.595209262,1.0,73.7469197,73.7469197
Automate data analysis workflows,Data Scientist,ecc200ca,Data Engineer,3.0833333333333335,3,56,DATA ENGINEER,1 tahun 9 bulan,MIDDLE,21,71.0850840338,89.0,99.30555556,5.758942974,1.2,86.333236,86.333236
Automate data analysis workflows,Data Scientist,eed0f189,Data Analyst,2.9166666666666665,3,45,DATA ANALYST,2 tahun 10 bulan,MIDDLE,34,69.240079365,96.0,70.49910873,48.01347408,1.0,79.53001534,79.53001534
Automate data analysis workflows,Data Scientist,f007ee36,Artificial Intelligence Engineer,2.0416666666666665,0,70,AI ENGINEER,2 tahun 0 bulan,MIDDLE,24,40.1500350142,90.0,99.30555556,2.332863117,1.3,81.80872206,81.80872206
Automate data analysis workflows,Data Scientist,f2f08a05,Data Engineer,2.3333333333333335,3,94,DATA ENGINEER,2 tahun 5 bulan,JUNIOR,29,59.4675711954,87.0,99.30555556,7.027424482,1.2,81.33092925,81.33092925
Automate data analysis workflows,Data Scientist,f6f88029,Data Analyst,1.2916666666666667,2,100,MGT,4 tahun 3 bulan,-,51,4.3391106446,90.0,78.20855615,6.010278684,1.0,48.76020407,48.76020407
Automate data analysis workflows,Data Scientist,fbc7621c,Data Scientist,2.625,0,93,DATA SCIENTIST,8 tahun 6 bulan,MIDDLE,102,58.3732609713,75.0,100.0,12.17940809,1.0,62.37965806,62.37965806
Automate data analysis workflows,Data Scientist,ff56a859,Data Scientist,2.75,0,97,DATA SCIENTIST,4 tahun 3 bulan,JUNIOR,51,71.9907037817,89.5,95.83333333,11.98196147,1.0,73.15820762,73.15820762
Build and deploy AI models,AI Engineer,006bac9a,Data Analyst,2.6315789473684212,3,7,DATA ANALYST,2 tahun 5 bulan,JUNIOR,29,24.3446545288,90.0,100.0,10.68886874,1.0,59.64183706,59.64183706
Build and deploy AI models,AI Engineer,00c74be4,Data Scientist,2.263157894736842,3,106,DATA SCIENTIST,5 tahun 10 bulan,MIDDLE,70,65.8296276846,90.0,70.58823529,2.714292537,1.0,67.48966658,67.48966658
Build and deploy AI models,AI Engineer,01c8c0ef,Data Scientist,2.8421052631578947,1,67,DATA SCIENTIST,2 tahun 2 bulan,SENIOR,26,77.0315563725,92.0,96.35416667,6.32783673,1.1,82.53917202,82.53917202
Build and deploy AI models,AI Engineer,01d1846b,Data Analyst,2.0526315789473686,0,77,DATA ANALYST,4 tahun 3 bulan,JUNIOR,51,76.130287115,84.0,91.92708333,7.89858338,1.0,70.77981892,70.77981892
Build and deploy AI models,AI Engineer,03ad7f49,Data Scientist,1.6842105263157894,2,91,DATA SCIENTIST,3 tahun 4 bulan,JUNIOR,40,75.1958741829,90.0,0.0,4.519739335,1.0,70.74391915,70.74391915
Build and deploy AI models,AI Engineer,0514ff91,Data Scientist,2.1052631578947367,0,37,DATA SCIENTIST,3 tahun 4 bulan,MIDDLE,40,75.6379551821,90.0,100.0,11.44256681,1.0,74.661971,74.661971
Build and deploy AI models,AI Engineer,056cd3f9,Data Engineer,2.4210526315789473,3,48,DATA ENGINEER,7 tahun 7 bulan,SENIOR,91,80.4681314192,90.0,34.22459893,5.168397654,1.3,94.26532683,94.26532683
Build and deploy AI models,AI Engineer,05eed8dc,Data Engineer,2.0,3,49,DATA ENGINEER,2 tahun 5 bulan,MIDDLE,29,62.7957662233,95.0,99.21875,8.595362988,1.2,87.48866032,87.48866032
Build and deploy AI models,AI Engineer,106760ca,Data Engineer,4.0,1,21,DATA ENGINEER,1 tahun 11 bulan,MIDDLE,23,71.4513888888,91.25,100.0,8.016044212,1.2,88.25251765,88.25251765
Build and deploy AI models,AI Engineer,123117c9,Data Analyst,1.105263157894737,2,32,DATA ANALYST,4 tahun 2 bulan,MIDDLE,50,70.4449813258,95.0,100.0,3.648580437,1.0,74.43733436,74.43733436
Build and deploy AI models,AI Engineer,14d4dbd6,Data Analyst,1.4210526315789473,2,108,DATA ANALYST,4 tahun 2 bulan,JUNIOR,50,79.6974498133,80.5,98.4375,3.111615146,1.0,69.81056917,69.81056917
Build and deploy AI models,AI Engineer,1551c5ff,Data Analyst,1.3157894736842106,2,66,DATA ANALYST,2 tahun 5 bulan,JUNIOR,29,79.0374358075,90.0,100.0,15.2788331,1.0,76.22782609,76.22782609
Build and deploy AI models,AI Engineer,1667415a,Data Analyst,2.1578947368421053,0,50,DATA ANALYST,4 tahun 1 bulan,JUNIOR,49,73.4773576096,90.0,100.0,10.26693491,1.0,73.85696587,73.85696587
Build and deploy AI models,AI Engineer,1672e04a,Data Analyst,2.1578947368421053,3,41,DATA ANALYST,4 tahun 3 bulan,JUNIOR,51,69.8277310925,86.0,100.0,7.456011595,1.0,70.40596081,70.40596081
Build and deploy AI models,AI Engineer,17466c54,Data Analyst,1.4736842105263157,2,11,DATA ANALYST,3 tahun 1 bulan,JUNIOR,37,49.8728816529,90.0,100.0,7.676082801,1.0,66.60685575,66.60685575
Build and deploy AI models,AI Engineer,1893af41,Data Analyst,1.4736842105263157,2,103,DATA SCIENTIST,1 tahun 1 bulan,JUNIOR,13,37.5269607842,98.0,29.01069519,0.0,1.0,62.25313576,62.25313576
Build and deploy AI models,AI Engineer,1dbecdbe,Data Scientist,2.736842105263158,0,4,DATA SCIENTIST,2 tahun 3 bulan,JUNIOR,27,85.3527602713,90.0,99.30555556,6.414697312,1.0,76.68127695,76.68127695
Build and deploy AI models,AI Engineer,29e9efd9,Data Engineer,2.0,3,61,DATA ENGINEER,3 tahun 1 bulan,MIDDLE,37,72.8804563492,94.0,99.30555556,9.72908414,1.2,90.62742563,90.62742563
Build and deploy AI models,AI Engineer,2d801262,Data Analyst,2.1578947368421053,0,9,DATA ANALYST,2 tahun 10 bulan,MIDDLE,34,80.3460259104,90.0,95.74652778,10.27336667,1.1,83.12594823,83.12594823
Build and deploy AI models,AI Engineer,31e8a51f,Data Scientist,2.4210526315789473,0,98,DATA SCIENTIST,2 tahun 9 bulan,JUNIOR,33,52.8933765175,90.0,65.10695187,6.407601293,1.0,64.07121964,64.07121964
Build and deploy AI models,AI Engineer,3350383a,Artificial Intelligence Engineer,4.7894736842105265,1,30,AI ENGINEER,3 tahun 9 bulan,MIDDLE,45,54.1797239725,95.5,96.44097222,11.49637749,1.3,92.17002068,92.17002068
Build and deploy AI models,AI Engineer,365fc87a,Data Analyst,2.1578947368421053,0,110,DATA ANALYST,2 tahun 5 bulan,BASIC,29,80.8585434175,90.0,8.155080214,6.607477284,1.0,72.88466719,72.88466719
Build and deploy AI models,AI Engineer,36cf70f2,Artificial Intelligence Engineer,3.526315789473684,1,58,AI ENGINEER,2 tahun 5 bulan,MIDDLE,29,43.5532358775,89.5,100.0,11.83988942,1.3,84.69716654,84.69716654
Build and deploy AI models,AI Engineer,3951d86b,Data Scientist,3.5789473684210527,1,78,DATA SCIENTIST,3 tahun 1 bulan,JUNIOR,37,55.4426062092,95.0,100.0,4.279280813,1.0,70.17243405,70.17243405
Build and deploy AI models,AI Engineer,39c4596a,Data Scientist,2.3157894736842106,0,42,DATA SCIENTIST,3 tahun 5 bulan,JUNIOR,41,60.7098506071,80.0,97.91666667,4.694561364,1.0,64.25018915,64.25018915
Build and deploy AI models,AI Engineer,3cac7e99,Data Scientist,1.736842105263158,0,88,DATA SCIENTIST,10 tahun 2 bulan,SENIOR,122,88.3660831,98.0,34.22459893,51.7318368,1.0,87.21080158,87.21080158
Build and deploy AI models,AI Engineer,42e7a026,Data Analyst,2.0,0,64,DATA ANALYST,2 tahun 6 bulan,JUNIOR,30,73.5210696779,89.0,99.21875,4.472503523,1.0,72.45268383,72.45268383
Build and deploy AI models,AI Engineer,46fd6e1c,Data Analyst,2.1052631578947367,2,5,DATA SCIENTIST,1 tahun 2 bulan,JUNIOR,14,67.4580357142,90.0,100.0,11.7055718,1.0,72.32438573,72.32438573
Build and deploy AI models,AI Engineer,47d42365,Data Engineer,2.1052631578947367,3,53,DATA ENGINEER,4 tahun 4 bulan,JUNIOR,52,71.9768703312,91.5,97.82986111,3.794124597,1.2,87.64556985,87.64556985
Build and deploy AI models,AI Engineer,4cba2f2d,Artificial Intelligence Engineer,2.5789473684210527,0,36,AI ENGINEER,1 tahun 7 bulan,JUNIOR,19,66.0502450979,95.0,100.0,5.817498712,1.2,84.80862745,84.80862745
Build and deploy AI models,AI Engineer,4d57b04b,Data Scientist,2.5789473684210527,0,20,DATA SCIENTIST,3 tahun 11 bulan,MIDDLE,47,60.9976657327,96.5,91.31944444,1.268481508,1.1,78.63807432,78.63807432
Build and deploy AI models,AI Engineer,516J6855,Data Scientist,1.9473684210526316,0,46,DATA SCIENTIST,2 tahun 5 bulan,JUNIOR,29,54.7360673438,80.0,96.96180556,11.10881594,1.0,63.41641108,63.41641108
Build and deploy AI models,AI Engineer,528f3560,Data Analyst,1.0,2,55,DATA SCIENTIST,7 tahun 0 bulan,SENIOR,84,32.3536327033,90.0,94.11764706,44.61622935,1.0,64.269703,64.269703
Build and deploy AI models,AI Engineer,528f3560,Data Analyst,1.0,2,55,DATA SCIENTIST,7 tahun 0 bulan,SENIOR,84,32.3536327033,90.0,94.11764706,44.61622935,1.0,64.269703,64.269703
Build and deploy AI models,AI Engineer,5312eea4,Data Analyst,2.210526315789474,3,84,DATA ANALYST,2 tahun 2 bulan,MIDDLE,26,49.7969187675,86.0,92.79513889,46.9198146,1.0,70.0469465,70.0469465
Build and deploy AI models,AI Engineer,544a3d1a,Data Scientist,2.526315789473684,0,62,DATA SCIENTIST,4 tahun 2 bulan,MIDDLE,50,59.509354575,90.5,100.0,7.234474611,1.0,69.58669591,69.58669591
Build and deploy AI models,AI Engineer,54b0fc4f,Data Analyst,2.526315789473684,1,89,DATA ANALYST,2 tahun 2 bulan,MIDDLE,26,71.3084967321,88.5,98.61111111,6.180876807,1.0,71.78045298,71.78045298
Build and deploy AI models,AI Engineer,557e30ab,Data Analyst,1.2105263157894737,2,29,DATA ANALYST,3 tahun 5 bulan,MIDDLE,41,53.7861081933,85.0,100.0,4.549017204,1.0,64.81437318,64.81437318
Build and deploy AI models,AI Engineer,55b2e646,Data Scientist,3.3684210526315788,1,57,AI ENGINEER,3 tahun 0 bulan,JUNIOR,36,50.15589986,90.0,100.0,0.871158899,1.3,85.36316737,85.36316737
Build and deploy AI models,AI Engineer,57635c17,Data Analyst,1.1578947368421053,2,12,DATA ANALYST,3 tahun 3 bulan,MIDDLE,39,67.5095967558,90.0,99.21875,6.039999292,1.0,71.43352597,71.43352597
Build and deploy AI models,AI Engineer,57ecf7ad,Data Analyst,1.0,2,27,MGT,5 tahun 1 bulan,-,61,3.4722222221,90.0,77.54010695,4.326516624,1.0,48.19519238,48.19519238
Build and deploy AI models,AI Engineer,5b749bf9,Data Engineer,1.1578947368421053,3,101,DATA ENGINEER,2 tahun 3 bulan,BASIC,27,34.81372549,90.0,86.63101604,10.06283501,1.2,70.83787239,70.83787239
Build and deploy AI models,AI Engineer,5d16d190,Data Scientist,2.8947368421052633,0,99,DATA SCIENTIST,3 tahun 1 bulan,JUNIOR,37,62.2739437442,90.0,97.74305556,28.26078997,1.0,73.16053928,73.16053928
Build and deploy AI models,AI Engineer,5dc773ce,Artificial Intelligence Engineer,2.6315789473684212,0,35,DATA SCIENTIST,4 tahun 4 bulan,MIDDLE,52,72.0571603642,91.0,95.57291667,5.121161842,1.1,80.15052819,80.15052819
Build and deploy AI models,AI Engineer,6131e4d7,Data Engineer,2.3684210526315788,1,38,DATA ENGINEER,2 tahun 3 bulan,MIDDLE,27,58.5518732492,93.5,99.30555556,10.46636816,1.2,85.46875202,85.46875202
Build and deploy AI models,AI Engineer,64S57577,Data Scientist,3.789473684210526,1,40,DATA SCIENTIST,3 tahun 9 bulan,MIDDLE,45,73.6180643087,84.5,89.32291667,3.982774045,1.0,69.5311892,69.5311892
Build and deploy AI models,AI Engineer,65054asd,Data Analyst,1.5789473684210527,2,10,DATA ANALYST,3 tahun 4 bulan,JUNIOR,40,70.5590744629,99.0,0.0,4.917061944,1.0,73.99273476,73.99273476
Build and deploy AI models,AI Engineer,66d21701,Data Analyst,2.736842105263158,0,33,DATA ANALYST,4 tahun 3 bulan,JUNIOR,51,63.8499212188,81.5,83.07291667,3.823402466,1.0,64.77440963,64.77440963
Build and deploy AI models,AI Engineer,6de6b041,Data Scientist,2.4210526315789473,3,16,DATA SCIENTIST,4 tahun 0 bulan,MIDDLE,48,59.6452497667,90.0,100.0,7.186353322,1.1,76.3103827,76.3103827
Build and deploy AI models,AI Engineer,6e0778a1,Data Scientist,2.6842105263157894,0,92,DATA SCIENTIST,3 tahun 1 bulan,JUNIOR,37,54.5927141687,70.0,97.91666667,4.665283496,1.0,57.55075558,57.55075558
Build and deploy AI models,AI Engineer,6fb8c1a0,Data Scientist,2.0526315789473686,3,75,DATA SCIENTIST,3 tahun 0 bulan,BASIC,36,61.1916404063,98.0,0.0,3.823402466,1.0,70.34689224,70.34689224
Build and deploy AI models,AI Engineer,7176fcb0,Data Engineer,1.1578947368421053,3,104,DATA ENGINEER,7 tahun 0 bulan,SENIOR,84,75.0633578433,80.0,33.82352941,7.122781583,1.2,79.20577781,79.20577781
Build and deploy AI models,AI Engineer,77571f19,Data Analyst,1.0,2,54,DATA ANALYST,3 tahun 1 bulan,JUNIOR,37,77.8103933242,100.0,100.0,5.536442394,1.0,79.32087607,79.32087607
Build and deploy AI models,AI Engineer,7L762383,Data Analyst,2.3157894736842106,0,59,DATA ANALYST,1 tahun 10 bulan,MIDDLE,22,63.2588118579,88.5,94.96527778,2.554920958,1.0,68.65055253,68.65055253
Build and deploy AI models,AI Engineer,7b6d04c9,Data Analyst,2.1052631578947367,3,2,DATA ANALYST,4 tahun 5 bulan,MIDDLE,53,73.2388159429,86.0,100.0,4.742239915,1.0,70.9884555,70.9884555
Build and deploy AI models,AI Engineer,7ba9df08,Data Analyst,1.6842105263157894,0,25,DATA ANALYST,3 tahun 1 bulan,MIDDLE,37,56.631039916,92.5,96.35416667,0.0,1.2,82.079429,82.079429
Build and deploy AI models,AI Engineer,7d317bd2,Data Scientist,1.105263157894737,2,90,DATA ANALYST,4 tahun 4 bulan,JUNIOR,52,63.7458566762,86.5,86.37152778,3.794124597,1.0,67.4194445,67.4194445
Build and deploy AI models,AI Engineer,7dc30989,Data Scientist,3.789473684210526,1,73,DATA SCIENTIST,3 tahun 4 bulan,JUNIOR,40,92.1873832863,90.0,0.0,8.045322081,1.0,76.69106422,76.69106422
Build and deploy AI models,AI Engineer,7fe7bd2c,Data Scientist,2.6842105263157894,0,65,DATA SCIENTIST,2 tahun 2 bulan,JUNIOR,26,39.5228291321,89.5,99.30555556,6.121971713,1.0,63.07245784,63.07245784
Build and deploy AI models,AI Engineer,8126543f,Data Scientist,2.526315789473684,0,85,DATA SCIENTIST,3 tahun 1 bulan,JUNIOR,37,63.1813433708,90.0,99.30555556,6.700326893,1.0,70.28096361,70.28096361
Build and deploy AI models,AI Engineer,8387045b,Data Scientist,3.8947368421052633,1,69,DATA SCIENTIST,4 tahun 4 bulan,MIDDLE,52,85.768554505,94.0,98.61111111,53.90204421,1.2,99.0,99.0
Build and deploy AI models,AI Engineer,859bd42e,Data Scientist,2.8421052631578947,0,95,DATA SCIENTIST,3 tahun 5 bulan,JUNIOR,41,91.9510387488,95.0,100.0,9.232623263,1.0,81.52852324,81.52852324
Build and deploy AI models,AI Engineer,85e8c8f1,Data Scientist,2.6315789473684212,0,105,DATA SCIENTIST,2 tahun 9 bulan,JUNIOR,33,86.9119456117,93.0,100.0,3.409887033,1.1,86.02380765,86.02380765
Build and deploy AI models,AI Engineer,8K760816,Data Analyst,1.7894736842105263,0,15,DATA ANALYST,2 tahun 8 bulan,MIDDLE,32,52.4918446546,98.5,100.0,3.455357726,1.0,70.91183125,70.91183125
Build and deploy AI models,AI Engineer,9ab9d681,Data Scientist,3.789473684210526,1,18,DATA SCIENTIST,3 tahun 0 bulan,MIDDLE,36,31.3339898458,92.0,100.0,52.63227356,1.0,68.97507879,68.97507879
Build and deploy AI models,AI Engineer,a016ffe0,Data Scientist,3.3684210526315788,1,26,DATA SCIENTIST,3 tahun 1 bulan,MIDDLE,37,82.0345763308,64.0,34.49197861,6.239432544,1.2,71.75887324,71.75887324
Build and deploy AI models,AI Engineer,a20ce132,Data Analyst,3.3157894736842106,1,22,DATA ANALYST,2 tahun 9 bulan,MIDDLE,33,84.2864145654,95.0,98.61111111,10.2440888,1.2,95.23244671,95.23244671
Build and deploy AI models,AI Engineer,a77b4e68,Data Scientist,1.368421052631579,2,80,MGT,2 tahun 5 bulan,-,29,80.6774626521,90.0,100.0,29.57650728,1.0,78.85832029,78.85832029
Build and deploy AI models,AI Engineer,a9fcd0c5,Data Analyst,1.1578947368421053,2,23,DATA ANALYST,2 tahun 1 bulan,MIDDLE,25,86.9994864617,91.5,100.0,7.075545771,1.1,85.847875,85.847875
Build and deploy AI models,AI Engineer,ae73e946,Data Analyst,1.368421052631579,2,72,DATA SCIENTIST,3 tahun 5 bulan,JUNIOR,41,83.7572654062,85.0,97.91666667,10.90515878,1.0,74.34235311,74.34235311
Build and deploy AI models,AI Engineer,afb96c1d,Data Analyst,2.1052631578947367,0,19,DATA ANALYST,2 tahun 8 bulan,JUNIOR,32,77.4700746967,84.5,100.0,6.630101873,1.0,71.7649257,71.7649257
Build and deploy AI models,AI Engineer,aff5a1f7,Data Engineer,1.7894736842105263,3,96,DATA ENGINEER,2 tahun 7 bulan,JUNIOR,31,69.9306139125,90.0,98.61111111,7.174163182,1.2,86.72069722,86.72069722
Build and deploy AI models,AI Engineer,b0519d51,Data Scientist,2.210526315789474,0,43,DATA SCIENTIST,4 tahun 1 bulan,JUNIOR,49,66.8638392858,92.0,99.30555556,4.723839233,1.1,79.24054742,79.24054742
Build and deploy AI models,AI Engineer,b7ddf289,Artificial Intelligence Engineer,3.3157894736842106,1,44,DATA SCIENTIST,1 tahun 2 bulan,JUNIOR,14,78.282819795,95.0,100.0,11.82325385,1.0,77.94660283,77.94660283
Build and deploy AI models,AI Engineer,be2d891b,Data Scientist,3.526315789473684,1,14,AI ENGINEER,2 tahun 3 bulan,JUNIOR,27,70.2197654063,95.0,0.0,0.33375087,1.3,92.33751534,92.33751534
Build and deploy AI models,AI Engineer,beb45f59,Data Analyst,1.1578947368421053,2,68,DATA ANALYST,3 tahun 4 bulan,MIDDLE,40,86.1330823996,80.0,98.61111111,6.436879162,1.0,71.94756403,71.94756403
Build and deploy AI models,AI Engineer,c0b0190c,Data Analyst,3.3684210526315788,1,17,DATA SCIENTIST,6 tahun 5 bulan,MIDDLE,77,29.2835988563,84.0,22.19251337,4.068139436,1.0,53.16264673,53.16264673
Build and deploy AI models,AI Engineer,c13b7f6c,Data Analyst,1.3157894736842106,2,34,DATA ANALYST,3 tahun 1 bulan,MIDDLE,37,87.4991246496,90.0,100.0,12.60600857,1.0,78.2842696,78.2842696
Build and deploy AI models,AI Engineer,c4acf473,Data Analyst,1.0526315789473684,3,107,DATA ANALYST,2 tahun 9 bulan,JUNIOR,33,79.9589169,86.5,93.31597222,0.0,1.0,72.02498398,72.02498398
Build and deploy AI models,AI Engineer,c5c364b3,Data Analyst,1.8421052631578947,0,60,DATA ANALYST,1 tahun 1 bulan,JUNIOR,13,40.932846055,100.0,16.57754011,1.742317797,1.0,64.65542017,64.65542017
Build and deploy AI models,AI Engineer,c615b19e,Data Engineer,2.4210526315789473,3,63,DATA SCIENTIST,4 tahun 4 bulan,JUNIOR,52,71.0338060221,88.0,96.52777778,3.953496176,1.0,70.97960925,70.97960925
Build and deploy AI models,AI Engineer,ccc8525a,Data Scientist,3.473684210526316,1,47,DATA SCIENTIST,1 tahun 0 bulan,BASIC,12,75.7084500467,90.0,0.0,0.0,1.0,70.11863666,70.11863666
Build and deploy AI models,AI Engineer,cdb6bf28,Artificial Intelligence Engineer,4.631578947368421,1,6,AI ENGINEER,7 tahun 1 bulan,MIDDLE,85,81.6822187204,91.0,0.0,3.667866596,1.3,95.09100733,95.09100733
Build and deploy AI models,AI Engineer,cf9338b5,Data Scientist,2.4210526315789473,0,74,DATA SCIENTIST,1 tahun 0 bulan,BASIC,12,82.0043154762,90.0,35.29411765,3.321482848,1.0,72.67275856,72.67275856
Build and deploy AI models,AI Engineer,d08b974d,Data Analyst,1.6842105263157894,0,86,DATA ANALYST,2 tahun 9 bulan,MIDDLE,33,58.8772058825,93.5,97.91666667,0.871158899,1.0,69.7799626,69.7799626
Build and deploy AI models,AI Engineer,d8c9672c,Data Analyst,3.3157894736842106,1,82,DATA ANALYST,2 tahun 4 bulan,MIDDLE,28,73.7417775442,90.5,95.05208333,9.595209262,1.0,73.7469197,73.7469197
Build and deploy AI models,AI Engineer,ecc200ca,Data Engineer,1.631578947368421,3,56,DATA ENGINEER,1 tahun 9 bulan,MIDDLE,21,71.0850840338,89.0,99.30555556,5.758942974,1.2,86.333236,86.333236
Build and deploy AI models,AI Engineer,eed0f189,Data Analyst,1.736842105263158,3,45,DATA ANALYST,2 tahun 10 bulan,MIDDLE,34,69.240079365,96.0,70.49910873,48.01347408,1.0,79.53001534,79.53001534
Build and deploy AI models,AI Engineer,f007ee36,Artificial Intelligence Engineer,3.0526315789473686,0,70,AI ENGINEER,2 tahun 0 bulan,MIDDLE,24,40.1500350142,90.0,99.30555556,2.332863117,1.3,81.80872206,81.80872206
Build and deploy AI models,AI Engineer,f2f08a05,Data Engineer,1.0,3,94,DATA ENGINEER,2 tahun 5 bulan,JUNIOR,29,59.4675711954,87.0,99.30555556,7.027424482,1.2,81.33092925,81.33092925
Build and deploy AI models,AI Engineer,f6f88029,Data Analyst,1.1578947368421053,2,100,MGT,4 tahun 3 bulan,-,51,4.3391106446,90.0,78.20855615,6.010278684,1.0,48.76020407,48.76020407
Build and deploy AI models,AI Engineer,fbc7621c,Data Scientist,1.9473684210526316,0,93,DATA SCIENTIST,8 tahun 6 bulan,MIDDLE,102,58.3732609713,75.0,100.0,12.17940809,1.0,62.37965806,62.37965806
Build and deploy AI models,AI Engineer,ff56a859,Data Scientist,2.8947368421052633,0,97,DATA SCIENTIST,4 tahun 3 bulan,JUNIOR,51,71.9907037817,89.5,95.83333333,11.98196147,1.0,73.15820762,73.15820762
Build dashboards and reports,Data Analyst,006bac9a,Data Analyst,3.0689655172413794,3,7,DATA ANALYST,2 tahun 5 bulan,JUNIOR,29,24.3446545288,90.0,100.0,10.68886874,1.0,59.64183706,59.64183706
Build dashboards and reports,Data Analyst,00c74be4,Data Scientist,2.6551724137931036,3,106,DATA SCIENTIST,5 tahun 10 bulan,MIDDLE,70,65.8296276846,90.0,70.58823529,2.714292537,1.0,67.48966658,67.48966658
Build dashboards and reports,Data Analyst,01c8c0ef,Data Scientist,3.7241379310344827,1,67,DATA SCIENTIST,2 tahun 2 bulan,SENIOR,26,77.0315563725,92.0,96.35416667,6.32783673,1.1,82.53917202,82.53917202
Build dashboards and reports,Data Analyst,01d1846b,Data Analyst,2.8620689655172415,0,77,DATA ANALYST,4 tahun 3 bulan,JUNIOR,51,76.130287115,84.0,91.92708333,7.89858338,1.0,70.77981892,70.77981892
Build dashboards and reports,Data Analyst,03ad7f49,Data Scientist,2.310344827586207,2,91,DATA SCIENTIST,3 tahun 4 bulan,JUNIOR,40,75.1958741829,90.0,0.0,4.519739335,1.0,70.74391915,70.74391915
Build dashboards and reports,Data Analyst,0514ff91,Data Scientist,2.7586206896551726,0,37,DATA SCIENTIST,3 tahun 4 bulan,MIDDLE,40,75.6379551821,90.0,100.0,11.44256681,1.0,74.661971,74.661971
Build dashboards and reports,Data Analyst,056cd3f9,Data Engineer,3.6551724137931036,3,48,DATA ENGINEER,7 tahun 7 bulan,SENIOR,91,80.4681314192,90.0,34.22459893,5.168397654,1.3,94.26532683,94.26532683
Build dashboards and reports,Data Analyst,05eed8dc,Data Engineer,3.1379310344827585,3,49,DATA ENGINEER,2 tahun 5 bulan,MIDDLE,29,62.7957662233,95.0,99.21875,8.595362988,1.2,87.48866032,87.48866032
Build dashboards and reports,Data Analyst,106760ca,Data Engineer,4.896551724137931,1,21,DATA ENGINEER,1 tahun 11 bulan,MIDDLE,23,71.4513888888,91.25,100.0,8.016044212,1.2,88.25251765,88.25251765
Build dashboards and reports,Data Analyst,123117c9,Data Analyst,1.9310344827586208,2,32,DATA ANALYST,4 tahun 2 bulan,MIDDLE,50,70.4449813258,95.0,100.0,3.648580437,1.0,74.43733436,74.43733436
Build dashboards and reports,Data Analyst,14d4dbd6,Data Analyst,1.896551724137931,2,108,DATA ANALYST,4 tahun 2 bulan,JUNIOR,50,79.6974498133,80.5,98.4375,3.111615146,1.0,69.81056917,69.81056917
Build dashboards and reports,Data Analyst,1551c5ff,Data Analyst,2.206896551724138,2,66,DATA ANALYST,2 tahun 5 bulan,JUNIOR,29,79.0374358075,90.0,100.0,15.2788331,1.0,76.22782609,76.22782609
Build dashboards and reports,Data Analyst,1667415a,Data Analyst,3.1379310344827585,0,50,DATA ANALYST,4 tahun 1 bulan,JUNIOR,49,73.4773576096,90.0,100.0,10.26693491,1.0,73.85696587,73.85696587
Build dashboards and reports,Data Analyst,1672e04a,Data Analyst,3.586206896551724,3,41,DATA ANALYST,4 tahun 3 bulan,JUNIOR,51,69.8277310925,86.0,100.0,7.456011595,1.0,70.40596081,70.40596081
Build dashboards and reports,Data Analyst,17466c54,Data Analyst,2.2758620689655173,2,11,DATA ANALYST,3 tahun 1 bulan,JUNIOR,37,49.8728816529,90.0,100.0,7.676082801,1.0,66.60685575,66.60685575
Build dashboards and reports,Data Analyst,1893af41,Data Analyst,2.2758620689655173,2,103,DATA SCIENTIST,1 tahun 1 bulan,JUNIOR,13,37.5269607842,98.0,29.01069519,0.0,1.0,62.25313576,62.25313576
Build dashboards and reports,Data Analyst,1dbecdbe,Data Scientist,2.3448275862068964,0,4,DATA SCIENTIST,2 tahun 3 bulan,JUNIOR,27,85.3527602713,90.0,99.30555556,6.414697312,1.0,76.68127695,76.68127695
Build dashboards and reports,Data Analyst,29e9efd9,Data Engineer,3.6206896551724137,3,61,DATA ENGINEER,3 tahun 1 bulan,MIDDLE,37,72.8804563492,94.0,99.30555556,9.72908414,1.2,90.62742563,90.62742563
Build dashboards and reports,Data Analyst,2d801262,Data Analyst,3.2413793103448274,0,9,DATA ANALYST,2 tahun 10 bulan,MIDDLE,34,80.3460259104,90.0,95.74652778,10.27336667,1.1,83.12594823,83.12594823
Build dashboards and reports,Data Analyst,31e8a51f,Data Scientist,2.4482758620689653,0,98,DATA SCIENTIST,2 tahun 9 bulan,JUNIOR,33,52.8933765175,90.0,65.10695187,6.407601293,1.0,64.07121964,64.07121964
Build dashboards and reports,Data Analyst,3350383a,Artificial Intelligence Engineer,4.275862068965517,1,30,AI ENGINEER,3 tahun 9 bulan,MIDDLE,45,54.1797239725,95.5,96.44097222,11.49637749,1.3,92.17002068,92.17002068
Build dashboards and reports,Data Analyst,365fc87a,Data Analyst,2.6206896551724137,0,110,DATA ANALYST,2 tahun 5 bulan,BASIC,29,80.8585434175,90.0,8.155080214,6.607477284,1.0,72.88466719,72.88466719
Build dashboards and reports,Data Analyst,36cf70f2,Artificial Intelligence Engineer,3.4827586206896552,1,58,AI ENGINEER,2 tahun 5 bulan,MIDDLE,29,43.5532358775,89.5,100.0,11.83988942,1.3,84.69716654,84.69716654
Build dashboards and reports,Data Analyst,3951d86b,Data Scientist,4.413793103448276,1,78,DATA SCIENTIST,3 tahun 1 bulan,JUNIOR,37,55.4426062092,95.0,100.0,4.279280813,1.0,70.17243405,70.17243405
Build dashboards and reports,Data Analyst,39c4596a,Data Scientist,2.9655172413793105,0,42,DATA SCIENTIST,3 tahun 5 bulan,JUNIOR,41,60.7098506071,80.0,97.91666667,4.694561364,1.0,64.25018915,64.25018915
Build dashboards and reports,Data Analyst,3cac7e99,Data Scientist,2.793103448275862,0,88,DATA SCIENTIST,10 tahun 2 bulan,SENIOR,122,88.3660831,98.0,34.22459893,51.7318368,1.0,87.21080158,87.21080158
Build dashboards and reports,Data Analyst,42e7a026,Data Analyst,3.206896551724138,0,64,DATA ANALYST,2 tahun 6 bulan,JUNIOR,30,73.5210696779,89.0,99.21875,4.472503523,1.0,72.45268383,72.45268383
Build dashboards and reports,Data Analyst,46fd6e1c,Data Analyst,2.310344827586207,2,5,DATA SCIENTIST,1 tahun 2 bulan,JUNIOR,14,67.4580357142,90.0,100.0,11.7055718,1.0,72.32438573,72.32438573
Build dashboards and reports,Data Analyst,47d42365,Data Engineer,3.8275862068965516,3,53,DATA ENGINEER,4 tahun 4 bulan,JUNIOR,52,71.9768703312,91.5,97.82986111,3.794124597,1.2,87.64556985,87.64556985
Build dashboards and reports,Data Analyst,4cba2f2d,Artificial Intelligence Engineer,2.586206896551724,0,36,AI ENGINEER,1 tahun 7 bulan,JUNIOR,19,66.0502450979,95.0,100.0,5.817498712,1.2,84.80862745,84.80862745
Build dashboards and reports,Data Analyst,4d57b04b,Data Scientist,2.689655172413793,0,20,DATA SCIENTIST,3 tahun 11 bulan,MIDDLE,47,60.9976657327,96.5,91.31944444,1.268481508,1.1,78.63807432,78.63807432
Build dashboards and reports,Data Analyst,516J6855,Data Scientist,2.6206896551724137,0,46,DATA SCIENTIST,2 tahun 5 bulan,JUNIOR,29,54.7360673438,80.0,96.96180556,11.10881594,1.0,63.41641108,63.41641108
Build dashboards and reports,Data Analyst,528f3560,Data Analyst,1.8620689655172413,2,55,DATA SCIENTIST,7 tahun 0 bulan,SENIOR,84,32.3536327033,90.0,94.11764706,44.61622935,1.0,64.269703,64.269703
Build dashboards and reports,Data Analyst,528f3560,Data Analyst,1.8620689655172413,2,55,DATA SCIENTIST,7 tahun 0 bulan,SENIOR,84,32.3536327033,90.0,94.11764706,44.61622935,1.0,64.269703,64.269703
Build dashboards and reports,Data Analyst,5312eea4,Data Analyst,2.8620689655172415,3,84,DATA ANALYST,2 tahun 2 bulan,MIDDLE,26,49.7969187675,86.0,92.79513889,46.9198146,1.0,70.0469465,70.0469465
Build dashboards and reports,Data Analyst,544a3d1a,Data Scientist,2.8275862068965516,0,62,DATA SCIENTIST,4 tahun 2 bulan,MIDDLE,50,59.509354575,90.5,100.0,7.234474611,1.0,69.58669591,69.58669591
Build dashboards and reports,Data Analyst,54b0fc4f,Data Analyst,3.8275862068965516,1,89,DATA ANALYST,2 tahun 2 bulan,MIDDLE,26,71.3084967321,88.5,98.61111111,6.180876807,1.0,71.78045298,71.78045298
Build dashboards and reports,Data Analyst,557e30ab,Data Analyst,2.0,2,29,DATA ANALYST,3 tahun 5 bulan,MIDDLE,41,53.7861081933,85.0,100.0,4.549017204,1.0,64.81437318,64.81437318
Build dashboards and reports,Data Analyst,55b2e646,Data Scientist,3.4482758620689653,1,57,AI ENGINEER,3 tahun 0 bulan,JUNIOR,36,50.15589986,90.0,100.0,0.871158899,1.3,85.36316737,85.36316737
Build dashboards and reports,Data Analyst,57635c17,Data Analyst,1.6206896551724137,2,12,DATA ANALYST,3 tahun 3 bulan,MIDDLE,39,67.5095967558,90.0,99.21875,6.039999292,1.0,71.43352597,71.43352597
Build dashboards and reports,Data Analyst,57ecf7ad,Data Analyst,1.0,2,27,MGT,5 tahun 1 bulan,-,61,3.4722222221,90.0,77.54010695,4.326516624,1.0,48.19519238,48.19519238
Build dashboards and reports,Data Analyst,5b749bf9,Data Engineer,2.896551724137931,3,101,DATA ENGINEER,2 tahun 3 bulan,BASIC,27,34.81372549,90.0,86.63101604,10.06283501,1.2,70.83787239,70.83787239
Build dashboards and reports,Data Analyst,5d16d190,Data Scientist,3.0344827586206895,0,99,DATA SCIENTIST,3 tahun 1 bulan,JUNIOR,37,62.2739437442,90.0,97.74305556,28.26078997,1.0,73.16053928,73.16053928
Build dashboards and reports,Data Analyst,5dc773ce,Artificial Intelligence Engineer,3.3793103448275863,0,35,DATA SCIENTIST,4 tahun 4 bulan,MIDDLE,52,72.0571603642,91.0,95.57291667,5.121161842,1.1,80.15052819,80.15052819
Build dashboards and reports,Data Analyst,6131e4d7,Data Engineer,4.482758620689655,1,38,DATA ENGINEER,2 tahun 3 bulan,MIDDLE,27,58.5518732492,93.5,99.30555556,10.46636816,1.2,85.46875202,85.46875202
Build dashboards and reports,Data Analyst,64S57577,Data Scientist,4.0,1,40,DATA SCIENTIST,3 tahun 9 bulan,MIDDLE,45,73.6180643087,84.5,89.32291667,3.982774045,1.0,69.5311892,69.5311892
Build dashboards and reports,Data Analyst,65054asd,Data Analyst,2.1724137931034484,2,10,DATA ANALYST,3 tahun 4 bulan,JUNIOR,40,70.5590744629,99.0,0.0,4.917061944,1.0,73.99273476,73.99273476
Build dashboards and reports,Data Analyst,66d21701,Data Analyst,3.3793103448275863,0,33,DATA ANALYST,4 tahun 3 bulan,JUNIOR,51,63.8499212188,81.5,83.07291667,3.823402466,1.0,64.77440963,64.77440963
Build dashboards and reports,Data Analyst,6de6b041,Data Scientist,3.0714285714285716,3,16,DATA SCIENTIST,4 tahun 0 bulan,MIDDLE,48,59.6452497667,90.0,100.0,7.186353322,1.1,76.3103827,76.3103827
Build dashboards and reports,Data Analyst,6e0778a1,Data Scientist,2.8620689655172415,0,92,DATA SCIENTIST,3 tahun 1 bulan,JUNIOR,37,54.5927141687,70.0,97.91666667,4.665283496,1.0,57.55075558,57.55075558
Build dashboards and reports,Data Analyst,6fb8c1a0,Data Scientist,3.2758620689655173,3,75,DATA SCIENTIST,3 tahun 0 bulan,BASIC,36,61.1916404063,98.0,0.0,3.823402466,1.0,70.34689224,70.34689224
Build dashboards and reports,Data Analyst,7176fcb0,Data Engineer,3.586206896551724,3,104,DATA ENGINEER,7 tahun 0 bulan,SENIOR,84,75.0633578433,80.0,33.82352941,7.122781583,1.2,79.20577781,79.20577781
Build dashboards and reports,Data Analyst,77571f19,Data Analyst,1.9655172413793103,2,54,DATA ANALYST,3 tahun 1 bulan,JUNIOR,37,77.8103933242,100.0,100.0,5.536442394,1.0,79.32087607,79.32087607
Build dashboards and reports,Data Analyst,7L762383,Data Analyst,3.3448275862068964,0,59,DATA ANALYST,1 tahun 10 bulan,MIDDLE,22,63.2588118579,88.5,94.96527778,2.554920958,1.0,68.65055253,68.65055253
Build dashboards and reports,Data Analyst,7b6d04c9,Data Analyst,3.1379310344827585,3,2,DATA ANALYST,4 tahun 5 bulan,MIDDLE,53,73.2388159429,86.0,100.0,4.742239915,1.0,70.9884555,70.9884555
Build dashboards and reports,Data Analyst,7ba9df08,Data Analyst,3.4482758620689653,0,25,DATA ANALYST,3 tahun 1 bulan,MIDDLE,37,56.631039916,92.5,96.35416667,0.0,1.2,82.079429,82.079429
Build dashboards and reports,Data Analyst,7d317bd2,Data Scientist,1.206896551724138,2,90,DATA ANALYST,4 tahun 4 bulan,JUNIOR,52,63.7458566762,86.5,86.37152778,3.794124597,1.0,67.4194445,67.4194445
Build dashboards and reports,Data Analyst,7dc30989,Data Scientist,3.3448275862068964,1,73,DATA SCIENTIST,3 tahun 4 bulan,JUNIOR,40,92.1873832863,90.0,0.0,8.045322081,1.0,76.69106422,76.69106422
Build dashboards and reports,Data Analyst,7fe7bd2c,Data Scientist,2.8620689655172415,0,65,DATA SCIENTIST,2 tahun 2 bulan,JUNIOR,26,39.5228291321,89.5,99.30555556,6.121971713,1.0,63.07245784,63.07245784
Build dashboards and reports,Data Analyst,8126543f,Data Scientist,2.6551724137931036,0,85,DATA SCIENTIST,3 tahun 1 bulan,JUNIOR,37,63.1813433708,90.0,99.30555556,6.700326893,1.0,70.28096361,70.28096361
Build dashboards and reports,Data Analyst,8387045b,Data Scientist,3.8620689655172415,1,69,DATA SCIENTIST,4 tahun 4 bulan,MIDDLE,52,85.768554505,94.0,98.61111111,53.90204421,1.2,99.0,99.0
Build dashboards and reports,Data Analyst,859bd42e,Data Scientist,3.0689655172413794,0,95,DATA SCIENTIST,3 tahun 5 bulan,JUNIOR,41,91.9510387488,95.0,100.0,9.232623263,1.0,81.52852324,81.52852324
Build dashboards and reports,Data Analyst,85e8c8f1,Data Scientist,3.3793103448275863,0,105,DATA SCIENTIST,2 tahun 9 bulan,JUNIOR,33,86.9119456117,93.0,100.0,3.409887033,1.1,86.02380765,86.02380765
Build dashboards and reports,Data Analyst,8K760816,Data Analyst,2.8620689655172415,0,15,DATA ANALYST,2 tahun 8 bulan,MIDDLE,32,52.4918446546,98.5,100.0,3.455357726,1.0,70.91183125,70.91183125
Build dashboards and reports,Data Analyst,9ab9d681,Data Scientist,3.6206896551724137,1,18,DATA SCIENTIST,3 tahun 0 bulan,MIDDLE,36,31.3339898458,92.0,100.0,52.63227356,1.0,68.97507879,68.97507879
Build dashboards and reports,Data Analyst,a016ffe0,Data Scientist,3.3793103448275863,1,26,DATA SCIENTIST,3 tahun 1 bulan,MIDDLE,37,82.0345763308,64.0,34.49197861,6.239432544,1.2,71.75887324,71.75887324
Build dashboards and reports,Data Analyst,a20ce132,Data Analyst,4.241379310344827,1,22,DATA ANALYST,2 tahun 9 bulan,MIDDLE,33,84.2864145654,95.0,98.61111111,10.2440888,1.2,95.23244671,95.23244671
Build dashboards and reports,Data Analyst,a77b4e68,Data Scientist,2.0344827586206895,2,80,MGT,2 tahun 5 bulan,-,29,80.6774626521,90.0,100.0,29.57650728,1.0,78.85832029,78.85832029
Build dashboards and reports,Data Analyst,a9fcd0c5,Data Analyst,2.3793103448275863,2,23,DATA ANALYST,2 tahun 1 bulan,MIDDLE,25,86.9994864617,91.5,100.0,7.075545771,1.1,85.847875,85.847875
Build dashboards and reports,Data Analyst,ae73e946,Data Analyst,1.7241379310344827,2,72,DATA SCIENTIST,3 tahun 5 bulan,JUNIOR,41,83.7572654062,85.0,97.91666667,10.90515878,1.0,74.34235311,74.34235311
Build dashboards and reports,Data Analyst,afb96c1d,Data Analyst,2.7586206896551726,0,19,DATA ANALYST,2 tahun 8 bulan,JUNIOR,32,77.4700746967,84.5,100.0,6.630101873,1.0,71.7649257,71.7649257
Build dashboards and reports,Data Analyst,aff5a1f7,Data Engineer,4.275862068965517,3,96,DATA ENGINEER,2 tahun 7 bulan,JUNIOR,31,69.9306139125,90.0,98.61111111,7.174163182,1.2,86.72069722,86.72069722
Build dashboards and reports,Data Analyst,b0519d51,Data Scientist,2.7241379310344827,0,43,DATA SCIENTIST,4 tahun 1 bulan,JUNIOR,49,66.8638392858,92.0,99.30555556,4.723839233,1.1,79.24054742,79.24054742
Build dashboards and reports,Data Analyst,b7ddf289,Artificial Intelligence Engineer,3.3448275862068964,1,44,DATA SCIENTIST,1 tahun 2 bulan,JUNIOR,14,78.282819795,95.0,100.0,11.82325385,1.0,77.94660283,77.94660283
Build dashboards and reports,Data Analyst,be2d891b,Data Scientist,4.137931034482759,1,14,AI ENGINEER,2 tahun 3 bulan,JUNIOR,27,70.2197654063,95.0,0.0,0.33375087,1.3,92.33751534,92.33751534
Build dashboards and reports,Data Analyst,beb45f59,Data Analyst,2.4482758620689653,2,68,DATA ANALYST,3 tahun 4 bulan,MIDDLE,40,86.1330823996,80.0,98.61111111,6.436879162,1.0,71.94756403,71.94756403
Build dashboards and reports,Data Analyst,c0b0190c,Data Analyst,4.137931034482759,1,17,DATA SCIENTIST,6 tahun 5 bulan,MIDDLE,77,29.2835988563,84.0,22.19251337,4.068139436,1.0,53.16264673,53.16264673
Build dashboards and reports,Data Analyst,c13b7f6c,Data Analyst,1.8620689655172413,2,34,DATA ANALYST,3 tahun 1 bulan,MIDDLE,37,87.4991246496,90.0,100.0,12.60600857,1.0,78.2842696,78.2842696
Build dashboards and reports,Data Analyst,c4acf473,Data Analyst,3.413793103448276,3,107,DATA ANALYST,2 tahun 9 bulan,JUNIOR,33,79.9589169,86.5,93.31597222,0.0,1.0,72.02498398,72.02498398
Build dashboards and reports,Data Analyst,c5c364b3,Data Analyst,3.1379310344827585,0,60,DATA ANALYST,1 tahun 1 bulan,JUNIOR,13,40.932846055,100.0,16.57754011,1.742317797,1.0,64.65542017,64.65542017
Build dashboards and reports,Data Analyst,c615b19e,Data Engineer,3.6206896551724137,3,63,DATA SCIENTIST,4 tahun 4 bulan,JUNIOR,52,71.0338060221,88.0,96.52777778,3.953496176,1.0,70.97960925,70.97960925
Build dashboards and reports,Data Analyst,ccc8525a,Data Scientist,3.3448275862068964,1,47,DATA SCIENTIST,1 tahun 0 bulan,BASIC,12,75.7084500467,90.0,0.0,0.0,1.0,70.11863666,70.11863666
Build dashboards and reports,Data Analyst,cdb6bf28,Artificial Intelligence Engineer,3.9655172413793105,1,6,AI ENGINEER,7 tahun 1 bulan,MIDDLE,85,81.6822187204,91.0,0.0,3.667866596,1.3,95.09100733,95.09100733
Build dashboards and reports,Data Analyst,cf9338b5,Data Scientist,2.4827586206896552,0,74,DATA SCIENTIST,1 tahun 0 bulan,BASIC,12,82.0043154762,90.0,35.29411765,3.321482848,1.0,72.67275856,72.67275856
Build dashboards and reports,Data Analyst,d08b974d,Data Analyst,2.586206896551724,0,86,DATA ANALYST,2 tahun 9 bulan,MIDDLE,33,58.8772058825,93.5,97.91666667,0.871158899,1.0,69.7799626,69.7799626
Build dashboards and reports,Data Analyst,d8c9672c,Data Analyst,4.0344827586206895,1,82,DATA ANALYST,2 tahun 4 bulan,MIDDLE,28,73.7417775442,90.5,95.05208333,9.595209262,1.0,73.7469197,73.7469197
Build dashboards and reports,Data Analyst,ecc200ca,Data Engineer,3.4827586206896552,3,56,DATA ENGINEER,1 tahun 9 bulan,MIDDLE,21,71.0850840338,89.0,99.30555556,5.758942974,1.2,86.333236,86.333236
Build dashboards and reports,Data Analyst,eed0f189,Data Analyst,3.103448275862069,3,45,DATA ANALYST,2 tahun 10 bulan,MIDDLE,34,69.240079365,96.0,70.49910873,48.01347408,1.0,79.53001534,79.53001534
Build dashboards and reports,Data Analyst,f007ee36,Artificial Intelligence Engineer,2.3793103448275863,0,70,AI ENGINEER,2 tahun 0 bulan,MIDDLE,24,40.1500350142,90.0,99.30555556,2.332863117,1.3,81.80872206,81.80872206
Build dashboards and reports,Data Analyst,f2f08a05,Data Engineer,2.793103448275862,3,94,DATA ENGINEER,2 tahun 5 bulan,JUNIOR,29,59.4675711954,87.0,99.30555556,7.027424482,1.2,81.33092925,81.33092925
Build dashboards and reports,Data Analyst,f6f88029,Data Analyst,1.2413793103448276,2,100,MGT,4 tahun 3 bulan,-,51,4.3391106446,90.0,78.20855615,6.010278684,1.0,48.76020407,48.76020407
Build dashboards and reports,Data Analyst,fbc7621c,Data Scientist,2.9655172413793105,0,93,DATA SCIENTIST,8 tahun 6 bulan,MIDDLE,102,58.3732609713,75.0,100.0,12.17940809,1.0,62.37965806,62.37965806
Build dashboards and reports,Data Analyst,ff56a859,Data Scientist,3.3793103448275863,0,97,DATA SCIENTIST,4 tahun 3 bulan,JUNIOR,51,71.9907037817,89.5,95.83333333,11.98196147,1.0,73.15820762,73.15820762
Customer behavior analysis,Data Analyst,006bac9a,Data Analyst,2.25,3,7,DATA ANALYST,2 tahun 5 bulan,JUNIOR,29,24.3446545288,90.0,100.0,10.68886874,1.0,59.64183706,59.64183706
Customer behavior analysis,Data Analyst,00c74be4,Data Scientist,2.5,3,106,DATA SCIENTIST,5 tahun 10 bulan,MIDDLE,70,65.8296276846,90.0,70.58823529,2.714292537,1.0,67.48966658,67.48966658
Customer behavior analysis,Data Analyst,01c8c0ef,Data Scientist,4.25,1,67,DATA SCIENTIST,2 tahun 2 bulan,SENIOR,26,77.0315563725,92.0,96.35416667,6.32783673,1.1,82.53917202,82.53917202
Customer behavior analysis,Data Analyst,01d1846b,Data Analyst,2.75,0,77,DATA ANALYST,4 tahun 3 bulan,JUNIOR,51,76.130287115,84.0,91.92708333,7.89858338,1.0,70.77981892,70.77981892
Customer behavior analysis,Data Analyst,03ad7f49,Data Scientist,3.0,2,91,DATA SCIENTIST,3 tahun 4 bulan,JUNIOR,40,75.1958741829,90.0,0.0,4.519739335,1.0,70.74391915,70.74391915
Customer behavior analysis,Data Analyst,0514ff91,Data Scientist,4.0,0,37,DATA SCIENTIST,3 tahun 4 bulan,MIDDLE,40,75.6379551821,90.0,100.0,11.44256681,1.0,74.661971,74.661971
Customer behavior analysis,Data Analyst,056cd3f9,Data Engineer,2.25,3,48,DATA ENGINEER,7 tahun 7 bulan,SENIOR,91,80.4681314192,90.0,34.22459893,5.168397654,1.3,94.26532683,94.26532683
Customer behavior analysis,Data Analyst,05eed8dc,Data Engineer,1.25,3,49,DATA ENGINEER,2 tahun 5 bulan,MIDDLE,29,62.7957662233,95.0,99.21875,8.595362988,1.2,87.48866032,87.48866032
Customer behavior analysis,Data Analyst,106760ca,Data Engineer,4.0,1,21,DATA ENGINEER,1 tahun 11 bulan,MIDDLE,23,71.4513888888,91.25,100.0,8.016044212,1.2,88.25251765,88.25251765
Customer behavior analysis,Data Analyst,123117c9,Data Analyst,2.5,2,32,DATA ANALYST,4 tahun 2 bulan,MIDDLE,50,70.4449813258,95.0,100.0,3.648580437,1.0,74.43733436,74.43733436
Customer behavior analysis,Data Analyst,14d4dbd6,Data Analyst,1.5,2,108,DATA ANALYST,4 tahun 2 bulan,JUNIOR,50,79.6974498133,80.5,98.4375,3.111615146,1.0,69.81056917,69.81056917
Customer behavior analysis,Data Analyst,1551c5ff,Data Analyst,2.25,2,66,DATA ANALYST,2 tahun 5 bulan,JUNIOR,29,79.0374358075,90.0,100.0,15.2788331,1.0,76.22782609,76.22782609
Customer behavior analysis,Data Analyst,1667415a,Data Analyst,2.75,0,50,DATA ANALYST,4 tahun 1 bulan,JUNIOR,49,73.4773576096,90.0,100.0,10.26693491,1.0,73.85696587,73.85696587
Customer behavior analysis,Data Analyst,1672e04a,Data Analyst,3.0,3,41,DATA ANALYST,4 tahun 3 bulan,JUNIOR,51,69.8277310925,86.0,100.0,7.456011595,1.0,70.40596081,70.40596081
Customer behavior analysis,Data Analyst,17466c54,Data Analyst,3.75,2,11,DATA ANALYST,3 tahun 1 bulan,JUNIOR,37,49.8728816529,90.0,100.0,7.676082801,1.0,66.60685575,66.60685575
Customer behavior analysis,Data Analyst,1893af41,Data Analyst,3.0,2,103,DATA SCIENTIST,1 tahun 1 bulan,JUNIOR,13,37.5269607842,98.0,29.01069519,0.0,1.0,62.25313576,62.25313576
Customer behavior analysis,Data Analyst,1dbecdbe,Data Scientist,3.5,0,4,DATA SCIENTIST,2 tahun 3 bulan,JUNIOR,27,85.3527602713,90.0,99.30555556,6.414697312,1.0,76.68127695,76.68127695
Customer behavior analysis,Data Analyst,29e9efd9,Data Engineer,2.25,3,61,DATA ENGINEER,3 tahun 1 bulan,MIDDLE,37,72.8804563492,94.0,99.30555556,9.72908414,1.2,90.62742563,90.62742563
Customer behavior analysis,Data Analyst,2d801262,Data Analyst,4.0,0,9,DATA ANALYST,2 tahun 10 bulan,MIDDLE,34,80.3460259104,90.0,95.74652778,10.27336667,1.1,83.12594823,83.12594823
Customer behavior analysis,Data Analyst,31e8a51f,Data Scientist,2.75,0,98,DATA SCIENTIST,2 tahun 9 bulan,JUNIOR,33,52.8933765175,90.0,65.10695187,6.407601293,1.0,64.07121964,64.07121964
Customer behavior analysis,Data Analyst,3350383a,Artificial Intelligence Engineer,4.5,1,30,AI ENGINEER,3 tahun 9 bulan,MIDDLE,45,54.1797239725,95.5,96.44097222,11.49637749,1.3,92.17002068,92.17002068
Customer behavior analysis,Data Analyst,365fc87a,Data Analyst,2.75,0,110,DATA ANALYST,2 tahun 5 bulan,BASIC,29,80.8585434175,90.0,8.155080214,6.607477284,1.0,72.88466719,72.88466719
Customer behavior analysis,Data Analyst,36cf70f2,Artificial Intelligence Engineer,3.75,1,58,AI ENGINEER,2 tahun 5 bulan,MIDDLE,29,43.5532358775,89.5,100.0,11.83988942,1.3,84.69716654,84.69716654
Customer behavior analysis,Data Analyst,3951d86b,Data Scientist,3.75,1,78,DATA SCIENTIST,3 tahun 1 bulan,JUNIOR,37,55.4426062092,95.0,100.0,4.279280813,1.0,70.17243405,70.17243405
Customer behavior analysis,Data Analyst,39c4596a,Data Scientist,3.75,0,42,DATA SCIENTIST,3 tahun 5 bulan,JUNIOR,41,60.7098506071,80.0,97.91666667,4.694561364,1.0,64.25018915,64.25018915
Customer behavior analysis,Data Analyst,3cac7e99,Data Scientist,4.5,0,88,DATA SCIENTIST,10 tahun 2 bulan,SENIOR,122,88.3660831,98.0,34.22459893,51.7318368,1.0,87.21080158,87.21080158
Customer behavior analysis,Data Analyst,42e7a026,Data Analyst,3.5,0,64,DATA ANALYST,2 tahun 6 bulan,JUNIOR,30,73.5210696779,89.0,99.21875,4.472503523,1.0,72.45268383,72.45268383
Customer behavior analysis,Data Analyst,46fd6e1c,Data Analyst,3.0,2,5,DATA SCIENTIST,1 tahun 2 bulan,JUNIOR,14,67.4580357142,90.0,100.0,11.7055718,1.0,72.32438573,72.32438573
Customer behavior analysis,Data Analyst,47d42365,Data Engineer,2.5,3,53,DATA ENGINEER,4 tahun 4 bulan,JUNIOR,52,71.9768703312,91.5,97.82986111,3.794124597,1.2,87.64556985,87.64556985
Customer behavior analysis,Data Analyst,4cba2f2d,Artificial Intelligence Engineer,2.75,0,36,AI ENGINEER,1 tahun 7 bulan,JUNIOR,19,66.0502450979,95.0,100.0,5.817498712,1.2,84.80862745,84.80862745
Customer behavior analysis,Data Analyst,4d57b04b,Data Scientist,3.0,0,20,DATA SCIENTIST,3 tahun 11 bulan,MIDDLE,47,60.9976657327,96.5,91.31944444,1.268481508,1.1,78.63807432,78.63807432
Customer behavior analysis,Data Analyst,516J6855,Data Scientist,3.5,0,46,DATA SCIENTIST,2 tahun 5 bulan,JUNIOR,29,54.7360673438,80.0,96.96180556,11.10881594,1.0,63.41641108,63.41641108
Customer behavior analysis,Data Analyst,528f3560,Data Analyst,2.25,2,55,DATA SCIENTIST,7 tahun 0 bulan,SENIOR,84,32.3536327033,90.0,94.11764706,44.61622935,1.0,64.269703,64.269703
Customer behavior analysis,Data Analyst,528f3560,Data Analyst,2.25,2,55,DATA SCIENTIST,7 tahun 0 bulan,SENIOR,84,32.3536327033,90.0,94.11764706,44.61622935,1.0,64.269703,64.269703
Customer behavior analysis,Data Analyst,5312eea4,Data Analyst,2.75,3,84,DATA ANALYST,2 tahun 2 bulan,MIDDLE,26,49.7969187675,86.0,92.79513889,46.9198146,1.0,70.0469465,70.0469465
Customer behavior analysis,Data Analyst,544a3d1a,Data Scientist,3.5,0,62,DATA SCIENTIST,4 tahun 2 bulan,MIDDLE,50,59.509354575,90.5,100.0,7.234474611,1.0,69.58669591,69.58669591
Customer behavior analysis,Data Analyst,54b0fc4f,Data Analyst,4.25,1,89,DATA ANALYST,2 tahun 2 bulan,MIDDLE,26,71.3084967321,88.5,98.61111111,6.180876807,1.0,71.78045298,71.78045298
Customer behavior analysis,Data Analyst,557e30ab,Data Analyst,2.75,2,29,DATA ANALYST,3 tahun 5 bulan,MIDDLE,41,53.7861081933,85.0,100.0,4.549017204,1.0,64.81437318,64.81437318
Customer behavior analysis,Data Analyst,55b2e646,Data Scientist,4.0,1,57,AI ENGINEER,3 tahun 0 bulan,JUNIOR,36,50.15589986,90.0,100.0,0.871158899,1.3,85.36316737,85.36316737
Customer behavior analysis,Data Analyst,57635c17,Data Analyst,2.0,2,12,DATA ANALYST,3 tahun 3 bulan,MIDDLE,39,67.5095967558,90.0,99.21875,6.039999292,1.0,71.43352597,71.43352597
Customer behavior analysis,Data Analyst,57ecf7ad,Data Analyst,1.5,2,27,MGT,5 tahun 1 bulan,-,61,3.4722222221,90.0,77.54010695,4.326516624,1.0,48.19519238,48.19519238
Customer behavior analysis,Data Analyst,5b749bf9,Data Engineer,1.0,3,101,DATA ENGINEER,2 tahun 3 bulan,BASIC,27,34.81372549,90.0,86.63101604,10.06283501,1.2,70.83787239,70.83787239
Customer behavior analysis,Data Analyst,5d16d190,Data Scientist,4.25,0,99,DATA SCIENTIST,3 tahun 1 bulan,JUNIOR,37,62.2739437442,90.0,97.74305556,28.26078997,1.0,73.16053928,73.16053928
Customer behavior analysis,Data Analyst,5dc773ce,Artificial Intelligence Engineer,2.25,0,35,DATA SCIENTIST,4 tahun 4 bulan,MIDDLE,52,72.0571603642,91.0,95.57291667,5.121161842,1.1,80.15052819,80.15052819
Customer behavior analysis,Data Analyst,6131e4d7,Data Engineer,2.75,1,38,DATA ENGINEER,2 tahun 3 bulan,MIDDLE,27,58.5518732492,93.5,99.30555556,10.46636816,1.2,85.46875202,85.46875202
Customer behavior analysis,Data Analyst,64S57577,Data Scientist,4.5,1,40,DATA SCIENTIST,3 tahun 9 bulan,MIDDLE,45,73.6180643087,84.5,89.32291667,3.982774045,1.0,69.5311892,69.5311892
Customer behavior analysis,Data Analyst,65054asd,Data Analyst,2.5,2,10,DATA ANALYST,3 tahun 4 bulan,JUNIOR,40,70.5590744629,99.0,0.0,4.917061944,1.0,73.99273476,73.99273476
Customer behavior analysis,Data Analyst,66d21701,Data Analyst,4.0,0,33,DATA ANALYST,4 tahun 3 bulan,JUNIOR,51,63.8499212188,81.5,83.07291667,3.823402466,1.0,64.77440963,64.77440963
Customer behavior analysis,Data Analyst,6de6b041,Data Scientist,2.75,3,16,DATA SCIENTIST,4 tahun 0 bulan,MIDDLE,48,59.6452497667,90.0,100.0,7.186353322,1.1,76.3103827,76.3103827
Customer behavior analysis,Data Analyst,6e0778a1,Data Scientist,4.0,0,92,DATA SCIENTIST,3 tahun 1 bulan,JUNIOR,37,54.5927141687,70.0,97.91666667,4.665283496,1.0,57.55075558,57.55075558
Customer behavior analysis,Data Analyst,6fb8c1a0,Data Scientist,3.0,3,75,DATA SCIENTIST,3 tahun 0 bulan,BASIC,36,61.1916404063,98.0,0.0,3.823402466,1.0,70.34689224,70.34689224
Customer behavior analysis,Data Analyst,7176fcb0,Data Engineer,2.75,3,104,DATA ENGINEER,7 tahun 0 bulan,SENIOR,84,75.0633578433,80.0,33.82352941,7.122781583,1.2,79.20577781,79.20577781
Customer behavior analysis,Data Analyst,77571f19,Data Analyst,1.5,2,54,DATA ANALYST,3 tahun 1 bulan,JUNIOR,37,77.8103933242,100.0,100.0,5.536442394,1.0,79.32087607,79.32087607
Customer behavior analysis,Data Analyst,7L762383,Data Analyst,4.0,0,59,DATA ANALYST,1 tahun 10 bulan,MIDDLE,22,63.2588118579,88.5,94.96527778,2.554920958,1.0,68.65055253,68.65055253
Customer behavior analysis,Data Analyst,7b6d04c9,Data Analyst,3.0,3,2,DATA ANALYST,4 tahun 5 bulan,MIDDLE,53,73.2388159429,86.0,100.0,4.742239915,1.0,70.9884555,70.9884555
Customer behavior analysis,Data Analyst,7ba9df08,Data Analyst,5.0,0,25,DATA ANALYST,3 tahun 1 bulan,MIDDLE,37,56.631039916,92.5,96.35416667,0.0,1.2,82.079429,82.079429
Customer behavior analysis,Data Analyst,7d317bd2,Data Scientist,1.5,2,90,DATA ANALYST,4 tahun 4 bulan,JUNIOR,52,63.7458566762,86.5,86.37152778,3.794124597,1.0,67.4194445,67.4194445
Customer behavior analysis,Data Analyst,7dc30989,Data Scientist,3.25,1,73,DATA SCIENTIST,3 tahun 4 bulan,JUNIOR,40,92.1873832863,90.0,0.0,8.045322081,1.0,76.69106422,76.69106422
Customer behavior analysis,Data Analyst,7fe7bd2c,Data Scientist,3.75,0,65,DATA SCIENTIST,2 tahun 2 bulan,JUNIOR,26,39.5228291321,89.5,99.30555556,6.121971713,1.0,63.07245784,63.07245784
Customer behavior analysis,Data Analyst,8126543f,Data Scientist,3.25,0,85,DATA SCIENTIST,3 tahun 1 bulan,JUNIOR,37,63.1813433708,90.0,99.30555556,6.700326893,1.0,70.28096361,70.28096361
Customer behavior analysis,Data Analyst,8387045b,Data Scientist,3.5,1,69,DATA SCIENTIST,4 tahun 4 bulan,MIDDLE,52,85.768554505,94.0,98.61111111,53.90204421,1.2,99.0,99.0
Customer behavior analysis,Data Analyst,859bd42e,Data Scientist,3.5,0,95,DATA SCIENTIST,3 tahun 5 bulan,JUNIOR,41,91.9510387488,95.0,100.0,9.232623263,1.0,81.52852324,81.52852324
Customer behavior analysis,Data Analyst,85e8c8f1,Data Scientist,4.25,0,105,DATA SCIENTIST,2 tahun 9 bulan,JUNIOR,33,86.9119456117,93.0,100.0,3.409887033,1.1,86.02380765,86.02380765
Customer behavior analysis,Data Analyst,8K760816,Data Analyst,4.0,0,15,DATA ANALYST,2 tahun 8 bulan,MIDDLE,32,52.4918446546,98.5,100.0,3.455357726,1.0,70.91183125,70.91183125
Customer behavior analysis,Data Analyst,9ab9d681,Data Scientist,4.0,1,18,DATA SCIENTIST,3 tahun 0 bulan,MIDDLE,36,31.3339898458,92.0,100.0,52.63227356,1.0,68.97507879,68.97507879
Customer behavior analysis,Data Analyst,a016ffe0,Data Scientist,4.0,1,26,DATA SCIENTIST,3 tahun 1 bulan,MIDDLE,37,82.0345763308,64.0,34.49197861,6.239432544,1.2,71.75887324,71.75887324
Customer behavior analysis,Data Analyst,a20ce132,Data Analyst,4.75,1,22,DATA ANALYST,2 tahun 9 bulan,MIDDLE,33,84.2864145654,95.0,98.61111111,10.2440888,1.2,95.23244671,95.23244671
Customer behavior analysis,Data Analyst,a77b4e68,Data Scientist,2.5,2,80,MGT,2 tahun 5 bulan,-,29,80.6774626521,90.0,100.0,29.57650728,1.0,78.85832029,78.85832029
Customer behavior analysis,Data Analyst,a9fcd0c5,Data Analyst,2.75,2,23,DATA ANALYST,2 tahun 1 bulan,MIDDLE,25,86.9994864617,91.5,100.0,7.075545771,1.1,85.847875,85.847875
Customer behavior analysis,Data Analyst,ae73e946,Data Analyst,1.5,2,72,DATA SCIENTIST,3 tahun 5 bulan,JUNIOR,41,83.7572654062,85.0,97.91666667,10.90515878,1.0,74.34235311,74.34235311
Customer behavior analysis,Data Analyst,afb96c1d,Data Analyst,3.75,0,19,DATA ANALYST,2 tahun 8 bulan,JUNIOR,32,77.4700746967,84.5,100.0,6.630101873,1.0,71.7649257,71.7649257
Customer behavior analysis,Data Analyst,aff5a1f7,Data Engineer,3.75,3,96,DATA ENGINEER,2 tahun 7 bulan,JUNIOR,31,69.9306139125,90.0,98.61111111,7.174163182,1.2,86.72069722,86.72069722
Customer behavior analysis,Data Analyst,b0519d51,Data Scientist,3.0,0,43,DATA SCIENTIST,4 tahun 1 bulan,JUNIOR,49,66.8638392858,92.0,99.30555556,4.723839233,1.1,79.24054742,79.24054742
Customer behavior analysis,Data Analyst,b7ddf289,Artificial Intelligence Engineer,3.0,1,44,DATA SCIENTIST,1 tahun 2 bulan,JUNIOR,14,78.282819795,95.0,100.0,11.82325385,1.0,77.94660283,77.94660283
Customer behavior analysis,Data Analyst,be2d891b,Data Scientist,3.0,1,14,AI ENGINEER,2 tahun 3 bulan,JUNIOR,27,70.2197654063,95.0,0.0,0.33375087,1.3,92.33751534,92.33751534
Customer behavior analysis,Data Analyst,beb45f59,Data Analyst,3.25,2,68,DATA ANALYST,3 tahun 4 bulan,MIDDLE,40,86.1330823996,80.0,98.61111111,6.436879162,1.0,71.94756403,71.94756403
Customer behavior analysis,Data Analyst,c0b0190c,Data Analyst,3.75,1,17,DATA SCIENTIST,6 tahun 5 bulan,MIDDLE,77,29.2835988563,84.0,22.19251337,4.068139436,1.0,53.16264673,53.16264673
Customer behavior analysis,Data Analyst,c13b7f6c,Data Analyst,2.75,2,34,DATA ANALYST,3 tahun 1 bulan,MIDDLE,37,87.4991246496,90.0,100.0,12.60600857,1.0,78.2842696,78.2842696
Customer behavior analysis,Data Analyst,c4acf473,Data Analyst,3.0,3,107,DATA ANALYST,2 tahun 9 bulan,JUNIOR,33,79.9589169,86.5,93.31597222,0.0,1.0,72.02498398,72.02498398
Customer behavior analysis,Data Analyst,c5c364b3,Data Analyst,3.0,0,60,DATA ANALYST,1 tahun 1 bulan,JUNIOR,13,40.932846055,100.0,16.57754011,1.742317797,1.0,64.65542017,64.65542017
Customer behavior analysis,Data Analyst,c615b19e,Data Engineer,3.0,3,63,DATA SCIENTIST,4 tahun 4 bulan,JUNIOR,52,71.0338060221,88.0,96.52777778,3.953496176,1.0,70.97960925,70.97960925
Customer behavior analysis,Data Analyst,ccc8525a,Data Scientist,3.75,1,47,DATA SCIENTIST,1 tahun 0 bulan,BASIC,12,75.7084500467,90.0,0.0,0.0,1.0,70.11863666,70.11863666
Customer behavior analysis,Data Analyst,cdb6bf28,Artificial Intelligence Engineer,4.5,1,6,AI ENGINEER,7 tahun 1 bulan,MIDDLE,85,81.6822187204,91.0,0.0,3.667866596,1.3,95.09100733,95.09100733
Customer behavior analysis,Data Analyst,cf9338b5,Data Scientist,2.75,0,74,DATA SCIENTIST,1 tahun 0 bulan,BASIC,12,82.0043154762,90.0,35.29411765,3.321482848,1.0,72.67275856,72.67275856
Customer behavior analysis,Data Analyst,d08b974d,Data Analyst,3.0,0,86,DATA ANALYST,2 tahun 9 bulan,MIDDLE,33,58.8772058825,93.5,97.91666667,0.871158899,1.0,69.7799626,69.7799626
Customer behavior analysis,Data Analyst,d8c9672c,Data Analyst,4.0,1,82,DATA ANALYST,2 tahun 4 bulan,MIDDLE,28,73.7417775442,90.5,95.05208333,9.595209262,1.0,73.7469197,73.7469197
Customer behavior analysis,Data Analyst,ecc200ca,Data Engineer,2.75,3,56,DATA ENGINEER,1 tahun 9 bulan,MIDDLE,21,71.0850840338,89.0,99.30555556,5.758942974,1.2,86.333236,86.333236
Customer behavior analysis,Data Analyst,eed0f189,Data Analyst,2.5,3,45,DATA ANALYST,2 tahun 10 bulan,MIDDLE,34,69.240079365,96.0,70.49910873,48.01347408,1.0,79.53001534,79.53001534
Customer behavior analysis,Data Analyst,f007ee36,Artificial Intelligence Engineer,3.25,0,70,AI ENGINEER,2 tahun 0 bulan,MIDDLE,24,40.1500350142,90.0,99.30555556,2.332863117,1.3,81.80872206,81.80872206
Customer behavior analysis,Data Analyst,f2f08a05,Data Engineer,1.25,3,94,DATA ENGINEER,2 tahun 5 bulan,JUNIOR,29,59.4675711954,87.0,99.30555556,7.027424482,1.2,81.33092925,81.33092925
Customer behavior analysis,Data Analyst,f6f88029,Data Analyst,1.5,2,100,MGT,4 tahun 3 bulan,-,51,4.3391106446,90.0,78.20855615,6.010278684,1.0,48.76020407,48.76020407
Customer behavior analysis,Data Analyst,fbc7621c,Data Scientist,2.5,0,93,DATA SCIENTIST,8 tahun 6 bulan,MIDDLE,102,58.3732609713,75.0,100.0,12.17940809,1.0,62.37965806,62.37965806
Customer behavior analysis,Data Analyst,ff56a859,Data Scientist,4.5,0,97,DATA SCIENTIST,4 tahun 3 bulan,JUNIOR,51,71.9907037817,89.5,95.83333333,11.98196147,1.0,73.15820762,73.15820762
"Data extraction, transformation, and visualization",Data Analyst,006bac9a,Data Analyst,3.032258064516129,3,7,DATA ANALYST,2 tahun 5 bulan,JUNIOR,29,24.3446545288,90.0,100.0,10.68886874,1.0,59.64183706,59.64183706
"Data extraction, transformation, and visualization",Data Analyst,00c74be4,Data Scientist,2.6451612903225805,3,106,DATA SCIENTIST,5 tahun 10 bulan,MIDDLE,70,65.8296276846,90.0,70.58823529,2.714292537,1.0,67.48966658,67.48966658
"Data extraction, transformation, and visualization",Data Analyst,01c8c0ef,Data Scientist,3.7419354838709675,1,67,DATA SCIENTIST,2 tahun 2 bulan,SENIOR,26,77.0315563725,92.0,96.35416667,6.32783673,1.1,82.53917202,82.53917202
"Data extraction, transformation, and visualization",Data Analyst,01d1846b,Data Analyst,2.870967741935484,0,77,DATA ANALYST,4 tahun 3 bulan,JUNIOR,51,76.130287115,84.0,91.92708333,7.89858338,1.0,70.77981892,70.77981892
"Data extraction, transformation, and visualization",Data Analyst,03ad7f49,Data Scientist,2.2903225806451615,2,91,DATA SCIENTIST,3 tahun 4 bulan,JUNIOR,40,75.1958741829,90.0,0.0,4.519739335,1.0,70.74391915,70.74391915
"Data extraction, transformation, and visualization",Data Analyst,0514ff91,Data Scientist,2.838709677419355,0,37,DATA SCIENTIST,3 tahun 4 bulan,MIDDLE,40,75.6379551821,90.0,100.0,11.44256681,1.0,74.661971,74.661971
"Data extraction, transformation, and visualization",Data Analyst,056cd3f9,Data Engineer,3.6129032258064515,3,48,DATA ENGINEER,7 tahun 7 bulan,SENIOR,91,80.4681314192,90.0,34.22459893,5.168397654,1.3,94.26532683,94.26532683
"Data extraction, transformation, and visualization",Data Analyst,05eed8dc,Data Engineer,3.193548387096774,3,49,DATA ENGINEER,2 tahun 5 bulan,MIDDLE,29,62.7957662233,95.0,99.21875,8.595362988,1.2,87.48866032,87.48866032
"Data extraction, transformation, and visualization",Data Analyst,106760ca,Data Engineer,4.903225806451613,1,21,DATA ENGINEER,1 tahun 11 bulan,MIDDLE,23,71.4513888888,91.25,100.0,8.016044212,1.2,88.25251765,88.25251765
"Data extraction, transformation, and visualization",Data Analyst,123117c9,Data Analyst,1.935483870967742,2,32,DATA ANALYST,4 tahun 2 bulan,MIDDLE,50,70.4449813258,95.0,100.0,3.648580437,1.0,74.43733436,74.43733436
"Data extraction, transformation, and visualization",Data Analyst,14d4dbd6,Data Analyst,2.032258064516129,2,108,DATA ANALYST,4 tahun 2 bulan,JUNIOR,50,79.6974498133,80.5,98.4375,3.111615146,1.0,69.81056917,69.81056917
"Data extraction, transformation, and visualization",Data Analyst,1551c5ff,Data Analyst,2.2580645161290325,2,66,DATA ANALYST,2 tahun 5 bulan,JUNIOR,29,79.0374358075,90.0,100.0,15.2788331,1.0,76.22782609,76.22782609
"Data extraction, transformation, and visualization",Data Analyst,1667415a,Data Analyst,3.129032258064516,0,50,DATA ANALYST,4 tahun 1 bulan,JUNIOR,49,73.4773576096,90.0,100.0,10.26693491,1.0,73.85696587,73.85696587
"Data extraction, transformation, and visualization",Data Analyst,1672e04a,Data Analyst,3.5806451612903225,3,41,DATA ANALYST,4 tahun 3 bulan,JUNIOR,51,69.8277310925,86.0,100.0,7.456011595,1.0,70.40596081,70.40596081
"Data extraction, transformation, and visualization",Data Analyst,17466c54,Data Analyst,2.2903225806451615,2,11,DATA ANALYST,3 tahun 1 bulan,JUNIOR,37,49.8728816529,90.0,100.0,7.676082801,1.0,66.60685575,66.60685575
"Data extraction, transformation, and visualization",Data Analyst,1893af41,Data Analyst,2.2903225806451615,2,103,DATA SCIENTIST,1 tahun 1 bulan,JUNIOR,13,37.5269607842,98.0,29.01069519,0.0,1.0,62.25313576,62.25313576
"Data extraction, transformation, and visualization",Data Analyst,1dbecdbe,Data Scientist,2.4193548387096775,0,4,DATA SCIENTIST,2 tahun 3 bulan,JUNIOR,27,85.3527602713,90.0,99.30555556,6.414697312,1.0,76.68127695,76.68127695
"Data extraction, transformation, and visualization",Data Analyst,29e9efd9,Data Engineer,3.6451612903225805,3,61,DATA ENGINEER,3 tahun 1 bulan,MIDDLE,37,72.8804563492,94.0,99.30555556,9.72908414,1.2,90.62742563,90.62742563
"Data extraction, transformation, and visualization",Data Analyst,2d801262,Data Analyst,3.2580645161290325,0,9,DATA ANALYST,2 tahun 10 bulan,MIDDLE,34,80.3460259104,90.0,95.74652778,10.27336667,1.1,83.12594823,83.12594823
"Data extraction, transformation, and visualization",Data Analyst,31e8a51f,Data Scientist,2.4838709677419355,0,98,DATA SCIENTIST,2 tahun 9 bulan,JUNIOR,33,52.8933765175,90.0,65.10695187,6.407601293,1.0,64.07121964,64.07121964
"Data extraction, transformation, and visualization",Data Analyst,3350383a,Artificial Intelligence Engineer,4.32258064516129,1,30,AI ENGINEER,3 tahun 9 bulan,MIDDLE,45,54.1797239725,95.5,96.44097222,11.49637749,1.3,92.17002068,92.17002068
"Data extraction, transformation, and visualization",Data Analyst,365fc87a,Data Analyst,2.6451612903225805,0,110,DATA ANALYST,2 tahun 5 bulan,BASIC,29,80.8585434175,90.0,8.155080214,6.607477284,1.0,72.88466719,72.88466719
"Data extraction, transformation, and visualization",Data Analyst,36cf70f2,Artificial Intelligence Engineer,3.5806451612903225,1,58,AI ENGINEER,2 tahun 5 bulan,MIDDLE,29,43.5532358775,89.5,100.0,11.83988942,1.3,84.69716654,84.69716654
"Data extraction, transformation, and visualization",Data Analyst,3951d86b,Data Scientist,4.419354838709677,1,78,DATA SCIENTIST,3 tahun 1 bulan,JUNIOR,37,55.4426062092,95.0,100.0,4.279280813,1.0,70.17243405,70.17243405
"Data extraction, transformation, and visualization",Data Analyst,39c4596a,Data Scientist,2.935483870967742,0,42,DATA SCIENTIST,3 tahun 5 bulan,JUNIOR,41,60.7098506071,80.0,97.91666667,4.694561364,1.0,64.25018915,64.25018915
"Data extraction, transformation, and visualization",Data Analyst,3cac7e99,Data Scientist,2.774193548387097,0,88,DATA SCIENTIST,10 tahun 2 bulan,SENIOR,122,88.3660831,98.0,34.22459893,51.7318368,1.0,87.21080158,87.21080158
"Data extraction, transformation, and visualization",Data Analyst,42e7a026,Data Analyst,3.193548387096774,0,64,DATA ANALYST,2 tahun 6 bulan,JUNIOR,30,73.5210696779,89.0,99.21875,4.472503523,1.0,72.45268383,72.45268383
"Data extraction, transformation, and visualization",Data Analyst,46fd6e1c,Data Analyst,2.3225806451612905,2,5,DATA SCIENTIST,1 tahun 2 bulan,JUNIOR,14,67.4580357142,90.0,100.0,11.7055718,1.0,72.32438573,72.32438573
"Data extraction, transformation, and visualization",Data Analyst,47d42365,Data Engineer,3.838709677419355,3,53,DATA ENGINEER,4 tahun 4 bulan,JUNIOR,52,71.9768703312,91.5,97.82986111,3.794124597,1.2,87.64556985,87.64556985
"Data extraction, transformation, and visualization",Data Analyst,4cba2f2d,Artificial Intelligence Engineer,2.5806451612903225,0,36,AI ENGINEER,1 tahun 7 bulan,JUNIOR,19,66.0502450979,95.0,100.0,5.817498712,1.2,84.80862745,84.80862745
"Data extraction, transformation, and visualization",Data Analyst,4d57b04b,Data Scientist,2.7096774193548385,0,20,DATA SCIENTIST,3 tahun 11 bulan,MIDDLE,47,60.9976657327,96.5,91.31944444,1.268481508,1.1,78.63807432,78.63807432
"Data extraction, transformation, and visualization",Data Analyst,516J6855,Data Scientist,2.5806451612903225,0,46,DATA SCIENTIST,2 tahun 5 bulan,JUNIOR,29,54.7360673438,80.0,96.96180556,11.10881594,1.0,63.41641108,63.41641108
"Data extraction, transformation, and visualization",Data Analyst,528f3560,Data Analyst,1.935483870967742,2,55,DATA SCIENTIST,7 tahun 0 bulan,SENIOR,84,32.3536327033,90.0,94.11764706,44.61622935,1.0,64.269703,64.269703
"Data extraction, transformation, and visualization",Data Analyst,528f3560,Data Analyst,1.935483870967742,2,55,DATA SCIENTIST,7 tahun 0 bulan,SENIOR,84,32.3536327033,90.0,94.11764706,44.61622935,1.0,64.269703,64.269703
"Data extraction, transformation, and visualization",Data Analyst,5312eea4,Data Analyst,2.838709677419355,3,84,DATA ANALYST,2 tahun 2 bulan,MIDDLE,26,49.7969187675,86.0,92.79513889,46.9198146,1.0,70.0469465,70.0469465
"Data extraction, transformation, and visualization",Data Analyst,544a3d1a,Data Scientist,2.870967741935484,0,62,DATA SCIENTIST,4 tahun 2 bulan,MIDDLE,50,59.509354575,90.5,100.0,7.234474611,1.0,69.58669591,69.58669591
"Data extraction, transformation, and visualization",Data Analyst,54b0fc4f,Data Analyst,3.903225806451613,1,89,DATA ANALYST,2 tahun 2 bulan,MIDDLE,26,71.3084967321,88.5,98.61111111,6.180876807,1.0,71.78045298,71.78045298
"Data extraction, transformation, and visualization",Data Analyst,557e30ab,Data Analyst,2.0,2,29,DATA ANALYST,3 tahun 5 bulan,MIDDLE,41,53.7861081933,85.0,100.0,4.549017204,1.0,64.81437318,64.81437318
"Data extraction, transformation, and visualization",Data Analyst,55b2e646,Data Scientist,3.4838709677419355,1,57,AI ENGINEER,3 tahun 0 bulan,JUNIOR,36,50.15589986,90.0,100.0,0.871158899,1.3,85.36316737,85.36316737
"Data extraction, transformation, and visualization",Data Analyst,57635c17,Data Analyst,1.5806451612903225,2,12,DATA ANALYST,3 tahun 3 bulan,MIDDLE,39,67.5095967558,90.0,99.21875,6.039999292,1.0,71.43352597,71.43352597
"Data extraction, transformation, and visualization",Data Analyst,57ecf7ad,Data Analyst,1.0,2,27,MGT,5 tahun 1 bulan,-,61,3.4722222221,90.0,77.54010695,4.326516624,1.0,48.19519238,48.19519238
"Data extraction, transformation, and visualization",Data Analyst,5b749bf9,Data Engineer,2.935483870967742,3,101,DATA ENGINEER,2 tahun 3 bulan,BASIC,27,34.81372549,90.0,86.63101604,10.06283501,1.2,70.83787239,70.83787239
"Data extraction, transformation, and visualization",Data Analyst,5d16d190,Data Scientist,3.064516129032258,0,99,DATA SCIENTIST,3 tahun 1 bulan,JUNIOR,37,62.2739437442,90.0,97.74305556,28.26078997,1.0,73.16053928,73.16053928
"Data extraction, transformation, and visualization",Data Analyst,5dc773ce,Artificial Intelligence Engineer,3.4516129032258065,0,35,DATA SCIENTIST,4 tahun 4 bulan,MIDDLE,52,72.0571603642,91.0,95.57291667,5.121161842,1.1,80.15052819,80.15052819
"Data extraction, transformation, and visualization",Data Analyst,6131e4d7,Data Engineer,4.483870967741935,1,38,DATA ENGINEER,2 tahun 3 bulan,MIDDLE,27,58.5518732492,93.5,99.30555556,10.46636816,1.2,85.46875202,85.46875202
"Data extraction, transformation, and visualization",Data Analyst,64S57577,Data Scientist,3.935483870967742,1,40,DATA SCIENTIST,3 tahun 9 bulan,MIDDLE,45,73.6180643087,84.5,89.32291667,3.982774045,1.0,69.5311892,69.5311892
"Data extraction, transformation, and visualization",Data Analyst,65054asd,Data Analyst,2.225806451612903,2,10,DATA ANALYST,3 tahun 4 bulan,JUNIOR,40,70.5590744629,99.0,0.0,4.917061944,1.0,73.99273476,73.99273476
"Data extraction, transformation, and visualization",Data Analyst,66d21701,Data Analyst,3.4516129032258065,0,33,DATA ANALYST,4 tahun 3 bulan,JUNIOR,51,63.8499212188,81.5,83.07291667,3.823402466,1.0,64.77440963,64.77440963
"Data extraction, transformation, and visualization",Data Analyst,6de6b041,Data Scientist,3.066666666666667,3,16,DATA SCIENTIST,4 tahun 0 bulan,MIDDLE,48,59.6452497667,90.0,100.0,7.186353322,1.1,76.3103827,76.3103827
"Data extraction, transformation, and visualization",Data Analyst,6e0778a1,Data Scientist,2.935483870967742,0,92,DATA SCIENTIST,3 tahun 1 bulan,JUNIOR,37,54.5927141687,70.0,97.91666667,4.665283496,1.0,57.55075558,57.55075558
"Data extraction, transformation, and visualization",Data Analyst,6fb8c1a0,Data Scientist,3.2903225806451615,3,75,DATA SCIENTIST,3 tahun 0 bulan,BASIC,36,61.1916404063,98.0,0.0,3.823402466,1.0,70.34689224,70.34689224
"Data extraction, transformation, and visualization",Data Analyst,7176fcb0,Data Engineer,3.5806451612903225,3,104,DATA ENGINEER,7 tahun 0 bulan,SENIOR,84,75.0633578433,80.0,33.82352941,7.122781583,1.2,79.20577781,79.20577781
"Data extraction, transformation, and visualization",Data Analyst,77571f19,Data Analyst,1.967741935483871,2,54,DATA ANALYST,3 tahun 1 bulan,JUNIOR,37,77.8103933242,100.0,100.0,5.536442394,1.0,79.32087607,79.32087607
"Data extraction, transformation, and visualization",Data Analyst,7L762383,Data Analyst,3.3225806451612905,0,59,DATA ANALYST,1 tahun 10 bulan,MIDDLE,22,63.2588118579,88.5,94.96527778,2.554920958,1.0,68.65055253,68.65055253
"Data extraction, transformation, and visualization",Data Analyst,7b6d04c9,Data Analyst,3.129032258064516,3,2,DATA ANALYST,4 tahun 5 bulan,MIDDLE,53,73.2388159429,86.0,100.0,4.742239915,1.0,70.9884555,70.9884555
"Data extraction, transformation, and visualization",Data Analyst,7ba9df08,Data Analyst,3.4516129032258065,0,25,DATA ANALYST,3 tahun 1 bulan,MIDDLE,37,56.631039916,92.5,96.35416667,0.0,1.2,82.079429,82.079429
"Data extraction, transformation, and visualization",Data Analyst,7d317bd2,Data Scientist,1.2258064516129032,2,90,DATA ANALYST,4 tahun 4 bulan,JUNIOR,52,63.7458566762,86.5,86.37152778,3.794124597,1.0,67.4194445,67.4194445
"Data extraction, transformation, and visualization",Data Analyst,7dc30989,Data Scientist,3.3225806451612905,1,73,DATA SCIENTIST,3 tahun 4 bulan,JUNIOR,40,92.1873832863,90.0,0.0,8.045322081,1.0,76.69106422,76.69106422
"Data extraction, transformation, and visualization",Data Analyst,7fe7bd2c,Data Scientist,2.903225806451613,0,65,DATA SCIENTIST,2 tahun 2 bulan,JUNIOR,26,39.5228291321,89.5,99.30555556,6.121971713,1.0,63.07245784,63.07245784
"Data extraction, transformation, and visualization",Data Analyst,8126543f,Data Scientist,2.6451612903225805,0,85,DATA SCIENTIST,3 tahun 1 bulan,JUNIOR,37,63.1813433708,90.0,99.30555556,6.700326893,1.0,70.28096361,70.28096361
"Data extraction, transformation, and visualization",Data Analyst,8387045b,Data Scientist,3.838709677419355,1,69,DATA SCIENTIST,4 tahun 4 bulan,MIDDLE,52,85.768554505,94.0,98.61111111,53.90204421,1.2,99.0,99.0
"Data extraction, transformation, and visualization",Data Analyst,859bd42e,Data Scientist,3.161290322580645,0,95,DATA SCIENTIST,3 tahun 5 bulan,JUNIOR,41,91.9510387488,95.0,100.0,9.232623263,1.0,81.52852324,81.52852324
"Data extraction, transformation, and visualization",Data Analyst,85e8c8f1,Data Scientist,3.4193548387096775,0,105,DATA SCIENTIST,2 tahun 9 bulan,JUNIOR,33,86.9119456117,93.0,100.0,3.409887033,1.1,86.02380765,86.02380765
"Data extraction, transformation, and visualization",Data Analyst,8K760816,Data Analyst,2.903225806451613,0,15,DATA ANALYST,2 tahun 8 bulan,MIDDLE,32,52.4918446546,98.5,100.0,3.455357726,1.0,70.91183125,70.91183125
"Data extraction, transformation, and visualization",Data Analyst,9ab9d681,Data Scientist,3.6451612903225805,1,18,DATA SCIENTIST,3 tahun 0 bulan,MIDDLE,36,31.3339898458,92.0,100.0,52.63227356,1.0,68.97507879,68.97507879
"Data extraction, transformation, and visualization",Data Analyst,a016ffe0,Data Scientist,3.4516129032258065,1,26,DATA SCIENTIST,3 tahun 1 bulan,MIDDLE,37,82.0345763308,64.0,34.49197861,6.239432544,1.2,71.75887324,71.75887324
"Data extraction, transformation, and visualization",Data Analyst,a20ce132,Data Analyst,4.290322580645161,1,22,DATA ANALYST,2 tahun 9 bulan,MIDDLE,33,84.2864145654,95.0,98.61111111,10.2440888,1.2,95.23244671,95.23244671
"Data extraction, transformation, and visualization",Data Analyst,a77b4e68,Data Scientist,2.032258064516129,2,80,MGT,2 tahun 5 bulan,-,29,80.6774626521,90.0,100.0,29.57650728,1.0,78.85832029,78.85832029
"Data extraction, transformation, and visualization",Data Analyst,a9fcd0c5,Data Analyst,2.3548387096774195,2,23,DATA ANALYST,2 tahun 1 bulan,MIDDLE,25,86.9994864617,91.5,100.0,7.075545771,1.1,85.847875,85.847875
"Data extraction, transformation, and visualization",Data Analyst,ae73e946,Data Analyst,1.7741935483870968,2,72,DATA SCIENTIST,3 tahun 5 bulan,JUNIOR,41,83.7572654062,85.0,97.91666667,10.90515878,1.0,74.34235311,74.34235311
"Data extraction, transformation, and visualization",Data Analyst,afb96c1d,Data Analyst,2.806451612903226,0,19,DATA ANALYST,2 tahun 8 bulan,JUNIOR,32,77.4700746967,84.5,100.0,6.630101873,1.0,71.7649257,71.7649257
"Data extraction, transformation, and visualization",Data Analyst,aff5a1f7,Data Engineer,4.258064516129032,3,96,DATA ENGINEER,2 tahun 7 bulan,JUNIOR,31,69.9306139125,90.0,98.61111111,7.174163182,1.2,86.72069722,86.72069722
"Data extraction, transformation, and visualization",Data Analyst,b0519d51,Data Scientist,2.7419354838709675,0,43,DATA SCIENTIST,4 tahun 1 bulan,JUNIOR,49,66.8638392858,92.0,99.30555556,4.723839233,1.1,79.24054742,79.24054742
"Data extraction, transformation, and visualization",Data Analyst,b7ddf289,Artificial Intelligence Engineer,3.3548387096774195,1,44,DATA SCIENTIST,1 tahun 2 bulan,JUNIOR,14,78.282819795,95.0,100.0,11.82325385,1.0,77.94660283,77.94660283
"Data extraction, transformation, and visualization",Data Analyst,be2d891b,Data Scientist,4.161290322580645,1,14,AI ENGINEER,2 tahun 3 bulan,JUNIOR,27,70.2197654063,95.0,0.0,0.33375087,1.3,92.33751534,92.33751534
"Data extraction, transformation, and visualization",Data Analyst,beb45f59,Data Analyst,2.5161290322580645,2,68,DATA ANALYST,3 tahun 4 bulan,MIDDLE,40,86.1330823996,80.0,98.61111111,6.436879162,1.0,71.94756403,71.94756403
"Data extraction, transformation, and visualization",Data Analyst,c0b0190c,Data Analyst,4.129032258064516,1,17,DATA SCIENTIST,6 tahun 5 bulan,MIDDLE,77,29.2835988563,84.0,22.19251337,4.068139436,1.0,53.16264673,53.16264673
"Data extraction, transformation, and visualization",Data Analyst,c13b7f6c,Data Analyst,1.903225806451613,2,34,DATA ANALYST,3 tahun 1 bulan,MIDDLE,37,87.4991246496,90.0,100.0,12.60600857,1.0,78.2842696,78.2842696
"Data extraction, transformation, and visualization",Data Analyst,c4acf473,Data Analyst,3.3870967741935485,3,107,DATA ANALYST,2 tahun 9 bulan,JUNIOR,33,79.9589169,86.5,93.31597222,0.0,1.0,72.02498398,72.02498398
"Data extraction, transformation, and visualization",Data Analyst,c5c364b3,Data Analyst,3.161290322580645,0,60,DATA ANALYST,1 tahun 1 bulan,JUNIOR,13,40.932846055,100.0,16.57754011,1.742317797,1.0,64.65542017,64.65542017
"Data extraction, transformation, and visualization",Data Analyst,c615b19e,Data Engineer,3.6774193548387095,3,63,DATA SCIENTIST,4 tahun 4 bulan,JUNIOR,52,71.0338060221,88.0,96.52777778,3.953496176,1.0,70.97960925,70.97960925
"Data extraction, transformation, and visualization",Data Analyst,ccc8525a,Data Scientist,3.3225806451612905,1,47,DATA SCIENTIST,1 tahun 0 bulan,BASIC,12,75.7084500467,90.0,0.0,0.0,1.0,70.11863666,70.11863666
"Data extraction, transformation, and visualization",Data Analyst,cdb6bf28,Artificial Intelligence Engineer,4.032258064516129,1,6,AI ENGINEER,7 tahun 1 bulan,MIDDLE,85,81.6822187204,91.0,0.0,3.667866596,1.3,95.09100733,95.09100733
"Data extraction, transformation, and visualization",Data Analyst,cf9338b5,Data Scientist,2.5161290322580645,0,74,DATA SCIENTIST,1 tahun 0 bulan,BASIC,12,82.0043154762,90.0,35.29411765,3.321482848,1.0,72.67275856,72.67275856
"Data extraction, transformation, and visualization",Data Analyst,d08b974d,Data Analyst,2.6129032258064515,0,86,DATA ANALYST,2 tahun 9 bulan,MIDDLE,33,58.8772058825,93.5,97.91666667,0.871158899,1.0,69.7799626,69.7799626
"Data extraction, transformation, and visualization",Data Analyst,d8c9672c,Data Analyst,3.967741935483871,1,82,DATA ANALYST,2 tahun 4 bulan,MIDDLE,28,73.7417775442,90.5,95.05208333,9.595209262,1.0,73.7469197,73.7469197
"Data extraction, transformation, and visualization",Data Analyst,ecc200ca,Data Engineer,3.4838709677419355,3,56,DATA ENGINEER,1 tahun 9 bulan,MIDDLE,21,71.0850840338,89.0,99.30555556,5.758942974,1.2,86.333236,86.333236
"Data extraction, transformation, and visualization",Data Analyst,eed0f189,Data Analyst,3.064516129032258,3,45,DATA ANALYST,2 tahun 10 bulan,MIDDLE,34,69.240079365,96.0,70.49910873,48.01347408,1.0,79.53001534,79.53001534
"Data extraction, transformation, and visualization",Data Analyst,f007ee36,Artificial Intelligence Engineer,2.4516129032258065,0,70,AI ENGINEER,2 tahun 0 bulan,MIDDLE,24,40.1500350142,90.0,99.30555556,2.332863117,1.3,81.80872206,81.80872206
"Data extraction, transformation, and visualization",Data Analyst,f2f08a05,Data Engineer,2.870967741935484,3,94,DATA ENGINEER,2 tahun 5 bulan,JUNIOR,29,59.4675711954,87.0,99.30555556,7.027424482,1.2,81.33092925,81.33092925
"Data extraction, transformation, and visualization",Data Analyst,f6f88029,Data Analyst,1.2580645161290323,2,100,MGT,4 tahun 3 bulan,-,51,4.3391106446,90.0,78.20855615,6.010278684,1.0,48.76020407,48.76020407
"Data extraction, transformation, and visualization",Data Analyst,fbc7621c,Data Scientist,2.903225806451613,0,93,DATA SCIENTIST,8 tahun 6 bulan,MIDDLE,102,58.3732609713,75.0,100.0,12.17940809,1.0,62.37965806,62.37965806
"Data extraction, transformation, and visualization",Data Analyst,ff56a859,Data Scientist,3.3870967741935485,0,97,DATA SCIENTIST,4 tahun 3 bulan,JUNIOR,51,71.9907037817,89.5,95.83333333,11.98196147,1.0,73.15820762,73.15820762
Develop ETL/ELT pipelines,Data Engineer,006bac9a,Data Analyst,3.0,3,7,DATA ANALYST,2 tahun 5 bulan,JUNIOR,29,24.3446545288,90.0,100.0,10.68886874,1.0,59.64183706,59.64183706
Develop ETL/ELT pipelines,Data Engineer,00c74be4,Data Scientist,2.72,3,106,DATA SCIENTIST,5 tahun 10 bulan,MIDDLE,70,65.8296276846,90.0,70.58823529,2.714292537,1.0,67.48966658,67.48966658
Develop ETL/ELT pipelines,Data Engineer,01c8c0ef,Data Scientist,3.6,1,67,DATA SCIENTIST,2 tahun 2 bulan,SENIOR,26,77.0315563725,92.0,96.35416667,6.32783673,1.1,82.53917202,82.53917202
Develop ETL/ELT pipelines,Data Engineer,01d1846b,Data Analyst,2.6,0,77,DATA ANALYST,4 tahun 3 bulan,JUNIOR,51,76.130287115,84.0,91.92708333,7.89858338,1.0,70.77981892,70.77981892
Develop ETL/ELT pipelines,Data Engineer,03ad7f49,Data Scientist,1.76,2,91,DATA SCIENTIST,3 tahun 4 bulan,JUNIOR,40,75.1958741829,90.0,0.0,4.519739335,1.0,70.74391915,70.74391915
Develop ETL/ELT pipelines,Data Engineer,0514ff91,Data Scientist,2.2,0,37,DATA SCIENTIST,3 tahun 4 bulan,MIDDLE,40,75.6379551821,90.0,100.0,11.44256681,1.0,74.661971,74.661971
Develop ETL/ELT pipelines,Data Engineer,056cd3f9,Data Engineer,3.76,3,48,DATA ENGINEER,7 tahun 7 bulan,SENIOR,91,80.4681314192,90.0,34.22459893,5.168397654,1.3,94.26532683,94.26532683
Develop ETL/ELT pipelines,Data Engineer,05eed8dc,Data Engineer,3.72,3,49,DATA ENGINEER,2 tahun 5 bulan,MIDDLE,29,62.7957662233,95.0,99.21875,8.595362988,1.2,87.48866032,87.48866032
Develop ETL/ELT pipelines,Data Engineer,106760ca,Data Engineer,4.96,1,21,DATA ENGINEER,1 tahun 11 bulan,MIDDLE,23,71.4513888888,91.25,100.0,8.016044212,1.2,88.25251765,88.25251765
Develop ETL/ELT pipelines,Data Engineer,123117c9,Data Analyst,1.6,2,32,DATA ANALYST,4 tahun 2 bulan,MIDDLE,50,70.4449813258,95.0,100.0,3.648580437,1.0,74.43733436,74.43733436
Develop ETL/ELT pipelines,Data Engineer,14d4dbd6,Data Analyst,2.16,2,108,DATA ANALYST,4 tahun 2 bulan,JUNIOR,50,79.6974498133,80.5,98.4375,3.111615146,1.0,69.81056917,69.81056917
Develop ETL/ELT pipelines,Data Engineer,1551c5ff,Data Analyst,1.92,2,66,DATA ANALYST,2 tahun 5 bulan,JUNIOR,29,79.0374358075,90.0,100.0,15.2788331,1.0,76.22782609,76.22782609
Develop ETL/ELT pipelines,Data Engineer,1667415a,Data Analyst,2.96,0,50,DATA ANALYST,4 tahun 1 bulan,JUNIOR,49,73.4773576096,90.0,100.0,10.26693491,1.0,73.85696587,73.85696587
Develop ETL/ELT pipelines,Data Engineer,1672e04a,Data Analyst,3.56,3,41,DATA ANALYST,4 tahun 3 bulan,JUNIOR,51,69.8277310925,86.0,100.0,7.456011595,1.0,70.40596081,70.40596081
Develop ETL/ELT pipelines,Data Engineer,17466c54,Data Analyst,1.92,2,11,DATA ANALYST,3 tahun 1 bulan,JUNIOR,37,49.8728816529,90.0,100.0,7.676082801,1.0,66.60685575,66.60685575
Develop ETL/ELT pipelines,Data Engineer,1893af41,Data Analyst,2.0,2,103,DATA SCIENTIST,1 tahun 1 bulan,JUNIOR,13,37.5269607842,98.0,29.01069519,0.0,1.0,62.25313576,62.25313576
Develop ETL/ELT pipelines,Data Engineer,1dbecdbe,Data Scientist,2.24,0,4,DATA SCIENTIST,2 tahun 3 bulan,JUNIOR,27,85.3527602713,90.0,99.30555556,6.414697312,1.0,76.68127695,76.68127695
Develop ETL/ELT pipelines,Data Engineer,29e9efd9,Data Engineer,4.08,3,61,DATA ENGINEER,3 tahun 1 bulan,MIDDLE,37,72.8804563492,94.0,99.30555556,9.72908414,1.2,90.62742563,90.62742563
Develop ETL/ELT pipelines,Data Engineer,2d801262,Data Analyst,3.12,0,9,DATA ANALYST,2 tahun 10 bulan,MIDDLE,34,80.3460259104,90.0,95.74652778,10.27336667,1.1,83.12594823,83.12594823
Develop ETL/ELT pipelines,Data Engineer,31e8a51f,Data Scientist,2.36,0,98,DATA SCIENTIST,2 tahun 9 bulan,JUNIOR,33,52.8933765175,90.0,65.10695187,6.407601293,1.0,64.07121964,64.07121964
Develop ETL/ELT pipelines,Data Engineer,3350383a,Artificial Intelligence Engineer,4.28,1,30,AI ENGINEER,3 tahun 9 bulan,MIDDLE,45,54.1797239725,95.5,96.44097222,11.49637749,1.3,92.17002068,92.17002068
Develop ETL/ELT pipelines,Data Engineer,365fc87a,Data Analyst,2.4,0,110,DATA ANALYST,2 tahun 5 bulan,BASIC,29,80.8585434175,90.0,8.155080214,6.607477284,1.0,72.88466719,72.88466719
Develop ETL/ELT pipelines,Data Engineer,36cf70f2,Artificial Intelligence Engineer,3.56,1,58,AI ENGINEER,2 tahun 5 bulan,MIDDLE,29,43.5532358775,89.5,100.0,11.83988942,1.3,84.69716654,84.69716654
Develop ETL/ELT pipelines,Data Engineer,3951d86b,Data Scientist,4.52,1,78,DATA SCIENTIST,3 tahun 1 bulan,JUNIOR,37,55.4426062092,95.0,100.0,4.279280813,1.0,70.17243405,70.17243405
Develop ETL/ELT pipelines,Data Engineer,39c4596a,Data Scientist,2.52,0,42,DATA SCIENTIST,3 tahun 5 bulan,JUNIOR,41,60.7098506071,80.0,97.91666667,4.694561364,1.0,64.25018915,64.25018915
Develop ETL/ELT pipelines,Data Engineer,3cac7e99,Data Scientist,2.32,0,88,DATA SCIENTIST,10 tahun 2 bulan,SENIOR,122,88.3660831,98.0,34.22459893,51.7318368,1.0,87.21080158,87.21080158
Develop ETL/ELT pipelines,Data Engineer,42e7a026,Data Analyst,2.96,0,64,DATA ANALYST,2 tahun 6 bulan,JUNIOR,30,73.5210696779,89.0,99.21875,4.472503523,1.0,72.45268383,72.45268383
Develop ETL/ELT pipelines,Data Engineer,46fd6e1c,Data Analyst,2.2,2,5,DATA SCIENTIST,1 tahun 2 bulan,JUNIOR,14,67.4580357142,90.0,100.0,11.7055718,1.0,72.32438573,72.32438573
Develop ETL/ELT pipelines,Data Engineer,47d42365,Data Engineer,4.12,3,53,DATA ENGINEER,4 tahun 4 bulan,JUNIOR,52,71.9768703312,91.5,97.82986111,3.794124597,1.2,87.64556985,87.64556985
Develop ETL/ELT pipelines,Data Engineer,4cba2f2d,Artificial Intelligence Engineer,2.52,0,36,AI ENGINEER,1 tahun 7 bulan,JUNIOR,19,66.0502450979,95.0,100.0,5.817498712,1.2,84.80862745,84.80862745
Develop ETL/ELT pipelines,Data Engineer,4d57b04b,Data Scientist,2.64,0,20,DATA SCIENTIST,3 tahun 11 bulan,MIDDLE,47,60.9976657327,96.5,91.31944444,1.268481508,1.1,78.63807432,78.63807432
Develop ETL/ELT pipelines,Data Engineer,516J6855,Data Scientist,2.12,0,46,DATA SCIENTIST,2 tahun 5 bulan,JUNIOR,29,54.7360673438,80.0,96.96180556,11.10881594,1.0,63.41641108,63.41641108
Develop ETL/ELT pipelines,Data Engineer,528f3560,Data Analyst,1.84,2,55,DATA SCIENTIST,7 tahun 0 bulan,SENIOR,84,32.3536327033,90.0,94.11764706,44.61622935,1.0,64.269703,64.269703
Develop ETL/ELT pipelines,Data Engineer,528f3560,Data Analyst,1.84,2,55,DATA SCIENTIST,7 tahun 0 bulan,SENIOR,84,32.3536327033,90.0,94.11764706,44.61622935,1.0,64.269703,64.269703
Develop ETL/ELT pipelines,Data Engineer,5312eea4,Data Analyst,2.92,3,84,DATA ANALYST,2 tahun 2 bulan,MIDDLE,26,49.7969187675,86.0,92.79513889,46.9198146,1.0,70.0469465,70.0469465
Develop ETL/ELT pipelines,Data Engineer,544a3d1a,Data Scientist,2.64,0,62,DATA SCIENTIST,4 tahun 2 bulan,MIDDLE,50,59.509354575,90.5,100.0,7.234474611,1.0,69.58669591,69.58669591
Develop ETL/ELT pipelines,Data Engineer,54b0fc4f,Data Analyst,3.96,1,89,DATA ANALYST,2 tahun 2 bulan,MIDDLE,26,71.3084967321,88.5,98.61111111,6.180876807,1.0,71.78045298,71.78045298
Develop ETL/ELT pipelines,Data Engineer,557e30ab,Data Analyst,1.72,2,29,DATA ANALYST,3 tahun 5 bulan,MIDDLE,41,53.7861081933,85.0,100.0,4.549017204,1.0,64.81437318,64.81437318
Develop ETL/ELT pipelines,Data Engineer,55b2e646,Data Scientist,3.68,1,57,AI ENGINEER,3 tahun 0 bulan,JUNIOR,36,50.15589986,90.0,100.0,0.871158899,1.3,85.36316737,85.36316737
Develop ETL/ELT pipelines,Data Engineer,57635c17,Data Analyst,1.28,2,12,DATA ANALYST,3 tahun 3 bulan,MIDDLE,39,67.5095967558,90.0,99.21875,6.039999292,1.0,71.43352597,71.43352597
Develop ETL/ELT pipelines,Data Engineer,57ecf7ad,Data Analyst,1.0,2,27,MGT,5 tahun 1 bulan,-,61,3.4722222221,90.0,77.54010695,4.326516624,1.0,48.19519238,48.19519238
Develop ETL/ELT pipelines,Data Engineer,5b749bf9,Data Engineer,3.36,3,101,DATA ENGINEER,2 tahun 3 bulan,BASIC,27,34.81372549,90.0,86.63101604,10.06283501,1.2,70.83787239,70.83787239
Develop ETL/ELT pipelines,Data Engineer,5d16d190,Data Scientist,2.68,0,99,DATA SCIENTIST,3 tahun 1 bulan,JUNIOR,37,62.2739437442,90.0,97.74305556,28.26078997,1.0,73.16053928,73.16053928
Develop ETL/ELT pipelines,Data Engineer,5dc773ce,Artificial Intelligence Engineer,3.4,0,35,DATA SCIENTIST,4 tahun 4 bulan,MIDDLE,52,72.0571603642,91.0,95.57291667,5.121161842,1.1,80.15052819,80.15052819
Develop ETL/ELT pipelines,Data Engineer,6131e4d7,Data Engineer,4.76,1,38,DATA ENGINEER,2 tahun 3 bulan,MIDDLE,27,58.5518732492,93.5,99.30555556,10.46636816,1.2,85.46875202,85.46875202
Develop ETL/ELT pipelines,Data Engineer,64S57577,Data Scientist,3.68,1,40,DATA SCIENTIST,3 tahun 9 bulan,MIDDLE,45,73.6180643087,84.5,89.32291667,3.982774045,1.0,69.5311892,69.5311892
Develop ETL/ELT pipelines,Data Engineer,65054asd,Data Analyst,1.92,2,10,DATA ANALYST,3 tahun 4 bulan,JUNIOR,40,70.5590744629,99.0,0.0,4.917061944,1.0,73.99273476,73.99273476
Develop ETL/ELT pipelines,Data Engineer,66d21701,Data Analyst,3.12,0,33,DATA ANALYST,4 tahun 3 bulan,JUNIOR,51,63.8499212188,81.5,83.07291667,3.823402466,1.0,64.77440963,64.77440963
Develop ETL/ELT pipelines,Data Engineer,6de6b041,Data Scientist,3.12,3,16,DATA SCIENTIST,4 tahun 0 bulan,MIDDLE,48,59.6452497667,90.0,100.0,7.186353322,1.1,76.3103827,76.3103827
Develop ETL/ELT pipelines,Data Engineer,6e0778a1,Data Scientist,2.6,0,92,DATA SCIENTIST,3 tahun 1 bulan,JUNIOR,37,54.5927141687,70.0,97.91666667,4.665283496,1.0,57.55075558,57.55075558
Develop ETL/ELT pipelines,Data Engineer,6fb8c1a0,Data Scientist,3.32,3,75,DATA SCIENTIST,3 tahun 0 bulan,BASIC,36,61.1916404063,98.0,0.0,3.823402466,1.0,70.34689224,70.34689224
Develop ETL/ELT pipelines,Data Engineer,7176fcb0,Data Engineer,3.64,3,104,DATA ENGINEER,7 tahun 0 bulan,SENIOR,84,75.0633578433,80.0,33.82352941,7.122781583,1.2,79.20577781,79.20577781
Develop ETL/ELT pipelines,Data Engineer,77571f19,Data Analyst,1.92,2,54,DATA ANALYST,3 tahun 1 bulan,JUNIOR,37,77.8103933242,100.0,100.0,5.536442394,1.0,79.32087607,79.32087607
Develop ETL/ELT pipelines,Data Engineer,7L762383,Data Analyst,2.88,0,59,DATA ANALYST,1 tahun 10 bulan,MIDDLE,22,63.2588118579,88.5,94.96527778,2.554920958,1.0,68.65055253,68.65055253
Develop ETL/ELT pipelines,Data Engineer,7b6d04c9,Data Analyst,3.0,3,2,DATA ANALYST,4 tahun 5 bulan,MIDDLE,53,73.2388159429,86.0,100.0,4.742239915,1.0,70.9884555,70.9884555
Develop ETL/ELT pipelines,Data Engineer,7ba9df08,Data Analyst,3.04,0,25,DATA ANALYST,3 tahun 1 bulan,MIDDLE,37,56.631039916,92.5,96.35416667,0.0,1.2,82.079429,82.079429
Develop ETL/ELT pipelines,Data Engineer,7d317bd2,Data Scientist,1.24,2,90,DATA ANALYST,4 tahun 4 bulan,JUNIOR,52,63.7458566762,86.5,86.37152778,3.794124597,1.0,67.4194445,67.4194445
Develop ETL/ELT pipelines,Data Engineer,7dc30989,Data Scientist,3.08,1,73,DATA SCIENTIST,3 tahun 4 bulan,JUNIOR,40,92.1873832863,90.0,0.0,8.045322081,1.0,76.69106422,76.69106422
Develop ETL/ELT pipelines,Data Engineer,7fe7bd2c,Data Scientist,2.48,0,65,DATA SCIENTIST,2 tahun 2 bulan,JUNIOR,26,39.5228291321,89.5,99.30555556,6.121971713,1.0,63.07245784,63.07245784
Develop ETL/ELT pipelines,Data Engineer,8126543f,Data Scientist,2.32,0,85,DATA SCIENTIST,3 tahun 1 bulan,JUNIOR,37,63.1813433708,90.0,99.30555556,6.700326893,1.0,70.28096361,70.28096361
Develop ETL/ELT pipelines,Data Engineer,8387045b,Data Scientist,3.64,1,69,DATA SCIENTIST,4 tahun 4 bulan,MIDDLE,52,85.768554505,94.0,98.61111111,53.90204421,1.2,99.0,99.0
Develop ETL/ELT pipelines,Data Engineer,859bd42e,Data Scientist,3.04,0,95,DATA SCIENTIST,3 tahun 5 bulan,JUNIOR,41,91.9510387488,95.0,100.0,9.232623263,1.0,81.52852324,81.52852324
Develop ETL/ELT pipelines,Data Engineer,85e8c8f1,Data Scientist,2.88,0,105,DATA SCIENTIST,2 tahun 9 bulan,JUNIOR,33,86.9119456117,93.0,100.0,3.409887033,1.1,86.02380765,86.02380765
Develop ETL/ELT pipelines,Data Engineer,8K760816,Data Analyst,2.68,0,15,DATA ANALYST,2 tahun 8 bulan,MIDDLE,32,52.4918446546,98.5,100.0,3.455357726,1.0,70.91183125,70.91183125
Develop ETL/ELT pipelines,Data Engineer,9ab9d681,Data Scientist,3.4,1,18,DATA SCIENTIST,3 tahun 0 bulan,MIDDLE,36,31.3339898458,92.0,100.0,52.63227356,1.0,68.97507879,68.97507879
Develop ETL/ELT pipelines,Data Engineer,a016ffe0,Data Scientist,3.04,1,26,DATA SCIENTIST,3 tahun 1 bulan,MIDDLE,37,82.0345763308,64.0,34.49197861,6.239432544,1.2,71.75887324,71.75887324
Develop ETL/ELT pipelines,Data Engineer,a20ce132,Data Analyst,4.24,1,22,DATA ANALYST,2 tahun 9 bulan,MIDDLE,33,84.2864145654,95.0,98.61111111,10.2440888,1.2,95.23244671,95.23244671
Develop ETL/ELT pipelines,Data Engineer,a77b4e68,Data Scientist,1.84,2,80,MGT,2 tahun 5 bulan,-,29,80.6774626521,90.0,100.0,29.57650728,1.0,78.85832029,78.85832029
Develop ETL/ELT pipelines,Data Engineer,a9fcd0c5,Data Analyst,1.96,2,23,DATA ANALYST,2 tahun 1 bulan,MIDDLE,25,86.9994864617,91.5,100.0,7.075545771,1.1,85.847875,85.847875
Develop ETL/ELT pipelines,Data Engineer,ae73e946,Data Analyst,1.68,2,72,DATA SCIENTIST,3 tahun 5 bulan,JUNIOR,41,83.7572654062,85.0,97.91666667,10.90515878,1.0,74.34235311,74.34235311
Develop ETL/ELT pipelines,Data Engineer,afb96c1d,Data Analyst,2.6,0,19,DATA ANALYST,2 tahun 8 bulan,JUNIOR,32,77.4700746967,84.5,100.0,6.630101873,1.0,71.7649257,71.7649257
Develop ETL/ELT pipelines,Data Engineer,aff5a1f7,Data Engineer,4.4,3,96,DATA ENGINEER,2 tahun 7 bulan,JUNIOR,31,69.9306139125,90.0,98.61111111,7.174163182,1.2,86.72069722,86.72069722
Develop ETL/ELT pipelines,Data Engineer,b0519d51,Data Scientist,2.36,0,43,DATA SCIENTIST,4 tahun 1 bulan,JUNIOR,49,66.8638392858,92.0,99.30555556,4.723839233,1.1,79.24054742,79.24054742
Develop ETL/ELT pipelines,Data Engineer,b7ddf289,Artificial Intelligence Engineer,3.28,1,44,DATA SCIENTIST,1 tahun 2 bulan,JUNIOR,14,78.282819795,95.0,100.0,11.82325385,1.0,77.94660283,77.94660283
Develop ETL/ELT pipelines,Data Engineer,be2d891b,Data Scientist,4.32,1,14,AI ENGINEER,2 tahun 3 bulan,JUNIOR,27,70.2197654063,95.0,0.0,0.33375087,1.3,92.33751534,92.33751534
Develop ETL/ELT pipelines,Data Engineer,beb45f59,Data Analyst,2.12,2,68,DATA ANALYST,3 tahun 4 bulan,MIDDLE,40,86.1330823996,80.0,98.61111111,6.436879162,1.0,71.94756403,71.94756403
Develop ETL/ELT pipelines,Data Engineer,c0b0190c,Data Analyst,4.32,1,17,DATA SCIENTIST,6 tahun 5 bulan,MIDDLE,77,29.2835988563,84.0,22.19251337,4.068139436,1.0,53.16264673,53.16264673
Develop ETL/ELT pipelines,Data Engineer,c13b7f6c,Data Analyst,1.56,2,34,DATA ANALYST,3 tahun 1 bulan,MIDDLE,37,87.4991246496,90.0,100.0,12.60600857,1.0,78.2842696,78.2842696
Develop ETL/ELT pipelines,Data Engineer,c4acf473,Data Analyst,2.92,3,107,DATA ANALYST,2 tahun 9 bulan,JUNIOR,33,79.9589169,86.5,93.31597222,0.0,1.0,72.02498398,72.02498398
Develop ETL/ELT pipelines,Data Engineer,c5c364b3,Data Analyst,2.84,0,60,DATA ANALYST,1 tahun 1 bulan,JUNIOR,13,40.932846055,100.0,16.57754011,1.742317797,1.0,64.65542017,64.65542017
Develop ETL/ELT pipelines,Data Engineer,c615b19e,Data Engineer,3.92,3,63,DATA SCIENTIST,4 tahun 4 bulan,JUNIOR,52,71.0338060221,88.0,96.52777778,3.953496176,1.0,70.97960925,70.97960925
Develop ETL/ELT pipelines,Data Engineer,ccc8525a,Data Scientist,3.24,1,47,DATA SCIENTIST,1 tahun 0 bulan,BASIC,12,75.7084500467,90.0,0.0,0.0,1.0,70.11863666,70.11863666
Develop ETL/ELT pipelines,Data Engineer,cdb6bf28,Artificial Intelligence Engineer,4.08,1,6,AI ENGINEER,7 tahun 1 bulan,MIDDLE,85,81.6822187204,91.0,0.0,3.667866596,1.3,95.09100733,95.09100733
Develop ETL/ELT pipelines,Data Engineer,cf9338b5,Data Scientist,2.32,0,74,DATA SCIENTIST,1 tahun 0 bulan,BASIC,12,82.0043154762,90.0,35.29411765,3.321482848,1.0,72.67275856,72.67275856
Develop ETL/ELT pipelines,Data Engineer,d08b974d,Data Analyst,2.4,0,86,DATA ANALYST,2 tahun 9 bulan,MIDDLE,33,58.8772058825,93.5,97.91666667,0.871158899,1.0,69.7799626,69.7799626
Develop ETL/ELT pipelines,Data Engineer,d8c9672c,Data Analyst,3.96,1,82,DATA ANALYST,2 tahun 4 bulan,MIDDLE,28,73.7417775442,90.5,95.05208333,9.595209262,1.0,73.7469197,73.7469197
Develop ETL/ELT pipelines,Data Engineer,ecc200ca,Data Engineer,3.64,3,56,DATA ENGINEER,1 tahun 9 bulan,MIDDLE,21,71.0850840338,89.0,99.30555556,5.758942974,1.2,86.333236,86.333236
Develop ETL/ELT pipelines,Data Engineer,eed0f189,Data Analyst,3.0,3,45,DATA ANALYST,2 tahun 10 bulan,MIDDLE,34,69.240079365,96.0,70.49910873,48.01347408,1.0,79.53001534,79.53001534
Develop ETL/ELT pipelines,Data Engineer,f007ee36,Artificial Intelligence Engineer,2.0,0,70,AI ENGINEER,2 tahun 0 bulan,MIDDLE,24,40.1500350142,90.0,99.30555556,2.332863117,1.3,81.80872206,81.80872206
Develop ETL/ELT pipelines,Data Engineer,f2f08a05,Data Engineer,3.32,3,94,DATA ENGINEER,2 tahun 5 bulan,JUNIOR,29,59.4675711954,87.0,99.30555556,7.027424482,1.2,81.33092925,81.33092925
Develop ETL/ELT pipelines,Data Engineer,f6f88029,Data Analyst,1.24,2,100,MGT,4 tahun 3 bulan,-,51,4.3391106446,90.0,78.20855615,6.010278684,1.0,48.76020407,48.76020407
Develop ETL/ELT pipelines,Data Engineer,fbc7621c,Data Scientist,2.72,0,93,DATA SCIENTIST,8 tahun 6 bulan,MIDDLE,102,58.3732609713,75.0,100.0,12.17940809,1.0,62.37965806,62.37965806
Develop ETL/ELT pipelines,Data Engineer,ff56a859,Data Scientist,2.76,0,97,DATA SCIENTIST,4 tahun 3 bulan,JUNIOR,51,71.9907037817,89.5,95.83333333,11.98196147,1.0,73.15820762,73.15820762
Develop MLOps pipelines,AI Engineer,006bac9a,Data Analyst,2.9166666666666665,3,7,DATA ANALYST,2 tahun 5 bulan,JUNIOR,29,24.3446545288,90.0,100.0,10.68886874,1.0,59.64183706,59.64183706
Develop MLOps pipelines,AI Engineer,00c74be4,Data Scientist,2.5416666666666665,3,106,DATA SCIENTIST,5 tahun 10 bulan,MIDDLE,70,65.8296276846,90.0,70.58823529,2.714292537,1.0,67.48966658,67.48966658
Develop MLOps pipelines,AI Engineer,01c8c0ef,Data Scientist,3.5,1,67,DATA SCIENTIST,2 tahun 2 bulan,SENIOR,26,77.0315563725,92.0,96.35416667,6.32783673,1.1,82.53917202,82.53917202
Develop MLOps pipelines,AI Engineer,01d1846b,Data Analyst,2.2083333333333335,0,77,DATA ANALYST,4 tahun 3 bulan,JUNIOR,51,76.130287115,84.0,91.92708333,7.89858338,1.0,70.77981892,70.77981892
Develop MLOps pipelines,AI Engineer,03ad7f49,Data Scientist,1.4166666666666667,2,91,DATA SCIENTIST,3 tahun 4 bulan,JUNIOR,40,75.1958741829,90.0,0.0,4.519739335,1.0,70.74391915,70.74391915
Develop MLOps pipelines,AI Engineer,0514ff91,Data Scientist,1.5416666666666667,0,37,DATA SCIENTIST,3 tahun 4 bulan,MIDDLE,40,75.6379551821,90.0,100.0,11.44256681,1.0,74.661971,74.661971
Develop MLOps pipelines,AI Engineer,056cd3f9,Data Engineer,3.5416666666666665,3,48,DATA ENGINEER,7 tahun 7 bulan,SENIOR,91,80.4681314192,90.0,34.22459893,5.168397654,1.3,94.26532683,94.26532683
Develop MLOps pipelines,AI Engineer,05eed8dc,Data Engineer,3.3333333333333335,3,49,DATA ENGINEER,2 tahun 5 bulan,MIDDLE,29,62.7957662233,95.0,99.21875,8.595362988,1.2,87.48866032,87.48866032
Develop MLOps pipelines,AI Engineer,106760ca,Data Engineer,4.708333333333333,1,21,DATA ENGINEER,1 tahun 11 bulan,MIDDLE,23,71.4513888888,91.25,100.0,8.016044212,1.2,88.25251765,88.25251765
Develop MLOps pipelines,AI Engineer,123117c9,Data Analyst,1.2916666666666667,2,32,DATA ANALYST,4 tahun 2 bulan,MIDDLE,50,70.4449813258,95.0,100.0,3.648580437,1.0,74.43733436,74.43733436
Develop MLOps pipelines,AI Engineer,14d4dbd6,Data Analyst,1.5833333333333333,2,108,DATA ANALYST,4 tahun 2 bulan,JUNIOR,50,79.6974498133,80.5,98.4375,3.111615146,1.0,69.81056917,69.81056917
Develop MLOps pipelines,AI Engineer,1551c5ff,Data Analyst,1.25,2,66,DATA ANALYST,2 tahun 5 bulan,JUNIOR,29,79.0374358075,90.0,100.0,15.2788331,1.0,76.22782609,76.22782609
Develop MLOps pipelines,AI Engineer,1667415a,Data Analyst,2.5833333333333335,0,50,DATA ANALYST,4 tahun 1 bulan,JUNIOR,49,73.4773576096,90.0,100.0,10.26693491,1.0,73.85696587,73.85696587
Develop MLOps pipelines,AI Engineer,1672e04a,Data Analyst,3.0833333333333335,3,41,DATA ANALYST,4 tahun 3 bulan,JUNIOR,51,69.8277310925,86.0,100.0,7.456011595,1.0,70.40596081,70.40596081
Develop MLOps pipelines,AI Engineer,17466c54,Data Analyst,1.5833333333333333,2,11,DATA ANALYST,3 tahun 1 bulan,JUNIOR,37,49.8728816529,90.0,100.0,7.676082801,1.0,66.60685575,66.60685575
Develop MLOps pipelines,AI Engineer,1893af41,Data Analyst,1.625,2,103,DATA SCIENTIST,1 tahun 1 bulan,JUNIOR,13,37.5269607842,98.0,29.01069519,0.0,1.0,62.25313576,62.25313576
Develop MLOps pipelines,AI Engineer,1dbecdbe,Data Scientist,2.0,0,4,DATA SCIENTIST,2 tahun 3 bulan,JUNIOR,27,85.3527602713,90.0,99.30555556,6.414697312,1.0,76.68127695,76.68127695
Develop MLOps pipelines,AI Engineer,29e9efd9,Data Engineer,3.4166666666666665,3,61,DATA ENGINEER,3 tahun 1 bulan,MIDDLE,37,72.8804563492,94.0,99.30555556,9.72908414,1.2,90.62742563,90.62742563
Develop MLOps pipelines,AI Engineer,2d801262,Data Analyst,2.6666666666666665,0,9,DATA ANALYST,2 tahun 10 bulan,MIDDLE,34,80.3460259104,90.0,95.74652778,10.27336667,1.1,83.12594823,83.12594823
Develop MLOps pipelines,AI Engineer,31e8a51f,Data Scientist,2.2083333333333335,0,98,DATA SCIENTIST,2 tahun 9 bulan,JUNIOR,33,52.8933765175,90.0,65.10695187,6.407601293,1.0,64.07121964,64.07121964
Develop MLOps pipelines,AI Engineer,3350383a,Artificial Intelligence Engineer,4.25,1,30,AI ENGINEER,3 tahun 9 bulan,MIDDLE,45,54.1797239725,95.5,96.44097222,11.49637749,1.3,92.17002068,92.17002068
Develop MLOps pipelines,AI Engineer,365fc87a,Data Analyst,2.0833333333333335,0,110,DATA ANALYST,2 tahun 5 bulan,BASIC,29,80.8585434175,90.0,8.155080214,6.607477284,1.0,72.88466719,72.88466719
Develop MLOps pipelines,AI Engineer,36cf70f2,Artificial Intelligence Engineer,3.0833333333333335,1,58,AI ENGINEER,2 tahun 5 bulan,MIDDLE,29,43.5532358775,89.5,100.0,11.83988942,1.3,84.69716654,84.69716654
Develop MLOps pipelines,AI Engineer,3951d86b,Data Scientist,4.125,1,78,DATA SCIENTIST,3 tahun 1 bulan,JUNIOR,37,55.4426062092,95.0,100.0,4.279280813,1.0,70.17243405,70.17243405
Develop MLOps pipelines,AI Engineer,39c4596a,Data Scientist,2.2083333333333335,0,42,DATA SCIENTIST,3 tahun 5 bulan,JUNIOR,41,60.7098506071,80.0,97.91666667,4.694561364,1.0,64.25018915,64.25018915
Develop MLOps pipelines,AI Engineer,3cac7e99,Data Scientist,2.0416666666666665,0,88,DATA SCIENTIST,10 tahun 2 bulan,SENIOR,122,88.3660831,98.0,34.22459893,51.7318368,1.0,87.21080158,87.21080158
Develop MLOps pipelines,AI Engineer,42e7a026,Data Analyst,2.625,0,64,DATA ANALYST,2 tahun 6 bulan,JUNIOR,30,73.5210696779,89.0,99.21875,4.472503523,1.0,72.45268383,72.45268383
Develop MLOps pipelines,AI Engineer,46fd6e1c,Data Analyst,2.0,2,5,DATA SCIENTIST,1 tahun 2 bulan,JUNIOR,14,67.4580357142,90.0,100.0,11.7055718,1.0,72.32438573,72.32438573
Develop MLOps pipelines,AI Engineer,47d42365,Data Engineer,3.7916666666666665,3,53,DATA ENGINEER,4 tahun 4 bulan,JUNIOR,52,71.9768703312,91.5,97.82986111,3.794124597,1.2,87.64556985,87.64556985
Develop MLOps pipelines,AI Engineer,4cba2f2d,Artificial Intelligence Engineer,2.4166666666666665,0,36,AI ENGINEER,1 tahun 7 bulan,JUNIOR,19,66.0502450979,95.0,100.0,5.817498712,1.2,84.80862745,84.80862745
Develop MLOps pipelines,AI Engineer,4d57b04b,Data Scientist,2.5416666666666665,0,20,DATA SCIENTIST,3 tahun 11 bulan,MIDDLE,47,60.9976657327,96.5,91.31944444,1.268481508,1.1,78.63807432,78.63807432
Develop MLOps pipelines,AI Engineer,516J6855,Data Scientist,1.75,0,46,DATA SCIENTIST,2 tahun 5 bulan,JUNIOR,29,54.7360673438,80.0,96.96180556,11.10881594,1.0,63.41641108,63.41641108
Develop MLOps pipelines,AI Engineer,528f3560,Data Analyst,1.2916666666666667,2,55,DATA SCIENTIST,7 tahun 0 bulan,SENIOR,84,32.3536327033,90.0,94.11764706,44.61622935,1.0,64.269703,64.269703
Develop MLOps pipelines,AI Engineer,528f3560,Data Analyst,1.2916666666666667,2,55,DATA SCIENTIST,7 tahun 0 bulan,SENIOR,84,32.3536327033,90.0,94.11764706,44.61622935,1.0,64.269703,64.269703
Develop MLOps pipelines,AI Engineer,5312eea4,Data Analyst,2.8333333333333335,3,84,DATA ANALYST,2 tahun 2 bulan,MIDDLE,26,49.7969187675,86.0,92.79513889,46.9198146,1.0,70.0469465,70.0469465
Develop MLOps pipelines,AI Engineer,544a3d1a,Data Scientist,2.3333333333333335,0,62,DATA SCIENTIST,4 tahun 2 bulan,MIDDLE,50,59.509354575,90.5,100.0,7.234474611,1.0,69.58669591,69.58669591
Develop MLOps pipelines,AI Engineer,54b0fc4f,Data Analyst,3.1666666666666665,1,89,DATA ANALYST,2 tahun 2 bulan,MIDDLE,26,71.3084967321,88.5,98.61111111,6.180876807,1.0,71.78045298,71.78045298
Develop MLOps pipelines,AI Engineer,557e30ab,Data Analyst,1.3333333333333333,2,29,DATA ANALYST,3 tahun 5 bulan,MIDDLE,41,53.7861081933,85.0,100.0,4.549017204,1.0,64.81437318,64.81437318
Develop MLOps pipelines,AI Engineer,55b2e646,Data Scientist,3.375,1,57,AI ENGINEER,3 tahun 0 bulan,JUNIOR,36,50.15589986,90.0,100.0,0.871158899,1.3,85.36316737,85.36316737
Develop MLOps pipelines,AI Engineer,57635c17,Data Analyst,1.1666666666666667,2,12,DATA ANALYST,3 tahun 3 bulan,MIDDLE,39,67.5095967558,90.0,99.21875,6.039999292,1.0,71.43352597,71.43352597
Develop MLOps pipelines,AI Engineer,57ecf7ad,Data Analyst,1.0,2,27,MGT,5 tahun 1 bulan,-,61,3.4722222221,90.0,77.54010695,4.326516624,1.0,48.19519238,48.19519238
Develop MLOps pipelines,AI Engineer,5b749bf9,Data Engineer,2.75,3,101,DATA ENGINEER,2 tahun 3 bulan,BASIC,27,34.81372549,90.0,86.63101604,10.06283501,1.2,70.83787239,70.83787239
Develop MLOps pipelines,AI Engineer,5d16d190,Data Scientist,2.4583333333333335,0,99,DATA SCIENTIST,3 tahun 1 bulan,JUNIOR,37,62.2739437442,90.0,97.74305556,28.26078997,1.0,73.16053928,73.16053928
Develop MLOps pipelines,AI Engineer,5dc773ce,Artificial Intelligence Engineer,2.5416666666666665,0,35,DATA SCIENTIST,4 tahun 4 bulan,MIDDLE,52,72.0571603642,91.0,95.57291667,5.121161842,1.1,80.15052819,80.15052819
Develop MLOps pipelines,AI Engineer,6131e4d7,Data Engineer,4.375,1,38,DATA ENGINEER,2 tahun 3 bulan,MIDDLE,27,58.5518732492,93.5,99.30555556,10.46636816,1.2,85.46875202,85.46875202
Develop MLOps pipelines,AI Engineer,64S57577,Data Scientist,3.7083333333333335,1,40,DATA SCIENTIST,3 tahun 9 bulan,MIDDLE,45,73.6180643087,84.5,89.32291667,3.982774045,1.0,69.5311892,69.5311892
Develop MLOps pipelines,AI Engineer,65054asd,Data Analyst,1.3333333333333333,2,10,DATA ANALYST,3 tahun 4 bulan,JUNIOR,40,70.5590744629,99.0,0.0,4.917061944,1.0,73.99273476,73.99273476
Develop MLOps pipelines,AI Engineer,66d21701,Data Analyst,2.25,0,33,DATA ANALYST,4 tahun 3 bulan,JUNIOR,51,63.8499212188,81.5,83.07291667,3.823402466,1.0,64.77440963,64.77440963
Develop MLOps pipelines,AI Engineer,6de6b041,Data Scientist,2.9583333333333335,3,16,DATA SCIENTIST,4 tahun 0 bulan,MIDDLE,48,59.6452497667,90.0,100.0,7.186353322,1.1,76.3103827,76.3103827
Develop MLOps pipelines,AI Engineer,6e0778a1,Data Scientist,2.125,0,92,DATA SCIENTIST,3 tahun 1 bulan,JUNIOR,37,54.5927141687,70.0,97.91666667,4.665283496,1.0,57.55075558,57.55075558
Develop MLOps pipelines,AI Engineer,6fb8c1a0,Data Scientist,2.5833333333333335,3,75,DATA SCIENTIST,3 tahun 0 bulan,BASIC,36,61.1916404063,98.0,0.0,3.823402466,1.0,70.34689224,70.34689224
Develop MLOps pipelines,AI Engineer,7176fcb0,Data Engineer,2.875,3,104,DATA ENGINEER,7 tahun 0 bulan,SENIOR,84,75.0633578433,80.0,33.82352941,7.122781583,1.2,79.20577781,79.20577781
Develop MLOps pipelines,AI Engineer,77571f19,Data Analyst,1.5416666666666667,2,54,DATA ANALYST,3 tahun 1 bulan,JUNIOR,37,77.8103933242,100.0,100.0,5.536442394,1.0,79.32087607,79.32087607
Develop MLOps pipelines,AI Engineer,7L762383,Data Analyst,2.75,0,59,DATA ANALYST,1 tahun 10 bulan,MIDDLE,22,63.2588118579,88.5,94.96527778,2.554920958,1.0,68.65055253,68.65055253
Develop MLOps pipelines,AI Engineer,7b6d04c9,Data Analyst,2.5416666666666665,3,2,DATA ANALYST,4 tahun 5 bulan,MIDDLE,53,73.2388159429,86.0,100.0,4.742239915,1.0,70.9884555,70.9884555
Develop MLOps pipelines,AI Engineer,7ba9df08,Data Analyst,2.7083333333333335,0,25,DATA ANALYST,3 tahun 1 bulan,MIDDLE,37,56.631039916,92.5,96.35416667,0.0,1.2,82.079429,82.079429
Develop MLOps pipelines,AI Engineer,7d317bd2,Data Scientist,1.25,2,90,DATA ANALYST,4 tahun 4 bulan,JUNIOR,52,63.7458566762,86.5,86.37152778,3.794124597,1.0,67.4194445,67.4194445
Develop MLOps pipelines,AI Engineer,7dc30989,Data Scientist,3.0416666666666665,1,73,DATA SCIENTIST,3 tahun 4 bulan,JUNIOR,40,92.1873832863,90.0,0.0,8.045322081,1.0,76.69106422,76.69106422
Develop MLOps pipelines,AI Engineer,7fe7bd2c,Data Scientist,2.2083333333333335,0,65,DATA SCIENTIST,2 tahun 2 bulan,JUNIOR,26,39.5228291321,89.5,99.30555556,6.121971713,1.0,63.07245784,63.07245784
Develop MLOps pipelines,AI Engineer,8126543f,Data Scientist,1.9583333333333333,0,85,DATA SCIENTIST,3 tahun 1 bulan,JUNIOR,37,63.1813433708,90.0,99.30555556,6.700326893,1.0,70.28096361,70.28096361
Develop MLOps pipelines,AI Engineer,8387045b,Data Scientist,3.625,1,69,DATA SCIENTIST,4 tahun 4 bulan,MIDDLE,52,85.768554505,94.0,98.61111111,53.90204421,1.2,99.0,99.0
Develop MLOps pipelines,AI Engineer,859bd42e,Data Scientist,2.6666666666666665,0,95,DATA SCIENTIST,3 tahun 5 bulan,JUNIOR,41,91.9510387488,95.0,100.0,9.232623263,1.0,81.52852324,81.52852324
Develop MLOps pipelines,AI Engineer,85e8c8f1,Data Scientist,2.0416666666666665,0,105,DATA SCIENTIST,2 tahun 9 bulan,JUNIOR,33,86.9119456117,93.0,100.0,3.409887033,1.1,86.02380765,86.02380765
Develop MLOps pipelines,AI Engineer,8K760816,Data Analyst,1.9166666666666667,0,15,DATA ANALYST,2 tahun 8 bulan,MIDDLE,32,52.4918446546,98.5,100.0,3.455357726,1.0,70.91183125,70.91183125
Develop MLOps pipelines,AI Engineer,9ab9d681,Data Scientist,3.25,1,18,DATA SCIENTIST,3 tahun 0 bulan,MIDDLE,36,31.3339898458,92.0,100.0,52.63227356,1.0,68.97507879,68.97507879
Develop MLOps pipelines,AI Engineer,a016ffe0,Data Scientist,2.7083333333333335,1,26,DATA SCIENTIST,3 tahun 1 bulan,MIDDLE,37,82.0345763308,64.0,34.49197861,6.239432544,1.2,71.75887324,71.75887324
Develop MLOps pipelines,AI Engineer,a20ce132,Data Analyst,3.9166666666666665,1,22,DATA ANALYST,2 tahun 9 bulan,MIDDLE,33,84.2864145654,95.0,98.61111111,10.2440888,1.2,95.23244671,95.23244671
Develop MLOps pipelines,AI Engineer,a77b4e68,Data Scientist,1.6666666666666667,2,80,MGT,2 tahun 5 bulan,-,29,80.6774626521,90.0,100.0,29.57650728,1.0,78.85832029,78.85832029
Develop MLOps pipelines,AI Engineer,a9fcd0c5,Data Analyst,1.5833333333333333,2,23,DATA ANALYST,2 tahun 1 bulan,MIDDLE,25,86.9994864617,91.5,100.0,7.075545771,1.1,85.847875,85.847875
Develop MLOps pipelines,AI Engineer,ae73e946,Data Analyst,1.1666666666666667,2,72,DATA SCIENTIST,3 tahun 5 bulan,JUNIOR,41,83.7572654062,85.0,97.91666667,10.90515878,1.0,74.34235311,74.34235311
Develop MLOps pipelines,AI Engineer,afb96c1d,Data Analyst,2.3333333333333335,0,19,DATA ANALYST,2 tahun 8 bulan,JUNIOR,32,77.4700746967,84.5,100.0,6.630101873,1.0,71.7649257,71.7649257
Develop MLOps pipelines,AI Engineer,aff5a1f7,Data Engineer,3.875,3,96,DATA ENGINEER,2 tahun 7 bulan,JUNIOR,31,69.9306139125,90.0,98.61111111,7.174163182,1.2,86.72069722,86.72069722
Develop MLOps pipelines,AI Engineer,b0519d51,Data Scientist,2.0,0,43,DATA SCIENTIST,4 tahun 1 bulan,JUNIOR,49,66.8638392858,92.0,99.30555556,4.723839233,1.1,79.24054742,79.24054742
Develop MLOps pipelines,AI Engineer,b7ddf289,Artificial Intelligence Engineer,2.875,1,44,DATA SCIENTIST,1 tahun 2 bulan,JUNIOR,14,78.282819795,95.0,100.0,11.82325385,1.0,77.94660283,77.94660283
Develop MLOps pipelines,AI Engineer,be2d891b,Data Scientist,3.9583333333333335,1,14,AI ENGINEER,2 tahun 3 bulan,JUNIOR,27,70.2197654063,95.0,0.0,0.33375087,1.3,92.33751534,92.33751534
Develop MLOps pipelines,AI Engineer,beb45f59,Data Analyst,1.3333333333333333,2,68,DATA ANALYST,3 tahun 4 bulan,MIDDLE,40,86.1330823996,80.0,98.61111111,6.436879162,1.0,71.94756403,71.94756403
Develop MLOps pipelines,AI Engineer,c0b0190c,Data Analyst,3.9583333333333335,1,17,DATA SCIENTIST,6 tahun 5 bulan,MIDDLE,77,29.2835988563,84.0,22.19251337,4.068139436,1.0,53.16264673,53.16264673
Develop MLOps pipelines,AI Engineer,c13b7f6c,Data Analyst,1.125,2,34,DATA ANALYST,3 tahun 1 bulan,MIDDLE,37,87.4991246496,90.0,100.0,12.60600857,1.0,78.2842696,78.2842696
Develop MLOps pipelines,AI Engineer,c4acf473,Data Analyst,2.3333333333333335,3,107,DATA ANALYST,2 tahun 9 bulan,JUNIOR,33,79.9589169,86.5,93.31597222,0.0,1.0,72.02498398,72.02498398
Develop MLOps pipelines,AI Engineer,c5c364b3,Data Analyst,2.4166666666666665,0,60,DATA ANALYST,1 tahun 1 bulan,JUNIOR,13,40.932846055,100.0,16.57754011,1.742317797,1.0,64.65542017,64.65542017
Develop MLOps pipelines,AI Engineer,c615b19e,Data Engineer,3.25,3,63,DATA SCIENTIST,4 tahun 4 bulan,JUNIOR,52,71.0338060221,88.0,96.52777778,3.953496176,1.0,70.97960925,70.97960925
Develop MLOps pipelines,AI Engineer,ccc8525a,Data Scientist,3.2916666666666665,1,47,DATA SCIENTIST,1 tahun 0 bulan,BASIC,12,75.7084500467,90.0,0.0,0.0,1.0,70.11863666,70.11863666
Develop MLOps pipelines,AI Engineer,cdb6bf28,Artificial Intelligence Engineer,4.125,1,6,AI ENGINEER,7 tahun 1 bulan,MIDDLE,85,81.6822187204,91.0,0.0,3.667866596,1.3,95.09100733,95.09100733
Develop MLOps pipelines,AI Engineer,cf9338b5,Data Scientist,2.0416666666666665,0,74,DATA SCIENTIST,1 tahun 0 bulan,BASIC,12,82.0043154762,90.0,35.29411765,3.321482848,1.0,72.67275856,72.67275856
Develop MLOps pipelines,AI Engineer,d08b974d,Data Analyst,1.875,0,86,DATA ANALYST,2 tahun 9 bulan,MIDDLE,33,58.8772058825,93.5,97.91666667,0.871158899,1.0,69.7799626,69.7799626
Develop MLOps pipelines,AI Engineer,d8c9672c,Data Analyst,3.7916666666666665,1,82,DATA ANALYST,2 tahun 4 bulan,MIDDLE,28,73.7417775442,90.5,95.05208333,9.595209262,1.0,73.7469197,73.7469197
Develop MLOps pipelines,AI Engineer,ecc200ca,Data Engineer,3.1666666666666665,3,56,DATA ENGINEER,1 tahun 9 bulan,MIDDLE,21,71.0850840338,89.0,99.30555556,5.758942974,1.2,86.333236,86.333236
Develop MLOps pipelines,AI Engineer,eed0f189,Data Analyst,2.7083333333333335,3,45,DATA ANALYST,2 tahun 10 bulan,MIDDLE,34,69.240079365,96.0,70.49910873,48.01347408,1.0,79.53001534,79.53001534
Develop MLOps pipelines,AI Engineer,f007ee36,Artificial Intelligence Engineer,1.6666666666666667,0,70,AI ENGINEER,2 tahun 0 bulan,MIDDLE,24,40.1500350142,90.0,99.30555556,2.332863117,1.3,81.80872206,81.80872206
Develop MLOps pipelines,AI Engineer,f2f08a05,Data Engineer,2.5,3,94,DATA ENGINEER,2 tahun 5 bulan,JUNIOR,29,59.4675711954,87.0,99.30555556,7.027424482,1.2,81.33092925,81.33092925
Develop MLOps pipelines,AI Engineer,f6f88029,Data Analyst,1.2083333333333333,2,100,MGT,4 tahun 3 bulan,-,51,4.3391106446,90.0,78.20855615,6.010278684,1.0,48.76020407,48.76020407
Develop MLOps pipelines,AI Engineer,fbc7621c,Data Scientist,2.3333333333333335,0,93,DATA SCIENTIST,8 tahun 6 bulan,MIDDLE,102,58.3732609713,75.0,100.0,12.17940809,1.0,62.37965806,62.37965806
Develop MLOps pipelines,AI Engineer,ff56a859,Data Scientist,2.3333333333333335,0,97,DATA SCIENTIST,4 tahun 3 bulan,JUNIOR,51,71.9907037817,89.5,95.83333333,11.98196147,1.0,73.15820762,73.15820762
Develop predictive models and clustering,Data Scientist,006bac9a,Data Analyst,2.4444444444444446,3,7,DATA ANALYST,2 tahun 5 bulan,JUNIOR,29,24.3446545288,90.0,100.0,10.68886874,1.0,59.64183706,59.64183706
Develop predictive models and clustering,Data Scientist,00c74be4,Data Scientist,2.111111111111111,3,106,DATA SCIENTIST,5 tahun 10 bulan,MIDDLE,70,65.8296276846,90.0,70.58823529,2.714292537,1.0,67.48966658,67.48966658
Develop predictive models and clustering,Data Scientist,01c8c0ef,Data Scientist,3.3333333333333335,1,67,DATA SCIENTIST,2 tahun 2 bulan,SENIOR,26,77.0315563725,92.0,96.35416667,6.32783673,1.1,82.53917202,82.53917202
Develop predictive models and clustering,Data Scientist,01d1846b,Data Analyst,2.3333333333333335,0,77,DATA ANALYST,4 tahun 3 bulan,JUNIOR,51,76.130287115,84.0,91.92708333,7.89858338,1.0,70.77981892,70.77981892
Develop predictive models and clustering,Data Scientist,03ad7f49,Data Scientist,2.7777777777777777,2,91,DATA SCIENTIST,3 tahun 4 bulan,JUNIOR,40,75.1958741829,90.0,0.0,4.519739335,1.0,70.74391915,70.74391915
Develop predictive models and clustering,Data Scientist,0514ff91,Data Scientist,3.4444444444444446,0,37,DATA SCIENTIST,3 tahun 4 bulan,MIDDLE,40,75.6379551821,90.0,100.0,11.44256681,1.0,74.661971,74.661971
Develop predictive models and clustering,Data Scientist,056cd3f9,Data Engineer,2.3333333333333335,3,48,DATA ENGINEER,7 tahun 7 bulan,SENIOR,91,80.4681314192,90.0,34.22459893,5.168397654,1.3,94.26532683,94.26532683
Develop predictive models and clustering,Data Scientist,05eed8dc,Data Engineer,1.8888888888888888,3,49,DATA ENGINEER,2 tahun 5 bulan,MIDDLE,29,62.7957662233,95.0,99.21875,8.595362988,1.2,87.48866032,87.48866032
Develop predictive models and clustering,Data Scientist,106760ca,Data Engineer,4.0,1,21,DATA ENGINEER,1 tahun 11 bulan,MIDDLE,23,71.4513888888,91.25,100.0,8.016044212,1.2,88.25251765,88.25251765
Develop predictive models and clustering,Data Scientist,123117c9,Data Analyst,1.4444444444444444,2,32,DATA ANALYST,4 tahun 2 bulan,MIDDLE,50,70.4449813258,95.0,100.0,3.648580437,1.0,74.43733436,74.43733436
Develop predictive models and clustering,Data Scientist,14d4dbd6,Data Analyst,1.1111111111111112,2,108,DATA ANALYST,4 tahun 2 bulan,JUNIOR,50,79.6974498133,80.5,98.4375,3.111615146,1.0,69.81056917,69.81056917
Develop predictive models and clustering,Data Scientist,1551c5ff,Data Analyst,2.0,2,66,DATA ANALYST,2 tahun 5 bulan,JUNIOR,29,79.0374358075,90.0,100.0,15.2788331,1.0,76.22782609,76.22782609
Develop predictive models and clustering,Data Scientist,1667415a,Data Analyst,2.4444444444444446,0,50,DATA ANALYST,4 tahun 1 bulan,JUNIOR,49,73.4773576096,90.0,100.0,10.26693491,1.0,73.85696587,73.85696587
Develop predictive models and clustering,Data Scientist,1672e04a,Data Analyst,2.4444444444444446,3,41,DATA ANALYST,4 tahun 3 bulan,JUNIOR,51,69.8277310925,86.0,100.0,7.456011595,1.0,70.40596081,70.40596081
Develop predictive models and clustering,Data Scientist,17466c54,Data Analyst,2.0,2,11,DATA ANALYST,3 tahun 1 bulan,JUNIOR,37,49.8728816529,90.0,100.0,7.676082801,1.0,66.60685575,66.60685575
Develop predictive models and clustering,Data Scientist,1893af41,Data Analyst,1.4444444444444444,2,103,DATA SCIENTIST,1 tahun 1 bulan,JUNIOR,13,37.5269607842,98.0,29.01069519,0.0,1.0,62.25313576,62.25313576
Develop predictive models and clustering,Data Scientist,1dbecdbe,Data Scientist,3.111111111111111,0,4,DATA SCIENTIST,2 tahun 3 bulan,JUNIOR,27,85.3527602713,90.0,99.30555556,6.414697312,1.0,76.68127695,76.68127695
Develop predictive models and clustering,Data Scientist,29e9efd9,Data Engineer,2.0,3,61,DATA ENGINEER,3 tahun 1 bulan,MIDDLE,37,72.8804563492,94.0,99.30555556,9.72908414,1.2,90.62742563,90.62742563
Develop predictive models and clustering,Data Scientist,2d801262,Data Analyst,2.6666666666666665,0,9,DATA ANALYST,2 tahun 10 bulan,MIDDLE,34,80.3460259104,90.0,95.74652778,10.27336667,1.1,83.12594823,83.12594823
Develop predictive models and clustering,Data Scientist,31e8a51f,Data Scientist,2.5555555555555554,0,98,DATA SCIENTIST,2 tahun 9 bulan,JUNIOR,33,52.8933765175,90.0,65.10695187,6.407601293,1.0,64.07121964,64.07121964
Develop predictive models and clustering,Data Scientist,3350383a,Artificial Intelligence Engineer,4.555555555555555,1,30,AI ENGINEER,3 tahun 9 bulan,MIDDLE,45,54.1797239725,95.5,96.44097222,11.49637749,1.3,92.17002068,92.17002068
Develop predictive models and clustering,Data Scientist,365fc87a,Data Analyst,2.4444444444444446,0,110,DATA ANALYST,2 tahun 5 bulan,BASIC,29,80.8585434175,90.0,8.155080214,6.607477284,1.0,72.88466719,72.88466719
Develop predictive models and clustering,Data Scientist,36cf70f2,Artificial Intelligence Engineer,4.0,1,58,AI ENGINEER,2 tahun 5 bulan,MIDDLE,29,43.5532358775,89.5,100.0,11.83988942,1.3,84.69716654,84.69716654
Develop predictive models and clustering,Data Scientist,3951d86b,Data Scientist,3.888888888888889,1,78,DATA SCIENTIST,3 tahun 1 bulan,JUNIOR,37,55.4426062092,95.0,100.0,4.279280813,1.0,70.17243405,70.17243405
Develop predictive models and clustering,Data Scientist,39c4596a,Data Scientist,2.6666666666666665,0,42,DATA SCIENTIST,3 tahun 5 bulan,JUNIOR,41,60.7098506071,80.0,97.91666667,4.694561364,1.0,64.25018915,64.25018915
Develop predictive models and clustering,Data Scientist,3cac7e99,Data Scientist,2.888888888888889,0,88,DATA SCIENTIST,10 tahun 2 bulan,SENIOR,122,88.3660831,98.0,34.22459893,51.7318368,1.0,87.21080158,87.21080158
Develop predictive models and clustering,Data Scientist,42e7a026,Data Analyst,2.111111111111111,0,64,DATA ANALYST,2 tahun 6 bulan,JUNIOR,30,73.5210696779,89.0,99.21875,4.472503523,1.0,72.45268383,72.45268383
Develop predictive models and clustering,Data Scientist,46fd6e1c,Data Analyst,2.111111111111111,2,5,DATA SCIENTIST,1 tahun 2 bulan,JUNIOR,14,67.4580357142,90.0,100.0,11.7055718,1.0,72.32438573,72.32438573
Develop predictive models and clustering,Data Scientist,47d42365,Data Engineer,2.0,3,53,DATA ENGINEER,4 tahun 4 bulan,JUNIOR,52,71.9768703312,91.5,97.82986111,3.794124597,1.2,87.64556985,87.64556985
Develop predictive models and clustering,Data Scientist,4cba2f2d,Artificial Intelligence Engineer,2.6666666666666665,0,36,AI ENGINEER,1 tahun 7 bulan,JUNIOR,19,66.0502450979,95.0,100.0,5.817498712,1.2,84.80862745,84.80862745
Develop predictive models and clustering,Data Scientist,4d57b04b,Data Scientist,2.888888888888889,0,20,DATA SCIENTIST,3 tahun 11 bulan,MIDDLE,47,60.9976657327,96.5,91.31944444,1.268481508,1.1,78.63807432,78.63807432
Develop predictive models and clustering,Data Scientist,516J6855,Data Scientist,2.3333333333333335,0,46,DATA SCIENTIST,2 tahun 5 bulan,JUNIOR,29,54.7360673438,80.0,96.96180556,11.10881594,1.0,63.41641108,63.41641108
Develop predictive models and clustering,Data Scientist,528f3560,Data Analyst,1.1111111111111112,2,55,DATA SCIENTIST,7 tahun 0 bulan,SENIOR,84,32.3536327033,90.0,94.11764706,44.61622935,1.0,64.269703,64.269703
Develop predictive models and clustering,Data Scientist,528f3560,Data Analyst,1.1111111111111112,2,55,DATA SCIENTIST,7 tahun 0 bulan,SENIOR,84,32.3536327033,90.0,94.11764706,44.61622935,1.0,64.269703,64.269703
Develop predictive models and clustering,Data Scientist,5312eea4,Data Analyst,2.111111111111111,3,84,DATA ANALYST,2 tahun 2 bulan,MIDDLE,26,49.7969187675,86.0,92.79513889,46.9198146,1.0,70.0469465,70.0469465
Develop predictive models and clustering,Data Scientist,544a3d1a,Data Scientist,3.0,0,62,DATA SCIENTIST,4 tahun 2 bulan,MIDDLE,50,59.509354575,90.5,100.0,7.234474611,1.0,69.58669591,69.58669591
Develop predictive models and clustering,Data Scientist,54b0fc4f,Data Analyst,2.4444444444444446,1,89,DATA ANALYST,2 tahun 2 bulan,MIDDLE,26,71.3084967321,88.5,98.61111111,6.180876807,1.0,71.78045298,71.78045298
Develop predictive models and clustering,Data Scientist,557e30ab,Data Analyst,1.6666666666666667,2,29,DATA ANALYST,3 tahun 5 bulan,MIDDLE,41,53.7861081933,85.0,100.0,4.549017204,1.0,64.81437318,64.81437318
Develop predictive models and clustering,Data Scientist,55b2e646,Data Scientist,3.4444444444444446,1,57,AI ENGINEER,3 tahun 0 bulan,JUNIOR,36,50.15589986,90.0,100.0,0.871158899,1.3,85.36316737,85.36316737
Develop predictive models and clustering,Data Scientist,57635c17,Data Analyst,1.4444444444444444,2,12,DATA ANALYST,3 tahun 3 bulan,MIDDLE,39,67.5095967558,90.0,99.21875,6.039999292,1.0,71.43352597,71.43352597
Develop predictive models and clustering,Data Scientist,57ecf7ad,Data Analyst,1.0,2,27,MGT,5 tahun 1 bulan,-,61,3.4722222221,90.0,77.54010695,4.326516624,1.0,48.19519238,48.19519238
Develop predictive models and clustering,Data Scientist,5b749bf9,Data Engineer,1.0,3,101,DATA ENGINEER,2 tahun 3 bulan,BASIC,27,34.81372549,90.0,86.63101604,10.06283501,1.2,70.83787239,70.83787239
Develop predictive models and clustering,Data Scientist,5d16d190,Data Scientist,3.2222222222222223,0,99,DATA SCIENTIST,3 tahun 1 bulan,JUNIOR,37,62.2739437442,90.0,97.74305556,28.26078997,1.0,73.16053928,73.16053928
Develop predictive models and clustering,Data Scientist,5dc773ce,Artificial Intelligence Engineer,2.7777777777777777,0,35,DATA SCIENTIST,4 tahun 4 bulan,MIDDLE,52,72.0571603642,91.0,95.57291667,5.121161842,1.1,80.15052819,80.15052819
Develop predictive models and clustering,Data Scientist,6131e4d7,Data Engineer,3.2222222222222223,1,38,DATA ENGINEER,2 tahun 3 bulan,MIDDLE,27,58.5518732492,93.5,99.30555556,10.46636816,1.2,85.46875202,85.46875202
Develop predictive models and clustering,Data Scientist,64S57577,Data Scientist,4.333333333333333,1,40,DATA SCIENTIST,3 tahun 9 bulan,MIDDLE,45,73.6180643087,84.5,89.32291667,3.982774045,1.0,69.5311892,69.5311892
Develop predictive models and clustering,Data Scientist,65054asd,Data Analyst,2.3333333333333335,2,10,DATA ANALYST,3 tahun 4 bulan,JUNIOR,40,70.5590744629,99.0,0.0,4.917061944,1.0,73.99273476,73.99273476
Develop predictive models and clustering,Data Scientist,66d21701,Data Analyst,3.3333333333333335,0,33,DATA ANALYST,4 tahun 3 bulan,JUNIOR,51,63.8499212188,81.5,83.07291667,3.823402466,1.0,64.77440963,64.77440963
Develop predictive models and clustering,Data Scientist,6de6b041,Data Scientist,2.6666666666666665,3,16,DATA SCIENTIST,4 tahun 0 bulan,MIDDLE,48,59.6452497667,90.0,100.0,7.186353322,1.1,76.3103827,76.3103827
Develop predictive models and clustering,Data Scientist,6e0778a1,Data Scientist,3.5555555555555554,0,92,DATA SCIENTIST,3 tahun 1 bulan,JUNIOR,37,54.5927141687,70.0,97.91666667,4.665283496,1.0,57.55075558,57.55075558
Develop predictive models and clustering,Data Scientist,6fb8c1a0,Data Scientist,1.7777777777777777,3,75,DATA SCIENTIST,3 tahun 0 bulan,BASIC,36,61.1916404063,98.0,0.0,3.823402466,1.0,70.34689224,70.34689224
Develop predictive models and clustering,Data Scientist,7176fcb0,Data Engineer,1.3333333333333333,3,104,DATA ENGINEER,7 tahun 0 bulan,SENIOR,84,75.0633578433,80.0,33.82352941,7.122781583,1.2,79.20577781,79.20577781
Develop predictive models and clustering,Data Scientist,77571f19,Data Analyst,1.0,2,54,DATA ANALYST,3 tahun 1 bulan,JUNIOR,37,77.8103933242,100.0,100.0,5.536442394,1.0,79.32087607,79.32087607
Develop predictive models and clustering,Data Scientist,7L762383,Data Analyst,2.888888888888889,0,59,DATA ANALYST,1 tahun 10 bulan,MIDDLE,22,63.2588118579,88.5,94.96527778,2.554920958,1.0,68.65055253,68.65055253
Develop predictive models and clustering,Data Scientist,7b6d04c9,Data Analyst,2.4444444444444446,3,2,DATA ANALYST,4 tahun 5 bulan,MIDDLE,53,73.2388159429,86.0,100.0,4.742239915,1.0,70.9884555,70.9884555
Develop predictive models and clustering,Data Scientist,7ba9df08,Data Analyst,2.5555555555555554,0,25,DATA ANALYST,3 tahun 1 bulan,MIDDLE,37,56.631039916,92.5,96.35416667,0.0,1.2,82.079429,82.079429
Develop predictive models and clustering,Data Scientist,7d317bd2,Data Scientist,1.0,2,90,DATA ANALYST,4 tahun 4 bulan,JUNIOR,52,63.7458566762,86.5,86.37152778,3.794124597,1.0,67.4194445,67.4194445
Develop predictive models and clustering,Data Scientist,7dc30989,Data Scientist,3.6666666666666665,1,73,DATA SCIENTIST,3 tahun 4 bulan,JUNIOR,40,92.1873832863,90.0,0.0,8.045322081,1.0,76.69106422,76.69106422
Develop predictive models and clustering,Data Scientist,7fe7bd2c,Data Scientist,3.5555555555555554,0,65,DATA SCIENTIST,2 tahun 2 bulan,JUNIOR,26,39.5228291321,89.5,99.30555556,6.121971713,1.0,63.07245784,63.07245784
Develop predictive models and clustering,Data Scientist,8126543f,Data Scientist,3.111111111111111,0,85,DATA SCIENTIST,3 tahun 1 bulan,JUNIOR,37,63.1813433708,90.0,99.30555556,6.700326893,1.0,70.28096361,70.28096361
Develop predictive models and clustering,Data Scientist,8387045b,Data Scientist,4.333333333333333,1,69,DATA SCIENTIST,4 tahun 4 bulan,MIDDLE,52,85.768554505,94.0,98.61111111,53.90204421,1.2,99.0,99.0
Develop predictive models and clustering,Data Scientist,859bd42e,Data Scientist,3.3333333333333335,0,95,DATA SCIENTIST,3 tahun 5 bulan,JUNIOR,41,91.9510387488,95.0,100.0,9.232623263,1.0,81.52852324,81.52852324
Develop predictive models and clustering,Data Scientist,85e8c8f1,Data Scientist,3.5555555555555554,0,105,DATA SCIENTIST,2 tahun 9 bulan,JUNIOR,33,86.9119456117,93.0,100.0,3.409887033,1.1,86.02380765,86.02380765
Develop predictive models and clustering,Data Scientist,8K760816,Data Analyst,2.111111111111111,0,15,DATA ANALYST,2 tahun 8 bulan,MIDDLE,32,52.4918446546,98.5,100.0,3.455357726,1.0,70.91183125,70.91183125
Develop predictive models and clustering,Data Scientist,9ab9d681,Data Scientist,4.111111111111111,1,18,DATA SCIENTIST,3 tahun 0 bulan,MIDDLE,36,31.3339898458,92.0,100.0,52.63227356,1.0,68.97507879,68.97507879
Develop predictive models and clustering,Data Scientist,a016ffe0,Data Scientist,4.0,1,26,DATA SCIENTIST,3 tahun 1 bulan,MIDDLE,37,82.0345763308,64.0,34.49197861,6.239432544,1.2,71.75887324,71.75887324
Develop predictive models and clustering,Data Scientist,a20ce132,Data Analyst,4.111111111111111,1,22,DATA ANALYST,2 tahun 9 bulan,MIDDLE,33,84.2864145654,95.0,98.61111111,10.2440888,1.2,95.23244671,95.23244671
Develop predictive models and clustering,Data Scientist,a77b4e68,Data Scientist,1.6666666666666667,2,80,MGT,2 tahun 5 bulan,-,29,80.6774626521,90.0,100.0,29.57650728,1.0,78.85832029,78.85832029
Develop predictive models and clustering,Data Scientist,a9fcd0c5,Data Analyst,1.5555555555555556,2,23,DATA ANALYST,2 tahun 1 bulan,MIDDLE,25,86.9994864617,91.5,100.0,7.075545771,1.1,85.847875,85.847875
Develop predictive models and clustering,Data Scientist,ae73e946,Data Analyst,1.8888888888888888,2,72,DATA SCIENTIST,3 tahun 5 bulan,JUNIOR,41,83.7572654062,85.0,97.91666667,10.90515878,1.0,74.34235311,74.34235311
Develop predictive models and clustering,Data Scientist,afb96c1d,Data Analyst,2.7777777777777777,0,19,DATA ANALYST,2 tahun 8 bulan,JUNIOR,32,77.4700746967,84.5,100.0,6.630101873,1.0,71.7649257,71.7649257
Develop predictive models and clustering,Data Scientist,aff5a1f7,Data Engineer,2.5555555555555554,3,96,DATA ENGINEER,2 tahun 7 bulan,JUNIOR,31,69.9306139125,90.0,98.61111111,7.174163182,1.2,86.72069722,86.72069722
Develop predictive models and clustering,Data Scientist,b0519d51,Data Scientist,3.111111111111111,0,43,DATA SCIENTIST,4 tahun 1 bulan,JUNIOR,49,66.8638392858,92.0,99.30555556,4.723839233,1.1,79.24054742,79.24054742
Develop predictive models and clustering,Data Scientist,b7ddf289,Artificial Intelligence Engineer,3.2222222222222223,1,44,DATA SCIENTIST,1 tahun 2 bulan,JUNIOR,14,78.282819795,95.0,100.0,11.82325385,1.0,77.94660283,77.94660283
Develop predictive models and clustering,Data Scientist,be2d891b,Data Scientist,3.7777777777777777,1,14,AI ENGINEER,2 tahun 3 bulan,JUNIOR,27,70.2197654063,95.0,0.0,0.33375087,1.3,92.33751534,92.33751534
Develop predictive models and clustering,Data Scientist,beb45f59,Data Analyst,1.5555555555555556,2,68,DATA ANALYST,3 tahun 4 bulan,MIDDLE,40,86.1330823996,80.0,98.61111111,6.436879162,1.0,71.94756403,71.94756403
Develop predictive models and clustering,Data Scientist,c0b0190c,Data Analyst,3.6666666666666665,1,17,DATA SCIENTIST,6 tahun 5 bulan,MIDDLE,77,29.2835988563,84.0,22.19251337,4.068139436,1.0,53.16264673,53.16264673
Develop predictive models and clustering,Data Scientist,c13b7f6c,Data Analyst,1.8888888888888888,2,34,DATA ANALYST,3 tahun 1 bulan,MIDDLE,37,87.4991246496,90.0,100.0,12.60600857,1.0,78.2842696,78.2842696
Develop predictive models and clustering,Data Scientist,c4acf473,Data Analyst,1.2222222222222223,3,107,DATA ANALYST,2 tahun 9 bulan,JUNIOR,33,79.9589169,86.5,93.31597222,0.0,1.0,72.02498398,72.02498398
Develop predictive models and clustering,Data Scientist,c5c364b3,Data Analyst,2.0,0,60,DATA ANALYST,1 tahun 1 bulan,JUNIOR,13,40.932846055,100.0,16.57754011,1.742317797,1.0,64.65542017,64.65542017
Develop predictive models and clustering,Data Scientist,c615b19e,Data Engineer,2.7777777777777777,3,63,DATA SCIENTIST,4 tahun 4 bulan,JUNIOR,52,71.0338060221,88.0,96.52777778,3.953496176,1.0,70.97960925,70.97960925
Develop predictive models and clustering,Data Scientist,ccc8525a,Data Scientist,3.6666666666666665,1,47,DATA SCIENTIST,1 tahun 0 bulan,BASIC,12,75.7084500467,90.0,0.0,0.0,1.0,70.11863666,70.11863666
Develop predictive models and clustering,Data Scientist,cdb6bf28,Artificial Intelligence Engineer,4.666666666666667,1,6,AI ENGINEER,7 tahun 1 bulan,MIDDLE,85,81.6822187204,91.0,0.0,3.667866596,1.3,95.09100733,95.09100733
Develop predictive models and clustering,Data Scientist,cf9338b5,Data Scientist,2.7777777777777777,0,74,DATA SCIENTIST,1 tahun 0 bulan,BASIC,12,82.0043154762,90.0,35.29411765,3.321482848,1.0,72.67275856,72.67275856
Develop predictive models and clustering,Data Scientist,d08b974d,Data Analyst,1.8888888888888888,0,86,DATA ANALYST,2 tahun 9 bulan,MIDDLE,33,58.8772058825,93.5,97.91666667,0.871158899,1.0,69.7799626,69.7799626
Develop predictive models and clustering,Data Scientist,d8c9672c,Data Analyst,3.4444444444444446,1,82,DATA ANALYST,2 tahun 4 bulan,MIDDLE,28,73.7417775442,90.5,95.05208333,9.595209262,1.0,73.7469197,73.7469197
Develop predictive models and clustering,Data Scientist,ecc200ca,Data Engineer,2.0,3,56,DATA ENGINEER,1 tahun 9 bulan,MIDDLE,21,71.0850840338,89.0,99.30555556,5.758942974,1.2,86.333236,86.333236
Develop predictive models and clustering,Data Scientist,eed0f189,Data Analyst,2.4444444444444446,3,45,DATA ANALYST,2 tahun 10 bulan,MIDDLE,34,69.240079365,96.0,70.49910873,48.01347408,1.0,79.53001534,79.53001534
Develop predictive models and clustering,Data Scientist,f007ee36,Artificial Intelligence Engineer,4.0,0,70,AI ENGINEER,2 tahun 0 bulan,MIDDLE,24,40.1500350142,90.0,99.30555556,2.332863117,1.3,81.80872206,81.80872206
Develop predictive models and clustering,Data Scientist,f2f08a05,Data Engineer,1.0,3,94,DATA ENGINEER,2 tahun 5 bulan,JUNIOR,29,59.4675711954,87.0,99.30555556,7.027424482,1.2,81.33092925,81.33092925
Develop predictive models and clustering,Data Scientist,f6f88029,Data Analyst,1.2222222222222223,2,100,MGT,4 tahun 3 bulan,-,51,4.3391106446,90.0,78.20855615,6.010278684,1.0,48.76020407,48.76020407
Develop predictive models and clustering,Data Scientist,fbc7621c,Data Scientist,2.888888888888889,0,93,DATA SCIENTIST,8 tahun 6 bulan,MIDDLE,102,58.3732609713,75.0,100.0,12.17940809,1.0,62.37965806,62.37965806
Develop predictive models and clustering,Data Scientist,ff56a859,Data Scientist,3.888888888888889,0,97,DATA SCIENTIST,4 tahun 3 bulan,JUNIOR,51,71.9907037817,89.5,95.83333333,11.98196147,1.0,73.15820762,73.15820762
Ensure data security and integrity,Data Engineer,006bac9a,Data Analyst,3.1818181818181817,3,7,DATA ANALYST,2 tahun 5 bulan,JUNIOR,29,24.3446545288,90.0,100.0,10.68886874,1.0,59.64183706,59.64183706
Ensure data security and integrity,Data Engineer,00c74be4,Data Scientist,2.8181818181818183,3,106,DATA SCIENTIST,5 tahun 10 bulan,MIDDLE,70,65.8296276846,90.0,70.58823529,2.714292537,1.0,67.48966658,67.48966658
Ensure data security and integrity,Data Engineer,01c8c0ef,Data Scientist,3.8181818181818183,1,67,DATA SCIENTIST,2 tahun 2 bulan,SENIOR,26,77.0315563725,92.0,96.35416667,6.32783673,1.1,82.53917202,82.53917202
Ensure data security and integrity,Data Engineer,01d1846b,Data Analyst,2.4545454545454546,0,77,DATA ANALYST,4 tahun 3 bulan,JUNIOR,51,76.130287115,84.0,91.92708333,7.89858338,1.0,70.77981892,70.77981892
Ensure data security and integrity,Data Engineer,03ad7f49,Data Scientist,1.4545454545454546,2,91,DATA SCIENTIST,3 tahun 4 bulan,JUNIOR,40,75.1958741829,90.0,0.0,4.519739335,1.0,70.74391915,70.74391915
Ensure data security and integrity,Data Engineer,0514ff91,Data Scientist,1.7272727272727273,0,37,DATA SCIENTIST,3 tahun 4 bulan,MIDDLE,40,75.6379551821,90.0,100.0,11.44256681,1.0,74.661971,74.661971
Ensure data security and integrity,Data Engineer,056cd3f9,Data Engineer,3.727272727272727,3,48,DATA ENGINEER,7 tahun 7 bulan,SENIOR,91,80.4681314192,90.0,34.22459893,5.168397654,1.3,94.26532683,94.26532683
Ensure data security and integrity,Data Engineer,05eed8dc,Data Engineer,3.909090909090909,3,49,DATA ENGINEER,2 tahun 5 bulan,MIDDLE,29,62.7957662233,95.0,99.21875,8.595362988,1.2,87.48866032,87.48866032
Ensure data security and integrity,Data Engineer,106760ca,Data Engineer,5.0,1,21,DATA ENGINEER,1 tahun 11 bulan,MIDDLE,23,71.4513888888,91.25,100.0,8.016044212,1.2,88.25251765,88.25251765
Ensure data security and integrity,Data Engineer,123117c9,Data Analyst,1.6363636363636365,2,32,DATA ANALYST,4 tahun 2 bulan,MIDDLE,50,70.4449813258,95.0,100.0,3.648580437,1.0,74.43733436,74.43733436
Ensure data security and integrity,Data Engineer,14d4dbd6,Data Analyst,1.2727272727272727,2,108,DATA ANALYST,4 tahun 2 bulan,JUNIOR,50,79.6974498133,80.5,98.4375,3.111615146,1.0,69.81056917,69.81056917
Ensure data security and integrity,Data Engineer,1551c5ff,Data Analyst,1.3636363636363635,2,66,DATA ANALYST,2 tahun 5 bulan,JUNIOR,29,79.0374358075,90.0,100.0,15.2788331,1.0,76.22782609,76.22782609
Ensure data security and integrity,Data Engineer,1667415a,Data Analyst,3.0,0,50,DATA ANALYST,4 tahun 1 bulan,JUNIOR,49,73.4773576096,90.0,100.0,10.26693491,1.0,73.85696587,73.85696587
Ensure data security and integrity,Data Engineer,1672e04a,Data Analyst,3.5454545454545454,3,41,DATA ANALYST,4 tahun 3 bulan,JUNIOR,51,69.8277310925,86.0,100.0,7.456011595,1.0,70.40596081,70.40596081
Ensure data security and integrity,Data Engineer,17466c54,Data Analyst,1.8181818181818181,2,11,DATA ANALYST,3 tahun 1 bulan,JUNIOR,37,49.8728816529,90.0,100.0,7.676082801,1.0,66.60685575,66.60685575
Ensure data security and integrity,Data Engineer,1893af41,Data Analyst,2.0,2,103,DATA SCIENTIST,1 tahun 1 bulan,JUNIOR,13,37.5269607842,98.0,29.01069519,0.0,1.0,62.25313576,62.25313576
Ensure data security and integrity,Data Engineer,1dbecdbe,Data Scientist,1.7272727272727273,0,4,DATA SCIENTIST,2 tahun 3 bulan,JUNIOR,27,85.3527602713,90.0,99.30555556,6.414697312,1.0,76.68127695,76.68127695
Ensure data security and integrity,Data Engineer,29e9efd9,Data Engineer,4.0,3,61,DATA ENGINEER,3 tahun 1 bulan,MIDDLE,37,72.8804563492,94.0,99.30555556,9.72908414,1.2,90.62742563,90.62742563
Ensure data security and integrity,Data Engineer,2d801262,Data Analyst,3.090909090909091,0,9,DATA ANALYST,2 tahun 10 bulan,MIDDLE,34,80.3460259104,90.0,95.74652778,10.27336667,1.1,83.12594823,83.12594823
Ensure data security and integrity,Data Engineer,31e8a51f,Data Scientist,2.3636363636363638,0,98,DATA SCIENTIST,2 tahun 9 bulan,JUNIOR,33,52.8933765175,90.0,65.10695187,6.407601293,1.0,64.07121964,64.07121964
Ensure data security and integrity,Data Engineer,3350383a,Artificial Intelligence Engineer,4.0,1,30,AI ENGINEER,3 tahun 9 bulan,MIDDLE,45,54.1797239725,95.5,96.44097222,11.49637749,1.3,92.17002068,92.17002068
Ensure data security and integrity,Data Engineer,365fc87a,Data Analyst,2.1818181818181817,0,110,DATA ANALYST,2 tahun 5 bulan,BASIC,29,80.8585434175,90.0,8.155080214,6.607477284,1.0,72.88466719,72.88466719
Ensure data security and integrity,Data Engineer,36cf70f2,Artificial Intelligence Engineer,2.727272727272727,1,58,AI ENGINEER,2 tahun 5 bulan,MIDDLE,29,43.5532358775,89.5,100.0,11.83988942,1.3,84.69716654,84.69716654
Ensure data security and integrity,Data Engineer,3951d86b,Data Scientist,4.636363636363637,1,78,DATA SCIENTIST,3 tahun 1 bulan,JUNIOR,37,55.4426062092,95.0,100.0,4.279280813,1.0,70.17243405,70.17243405
Ensure data security and integrity,Data Engineer,39c4596a,Data Scientist,2.4545454545454546,0,42,DATA SCIENTIST,3 tahun 5 bulan,JUNIOR,41,60.7098506071,80.0,97.91666667,4.694561364,1.0,64.25018915,64.25018915
Ensure data security and integrity,Data Engineer,3cac7e99,Data Scientist,2.4545454545454546,0,88,DATA SCIENTIST,10 tahun 2 bulan,SENIOR,122,88.3660831,98.0,34.22459893,51.7318368,1.0,87.21080158,87.21080158
Ensure data security and integrity,Data Engineer,42e7a026,Data Analyst,2.909090909090909,0,64,DATA ANALYST,2 tahun 6 bulan,JUNIOR,30,73.5210696779,89.0,99.21875,4.472503523,1.0,72.45268383,72.45268383
Ensure data security and integrity,Data Engineer,46fd6e1c,Data Analyst,2.0,2,5,DATA SCIENTIST,1 tahun 2 bulan,JUNIOR,14,67.4580357142,90.0,100.0,11.7055718,1.0,72.32438573,72.32438573
Ensure data security and integrity,Data Engineer,47d42365,Data Engineer,4.363636363636363,3,53,DATA ENGINEER,4 tahun 4 bulan,JUNIOR,52,71.9768703312,91.5,97.82986111,3.794124597,1.2,87.64556985,87.64556985
Ensure data security and integrity,Data Engineer,4cba2f2d,Artificial Intelligence Engineer,2.4545454545454546,0,36,AI ENGINEER,1 tahun 7 bulan,JUNIOR,19,66.0502450979,95.0,100.0,5.817498712,1.2,84.80862745,84.80862745
Ensure data security and integrity,Data Engineer,4d57b04b,Data Scientist,2.4545454545454546,0,20,DATA SCIENTIST,3 tahun 11 bulan,MIDDLE,47,60.9976657327,96.5,91.31944444,1.268481508,1.1,78.63807432,78.63807432
Ensure data security and integrity,Data Engineer,516J6855,Data Scientist,2.090909090909091,0,46,DATA SCIENTIST,2 tahun 5 bulan,JUNIOR,29,54.7360673438,80.0,96.96180556,11.10881594,1.0,63.41641108,63.41641108
Ensure data security and integrity,Data Engineer,528f3560,Data Analyst,1.6363636363636365,2,55,DATA SCIENTIST,7 tahun 0 bulan,SENIOR,84,32.3536327033,90.0,94.11764706,44.61622935,1.0,64.269703,64.269703
Ensure data security and integrity,Data Engineer,528f3560,Data Analyst,1.6363636363636365,2,55,DATA SCIENTIST,7 tahun 0 bulan,SENIOR,84,32.3536327033,90.0,94.11764706,44.61622935,1.0,64.269703,64.269703
Ensure data security and integrity,Data Engineer,5312eea4,Data Analyst,3.0,3,84,DATA ANALYST,2 tahun 2 bulan,MIDDLE,26,49.7969187675,86.0,92.79513889,46.9198146,1.0,70.0469465,70.0469465
Ensure data security and integrity,Data Engineer,544a3d1a,Data Scientist,2.4545454545454546,0,62,DATA SCIENTIST,4 tahun 2 bulan,MIDDLE,50,59.509354575,90.5,100.0,7.234474611,1.0,69.58669591,69.58669591
Ensure data security and integrity,Data Engineer,54b0fc4f,Data Analyst,3.727272727272727,1,89,DATA ANALYST,2 tahun 2 bulan,MIDDLE,26,71.3084967321,88.5,98.61111111,6.180876807,1.0,71.78045298,71.78045298
Ensure data security and integrity,Data Engineer,557e30ab,Data Analyst,1.6363636363636365,2,29,DATA ANALYST,3 tahun 5 bulan,MIDDLE,41,53.7861081933,85.0,100.0,4.549017204,1.0,64.81437318,64.81437318
Ensure data security and integrity,Data Engineer,55b2e646,Data Scientist,3.3636363636363638,1,57,AI ENGINEER,3 tahun 0 bulan,JUNIOR,36,50.15589986,90.0,100.0,0.871158899,1.3,85.36316737,85.36316737
Ensure data security and integrity,Data Engineer,57635c17,Data Analyst,1.3636363636363635,2,12,DATA ANALYST,3 tahun 3 bulan,MIDDLE,39,67.5095967558,90.0,99.21875,6.039999292,1.0,71.43352597,71.43352597
Ensure data security and integrity,Data Engineer,57ecf7ad,Data Analyst,1.0,2,27,MGT,5 tahun 1 bulan,-,61,3.4722222221,90.0,77.54010695,4.326516624,1.0,48.19519238,48.19519238
Ensure data security and integrity,Data Engineer,5b749bf9,Data Engineer,3.0,3,101,DATA ENGINEER,2 tahun 3 bulan,BASIC,27,34.81372549,90.0,86.63101604,10.06283501,1.2,70.83787239,70.83787239
Ensure data security and integrity,Data Engineer,5d16d190,Data Scientist,2.4545454545454546,0,99,DATA SCIENTIST,3 tahun 1 bulan,JUNIOR,37,62.2739437442,90.0,97.74305556,28.26078997,1.0,73.16053928,73.16053928
Ensure data security and integrity,Data Engineer,5dc773ce,Artificial Intelligence Engineer,3.6363636363636362,0,35,DATA SCIENTIST,4 tahun 4 bulan,MIDDLE,52,72.0571603642,91.0,95.57291667,5.121161842,1.1,80.15052819,80.15052819
Ensure data security and integrity,Data Engineer,6131e4d7,Data Engineer,4.818181818181818,1,38,DATA ENGINEER,2 tahun 3 bulan,MIDDLE,27,58.5518732492,93.5,99.30555556,10.46636816,1.2,85.46875202,85.46875202
Ensure data security and integrity,Data Engineer,64S57577,Data Scientist,3.6363636363636362,1,40,DATA SCIENTIST,3 tahun 9 bulan,MIDDLE,45,73.6180643087,84.5,89.32291667,3.982774045,1.0,69.5311892,69.5311892
Ensure data security and integrity,Data Engineer,65054asd,Data Analyst,1.6363636363636365,2,10,DATA ANALYST,3 tahun 4 bulan,JUNIOR,40,70.5590744629,99.0,0.0,4.917061944,1.0,73.99273476,73.99273476
Ensure data security and integrity,Data Engineer,66d21701,Data Analyst,2.6363636363636362,0,33,DATA ANALYST,4 tahun 3 bulan,JUNIOR,51,63.8499212188,81.5,83.07291667,3.823402466,1.0,64.77440963,64.77440963
Ensure data security and integrity,Data Engineer,6de6b041,Data Scientist,3.0,3,16,DATA SCIENTIST,4 tahun 0 bulan,MIDDLE,48,59.6452497667,90.0,100.0,7.186353322,1.1,76.3103827,76.3103827
Ensure data security and integrity,Data Engineer,6e0778a1,Data Scientist,2.090909090909091,0,92,DATA SCIENTIST,3 tahun 1 bulan,JUNIOR,37,54.5927141687,70.0,97.91666667,4.665283496,1.0,57.55075558,57.55075558
Ensure data security and integrity,Data Engineer,6fb8c1a0,Data Scientist,3.0,3,75,DATA SCIENTIST,3 tahun 0 bulan,BASIC,36,61.1916404063,98.0,0.0,3.823402466,1.0,70.34689224,70.34689224
Ensure data security and integrity,Data Engineer,7176fcb0,Data Engineer,4.0,3,104,DATA ENGINEER,7 tahun 0 bulan,SENIOR,84,75.0633578433,80.0,33.82352941,7.122781583,1.2,79.20577781,79.20577781
Ensure data security and integrity,Data Engineer,77571f19,Data Analyst,1.8181818181818181,2,54,DATA ANALYST,3 tahun 1 bulan,JUNIOR,37,77.8103933242,100.0,100.0,5.536442394,1.0,79.32087607,79.32087607
Ensure data security and integrity,Data Engineer,7L762383,Data Analyst,3.1818181818181817,0,59,DATA ANALYST,1 tahun 10 bulan,MIDDLE,22,63.2588118579,88.5,94.96527778,2.554920958,1.0,68.65055253,68.65055253
Ensure data security and integrity,Data Engineer,7b6d04c9,Data Analyst,2.8181818181818183,3,2,DATA ANALYST,4 tahun 5 bulan,MIDDLE,53,73.2388159429,86.0,100.0,4.742239915,1.0,70.9884555,70.9884555
Ensure data security and integrity,Data Engineer,7ba9df08,Data Analyst,3.4545454545454546,0,25,DATA ANALYST,3 tahun 1 bulan,MIDDLE,37,56.631039916,92.5,96.35416667,0.0,1.2,82.079429,82.079429
Ensure data security and integrity,Data Engineer,7d317bd2,Data Scientist,1.2727272727272727,2,90,DATA ANALYST,4 tahun 4 bulan,JUNIOR,52,63.7458566762,86.5,86.37152778,3.794124597,1.0,67.4194445,67.4194445
Ensure data security and integrity,Data Engineer,7dc30989,Data Scientist,3.1818181818181817,1,73,DATA SCIENTIST,3 tahun 4 bulan,JUNIOR,40,92.1873832863,90.0,0.0,8.045322081,1.0,76.69106422,76.69106422
Ensure data security and integrity,Data Engineer,7fe7bd2c,Data Scientist,2.090909090909091,0,65,DATA SCIENTIST,2 tahun 2 bulan,JUNIOR,26,39.5228291321,89.5,99.30555556,6.121971713,1.0,63.07245784,63.07245784
Ensure data security and integrity,Data Engineer,8126543f,Data Scientist,2.272727272727273,0,85,DATA SCIENTIST,3 tahun 1 bulan,JUNIOR,37,63.1813433708,90.0,99.30555556,6.700326893,1.0,70.28096361,70.28096361
Ensure data security and integrity,Data Engineer,8387045b,Data Scientist,3.6363636363636362,1,69,DATA SCIENTIST,4 tahun 4 bulan,MIDDLE,52,85.768554505,94.0,98.61111111,53.90204421,1.2,99.0,99.0
Ensure data security and integrity,Data Engineer,859bd42e,Data Scientist,3.0,0,95,DATA SCIENTIST,3 tahun 5 bulan,JUNIOR,41,91.9510387488,95.0,100.0,9.232623263,1.0,81.52852324,81.52852324
Ensure data security and integrity,Data Engineer,85e8c8f1,Data Scientist,2.6363636363636362,0,105,DATA SCIENTIST,2 tahun 9 bulan,JUNIOR,33,86.9119456117,93.0,100.0,3.409887033,1.1,86.02380765,86.02380765
Ensure data security and integrity,Data Engineer,8K760816,Data Analyst,2.4545454545454546,0,15,DATA ANALYST,2 tahun 8 bulan,MIDDLE,32,52.4918446546,98.5,100.0,3.455357726,1.0,70.91183125,70.91183125
Ensure data security and integrity,Data Engineer,9ab9d681,Data Scientist,3.1818181818181817,1,18,DATA SCIENTIST,3 tahun 0 bulan,MIDDLE,36,31.3339898458,92.0,100.0,52.63227356,1.0,68.97507879,68.97507879
Ensure data security and integrity,Data Engineer,a016ffe0,Data Scientist,2.727272727272727,1,26,DATA SCIENTIST,3 tahun 1 bulan,MIDDLE,37,82.0345763308,64.0,34.49197861,6.239432544,1.2,71.75887324,71.75887324
Ensure data security and integrity,Data Engineer,a20ce132,Data Analyst,4.363636363636363,1,22,DATA ANALYST,2 tahun 9 bulan,MIDDLE,33,84.2864145654,95.0,98.61111111,10.2440888,1.2,95.23244671,95.23244671
Ensure data security and integrity,Data Engineer,a77b4e68,Data Scientist,1.8181818181818181,2,80,MGT,2 tahun 5 bulan,-,29,80.6774626521,90.0,100.0,29.57650728,1.0,78.85832029,78.85832029
Ensure data security and integrity,Data Engineer,a9fcd0c5,Data Analyst,2.090909090909091,2,23,DATA ANALYST,2 tahun 1 bulan,MIDDLE,25,86.9994864617,91.5,100.0,7.075545771,1.1,85.847875,85.847875
Ensure data security and integrity,Data Engineer,ae73e946,Data Analyst,1.2727272727272727,2,72,DATA SCIENTIST,3 tahun 5 bulan,JUNIOR,41,83.7572654062,85.0,97.91666667,10.90515878,1.0,74.34235311,74.34235311
Ensure data security and integrity,Data Engineer,afb96c1d,Data Analyst,2.727272727272727,0,19,DATA ANALYST,2 tahun 8 bulan,JUNIOR,32,77.4700746967,84.5,100.0,6.630101873,1.0,71.7649257,71.7649257
Ensure data security and integrity,Data Engineer,aff5a1f7,Data Engineer,4.545454545454546,3,96,DATA ENGINEER,2 tahun 7 bulan,JUNIOR,31,69.9306139125,90.0,98.61111111,7.174163182,1.2,86.72069722,86.72069722
Ensure data security and integrity,Data Engineer,b0519d51,Data Scientist,2.1818181818181817,0,43,DATA SCIENTIST,4 tahun 1 bulan,JUNIOR,49,66.8638392858,92.0,99.30555556,4.723839233,1.1,79.24054742,79.24054742
Ensure data security and integrity,Data Engineer,b7ddf289,Artificial Intelligence Engineer,2.8181818181818183,1,44,DATA SCIENTIST,1 tahun 2 bulan,JUNIOR,14,78.282819795,95.0,100.0,11.82325385,1.0,77.94660283,77.94660283
Ensure data security and integrity,Data Engineer,be2d891b,Data Scientist,4.181818181818182,1,14,AI ENGINEER,2 tahun 3 bulan,JUNIOR,27,70.2197654063,95.0,0.0,0.33375087,1.3,92.33751534,92.33751534
Ensure data security and integrity,Data Engineer,beb45f59,Data Analyst,1.6363636363636365,2,68,DATA ANALYST,3 tahun 4 bulan,MIDDLE,40,86.1330823996,80.0,98.61111111,6.436879162,1.0,71.94756403,71.94756403
Ensure data security and integrity,Data Engineer,c0b0190c,Data Analyst,4.454545454545454,1,17,DATA SCIENTIST,6 tahun 5 bulan,MIDDLE,77,29.2835988563,84.0,22.19251337,4.068139436,1.0,53.16264673,53.16264673
Ensure data security and integrity,Data Engineer,c13b7f6c,Data Analyst,1.2727272727272727,2,34,DATA ANALYST,3 tahun 1 bulan,MIDDLE,37,87.4991246496,90.0,100.0,12.60600857,1.0,78.2842696,78.2842696
Ensure data security and integrity,Data Engineer,c4acf473,Data Analyst,3.1818181818181817,3,107,DATA ANALYST,2 tahun 9 bulan,JUNIOR,33,79.9589169,86.5,93.31597222,0.0,1.0,72.02498398,72.02498398
Ensure data security and integrity,Data Engineer,c5c364b3,Data Analyst,2.909090909090909,0,60,DATA ANALYST,1 tahun 1 bulan,JUNIOR,13,40.932846055,100.0,16.57754011,1.742317797,1.0,64.65542017,64.65542017
Ensure data security and integrity,Data Engineer,c615b19e,Data Engineer,3.8181818181818183,3,63,DATA SCIENTIST,4 tahun 4 bulan,JUNIOR,52,71.0338060221,88.0,96.52777778,3.953496176,1.0,70.97960925,70.97960925
Ensure data security and integrity,Data Engineer,ccc8525a,Data Scientist,3.1818181818181817,1,47,DATA SCIENTIST,1 tahun 0 bulan,BASIC,12,75.7084500467,90.0,0.0,0.0,1.0,70.11863666,70.11863666
Ensure data security and integrity,Data Engineer,cdb6bf28,Artificial Intelligence Engineer,3.6363636363636362,1,6,AI ENGINEER,7 tahun 1 bulan,MIDDLE,85,81.6822187204,91.0,0.0,3.667866596,1.3,95.09100733,95.09100733
Ensure data security and integrity,Data Engineer,cf9338b5,Data Scientist,2.1818181818181817,0,74,DATA SCIENTIST,1 tahun 0 bulan,BASIC,12,82.0043154762,90.0,35.29411765,3.321482848,1.0,72.67275856,72.67275856
Ensure data security and integrity,Data Engineer,d08b974d,Data Analyst,2.4545454545454546,0,86,DATA ANALYST,2 tahun 9 bulan,MIDDLE,33,58.8772058825,93.5,97.91666667,0.871158899,1.0,69.7799626,69.7799626
Ensure data security and integrity,Data Engineer,d8c9672c,Data Analyst,4.181818181818182,1,82,DATA ANALYST,2 tahun 4 bulan,MIDDLE,28,73.7417775442,90.5,95.05208333,9.595209262,1.0,73.7469197,73.7469197
Ensure data security and integrity,Data Engineer,ecc200ca,Data Engineer,3.727272727272727,3,56,DATA ENGINEER,1 tahun 9 bulan,MIDDLE,21,71.0850840338,89.0,99.30555556,5.758942974,1.2,86.333236,86.333236
Ensure data security and integrity,Data Engineer,eed0f189,Data Analyst,3.272727272727273,3,45,DATA ANALYST,2 tahun 10 bulan,MIDDLE,34,69.240079365,96.0,70.49910873,48.01347408,1.0,79.53001534,79.53001534
Ensure data security and integrity,Data Engineer,f007ee36,Artificial Intelligence Engineer,1.5454545454545454,0,70,AI ENGINEER,2 tahun 0 bulan,MIDDLE,24,40.1500350142,90.0,99.30555556,2.332863117,1.3,81.80872206,81.80872206
Ensure data security and integrity,Data Engineer,f2f08a05,Data Engineer,3.1818181818181817,3,94,DATA ENGINEER,2 tahun 5 bulan,JUNIOR,29,59.4675711954,87.0,99.30555556,7.027424482,1.2,81.33092925,81.33092925
Ensure data security and integrity,Data Engineer,f6f88029,Data Analyst,1.3636363636363635,2,100,MGT,4 tahun 3 bulan,-,51,4.3391106446,90.0,78.20855615,6.010278684,1.0,48.76020407,48.76020407
Ensure data security and integrity,Data Engineer,fbc7621c,Data Scientist,2.5454545454545454,0,93,DATA SCIENTIST,8 tahun 6 bulan,MIDDLE,102,58.3732609713,75.0,100.0,12.17940809,1.0,62.37965806,62.37965806
Ensure data security and integrity,Data Engineer,ff56a859,Data Scientist,2.6363636363636362,0,97,DATA SCIENTIST,4 tahun 3 bulan,JUNIOR,51,71.9907037817,89.5,95.83333333,11.98196147,1.0,73.15820762,73.15820762
Financial metrics analysis,Data Analyst,006bac9a,Data Analyst,3.125,3,7,DATA ANALYST,2 tahun 5 bulan,JUNIOR,29,24.3446545288,90.0,100.0,10.68886874,1.0,59.64183706,59.64183706
Financial metrics analysis,Data Analyst,00c74be4,Data Scientist,2.375,3,106,DATA SCIENTIST,5 tahun 10 bulan,MIDDLE,70,65.8296276846,90.0,70.58823529,2.714292537,1.0,67.48966658,67.48966658
Financial metrics analysis,Data Analyst,01c8c0ef,Data Scientist,3.875,1,67,DATA SCIENTIST,2 tahun 2 bulan,SENIOR,26,77.0315563725,92.0,96.35416667,6.32783673,1.1,82.53917202,82.53917202
Financial metrics analysis,Data Analyst,01d1846b,Data Analyst,3.5,0,77,DATA ANALYST,4 tahun 3 bulan,JUNIOR,51,76.130287115,84.0,91.92708333,7.89858338,1.0,70.77981892,70.77981892
Financial metrics analysis,Data Analyst,03ad7f49,Data Scientist,3.75,2,91,DATA SCIENTIST,3 tahun 4 bulan,JUNIOR,40,75.1958741829,90.0,0.0,4.519739335,1.0,70.74391915,70.74391915
Financial metrics analysis,Data Analyst,0514ff91,Data Scientist,4.5,0,37,DATA SCIENTIST,3 tahun 4 bulan,MIDDLE,40,75.6379551821,90.0,100.0,11.44256681,1.0,74.661971,74.661971
Financial metrics analysis,Data Analyst,056cd3f9,Data Engineer,3.0,3,48,DATA ENGINEER,7 tahun 7 bulan,SENIOR,91,80.4681314192,90.0,34.22459893,5.168397654,1.3,94.26532683,94.26532683
Financial metrics analysis,Data Analyst,05eed8dc,Data Engineer,1.375,3,49,DATA ENGINEER,2 tahun 5 bulan,MIDDLE,29,62.7957662233,95.0,99.21875,8.595362988,1.2,87.48866032,87.48866032
Financial metrics analysis,Data Analyst,106760ca,Data Engineer,4.625,1,21,DATA ENGINEER,1 tahun 11 bulan,MIDDLE,23,71.4513888888,91.25,100.0,8.016044212,1.2,88.25251765,88.25251765
Financial metrics analysis,Data Analyst,123117c9,Data Analyst,2.75,2,32,DATA ANALYST,4 tahun 2 bulan,MIDDLE,50,70.4449813258,95.0,100.0,3.648580437,1.0,74.43733436,74.43733436
Financial metrics analysis,Data Analyst,14d4dbd6,Data Analyst,1.625,2,108,DATA ANALYST,4 tahun 2 bulan,JUNIOR,50,79.6974498133,80.5,98.4375,3.111615146,1.0,69.81056917,69.81056917
Financial metrics analysis,Data Analyst,1551c5ff,Data Analyst,3.0,2,66,DATA ANALYST,2 tahun 5 bulan,JUNIOR,29,79.0374358075,90.0,100.0,15.2788331,1.0,76.22782609,76.22782609
Financial metrics analysis,Data Analyst,1667415a,Data Analyst,3.375,0,50,DATA ANALYST,4 tahun 1 bulan,JUNIOR,49,73.4773576096,90.0,100.0,10.26693491,1.0,73.85696587,73.85696587
Financial metrics analysis,Data Analyst,1672e04a,Data Analyst,3.5,3,41,DATA ANALYST,4 tahun 3 bulan,JUNIOR,51,69.8277310925,86.0,100.0,7.456011595,1.0,70.40596081,70.40596081
Financial metrics analysis,Data Analyst,17466c54,Data Analyst,3.25,2,11,DATA ANALYST,3 tahun 1 bulan,JUNIOR,37,49.8728816529,90.0,100.0,7.676082801,1.0,66.60685575,66.60685575
Financial metrics analysis,Data Analyst,1893af41,Data Analyst,3.0,2,103,DATA SCIENTIST,1 tahun 1 bulan,JUNIOR,13,37.5269607842,98.0,29.01069519,0.0,1.0,62.25313576,62.25313576
Financial metrics analysis,Data Analyst,1dbecdbe,Data Scientist,3.125,0,4,DATA SCIENTIST,2 tahun 3 bulan,JUNIOR,27,85.3527602713,90.0,99.30555556,6.414697312,1.0,76.68127695,76.68127695
Financial metrics analysis,Data Analyst,29e9efd9,Data Engineer,2.125,3,61,DATA ENGINEER,3 tahun 1 bulan,MIDDLE,37,72.8804563492,94.0,99.30555556,9.72908414,1.2,90.62742563,90.62742563
Financial metrics analysis,Data Analyst,2d801262,Data Analyst,3.5,0,9,DATA ANALYST,2 tahun 10 bulan,MIDDLE,34,80.3460259104,90.0,95.74652778,10.27336667,1.1,83.12594823,83.12594823
Financial metrics analysis,Data Analyst,31e8a51f,Data Scientist,2.75,0,98,DATA SCIENTIST,2 tahun 9 bulan,JUNIOR,33,52.8933765175,90.0,65.10695187,6.407601293,1.0,64.07121964,64.07121964
Financial metrics analysis,Data Analyst,3350383a,Artificial Intelligence Engineer,4.625,1,30,AI ENGINEER,3 tahun 9 bulan,MIDDLE,45,54.1797239725,95.5,96.44097222,11.49637749,1.3,92.17002068,92.17002068
Financial metrics analysis,Data Analyst,365fc87a,Data Analyst,3.25,0,110,DATA ANALYST,2 tahun 5 bulan,BASIC,29,80.8585434175,90.0,8.155080214,6.607477284,1.0,72.88466719,72.88466719
Financial metrics analysis,Data Analyst,36cf70f2,Artificial Intelligence Engineer,3.75,1,58,AI ENGINEER,2 tahun 5 bulan,MIDDLE,29,43.5532358775,89.5,100.0,11.83988942,1.3,84.69716654,84.69716654
Financial metrics analysis,Data Analyst,3951d86b,Data Scientist,4.125,1,78,DATA SCIENTIST,3 tahun 1 bulan,JUNIOR,37,55.4426062092,95.0,100.0,4.279280813,1.0,70.17243405,70.17243405
Financial metrics analysis,Data Analyst,39c4596a,Data Scientist,4.0,0,42,DATA SCIENTIST,3 tahun 5 bulan,JUNIOR,41,60.7098506071,80.0,97.91666667,4.694561364,1.0,64.25018915,64.25018915
Financial metrics analysis,Data Analyst,3cac7e99,Data Scientist,3.875,0,88,DATA SCIENTIST,10 tahun 2 bulan,SENIOR,122,88.3660831,98.0,34.22459893,51.7318368,1.0,87.21080158,87.21080158
Financial metrics analysis,Data Analyst,42e7a026,Data Analyst,3.625,0,64,DATA ANALYST,2 tahun 6 bulan,JUNIOR,30,73.5210696779,89.0,99.21875,4.472503523,1.0,72.45268383,72.45268383
Financial metrics analysis,Data Analyst,46fd6e1c,Data Analyst,2.625,2,5,DATA SCIENTIST,1 tahun 2 bulan,JUNIOR,14,67.4580357142,90.0,100.0,11.7055718,1.0,72.32438573,72.32438573
Financial metrics analysis,Data Analyst,47d42365,Data Engineer,2.75,3,53,DATA ENGINEER,4 tahun 4 bulan,JUNIOR,52,71.9768703312,91.5,97.82986111,3.794124597,1.2,87.64556985,87.64556985
Financial metrics analysis,Data Analyst,4cba2f2d,Artificial Intelligence Engineer,2.75,0,36,AI ENGINEER,1 tahun 7 bulan,JUNIOR,19,66.0502450979,95.0,100.0,5.817498712,1.2,84.80862745,84.80862745
Financial metrics analysis,Data Analyst,4d57b04b,Data Scientist,3.0,0,20,DATA SCIENTIST,3 tahun 11 bulan,MIDDLE,47,60.9976657327,96.5,91.31944444,1.268481508,1.1,78.63807432,78.63807432
Financial metrics analysis,Data Analyst,516J6855,Data Scientist,3.75,0,46,DATA SCIENTIST,2 tahun 5 bulan,JUNIOR,29,54.7360673438,80.0,96.96180556,11.10881594,1.0,63.41641108,63.41641108
Financial metrics analysis,Data Analyst,528f3560,Data Analyst,2.0,2,55,DATA SCIENTIST,7 tahun 0 bulan,SENIOR,84,32.3536327033,90.0,94.11764706,44.61622935,1.0,64.269703,64.269703
Financial metrics analysis,Data Analyst,528f3560,Data Analyst,2.0,2,55,DATA SCIENTIST,7 tahun 0 bulan,SENIOR,84,32.3536327033,90.0,94.11764706,44.61622935,1.0,64.269703,64.269703
Financial metrics analysis,Data Analyst,5312eea4,Data Analyst,2.5,3,84,DATA ANALYST,2 tahun 2 bulan,MIDDLE,26,49.7969187675,86.0,92.79513889,46.9198146,1.0,70.0469465,70.0469465
Financial metrics analysis,Data Analyst,544a3d1a,Data Scientist,3.375,0,62,DATA SCIENTIST,4 tahun 2 bulan,MIDDLE,50,59.509354575,90.5,100.0,7.234474611,1.0,69.58669591,69.58669591
Financial metrics analysis,Data Analyst,54b0fc4f,Data Analyst,3.5,1,89,DATA ANALYST,2 tahun 2 bulan,MIDDLE,26,71.3084967321,88.5,98.61111111,6.180876807,1.0,71.78045298,71.78045298
Financial metrics analysis,Data Analyst,557e30ab,Data Analyst,2.625,2,29,DATA ANALYST,3 tahun 5 bulan,MIDDLE,41,53.7861081933,85.0,100.0,4.549017204,1.0,64.81437318,64.81437318
Financial metrics analysis,Data Analyst,55b2e646,Data Scientist,3.0,1,57,AI ENGINEER,3 tahun 0 bulan,JUNIOR,36,50.15589986,90.0,100.0,0.871158899,1.3,85.36316737,85.36316737
Financial metrics analysis,Data Analyst,57635c17,Data Analyst,2.375,2,12,DATA ANALYST,3 tahun 3 bulan,MIDDLE,39,67.5095967558,90.0,99.21875,6.039999292,1.0,71.43352597,71.43352597
Financial metrics analysis,Data Analyst,57ecf7ad,Data Analyst,1.0,2,27,MGT,5 tahun 1 bulan,-,61,3.4722222221,90.0,77.54010695,4.326516624,1.0,48.19519238,48.19519238
Financial metrics analysis,Data Analyst,5b749bf9,Data Engineer,1.5,3,101,DATA ENGINEER,2 tahun 3 bulan,BASIC,27,34.81372549,90.0,86.63101604,10.06283501,1.2,70.83787239,70.83787239
Financial metrics analysis,Data Analyst,5d16d190,Data Scientist,4.125,0,99,DATA SCIENTIST,3 tahun 1 bulan,JUNIOR,37,62.2739437442,90.0,97.74305556,28.26078997,1.0,73.16053928,73.16053928
Financial metrics analysis,Data Analyst,5dc773ce,Artificial Intelligence Engineer,3.375,0,35,DATA SCIENTIST,4 tahun 4 bulan,MIDDLE,52,72.0571603642,91.0,95.57291667,5.121161842,1.1,80.15052819,80.15052819
Financial metrics analysis,Data Analyst,6131e4d7,Data Engineer,3.5,1,38,DATA ENGINEER,2 tahun 3 bulan,MIDDLE,27,58.5518732492,93.5,99.30555556,10.46636816,1.2,85.46875202,85.46875202
Financial metrics analysis,Data Analyst,64S57577,Data Scientist,5.0,1,40,DATA SCIENTIST,3 tahun 9 bulan,MIDDLE,45,73.6180643087,84.5,89.32291667,3.982774045,1.0,69.5311892,69.5311892
Financial metrics analysis,Data Analyst,65054asd,Data Analyst,2.875,2,10,DATA ANALYST,3 tahun 4 bulan,JUNIOR,40,70.5590744629,99.0,0.0,4.917061944,1.0,73.99273476,73.99273476
Financial metrics analysis,Data Analyst,66d21701,Data Analyst,4.25,0,33,DATA ANALYST,4 tahun 3 bulan,JUNIOR,51,63.8499212188,81.5,83.07291667,3.823402466,1.0,64.77440963,64.77440963
Financial metrics analysis,Data Analyst,6de6b041,Data Scientist,3.0,3,16,DATA SCIENTIST,4 tahun 0 bulan,MIDDLE,48,59.6452497667,90.0,100.0,7.186353322,1.1,76.3103827,76.3103827
Financial metrics analysis,Data Analyst,6e0778a1,Data Scientist,3.875,0,92,DATA SCIENTIST,3 tahun 1 bulan,JUNIOR,37,54.5927141687,70.0,97.91666667,4.665283496,1.0,57.55075558,57.55075558
Financial metrics analysis,Data Analyst,6fb8c1a0,Data Scientist,3.0,3,75,DATA SCIENTIST,3 tahun 0 bulan,BASIC,36,61.1916404063,98.0,0.0,3.823402466,1.0,70.34689224,70.34689224
Financial metrics analysis,Data Analyst,7176fcb0,Data Engineer,2.875,3,104,DATA ENGINEER,7 tahun 0 bulan,SENIOR,84,75.0633578433,80.0,33.82352941,7.122781583,1.2,79.20577781,79.20577781
Financial metrics analysis,Data Analyst,77571f19,Data Analyst,2.0,2,54,DATA ANALYST,3 tahun 1 bulan,JUNIOR,37,77.8103933242,100.0,100.0,5.536442394,1.0,79.32087607,79.32087607
Financial metrics analysis,Data Analyst,7L762383,Data Analyst,4.25,0,59,DATA ANALYST,1 tahun 10 bulan,MIDDLE,22,63.2588118579,88.5,94.96527778,2.554920958,1.0,68.65055253,68.65055253
Financial metrics analysis,Data Analyst,7b6d04c9,Data Analyst,3.375,3,2,DATA ANALYST,4 tahun 5 bulan,MIDDLE,53,73.2388159429,86.0,100.0,4.742239915,1.0,70.9884555,70.9884555
Financial metrics analysis,Data Analyst,7ba9df08,Data Analyst,4.375,0,25,DATA ANALYST,3 tahun 1 bulan,MIDDLE,37,56.631039916,92.5,96.35416667,0.0,1.2,82.079429,82.079429
Financial metrics analysis,Data Analyst,7d317bd2,Data Scientist,1.125,2,90,DATA ANALYST,4 tahun 4 bulan,JUNIOR,52,63.7458566762,86.5,86.37152778,3.794124597,1.0,67.4194445,67.4194445
Financial metrics analysis,Data Analyst,7dc30989,Data Scientist,4.0,1,73,DATA SCIENTIST,3 tahun 4 bulan,JUNIOR,40,92.1873832863,90.0,0.0,8.045322081,1.0,76.69106422,76.69106422
Financial metrics analysis,Data Analyst,7fe7bd2c,Data Scientist,4.0,0,65,DATA SCIENTIST,2 tahun 2 bulan,JUNIOR,26,39.5228291321,89.5,99.30555556,6.121971713,1.0,63.07245784,63.07245784
Financial metrics analysis,Data Analyst,8126543f,Data Scientist,3.375,0,85,DATA SCIENTIST,3 tahun 1 bulan,JUNIOR,37,63.1813433708,90.0,99.30555556,6.700326893,1.0,70.28096361,70.28096361
Financial metrics analysis,Data Analyst,8387045b,Data Scientist,4.25,1,69,DATA SCIENTIST,4 tahun 4 bulan,MIDDLE,52,85.768554505,94.0,98.61111111,53.90204421,1.2,99.0,99.0
Financial metrics analysis,Data Analyst,859bd42e,Data Scientist,3.5,0,95,DATA SCIENTIST,3 tahun 5 bulan,JUNIOR,41,91.9510387488,95.0,100.0,9.232623263,1.0,81.52852324,81.52852324
Financial metrics analysis,Data Analyst,85e8c8f1,Data Scientist,4.625,0,105,DATA SCIENTIST,2 tahun 9 bulan,JUNIOR,33,86.9119456117,93.0,100.0,3.409887033,1.1,86.02380765,86.02380765
Financial metrics analysis,Data Analyst,8K760816,Data Analyst,3.25,0,15,DATA ANALYST,2 tahun 8 bulan,MIDDLE,32,52.4918446546,98.5,100.0,3.455357726,1.0,70.91183125,70.91183125
Financial metrics analysis,Data Analyst,9ab9d681,Data Scientist,4.375,1,18,DATA SCIENTIST,3 tahun 0 bulan,MIDDLE,36,31.3339898458,92.0,100.0,52.63227356,1.0,68.97507879,68.97507879
Financial metrics analysis,Data Analyst,a016ffe0,Data Scientist,4.5,1,26,DATA SCIENTIST,3 tahun 1 bulan,MIDDLE,37,82.0345763308,64.0,34.49197861,6.239432544,1.2,71.75887324,71.75887324
Financial metrics analysis,Data Analyst,a20ce132,Data Analyst,4.25,1,22,DATA ANALYST,2 tahun 9 bulan,MIDDLE,33,84.2864145654,95.0,98.61111111,10.2440888,1.2,95.23244671,95.23244671
Financial metrics analysis,Data Analyst,a77b4e68,Data Scientist,2.5,2,80,MGT,2 tahun 5 bulan,-,29,80.6774626521,90.0,100.0,29.57650728,1.0,78.85832029,78.85832029
Financial metrics analysis,Data Analyst,a9fcd0c5,Data Analyst,3.25,2,23,DATA ANALYST,2 tahun 1 bulan,MIDDLE,25,86.9994864617,91.5,100.0,7.075545771,1.1,85.847875,85.847875
Financial metrics analysis,Data Analyst,ae73e946,Data Analyst,2.0,2,72,DATA SCIENTIST,3 tahun 5 bulan,JUNIOR,41,83.7572654062,85.0,97.91666667,10.90515878,1.0,74.34235311,74.34235311
Financial metrics analysis,Data Analyst,afb96c1d,Data Analyst,3.25,0,19,DATA ANALYST,2 tahun 8 bulan,JUNIOR,32,77.4700746967,84.5,100.0,6.630101873,1.0,71.7649257,71.7649257
Financial metrics analysis,Data Analyst,aff5a1f7,Data Engineer,3.5,3,96,DATA ENGINEER,2 tahun 7 bulan,JUNIOR,31,69.9306139125,90.0,98.61111111,7.174163182,1.2,86.72069722,86.72069722
Financial metrics analysis,Data Analyst,b0519d51,Data Scientist,3.875,0,43,DATA SCIENTIST,4 tahun 1 bulan,JUNIOR,49,66.8638392858,92.0,99.30555556,4.723839233,1.1,79.24054742,79.24054742
Financial metrics analysis,Data Analyst,b7ddf289,Artificial Intelligence Engineer,3.375,1,44,DATA SCIENTIST,1 tahun 2 bulan,JUNIOR,14,78.282819795,95.0,100.0,11.82325385,1.0,77.94660283,77.94660283
Financial metrics analysis,Data Analyst,be2d891b,Data Scientist,3.75,1,14,AI ENGINEER,2 tahun 3 bulan,JUNIOR,27,70.2197654063,95.0,0.0,0.33375087,1.3,92.33751534,92.33751534
Financial metrics analysis,Data Analyst,beb45f59,Data Analyst,3.375,2,68,DATA ANALYST,3 tahun 4 bulan,MIDDLE,40,86.1330823996,80.0,98.61111111,6.436879162,1.0,71.94756403,71.94756403
Financial metrics analysis,Data Analyst,c0b0190c,Data Analyst,3.625,1,17,DATA SCIENTIST,6 tahun 5 bulan,MIDDLE,77,29.2835988563,84.0,22.19251337,4.068139436,1.0,53.16264673,53.16264673
Financial metrics analysis,Data Analyst,c13b7f6c,Data Analyst,2.75,2,34,DATA ANALYST,3 tahun 1 bulan,MIDDLE,37,87.4991246496,90.0,100.0,12.60600857,1.0,78.2842696,78.2842696
Financial metrics analysis,Data Analyst,c4acf473,Data Analyst,4.375,3,107,DATA ANALYST,2 tahun 9 bulan,JUNIOR,33,79.9589169,86.5,93.31597222,0.0,1.0,72.02498398,72.02498398
Financial metrics analysis,Data Analyst,c5c364b3,Data Analyst,3.875,0,60,DATA ANALYST,1 tahun 1 bulan,JUNIOR,13,40.932846055,100.0,16.57754011,1.742317797,1.0,64.65542017,64.65542017
Financial metrics analysis,Data Analyst,c615b19e,Data Engineer,2.875,3,63,DATA SCIENTIST,4 tahun 4 bulan,JUNIOR,52,71.0338060221,88.0,96.52777778,3.953496176,1.0,70.97960925,70.97960925
Financial metrics analysis,Data Analyst,ccc8525a,Data Scientist,3.75,1,47,DATA SCIENTIST,1 tahun 0 bulan,BASIC,12,75.7084500467,90.0,0.0,0.0,1.0,70.11863666,70.11863666
Financial metrics analysis,Data Analyst,cdb6bf28,Artificial Intelligence Engineer,4.125,1,6,AI ENGINEER,7 tahun 1 bulan,MIDDLE,85,81.6822187204,91.0,0.0,3.667866596,1.3,95.09100733,95.09100733
Financial metrics analysis,Data Analyst,cf9338b5,Data Scientist,3.0,0,74,DATA SCIENTIST,1 tahun 0 bulan,BASIC,12,82.0043154762,90.0,35.29411765,3.321482848,1.0,72.67275856,72.67275856
Financial metrics analysis,Data Analyst,d08b974d,Data Analyst,3.0,0,86,DATA ANALYST,2 tahun 9 bulan,MIDDLE,33,58.8772058825,93.5,97.91666667,0.871158899,1.0,69.7799626,69.7799626
Financial metrics analysis,Data Analyst,d8c9672c,Data Analyst,3.875,1,82,DATA ANALYST,2 tahun 4 bulan,MIDDLE,28,73.7417775442,90.5,95.05208333,9.595209262,1.0,73.7469197,73.7469197
Financial metrics analysis,Data Analyst,ecc200ca,Data Engineer,2.75,3,56,DATA ENGINEER,1 tahun 9 bulan,MIDDLE,21,71.0850840338,89.0,99.30555556,5.758942974,1.2,86.333236,86.333236
Financial metrics analysis,Data Analyst,eed0f189,Data Analyst,3.0,3,45,DATA ANALYST,2 tahun 10 bulan,MIDDLE,34,69.240079365,96.0,70.49910873,48.01347408,1.0,79.53001534,79.53001534
Financial metrics analysis,Data Analyst,f007ee36,Artificial Intelligence Engineer,3.75,0,70,AI ENGINEER,2 tahun 0 bulan,MIDDLE,24,40.1500350142,90.0,99.30555556,2.332863117,1.3,81.80872206,81.80872206
Financial metrics analysis,Data Analyst,f2f08a05,Data Engineer,1.375,3,94,DATA ENGINEER,2 tahun 5 bulan,JUNIOR,29,59.4675711954,87.0,99.30555556,7.027424482,1.2,81.33092925,81.33092925
Financial metrics analysis,Data Analyst,f6f88029,Data Analyst,1.25,2,100,MGT,4 tahun 3 bulan,-,51,4.3391106446,90.0,78.20855615,6.010278684,1.0,48.76020407,48.76020407
Financial metrics analysis,Data Analyst,fbc7621c,Data Scientist,3.375,0,93,DATA SCIENTIST,8 tahun 6 bulan,MIDDLE,102,58.3732609713,75.0,100.0,12.17940809,1.0,62.37965806,62.37965806
Financial metrics analysis,Data Analyst,ff56a859,Data Scientist,4.875,0,97,DATA SCIENTIST,4 tahun 3 bulan,JUNIOR,51,71.9907037817,89.5,95.83333333,11.98196147,1.0,73.15820762,73.15820762
Integrate AI solutions into business applications,AI Engineer,006bac9a,Data Analyst,2.857142857142857,3,7,DATA ANALYST,2 tahun 5 bulan,JUNIOR,29,24.3446545288,90.0,100.0,10.68886874,1.0,59.64183706,59.64183706
Integrate AI solutions into business applications,AI Engineer,00c74be4,Data Scientist,2.4285714285714284,3,106,DATA SCIENTIST,5 tahun 10 bulan,MIDDLE,70,65.8296276846,90.0,70.58823529,2.714292537,1.0,67.48966658,67.48966658
Integrate AI solutions into business applications,AI Engineer,01c8c0ef,Data Scientist,3.0714285714285716,1,67,DATA SCIENTIST,2 tahun 2 bulan,SENIOR,26,77.0315563725,92.0,96.35416667,6.32783673,1.1,82.53917202,82.53917202
Integrate AI solutions into business applications,AI Engineer,01d1846b,Data Analyst,2.142857142857143,0,77,DATA ANALYST,4 tahun 3 bulan,JUNIOR,51,76.130287115,84.0,91.92708333,7.89858338,1.0,70.77981892,70.77981892
Integrate AI solutions into business applications,AI Engineer,03ad7f49,Data Scientist,1.2142857142857142,2,91,DATA SCIENTIST,3 tahun 4 bulan,JUNIOR,40,75.1958741829,90.0,0.0,4.519739335,1.0,70.74391915,70.74391915
Integrate AI solutions into business applications,AI Engineer,0514ff91,Data Scientist,1.6428571428571428,0,37,DATA SCIENTIST,3 tahun 4 bulan,MIDDLE,40,75.6379551821,90.0,100.0,11.44256681,1.0,74.661971,74.661971
Integrate AI solutions into business applications,AI Engineer,056cd3f9,Data Engineer,3.2142857142857144,3,48,DATA ENGINEER,7 tahun 7 bulan,SENIOR,91,80.4681314192,90.0,34.22459893,5.168397654,1.3,94.26532683,94.26532683
Integrate AI solutions into business applications,AI Engineer,05eed8dc,Data Engineer,3.0714285714285716,3,49,DATA ENGINEER,2 tahun 5 bulan,MIDDLE,29,62.7957662233,95.0,99.21875,8.595362988,1.2,87.48866032,87.48866032
Integrate AI solutions into business applications,AI Engineer,106760ca,Data Engineer,4.642857142857143,1,21,DATA ENGINEER,1 tahun 11 bulan,MIDDLE,23,71.4513888888,91.25,100.0,8.016044212,1.2,88.25251765,88.25251765
Integrate AI solutions into business applications,AI Engineer,123117c9,Data Analyst,1.0714285714285714,2,32,DATA ANALYST,4 tahun 2 bulan,MIDDLE,50,70.4449813258,95.0,100.0,3.648580437,1.0,74.43733436,74.43733436
Integrate AI solutions into business applications,AI Engineer,14d4dbd6,Data Analyst,1.0714285714285714,2,108,DATA ANALYST,4 tahun 2 bulan,JUNIOR,50,79.6974498133,80.5,98.4375,3.111615146,1.0,69.81056917,69.81056917
Integrate AI solutions into business applications,AI Engineer,1551c5ff,Data Analyst,1.2142857142857142,2,66,DATA ANALYST,2 tahun 5 bulan,JUNIOR,29,79.0374358075,90.0,100.0,15.2788331,1.0,76.22782609,76.22782609
Integrate AI solutions into business applications,AI Engineer,1667415a,Data Analyst,2.357142857142857,0,50,DATA ANALYST,4 tahun 1 bulan,JUNIOR,49,73.4773576096,90.0,100.0,10.26693491,1.0,73.85696587,73.85696587
Integrate AI solutions into business applications,AI Engineer,1672e04a,Data Analyst,2.7857142857142856,3,41,DATA ANALYST,4 tahun 3 bulan,JUNIOR,51,69.8277310925,86.0,100.0,7.456011595,1.0,70.40596081,70.40596081
Integrate AI solutions into business applications,AI Engineer,17466c54,Data Analyst,1.2857142857142858,2,11,DATA ANALYST,3 tahun 1 bulan,JUNIOR,37,49.8728816529,90.0,100.0,7.676082801,1.0,66.60685575,66.60685575
Integrate AI solutions into business applications,AI Engineer,1893af41,Data Analyst,1.3571428571428572,2,103,DATA SCIENTIST,1 tahun 1 bulan,JUNIOR,13,37.5269607842,98.0,29.01069519,0.0,1.0,62.25313576,62.25313576
Integrate AI solutions into business applications,AI Engineer,1dbecdbe,Data Scientist,2.0,0,4,DATA SCIENTIST,2 tahun 3 bulan,JUNIOR,27,85.3527602713,90.0,99.30555556,6.414697312,1.0,76.68127695,76.68127695
Integrate AI solutions into business applications,AI Engineer,29e9efd9,Data Engineer,3.2857142857142856,3,61,DATA ENGINEER,3 tahun 1 bulan,MIDDLE,37,72.8804563492,94.0,99.30555556,9.72908414,1.2,90.62742563,90.62742563
Integrate AI solutions into business applications,AI Engineer,2d801262,Data Analyst,2.5,0,9,DATA ANALYST,2 tahun 10 bulan,MIDDLE,34,80.3460259104,90.0,95.74652778,10.27336667,1.1,83.12594823,83.12594823
Integrate AI solutions into business applications,AI Engineer,31e8a51f,Data Scientist,2.2142857142857144,0,98,DATA SCIENTIST,2 tahun 9 bulan,JUNIOR,33,52.8933765175,90.0,65.10695187,6.407601293,1.0,64.07121964,64.07121964
Integrate AI solutions into business applications,AI Engineer,3350383a,Artificial Intelligence Engineer,4.428571428571429,1,30,AI ENGINEER,3 tahun 9 bulan,MIDDLE,45,54.1797239725,95.5,96.44097222,11.49637749,1.3,92.17002068,92.17002068
Integrate AI solutions into business applications,AI Engineer,365fc87a,Data Analyst,2.0714285714285716,0,110,DATA ANALYST,2 tahun 5 bulan,BASIC,29,80.8585434175,90.0,8.155080214,6.607477284,1.0,72.88466719,72.88466719
Integrate AI solutions into business applications,AI Engineer,36cf70f2,Artificial Intelligence Engineer,3.2142857142857144,1,58,AI ENGINEER,2 tahun 5 bulan,MIDDLE,29,43.5532358775,89.5,100.0,11.83988942,1.3,84.69716654,84.69716654
Integrate AI solutions into business applications,AI Engineer,3951d86b,Data Scientist,3.9285714285714284,1,78,DATA SCIENTIST,3 tahun 1 bulan,JUNIOR,37,55.4426062092,95.0,100.0,4.279280813,1.0,70.17243405,70.17243405
Integrate AI solutions into business applications,AI Engineer,39c4596a,Data Scientist,2.142857142857143,0,42,DATA SCIENTIST,3 tahun 5 bulan,JUNIOR,41,60.7098506071,80.0,97.91666667,4.694561364,1.0,64.25018915,64.25018915
Integrate AI solutions into business applications,AI Engineer,3cac7e99,Data Scientist,1.6428571428571428,0,88,DATA SCIENTIST,10 tahun 2 bulan,SENIOR,122,88.3660831,98.0,34.22459893,51.7318368,1.0,87.21080158,87.21080158
Integrate AI solutions into business applications,AI Engineer,42e7a026,Data Analyst,2.4285714285714284,0,64,DATA ANALYST,2 tahun 6 bulan,JUNIOR,30,73.5210696779,89.0,99.21875,4.472503523,1.0,72.45268383,72.45268383
Integrate AI solutions into business applications,AI Engineer,46fd6e1c,Data Analyst,2.0,2,5,DATA SCIENTIST,1 tahun 2 bulan,JUNIOR,14,67.4580357142,90.0,100.0,11.7055718,1.0,72.32438573,72.32438573
Integrate AI solutions into business applications,AI Engineer,47d42365,Data Engineer,3.4285714285714284,3,53,DATA ENGINEER,4 tahun 4 bulan,JUNIOR,52,71.9768703312,91.5,97.82986111,3.794124597,1.2,87.64556985,87.64556985
Integrate AI solutions into business applications,AI Engineer,4cba2f2d,Artificial Intelligence Engineer,2.4285714285714284,0,36,AI ENGINEER,1 tahun 7 bulan,JUNIOR,19,66.0502450979,95.0,100.0,5.817498712,1.2,84.80862745,84.80862745
Integrate AI solutions into business applications,AI Engineer,4d57b04b,Data Scientist,2.2142857142857144,0,20,DATA SCIENTIST,3 tahun 11 bulan,MIDDLE,47,60.9976657327,96.5,91.31944444,1.268481508,1.1,78.63807432,78.63807432
Integrate AI solutions into business applications,AI Engineer,516J6855,Data Scientist,2.0714285714285716,0,46,DATA SCIENTIST,2 tahun 5 bulan,JUNIOR,29,54.7360673438,80.0,96.96180556,11.10881594,1.0,63.41641108,63.41641108
Integrate AI solutions into business applications,AI Engineer,528f3560,Data Analyst,1.0714285714285714,2,55,DATA SCIENTIST,7 tahun 0 bulan,SENIOR,84,32.3536327033,90.0,94.11764706,44.61622935,1.0,64.269703,64.269703
Integrate AI solutions into business applications,AI Engineer,528f3560,Data Analyst,1.0714285714285714,2,55,DATA SCIENTIST,7 tahun 0 bulan,SENIOR,84,32.3536327033,90.0,94.11764706,44.61622935,1.0,64.269703,64.269703
Integrate AI solutions into business applications,AI Engineer,5312eea4,Data Analyst,2.642857142857143,3,84,DATA ANALYST,2 tahun 2 bulan,MIDDLE,26,49.7969187675,86.0,92.79513889,46.9198146,1.0,70.0469465,70.0469465
Integrate AI solutions into business applications,AI Engineer,544a3d1a,Data Scientist,2.142857142857143,0,62,DATA SCIENTIST,4 tahun 2 bulan,MIDDLE,50,59.509354575,90.5,100.0,7.234474611,1.0,69.58669591,69.58669591
Integrate AI solutions into business applications,AI Engineer,54b0fc4f,Data Analyst,3.0714285714285716,1,89,DATA ANALYST,2 tahun 2 bulan,MIDDLE,26,71.3084967321,88.5,98.61111111,6.180876807,1.0,71.78045298,71.78045298
Integrate AI solutions into business applications,AI Engineer,557e30ab,Data Analyst,1.2142857142857142,2,29,DATA ANALYST,3 tahun 5 bulan,MIDDLE,41,53.7861081933,85.0,100.0,4.549017204,1.0,64.81437318,64.81437318
Integrate AI solutions into business applications,AI Engineer,55b2e646,Data Scientist,3.142857142857143,1,57,AI ENGINEER,3 tahun 0 bulan,JUNIOR,36,50.15589986,90.0,100.0,0.871158899,1.3,85.36316737,85.36316737
Integrate AI solutions into business applications,AI Engineer,57635c17,Data Analyst,1.1428571428571428,2,12,DATA ANALYST,3 tahun 3 bulan,MIDDLE,39,67.5095967558,90.0,99.21875,6.039999292,1.0,71.43352597,71.43352597
Integrate AI solutions into business applications,AI Engineer,57ecf7ad,Data Analyst,1.0,2,27,MGT,5 tahun 1 bulan,-,61,3.4722222221,90.0,77.54010695,4.326516624,1.0,48.19519238,48.19519238
Integrate AI solutions into business applications,AI Engineer,5b749bf9,Data Engineer,2.357142857142857,3,101,DATA ENGINEER,2 tahun 3 bulan,BASIC,27,34.81372549,90.0,86.63101604,10.06283501,1.2,70.83787239,70.83787239
Integrate AI solutions into business applications,AI Engineer,5d16d190,Data Scientist,2.5714285714285716,0,99,DATA SCIENTIST,3 tahun 1 bulan,JUNIOR,37,62.2739437442,90.0,97.74305556,28.26078997,1.0,73.16053928,73.16053928
Integrate AI solutions into business applications,AI Engineer,5dc773ce,Artificial Intelligence Engineer,2.7857142857142856,0,35,DATA SCIENTIST,4 tahun 4 bulan,MIDDLE,52,72.0571603642,91.0,95.57291667,5.121161842,1.1,80.15052819,80.15052819
Integrate AI solutions into business applications,AI Engineer,6131e4d7,Data Engineer,3.857142857142857,1,38,DATA ENGINEER,2 tahun 3 bulan,MIDDLE,27,58.5518732492,93.5,99.30555556,10.46636816,1.2,85.46875202,85.46875202
Integrate AI solutions into business applications,AI Engineer,64S57577,Data Scientist,3.2142857142857144,1,40,DATA SCIENTIST,3 tahun 9 bulan,MIDDLE,45,73.6180643087,84.5,89.32291667,3.982774045,1.0,69.5311892,69.5311892
Integrate AI solutions into business applications,AI Engineer,65054asd,Data Analyst,1.2142857142857142,2,10,DATA ANALYST,3 tahun 4 bulan,JUNIOR,40,70.5590744629,99.0,0.0,4.917061944,1.0,73.99273476,73.99273476
Integrate AI solutions into business applications,AI Engineer,66d21701,Data Analyst,2.5,0,33,DATA ANALYST,4 tahun 3 bulan,JUNIOR,51,63.8499212188,81.5,83.07291667,3.823402466,1.0,64.77440963,64.77440963
Integrate AI solutions into business applications,AI Engineer,6de6b041,Data Scientist,2.7142857142857144,3,16,DATA SCIENTIST,4 tahun 0 bulan,MIDDLE,48,59.6452497667,90.0,100.0,7.186353322,1.1,76.3103827,76.3103827
Integrate AI solutions into business applications,AI Engineer,6e0778a1,Data Scientist,2.142857142857143,0,92,DATA SCIENTIST,3 tahun 1 bulan,JUNIOR,37,54.5927141687,70.0,97.91666667,4.665283496,1.0,57.55075558,57.55075558
Integrate AI solutions into business applications,AI Engineer,6fb8c1a0,Data Scientist,2.7142857142857144,3,75,DATA SCIENTIST,3 tahun 0 bulan,BASIC,36,61.1916404063,98.0,0.0,3.823402466,1.0,70.34689224,70.34689224
Integrate AI solutions into business applications,AI Engineer,7176fcb0,Data Engineer,2.5714285714285716,3,104,DATA ENGINEER,7 tahun 0 bulan,SENIOR,84,75.0633578433,80.0,33.82352941,7.122781583,1.2,79.20577781,79.20577781
Integrate AI solutions into business applications,AI Engineer,77571f19,Data Analyst,1.2857142857142858,2,54,DATA ANALYST,3 tahun 1 bulan,JUNIOR,37,77.8103933242,100.0,100.0,5.536442394,1.0,79.32087607,79.32087607
Integrate AI solutions into business applications,AI Engineer,7L762383,Data Analyst,2.5,0,59,DATA ANALYST,1 tahun 10 bulan,MIDDLE,22,63.2588118579,88.5,94.96527778,2.554920958,1.0,68.65055253,68.65055253
Integrate AI solutions into business applications,AI Engineer,7b6d04c9,Data Analyst,2.357142857142857,3,2,DATA ANALYST,4 tahun 5 bulan,MIDDLE,53,73.2388159429,86.0,100.0,4.742239915,1.0,70.9884555,70.9884555
Integrate AI solutions into business applications,AI Engineer,7ba9df08,Data Analyst,2.0,0,25,DATA ANALYST,3 tahun 1 bulan,MIDDLE,37,56.631039916,92.5,96.35416667,0.0,1.2,82.079429,82.079429
Integrate AI solutions into business applications,AI Engineer,7d317bd2,Data Scientist,1.2142857142857142,2,90,DATA ANALYST,4 tahun 4 bulan,JUNIOR,52,63.7458566762,86.5,86.37152778,3.794124597,1.0,67.4194445,67.4194445
Integrate AI solutions into business applications,AI Engineer,7dc30989,Data Scientist,2.9285714285714284,1,73,DATA SCIENTIST,3 tahun 4 bulan,JUNIOR,40,92.1873832863,90.0,0.0,8.045322081,1.0,76.69106422,76.69106422
Integrate AI solutions into business applications,AI Engineer,7fe7bd2c,Data Scientist,2.2857142857142856,0,65,DATA SCIENTIST,2 tahun 2 bulan,JUNIOR,26,39.5228291321,89.5,99.30555556,6.121971713,1.0,63.07245784,63.07245784
Integrate AI solutions into business applications,AI Engineer,8126543f,Data Scientist,1.7142857142857142,0,85,DATA SCIENTIST,3 tahun 1 bulan,JUNIOR,37,63.1813433708,90.0,99.30555556,6.700326893,1.0,70.28096361,70.28096361
Integrate AI solutions into business applications,AI Engineer,8387045b,Data Scientist,3.0,1,69,DATA SCIENTIST,4 tahun 4 bulan,MIDDLE,52,85.768554505,94.0,98.61111111,53.90204421,1.2,99.0,99.0
Integrate AI solutions into business applications,AI Engineer,859bd42e,Data Scientist,2.0714285714285716,0,95,DATA SCIENTIST,3 tahun 5 bulan,JUNIOR,41,91.9510387488,95.0,100.0,9.232623263,1.0,81.52852324,81.52852324
Integrate AI solutions into business applications,AI Engineer,85e8c8f1,Data Scientist,2.357142857142857,0,105,DATA SCIENTIST,2 tahun 9 bulan,JUNIOR,33,86.9119456117,93.0,100.0,3.409887033,1.1,86.02380765,86.02380765
Integrate AI solutions into business applications,AI Engineer,8K760816,Data Analyst,2.0,0,15,DATA ANALYST,2 tahun 8 bulan,MIDDLE,32,52.4918446546,98.5,100.0,3.455357726,1.0,70.91183125,70.91183125
Integrate AI solutions into business applications,AI Engineer,9ab9d681,Data Scientist,3.357142857142857,1,18,DATA SCIENTIST,3 tahun 0 bulan,MIDDLE,36,31.3339898458,92.0,100.0,52.63227356,1.0,68.97507879,68.97507879
Integrate AI solutions into business applications,AI Engineer,a016ffe0,Data Scientist,2.642857142857143,1,26,DATA SCIENTIST,3 tahun 1 bulan,MIDDLE,37,82.0345763308,64.0,34.49197861,6.239432544,1.2,71.75887324,71.75887324
Integrate AI solutions into business applications,AI Engineer,a20ce132,Data Analyst,3.357142857142857,1,22,DATA ANALYST,2 tahun 9 bulan,MIDDLE,33,84.2864145654,95.0,98.61111111,10.2440888,1.2,95.23244671,95.23244671
Integrate AI solutions into business applications,AI Engineer,a77b4e68,Data Scientist,1.4285714285714286,2,80,MGT,2 tahun 5 bulan,-,29,80.6774626521,90.0,100.0,29.57650728,1.0,78.85832029,78.85832029
Integrate AI solutions into business applications,AI Engineer,a9fcd0c5,Data Analyst,1.3571428571428572,2,23,DATA ANALYST,2 tahun 1 bulan,MIDDLE,25,86.9994864617,91.5,100.0,7.075545771,1.1,85.847875,85.847875
Integrate AI solutions into business applications,AI Engineer,ae73e946,Data Analyst,1.0714285714285714,2,72,DATA SCIENTIST,3 tahun 5 bulan,JUNIOR,41,83.7572654062,85.0,97.91666667,10.90515878,1.0,74.34235311,74.34235311
Integrate AI solutions into business applications,AI Engineer,afb96c1d,Data Analyst,1.8571428571428572,0,19,DATA ANALYST,2 tahun 8 bulan,JUNIOR,32,77.4700746967,84.5,100.0,6.630101873,1.0,71.7649257,71.7649257
Integrate AI solutions into business applications,AI Engineer,aff5a1f7,Data Engineer,3.4285714285714284,3,96,DATA ENGINEER,2 tahun 7 bulan,JUNIOR,31,69.9306139125,90.0,98.61111111,7.174163182,1.2,86.72069722,86.72069722
Integrate AI solutions into business applications,AI Engineer,b0519d51,Data Scientist,1.7142857142857142,0,43,DATA SCIENTIST,4 tahun 1 bulan,JUNIOR,49,66.8638392858,92.0,99.30555556,4.723839233,1.1,79.24054742,79.24054742
Integrate AI solutions into business applications,AI Engineer,b7ddf289,Artificial Intelligence Engineer,2.857142857142857,1,44,DATA SCIENTIST,1 tahun 2 bulan,JUNIOR,14,78.282819795,95.0,100.0,11.82325385,1.0,77.94660283,77.94660283
Integrate AI solutions into business applications,AI Engineer,be2d891b,Data Scientist,3.642857142857143,1,14,AI ENGINEER,2 tahun 3 bulan,JUNIOR,27,70.2197654063,95.0,0.0,0.33375087,1.3,92.33751534,92.33751534
Integrate AI solutions into business applications,AI Engineer,beb45f59,Data Analyst,1.0714285714285714,2,68,DATA ANALYST,3 tahun 4 bulan,MIDDLE,40,86.1330823996,80.0,98.61111111,6.436879162,1.0,71.94756403,71.94756403
Integrate AI solutions into business applications,AI Engineer,c0b0190c,Data Analyst,3.642857142857143,1,17,DATA SCIENTIST,6 tahun 5 bulan,MIDDLE,77,29.2835988563,84.0,22.19251337,4.068139436,1.0,53.16264673,53.16264673
Integrate AI solutions into business applications,AI Engineer,c13b7f6c,Data Analyst,1.1428571428571428,2,34,DATA ANALYST,3 tahun 1 bulan,MIDDLE,37,87.4991246496,90.0,100.0,12.60600857,1.0,78.2842696,78.2842696
Integrate AI solutions into business applications,AI Engineer,c4acf473,Data Analyst,1.9285714285714286,3,107,DATA ANALYST,2 tahun 9 bulan,JUNIOR,33,79.9589169,86.5,93.31597222,0.0,1.0,72.02498398,72.02498398
Integrate AI solutions into business applications,AI Engineer,c5c364b3,Data Analyst,2.142857142857143,0,60,DATA ANALYST,1 tahun 1 bulan,JUNIOR,13,40.932846055,100.0,16.57754011,1.742317797,1.0,64.65542017,64.65542017
Integrate AI solutions into business applications,AI Engineer,c615b19e,Data Engineer,2.9285714285714284,3,63,DATA SCIENTIST,4 tahun 4 bulan,JUNIOR,52,71.0338060221,88.0,96.52777778,3.953496176,1.0,70.97960925,70.97960925
Integrate AI solutions into business applications,AI Engineer,ccc8525a,Data Scientist,3.142857142857143,1,47,DATA SCIENTIST,1 tahun 0 bulan,BASIC,12,75.7084500467,90.0,0.0,0.0,1.0,70.11863666,70.11863666
Integrate AI solutions into business applications,AI Engineer,cdb6bf28,Artificial Intelligence Engineer,3.642857142857143,1,6,AI ENGINEER,7 tahun 1 bulan,MIDDLE,85,81.6822187204,91.0,0.0,3.667866596,1.3,95.09100733,95.09100733
Integrate AI solutions into business applications,AI Engineer,cf9338b5,Data Scientist,1.9285714285714286,0,74,DATA SCIENTIST,1 tahun 0 bulan,BASIC,12,82.0043154762,90.0,35.29411765,3.321482848,1.0,72.67275856,72.67275856
Integrate AI solutions into business applications,AI Engineer,d08b974d,Data Analyst,2.0714285714285716,0,86,DATA ANALYST,2 tahun 9 bulan,MIDDLE,33,58.8772058825,93.5,97.91666667,0.871158899,1.0,69.7799626,69.7799626
Integrate AI solutions into business applications,AI Engineer,d8c9672c,Data Analyst,3.7142857142857144,1,82,DATA ANALYST,2 tahun 4 bulan,MIDDLE,28,73.7417775442,90.5,95.05208333,9.595209262,1.0,73.7469197,73.7469197
Integrate AI solutions into business applications,AI Engineer,ecc200ca,Data Engineer,2.7142857142857144,3,56,DATA ENGINEER,1 tahun 9 bulan,MIDDLE,21,71.0850840338,89.0,99.30555556,5.758942974,1.2,86.333236,86.333236
Integrate AI solutions into business applications,AI Engineer,eed0f189,Data Analyst,2.2857142857142856,3,45,DATA ANALYST,2 tahun 10 bulan,MIDDLE,34,69.240079365,96.0,70.49910873,48.01347408,1.0,79.53001534,79.53001534
Integrate AI solutions into business applications,AI Engineer,f007ee36,Artificial Intelligence Engineer,1.5,0,70,AI ENGINEER,2 tahun 0 bulan,MIDDLE,24,40.1500350142,90.0,99.30555556,2.332863117,1.3,81.80872206,81.80872206
Integrate AI solutions into business applications,AI Engineer,f2f08a05,Data Engineer,2.0714285714285716,3,94,DATA ENGINEER,2 tahun 5 bulan,JUNIOR,29,59.4675711954,87.0,99.30555556,7.027424482,1.2,81.33092925,81.33092925
Integrate AI solutions into business applications,AI Engineer,f6f88029,Data Analyst,1.0714285714285714,2,100,MGT,4 tahun 3 bulan,-,51,4.3391106446,90.0,78.20855615,6.010278684,1.0,48.76020407,48.76020407
Integrate AI solutions into business applications,AI Engineer,fbc7621c,Data Scientist,1.9285714285714286,0,93,DATA SCIENTIST,8 tahun 6 bulan,MIDDLE,102,58.3732609713,75.0,100.0,12.17940809,1.0,62.37965806,62.37965806
Integrate AI solutions into business applications,AI Engineer,ff56a859,Data Scientist,2.0714285714285716,0,97,DATA SCIENTIST,4 tahun 3 bulan,JUNIOR,51,71.9907037817,89.5,95.83333333,11.98196147,1.0,73.15820762,73.15820762
Maintain data lakes and warehouses,Data Engineer,006bac9a,Data Analyst,3.0434782608695654,3,7,DATA ANALYST,2 tahun 5 bulan,JUNIOR,29,24.3446545288,90.0,100.0,10.68886874,1.0,59.64183706,59.64183706
Maintain data lakes and warehouses,Data Engineer,00c74be4,Data Scientist,2.6956521739130435,3,106,DATA SCIENTIST,5 tahun 10 bulan,MIDDLE,70,65.8296276846,90.0,70.58823529,2.714292537,1.0,67.48966658,67.48966658
Maintain data lakes and warehouses,Data Engineer,01c8c0ef,Data Scientist,3.608695652173913,1,67,DATA SCIENTIST,2 tahun 2 bulan,SENIOR,26,77.0315563725,92.0,96.35416667,6.32783673,1.1,82.53917202,82.53917202
Maintain data lakes and warehouses,Data Engineer,01d1846b,Data Analyst,2.4782608695652173,0,77,DATA ANALYST,4 tahun 3 bulan,JUNIOR,51,76.130287115,84.0,91.92708333,7.89858338,1.0,70.77981892,70.77981892
Maintain data lakes and warehouses,Data Engineer,03ad7f49,Data Scientist,1.6956521739130435,2,91,DATA SCIENTIST,3 tahun 4 bulan,JUNIOR,40,75.1958741829,90.0,0.0,4.519739335,1.0,70.74391915,70.74391915
Maintain data lakes and warehouses,Data Engineer,0514ff91,Data Scientist,1.9130434782608696,0,37,DATA SCIENTIST,3 tahun 4 bulan,MIDDLE,40,75.6379551821,90.0,100.0,11.44256681,1.0,74.661971,74.661971
Maintain data lakes and warehouses,Data Engineer,056cd3f9,Data Engineer,3.739130434782609,3,48,DATA ENGINEER,7 tahun 7 bulan,SENIOR,91,80.4681314192,90.0,34.22459893,5.168397654,1.3,94.26532683,94.26532683
Maintain data lakes and warehouses,Data Engineer,05eed8dc,Data Engineer,3.608695652173913,3,49,DATA ENGINEER,2 tahun 5 bulan,MIDDLE,29,62.7957662233,95.0,99.21875,8.595362988,1.2,87.48866032,87.48866032
Maintain data lakes and warehouses,Data Engineer,106760ca,Data Engineer,4.869565217391305,1,21,DATA ENGINEER,1 tahun 11 bulan,MIDDLE,23,71.4513888888,91.25,100.0,8.016044212,1.2,88.25251765,88.25251765
Maintain data lakes and warehouses,Data Engineer,123117c9,Data Analyst,1.565217391304348,2,32,DATA ANALYST,4 tahun 2 bulan,MIDDLE,50,70.4449813258,95.0,100.0,3.648580437,1.0,74.43733436,74.43733436
Maintain data lakes and warehouses,Data Engineer,14d4dbd6,Data Analyst,1.826086956521739,2,108,DATA ANALYST,4 tahun 2 bulan,JUNIOR,50,79.6974498133,80.5,98.4375,3.111615146,1.0,69.81056917,69.81056917
Maintain data lakes and warehouses,Data Engineer,1551c5ff,Data Analyst,1.6521739130434783,2,66,DATA ANALYST,2 tahun 5 bulan,JUNIOR,29,79.0374358075,90.0,100.0,15.2788331,1.0,76.22782609,76.22782609
Maintain data lakes and warehouses,Data Engineer,1667415a,Data Analyst,2.869565217391304,0,50,DATA ANALYST,4 tahun 1 bulan,JUNIOR,49,73.4773576096,90.0,100.0,10.26693491,1.0,73.85696587,73.85696587
Maintain data lakes and warehouses,Data Engineer,1672e04a,Data Analyst,3.4347826086956523,3,41,DATA ANALYST,4 tahun 3 bulan,JUNIOR,51,69.8277310925,86.0,100.0,7.456011595,1.0,70.40596081,70.40596081
Maintain data lakes and warehouses,Data Engineer,17466c54,Data Analyst,1.7391304347826086,2,11,DATA ANALYST,3 tahun 1 bulan,JUNIOR,37,49.8728816529,90.0,100.0,7.676082801,1.0,66.60685575,66.60685575
Maintain data lakes and warehouses,Data Engineer,1893af41,Data Analyst,1.9565217391304348,2,103,DATA SCIENTIST,1 tahun 1 bulan,JUNIOR,13,37.5269607842,98.0,29.01069519,0.0,1.0,62.25313576,62.25313576
Maintain data lakes and warehouses,Data Engineer,1dbecdbe,Data Scientist,2.1739130434782608,0,4,DATA SCIENTIST,2 tahun 3 bulan,JUNIOR,27,85.3527602713,90.0,99.30555556,6.414697312,1.0,76.68127695,76.68127695
Maintain data lakes and warehouses,Data Engineer,29e9efd9,Data Engineer,3.8260869565217392,3,61,DATA ENGINEER,3 tahun 1 bulan,MIDDLE,37,72.8804563492,94.0,99.30555556,9.72908414,1.2,90.62742563,90.62742563
Maintain data lakes and warehouses,Data Engineer,2d801262,Data Analyst,3.0,0,9,DATA ANALYST,2 tahun 10 bulan,MIDDLE,34,80.3460259104,90.0,95.74652778,10.27336667,1.1,83.12594823,83.12594823
Maintain data lakes and warehouses,Data Engineer,31e8a51f,Data Scientist,2.347826086956522,0,98,DATA SCIENTIST,2 tahun 9 bulan,JUNIOR,33,52.8933765175,90.0,65.10695187,6.407601293,1.0,64.07121964,64.07121964
Maintain data lakes and warehouses,Data Engineer,3350383a,Artificial Intelligence Engineer,4.217391304347826,1,30,AI ENGINEER,3 tahun 9 bulan,MIDDLE,45,54.1797239725,95.5,96.44097222,11.49637749,1.3,92.17002068,92.17002068
Maintain data lakes and warehouses,Data Engineer,365fc87a,Data Analyst,2.260869565217391,0,110,DATA ANALYST,2 tahun 5 bulan,BASIC,29,80.8585434175,90.0,8.155080214,6.607477284,1.0,72.88466719,72.88466719
Maintain data lakes and warehouses,Data Engineer,36cf70f2,Artificial Intelligence Engineer,3.3043478260869565,1,58,AI ENGINEER,2 tahun 5 bulan,MIDDLE,29,43.5532358775,89.5,100.0,11.83988942,1.3,84.69716654,84.69716654
Maintain data lakes and warehouses,Data Engineer,3951d86b,Data Scientist,4.391304347826087,1,78,DATA SCIENTIST,3 tahun 1 bulan,JUNIOR,37,55.4426062092,95.0,100.0,4.279280813,1.0,70.17243405,70.17243405
Maintain data lakes and warehouses,Data Engineer,39c4596a,Data Scientist,2.4347826086956523,0,42,DATA SCIENTIST,3 tahun 5 bulan,JUNIOR,41,60.7098506071,80.0,97.91666667,4.694561364,1.0,64.25018915,64.25018915
Maintain data lakes and warehouses,Data Engineer,3cac7e99,Data Scientist,2.260869565217391,0,88,DATA SCIENTIST,10 tahun 2 bulan,SENIOR,122,88.3660831,98.0,34.22459893,51.7318368,1.0,87.21080158,87.21080158
Maintain data lakes and warehouses,Data Engineer,42e7a026,Data Analyst,2.869565217391304,0,64,DATA ANALYST,2 tahun 6 bulan,JUNIOR,30,73.5210696779,89.0,99.21875,4.472503523,1.0,72.45268383,72.45268383
Maintain data lakes and warehouses,Data Engineer,46fd6e1c,Data Analyst,2.130434782608696,2,5,DATA SCIENTIST,1 tahun 2 bulan,JUNIOR,14,67.4580357142,90.0,100.0,11.7055718,1.0,72.32438573,72.32438573
Maintain data lakes and warehouses,Data Engineer,47d42365,Data Engineer,4.043478260869565,3,53,DATA ENGINEER,4 tahun 4 bulan,JUNIOR,52,71.9768703312,91.5,97.82986111,3.794124597,1.2,87.64556985,87.64556985
Maintain data lakes and warehouses,Data Engineer,4cba2f2d,Artificial Intelligence Engineer,2.4782608695652173,0,36,AI ENGINEER,1 tahun 7 bulan,JUNIOR,19,66.0502450979,95.0,100.0,5.817498712,1.2,84.80862745,84.80862745
Maintain data lakes and warehouses,Data Engineer,4d57b04b,Data Scientist,2.5652173913043477,0,20,DATA SCIENTIST,3 tahun 11 bulan,MIDDLE,47,60.9976657327,96.5,91.31944444,1.268481508,1.1,78.63807432,78.63807432
Maintain data lakes and warehouses,Data Engineer,516J6855,Data Scientist,2.0,0,46,DATA SCIENTIST,2 tahun 5 bulan,JUNIOR,29,54.7360673438,80.0,96.96180556,11.10881594,1.0,63.41641108,63.41641108
Maintain data lakes and warehouses,Data Engineer,528f3560,Data Analyst,1.565217391304348,2,55,DATA SCIENTIST,7 tahun 0 bulan,SENIOR,84,32.3536327033,90.0,94.11764706,44.61622935,1.0,64.269703,64.269703
Maintain data lakes and warehouses,Data Engineer,528f3560,Data Analyst,1.565217391304348,2,55,DATA SCIENTIST,7 tahun 0 bulan,SENIOR,84,32.3536327033,90.0,94.11764706,44.61622935,1.0,64.269703,64.269703
Maintain data lakes and warehouses,Data Engineer,5312eea4,Data Analyst,2.9565217391304346,3,84,DATA ANALYST,2 tahun 2 bulan,MIDDLE,26,49.7969187675,86.0,92.79513889,46.9198146,1.0,70.0469465,70.0469465
Maintain data lakes and warehouses,Data Engineer,544a3d1a,Data Scientist,2.4782608695652173,0,62,DATA SCIENTIST,4 tahun 2 bulan,MIDDLE,50,59.509354575,90.5,100.0,7.234474611,1.0,69.58669591,69.58669591
Maintain data lakes and warehouses,Data Engineer,54b0fc4f,Data Analyst,3.608695652173913,1,89,DATA ANALYST,2 tahun 2 bulan,MIDDLE,26,71.3084967321,88.5,98.61111111,6.180876807,1.0,71.78045298,71.78045298
Maintain data lakes and warehouses,Data Engineer,557e30ab,Data Analyst,1.6521739130434783,2,29,DATA ANALYST,3 tahun 5 bulan,MIDDLE,41,53.7861081933,85.0,100.0,4.549017204,1.0,64.81437318,64.81437318
Maintain data lakes and warehouses,Data Engineer,55b2e646,Data Scientist,3.5652173913043477,1,57,AI ENGINEER,3 tahun 0 bulan,JUNIOR,36,50.15589986,90.0,100.0,0.871158899,1.3,85.36316737,85.36316737
Maintain data lakes and warehouses,Data Engineer,57635c17,Data Analyst,1.2608695652173914,2,12,DATA ANALYST,3 tahun 3 bulan,MIDDLE,39,67.5095967558,90.0,99.21875,6.039999292,1.0,71.43352597,71.43352597
Maintain data lakes and warehouses,Data Engineer,57ecf7ad,Data Analyst,1.0,2,27,MGT,5 tahun 1 bulan,-,61,3.4722222221,90.0,77.54010695,4.326516624,1.0,48.19519238,48.19519238
Maintain data lakes and warehouses,Data Engineer,5b749bf9,Data Engineer,3.0869565217391304,3,101,DATA ENGINEER,2 tahun 3 bulan,BASIC,27,34.81372549,90.0,86.63101604,10.06283501,1.2,70.83787239,70.83787239
Maintain data lakes and warehouses,Data Engineer,5d16d190,Data Scientist,2.608695652173913,0,99,DATA SCIENTIST,3 tahun 1 bulan,JUNIOR,37,62.2739437442,90.0,97.74305556,28.26078997,1.0,73.16053928,73.16053928
Maintain data lakes and warehouses,Data Engineer,5dc773ce,Artificial Intelligence Engineer,3.0869565217391304,0,35,DATA SCIENTIST,4 tahun 4 bulan,MIDDLE,52,72.0571603642,91.0,95.57291667,5.121161842,1.1,80.15052819,80.15052819
Maintain data lakes and warehouses,Data Engineer,6131e4d7,Data Engineer,4.608695652173913,1,38,DATA ENGINEER,2 tahun 3 bulan,MIDDLE,27,58.5518732492,93.5,99.30555556,10.46636816,1.2,85.46875202,85.46875202
Maintain data lakes and warehouses,Data Engineer,64S57577,Data Scientist,3.652173913043478,1,40,DATA SCIENTIST,3 tahun 9 bulan,MIDDLE,45,73.6180643087,84.5,89.32291667,3.982774045,1.0,69.5311892,69.5311892
Maintain data lakes and warehouses,Data Engineer,65054asd,Data Analyst,1.6521739130434783,2,10,DATA ANALYST,3 tahun 4 bulan,JUNIOR,40,70.5590744629,99.0,0.0,4.917061944,1.0,73.99273476,73.99273476
Maintain data lakes and warehouses,Data Engineer,66d21701,Data Analyst,2.8260869565217392,0,33,DATA ANALYST,4 tahun 3 bulan,JUNIOR,51,63.8499212188,81.5,83.07291667,3.823402466,1.0,64.77440963,64.77440963
Maintain data lakes and warehouses,Data Engineer,6de6b041,Data Scientist,3.0869565217391304,3,16,DATA SCIENTIST,4 tahun 0 bulan,MIDDLE,48,59.6452497667,90.0,100.0,7.186353322,1.1,76.3103827,76.3103827
Maintain data lakes and warehouses,Data Engineer,6e0778a1,Data Scientist,2.347826086956522,0,92,DATA SCIENTIST,3 tahun 1 bulan,JUNIOR,37,54.5927141687,70.0,97.91666667,4.665283496,1.0,57.55075558,57.55075558
Maintain data lakes and warehouses,Data Engineer,6fb8c1a0,Data Scientist,3.0434782608695654,3,75,DATA SCIENTIST,3 tahun 0 bulan,BASIC,36,61.1916404063,98.0,0.0,3.823402466,1.0,70.34689224,70.34689224
Maintain data lakes and warehouses,Data Engineer,7176fcb0,Data Engineer,3.391304347826087,3,104,DATA ENGINEER,7 tahun 0 bulan,SENIOR,84,75.0633578433,80.0,33.82352941,7.122781583,1.2,79.20577781,79.20577781
Maintain data lakes and warehouses,Data Engineer,77571f19,Data Analyst,1.8695652173913044,2,54,DATA ANALYST,3 tahun 1 bulan,JUNIOR,37,77.8103933242,100.0,100.0,5.536442394,1.0,79.32087607,79.32087607
Maintain data lakes and warehouses,Data Engineer,7L762383,Data Analyst,2.869565217391304,0,59,DATA ANALYST,1 tahun 10 bulan,MIDDLE,22,63.2588118579,88.5,94.96527778,2.554920958,1.0,68.65055253,68.65055253
Maintain data lakes and warehouses,Data Engineer,7b6d04c9,Data Analyst,2.8260869565217392,3,2,DATA ANALYST,4 tahun 5 bulan,MIDDLE,53,73.2388159429,86.0,100.0,4.742239915,1.0,70.9884555,70.9884555
Maintain data lakes and warehouses,Data Engineer,7ba9df08,Data Analyst,3.0869565217391304,0,25,DATA ANALYST,3 tahun 1 bulan,MIDDLE,37,56.631039916,92.5,96.35416667,0.0,1.2,82.079429,82.079429
Maintain data lakes and warehouses,Data Engineer,7d317bd2,Data Scientist,1.2173913043478262,2,90,DATA ANALYST,4 tahun 4 bulan,JUNIOR,52,63.7458566762,86.5,86.37152778,3.794124597,1.0,67.4194445,67.4194445
Maintain data lakes and warehouses,Data Engineer,7dc30989,Data Scientist,2.9565217391304346,1,73,DATA SCIENTIST,3 tahun 4 bulan,JUNIOR,40,92.1873832863,90.0,0.0,8.045322081,1.0,76.69106422,76.69106422
Maintain data lakes and warehouses,Data Engineer,7fe7bd2c,Data Scientist,2.347826086956522,0,65,DATA SCIENTIST,2 tahun 2 bulan,JUNIOR,26,39.5228291321,89.5,99.30555556,6.121971713,1.0,63.07245784,63.07245784
Maintain data lakes and warehouses,Data Engineer,8126543f,Data Scientist,2.1739130434782608,0,85,DATA SCIENTIST,3 tahun 1 bulan,JUNIOR,37,63.1813433708,90.0,99.30555556,6.700326893,1.0,70.28096361,70.28096361
Maintain data lakes and warehouses,Data Engineer,8387045b,Data Scientist,3.652173913043478,1,69,DATA SCIENTIST,4 tahun 4 bulan,MIDDLE,52,85.768554505,94.0,98.61111111,53.90204421,1.2,99.0,99.0
Maintain data lakes and warehouses,Data Engineer,859bd42e,Data Scientist,2.869565217391304,0,95,DATA SCIENTIST,3 tahun 5 bulan,JUNIOR,41,91.9510387488,95.0,100.0,9.232623263,1.0,81.52852324,81.52852324
Maintain data lakes and warehouses,Data Engineer,85e8c8f1,Data Scientist,2.5652173913043477,0,105,DATA SCIENTIST,2 tahun 9 bulan,JUNIOR,33,86.9119456117,93.0,100.0,3.409887033,1.1,86.02380765,86.02380765
Maintain data lakes and warehouses,Data Engineer,8K760816,Data Analyst,2.391304347826087,0,15,DATA ANALYST,2 tahun 8 bulan,MIDDLE,32,52.4918446546,98.5,100.0,3.455357726,1.0,70.91183125,70.91183125
Maintain data lakes and warehouses,Data Engineer,9ab9d681,Data Scientist,3.347826086956522,1,18,DATA SCIENTIST,3 tahun 0 bulan,MIDDLE,36,31.3339898458,92.0,100.0,52.63227356,1.0,68.97507879,68.97507879
Maintain data lakes and warehouses,Data Engineer,a016ffe0,Data Scientist,2.869565217391304,1,26,DATA SCIENTIST,3 tahun 1 bulan,MIDDLE,37,82.0345763308,64.0,34.49197861,6.239432544,1.2,71.75887324,71.75887324
Maintain data lakes and warehouses,Data Engineer,a20ce132,Data Analyst,4.130434782608695,1,22,DATA ANALYST,2 tahun 9 bulan,MIDDLE,33,84.2864145654,95.0,98.61111111,10.2440888,1.2,95.23244671,95.23244671
Maintain data lakes and warehouses,Data Engineer,a77b4e68,Data Scientist,1.7826086956521738,2,80,MGT,2 tahun 5 bulan,-,29,80.6774626521,90.0,100.0,29.57650728,1.0,78.85832029,78.85832029
Maintain data lakes and warehouses,Data Engineer,a9fcd0c5,Data Analyst,1.8695652173913044,2,23,DATA ANALYST,2 tahun 1 bulan,MIDDLE,25,86.9994864617,91.5,100.0,7.075545771,1.1,85.847875,85.847875
Maintain data lakes and warehouses,Data Engineer,ae73e946,Data Analyst,1.4782608695652173,2,72,DATA SCIENTIST,3 tahun 5 bulan,JUNIOR,41,83.7572654062,85.0,97.91666667,10.90515878,1.0,74.34235311,74.34235311
Maintain data lakes and warehouses,Data Engineer,afb96c1d,Data Analyst,2.608695652173913,0,19,DATA ANALYST,2 tahun 8 bulan,JUNIOR,32,77.4700746967,84.5,100.0,6.630101873,1.0,71.7649257,71.7649257
Maintain data lakes and warehouses,Data Engineer,aff5a1f7,Data Engineer,4.217391304347826,3,96,DATA ENGINEER,2 tahun 7 bulan,JUNIOR,31,69.9306139125,90.0,98.61111111,7.174163182,1.2,86.72069722,86.72069722
Maintain data lakes and warehouses,Data Engineer,b0519d51,Data Scientist,2.217391304347826,0,43,DATA SCIENTIST,4 tahun 1 bulan,JUNIOR,49,66.8638392858,92.0,99.30555556,4.723839233,1.1,79.24054742,79.24054742
Maintain data lakes and warehouses,Data Engineer,b7ddf289,Artificial Intelligence Engineer,3.0869565217391304,1,44,DATA SCIENTIST,1 tahun 2 bulan,JUNIOR,14,78.282819795,95.0,100.0,11.82325385,1.0,77.94660283,77.94660283
Maintain data lakes and warehouses,Data Engineer,be2d891b,Data Scientist,4.260869565217392,1,14,AI ENGINEER,2 tahun 3 bulan,JUNIOR,27,70.2197654063,95.0,0.0,0.33375087,1.3,92.33751534,92.33751534
Maintain data lakes and warehouses,Data Engineer,beb45f59,Data Analyst,1.7391304347826086,2,68,DATA ANALYST,3 tahun 4 bulan,MIDDLE,40,86.1330823996,80.0,98.61111111,6.436879162,1.0,71.94756403,71.94756403
Maintain data lakes and warehouses,Data Engineer,c0b0190c,Data Analyst,4.217391304347826,1,17,DATA SCIENTIST,6 tahun 5 bulan,MIDDLE,77,29.2835988563,84.0,22.19251337,4.068139436,1.0,53.16264673,53.16264673
Maintain data lakes and warehouses,Data Engineer,c13b7f6c,Data Analyst,1.391304347826087,2,34,DATA ANALYST,3 tahun 1 bulan,MIDDLE,37,87.4991246496,90.0,100.0,12.60600857,1.0,78.2842696,78.2842696
Maintain data lakes and warehouses,Data Engineer,c4acf473,Data Analyst,2.782608695652174,3,107,DATA ANALYST,2 tahun 9 bulan,JUNIOR,33,79.9589169,86.5,93.31597222,0.0,1.0,72.02498398,72.02498398
Maintain data lakes and warehouses,Data Engineer,c5c364b3,Data Analyst,2.782608695652174,0,60,DATA ANALYST,1 tahun 1 bulan,JUNIOR,13,40.932846055,100.0,16.57754011,1.742317797,1.0,64.65542017,64.65542017
Maintain data lakes and warehouses,Data Engineer,c615b19e,Data Engineer,3.652173913043478,3,63,DATA SCIENTIST,4 tahun 4 bulan,JUNIOR,52,71.0338060221,88.0,96.52777778,3.953496176,1.0,70.97960925,70.97960925
Maintain data lakes and warehouses,Data Engineer,ccc8525a,Data Scientist,3.260869565217391,1,47,DATA SCIENTIST,1 tahun 0 bulan,BASIC,12,75.7084500467,90.0,0.0,0.0,1.0,70.11863666,70.11863666
Maintain data lakes and warehouses,Data Engineer,cdb6bf28,Artificial Intelligence Engineer,4.086956521739131,1,6,AI ENGINEER,7 tahun 1 bulan,MIDDLE,85,81.6822187204,91.0,0.0,3.667866596,1.3,95.09100733,95.09100733
Maintain data lakes and warehouses,Data Engineer,cf9338b5,Data Scientist,2.130434782608696,0,74,DATA SCIENTIST,1 tahun 0 bulan,BASIC,12,82.0043154762,90.0,35.29411765,3.321482848,1.0,72.67275856,72.67275856
Maintain data lakes and warehouses,Data Engineer,d08b974d,Data Analyst,2.217391304347826,0,86,DATA ANALYST,2 tahun 9 bulan,MIDDLE,33,58.8772058825,93.5,97.91666667,0.871158899,1.0,69.7799626,69.7799626
Maintain data lakes and warehouses,Data Engineer,d8c9672c,Data Analyst,3.9565217391304346,1,82,DATA ANALYST,2 tahun 4 bulan,MIDDLE,28,73.7417775442,90.5,95.05208333,9.595209262,1.0,73.7469197,73.7469197
Maintain data lakes and warehouses,Data Engineer,ecc200ca,Data Engineer,3.5217391304347827,3,56,DATA ENGINEER,1 tahun 9 bulan,MIDDLE,21,71.0850840338,89.0,99.30555556,5.758942974,1.2,86.333236,86.333236
Maintain data lakes and warehouses,Data Engineer,eed0f189,Data Analyst,2.9130434782608696,3,45,DATA ANALYST,2 tahun 10 bulan,MIDDLE,34,69.240079365,96.0,70.49910873,48.01347408,1.0,79.53001534,79.53001534
Maintain data lakes and warehouses,Data Engineer,f007ee36,Artificial Intelligence Engineer,1.7391304347826086,0,70,AI ENGINEER,2 tahun 0 bulan,MIDDLE,24,40.1500350142,90.0,99.30555556,2.332863117,1.3,81.80872206,81.80872206
Maintain data lakes and warehouses,Data Engineer,f2f08a05,Data Engineer,3.0,3,94,DATA ENGINEER,2 tahun 5 bulan,JUNIOR,29,59.4675711954,87.0,99.30555556,7.027424482,1.2,81.33092925,81.33092925
Maintain data lakes and warehouses,Data Engineer,f6f88029,Data Analyst,1.2608695652173914,2,100,MGT,4 tahun 3 bulan,-,51,4.3391106446,90.0,78.20855615,6.010278684,1.0,48.76020407,48.76020407
Maintain data lakes and warehouses,Data Engineer,fbc7621c,Data Scientist,2.5652173913043477,0,93,DATA SCIENTIST,8 tahun 6 bulan,MIDDLE,102,58.3732609713,75.0,100.0,12.17940809,1.0,62.37965806,62.37965806
Maintain data lakes and warehouses,Data Engineer,ff56a859,Data Scientist,2.608695652173913,0,97,DATA SCIENTIST,4 tahun 3 bulan,JUNIOR,51,71.9907037817,89.5,95.83333333,11.98196147,1.0,73.15820762,73.15820762
Manage cloud-based data processing,Data Engineer,006bac9a,Data Analyst,3.1,3,7,DATA ANALYST,2 tahun 5 bulan,JUNIOR,29,24.3446545288,90.0,100.0,10.68886874,1.0,59.64183706,59.64183706
Manage cloud-based data processing,Data Engineer,00c74be4,Data Scientist,2.75,3,106,DATA SCIENTIST,5 tahun 10 bulan,MIDDLE,70,65.8296276846,90.0,70.58823529,2.714292537,1.0,67.48966658,67.48966658
Manage cloud-based data processing,Data Engineer,01c8c0ef,Data Scientist,3.65,1,67,DATA SCIENTIST,2 tahun 2 bulan,SENIOR,26,77.0315563725,92.0,96.35416667,6.32783673,1.1,82.53917202,82.53917202
Manage cloud-based data processing,Data Engineer,01d1846b,Data Analyst,2.5,0,77,DATA ANALYST,4 tahun 3 bulan,JUNIOR,51,76.130287115,84.0,91.92708333,7.89858338,1.0,70.77981892,70.77981892
Manage cloud-based data processing,Data Engineer,03ad7f49,Data Scientist,1.65,2,91,DATA SCIENTIST,3 tahun 4 bulan,JUNIOR,40,75.1958741829,90.0,0.0,4.519739335,1.0,70.74391915,70.74391915
Manage cloud-based data processing,Data Engineer,0514ff91,Data Scientist,1.9,0,37,DATA SCIENTIST,3 tahun 4 bulan,MIDDLE,40,75.6379551821,90.0,100.0,11.44256681,1.0,74.661971,74.661971
Manage cloud-based data processing,Data Engineer,056cd3f9,Data Engineer,3.9,3,48,DATA ENGINEER,7 tahun 7 bulan,SENIOR,91,80.4681314192,90.0,34.22459893,5.168397654,1.3,94.26532683,94.26532683
Manage cloud-based data processing,Data Engineer,05eed8dc,Data Engineer,3.8,3,49,DATA ENGINEER,2 tahun 5 bulan,MIDDLE,29,62.7957662233,95.0,99.21875,8.595362988,1.2,87.48866032,87.48866032
Manage cloud-based data processing,Data Engineer,106760ca,Data Engineer,5.0,1,21,DATA ENGINEER,1 tahun 11 bulan,MIDDLE,23,71.4513888888,91.25,100.0,8.016044212,1.2,88.25251765,88.25251765
Manage cloud-based data processing,Data Engineer,123117c9,Data Analyst,1.55,2,32,DATA ANALYST,4 tahun 2 bulan,MIDDLE,50,70.4449813258,95.0,100.0,3.648580437,1.0,74.43733436,74.43733436
Manage cloud-based data processing,Data Engineer,14d4dbd6,Data Analyst,1.8,2,108,DATA ANALYST,4 tahun 2 bulan,JUNIOR,50,79.6974498133,80.5,98.4375,3.111615146,1.0,69.81056917,69.81056917
Manage cloud-based data processing,Data Engineer,1551c5ff,Data Analyst,1.75,2,66,DATA ANALYST,2 tahun 5 bulan,JUNIOR,29,79.0374358075,90.0,100.0,15.2788331,1.0,76.22782609,76.22782609
Manage cloud-based data processing,Data Engineer,1667415a,Data Analyst,2.9,0,50,DATA ANALYST,4 tahun 1 bulan,JUNIOR,49,73.4773576096,90.0,100.0,10.26693491,1.0,73.85696587,73.85696587
Manage cloud-based data processing,Data Engineer,1672e04a,Data Analyst,3.65,3,41,DATA ANALYST,4 tahun 3 bulan,JUNIOR,51,69.8277310925,86.0,100.0,7.456011595,1.0,70.40596081,70.40596081
Manage cloud-based data processing,Data Engineer,17466c54,Data Analyst,1.85,2,11,DATA ANALYST,3 tahun 1 bulan,JUNIOR,37,49.8728816529,90.0,100.0,7.676082801,1.0,66.60685575,66.60685575
Manage cloud-based data processing,Data Engineer,1893af41,Data Analyst,2.0,2,103,DATA SCIENTIST,1 tahun 1 bulan,JUNIOR,13,37.5269607842,98.0,29.01069519,0.0,1.0,62.25313576,62.25313576
Manage cloud-based data processing,Data Engineer,1dbecdbe,Data Scientist,2.0,0,4,DATA SCIENTIST,2 tahun 3 bulan,JUNIOR,27,85.3527602713,90.0,99.30555556,6.414697312,1.0,76.68127695,76.68127695
Manage cloud-based data processing,Data Engineer,29e9efd9,Data Engineer,4.15,3,61,DATA ENGINEER,3 tahun 1 bulan,MIDDLE,37,72.8804563492,94.0,99.30555556,9.72908414,1.2,90.62742563,90.62742563
Manage cloud-based data processing,Data Engineer,2d801262,Data Analyst,3.1,0,9,DATA ANALYST,2 tahun 10 bulan,MIDDLE,34,80.3460259104,90.0,95.74652778,10.27336667,1.1,83.12594823,83.12594823
Manage cloud-based data processing,Data Engineer,31e8a51f,Data Scientist,2.3,0,98,DATA SCIENTIST,2 tahun 9 bulan,JUNIOR,33,52.8933765175,90.0,65.10695187,6.407601293,1.0,64.07121964,64.07121964
Manage cloud-based data processing,Data Engineer,3350383a,Artificial Intelligence Engineer,4.15,1,30,AI ENGINEER,3 tahun 9 bulan,MIDDLE,45,54.1797239725,95.5,96.44097222,11.49637749,1.3,92.17002068,92.17002068
Manage cloud-based data processing,Data Engineer,365fc87a,Data Analyst,2.35,0,110,DATA ANALYST,2 tahun 5 bulan,BASIC,29,80.8585434175,90.0,8.155080214,6.607477284,1.0,72.88466719,72.88466719
Manage cloud-based data processing,Data Engineer,36cf70f2,Artificial Intelligence Engineer,3.3,1,58,AI ENGINEER,2 tahun 5 bulan,MIDDLE,29,43.5532358775,89.5,100.0,11.83988942,1.3,84.69716654,84.69716654
Manage cloud-based data processing,Data Engineer,3951d86b,Data Scientist,4.55,1,78,DATA SCIENTIST,3 tahun 1 bulan,JUNIOR,37,55.4426062092,95.0,100.0,4.279280813,1.0,70.17243405,70.17243405
Manage cloud-based data processing,Data Engineer,39c4596a,Data Scientist,2.5,0,42,DATA SCIENTIST,3 tahun 5 bulan,JUNIOR,41,60.7098506071,80.0,97.91666667,4.694561364,1.0,64.25018915,64.25018915
Manage cloud-based data processing,Data Engineer,3cac7e99,Data Scientist,2.35,0,88,DATA SCIENTIST,10 tahun 2 bulan,SENIOR,122,88.3660831,98.0,34.22459893,51.7318368,1.0,87.21080158,87.21080158
Manage cloud-based data processing,Data Engineer,42e7a026,Data Analyst,3.0,0,64,DATA ANALYST,2 tahun 6 bulan,JUNIOR,30,73.5210696779,89.0,99.21875,4.472503523,1.0,72.45268383,72.45268383
Manage cloud-based data processing,Data Engineer,46fd6e1c,Data Analyst,2.15,2,5,DATA SCIENTIST,1 tahun 2 bulan,JUNIOR,14,67.4580357142,90.0,100.0,11.7055718,1.0,72.32438573,72.32438573
Manage cloud-based data processing,Data Engineer,47d42365,Data Engineer,4.35,3,53,DATA ENGINEER,4 tahun 4 bulan,JUNIOR,52,71.9768703312,91.5,97.82986111,3.794124597,1.2,87.64556985,87.64556985
Manage cloud-based data processing,Data Engineer,4cba2f2d,Artificial Intelligence Engineer,2.55,0,36,AI ENGINEER,1 tahun 7 bulan,JUNIOR,19,66.0502450979,95.0,100.0,5.817498712,1.2,84.80862745,84.80862745
Manage cloud-based data processing,Data Engineer,4d57b04b,Data Scientist,2.55,0,20,DATA SCIENTIST,3 tahun 11 bulan,MIDDLE,47,60.9976657327,96.5,91.31944444,1.268481508,1.1,78.63807432,78.63807432
Manage cloud-based data processing,Data Engineer,516J6855,Data Scientist,2.15,0,46,DATA SCIENTIST,2 tahun 5 bulan,JUNIOR,29,54.7360673438,80.0,96.96180556,11.10881594,1.0,63.41641108,63.41641108
Manage cloud-based data processing,Data Engineer,528f3560,Data Analyst,1.65,2,55,DATA SCIENTIST,7 tahun 0 bulan,SENIOR,84,32.3536327033,90.0,94.11764706,44.61622935,1.0,64.269703,64.269703
Manage cloud-based data processing,Data Engineer,528f3560,Data Analyst,1.65,2,55,DATA SCIENTIST,7 tahun 0 bulan,SENIOR,84,32.3536327033,90.0,94.11764706,44.61622935,1.0,64.269703,64.269703
Manage cloud-based data processing,Data Engineer,5312eea4,Data Analyst,3.0,3,84,DATA ANALYST,2 tahun 2 bulan,MIDDLE,26,49.7969187675,86.0,92.79513889,46.9198146,1.0,70.0469465,70.0469465
Manage cloud-based data processing,Data Engineer,544a3d1a,Data Scientist,2.5,0,62,DATA SCIENTIST,4 tahun 2 bulan,MIDDLE,50,59.509354575,90.5,100.0,7.234474611,1.0,69.58669591,69.58669591
Manage cloud-based data processing,Data Engineer,54b0fc4f,Data Analyst,3.85,1,89,DATA ANALYST,2 tahun 2 bulan,MIDDLE,26,71.3084967321,88.5,98.61111111,6.180876807,1.0,71.78045298,71.78045298
Manage cloud-based data processing,Data Engineer,557e30ab,Data Analyst,1.75,2,29,DATA ANALYST,3 tahun 5 bulan,MIDDLE,41,53.7861081933,85.0,100.0,4.549017204,1.0,64.81437318,64.81437318
Manage cloud-based data processing,Data Engineer,55b2e646,Data Scientist,3.6,1,57,AI ENGINEER,3 tahun 0 bulan,JUNIOR,36,50.15589986,90.0,100.0,0.871158899,1.3,85.36316737,85.36316737
Manage cloud-based data processing,Data Engineer,57635c17,Data Analyst,1.3,2,12,DATA ANALYST,3 tahun 3 bulan,MIDDLE,39,67.5095967558,90.0,99.21875,6.039999292,1.0,71.43352597,71.43352597
Manage cloud-based data processing,Data Engineer,57ecf7ad,Data Analyst,1.0,2,27,MGT,5 tahun 1 bulan,-,61,3.4722222221,90.0,77.54010695,4.326516624,1.0,48.19519238,48.19519238
Manage cloud-based data processing,Data Engineer,5b749bf9,Data Engineer,3.45,3,101,DATA ENGINEER,2 tahun 3 bulan,BASIC,27,34.81372549,90.0,86.63101604,10.06283501,1.2,70.83787239,70.83787239
Manage cloud-based data processing,Data Engineer,5d16d190,Data Scientist,2.5,0,99,DATA SCIENTIST,3 tahun 1 bulan,JUNIOR,37,62.2739437442,90.0,97.74305556,28.26078997,1.0,73.16053928,73.16053928
Manage cloud-based data processing,Data Engineer,5dc773ce,Artificial Intelligence Engineer,3.35,0,35,DATA SCIENTIST,4 tahun 4 bulan,MIDDLE,52,72.0571603642,91.0,95.57291667,5.121161842,1.1,80.15052819,80.15052819
Manage cloud-based data processing,Data Engineer,6131e4d7,Data Engineer,4.9,1,38,DATA ENGINEER,2 tahun 3 bulan,MIDDLE,27,58.5518732492,93.5,99.30555556,10.46636816,1.2,85.46875202,85.46875202
Manage cloud-based data processing,Data Engineer,64S57577,Data Scientist,3.7,1,40,DATA SCIENTIST,3 tahun 9 bulan,MIDDLE,45,73.6180643087,84.5,89.32291667,3.982774045,1.0,69.5311892,69.5311892
Manage cloud-based data processing,Data Engineer,65054asd,Data Analyst,1.75,2,10,DATA ANALYST,3 tahun 4 bulan,JUNIOR,40,70.5590744629,99.0,0.0,4.917061944,1.0,73.99273476,73.99273476
Manage cloud-based data processing,Data Engineer,66d21701,Data Analyst,3.0,0,33,DATA ANALYST,4 tahun 3 bulan,JUNIOR,51,63.8499212188,81.5,83.07291667,3.823402466,1.0,64.77440963,64.77440963
Manage cloud-based data processing,Data Engineer,6de6b041,Data Scientist,3.2,3,16,DATA SCIENTIST,4 tahun 0 bulan,MIDDLE,48,59.6452497667,90.0,100.0,7.186353322,1.1,76.3103827,76.3103827
Manage cloud-based data processing,Data Engineer,6e0778a1,Data Scientist,2.3,0,92,DATA SCIENTIST,3 tahun 1 bulan,JUNIOR,37,54.5927141687,70.0,97.91666667,4.665283496,1.0,57.55075558,57.55075558
Manage cloud-based data processing,Data Engineer,6fb8c1a0,Data Scientist,3.4,3,75,DATA SCIENTIST,3 tahun 0 bulan,BASIC,36,61.1916404063,98.0,0.0,3.823402466,1.0,70.34689224,70.34689224
Manage cloud-based data processing,Data Engineer,7176fcb0,Data Engineer,3.75,3,104,DATA ENGINEER,7 tahun 0 bulan,SENIOR,84,75.0633578433,80.0,33.82352941,7.122781583,1.2,79.20577781,79.20577781
Manage cloud-based data processing,Data Engineer,77571f19,Data Analyst,1.95,2,54,DATA ANALYST,3 tahun 1 bulan,JUNIOR,37,77.8103933242,100.0,100.0,5.536442394,1.0,79.32087607,79.32087607
Manage cloud-based data processing,Data Engineer,7L762383,Data Analyst,2.9,0,59,DATA ANALYST,1 tahun 10 bulan,MIDDLE,22,63.2588118579,88.5,94.96527778,2.554920958,1.0,68.65055253,68.65055253
Manage cloud-based data processing,Data Engineer,7b6d04c9,Data Analyst,3.0,3,2,DATA ANALYST,4 tahun 5 bulan,MIDDLE,53,73.2388159429,86.0,100.0,4.742239915,1.0,70.9884555,70.9884555
Manage cloud-based data processing,Data Engineer,7ba9df08,Data Analyst,3.05,0,25,DATA ANALYST,3 tahun 1 bulan,MIDDLE,37,56.631039916,92.5,96.35416667,0.0,1.2,82.079429,82.079429
Manage cloud-based data processing,Data Engineer,7d317bd2,Data Scientist,1.25,2,90,DATA ANALYST,4 tahun 4 bulan,JUNIOR,52,63.7458566762,86.5,86.37152778,3.794124597,1.0,67.4194445,67.4194445
Manage cloud-based data processing,Data Engineer,7dc30989,Data Scientist,2.95,1,73,DATA SCIENTIST,3 tahun 4 bulan,JUNIOR,40,92.1873832863,90.0,0.0,8.045322081,1.0,76.69106422,76.69106422
Manage cloud-based data processing,Data Engineer,7fe7bd2c,Data Scientist,2.3,0,65,DATA SCIENTIST,2 tahun 2 bulan,JUNIOR,26,39.5228291321,89.5,99.30555556,6.121971713,1.0,63.07245784,63.07245784
Manage cloud-based data processing,Data Engineer,8126543f,Data Scientist,2.2,0,85,DATA SCIENTIST,3 tahun 1 bulan,JUNIOR,37,63.1813433708,90.0,99.30555556,6.700326893,1.0,70.28096361,70.28096361
Manage cloud-based data processing,Data Engineer,8387045b,Data Scientist,3.7,1,69,DATA SCIENTIST,4 tahun 4 bulan,MIDDLE,52,85.768554505,94.0,98.61111111,53.90204421,1.2,99.0,99.0
Manage cloud-based data processing,Data Engineer,859bd42e,Data Scientist,2.7,0,95,DATA SCIENTIST,3 tahun 5 bulan,JUNIOR,41,91.9510387488,95.0,100.0,9.232623263,1.0,81.52852324,81.52852324
Manage cloud-based data processing,Data Engineer,85e8c8f1,Data Scientist,2.7,0,105,DATA SCIENTIST,2 tahun 9 bulan,JUNIOR,33,86.9119456117,93.0,100.0,3.409887033,1.1,86.02380765,86.02380765
Manage cloud-based data processing,Data Engineer,8K760816,Data Analyst,2.6,0,15,DATA ANALYST,2 tahun 8 bulan,MIDDLE,32,52.4918446546,98.5,100.0,3.455357726,1.0,70.91183125,70.91183125
Manage cloud-based data processing,Data Engineer,9ab9d681,Data Scientist,3.25,1,18,DATA SCIENTIST,3 tahun 0 bulan,MIDDLE,36,31.3339898458,92.0,100.0,52.63227356,1.0,68.97507879,68.97507879
Manage cloud-based data processing,Data Engineer,a016ffe0,Data Scientist,2.75,1,26,DATA SCIENTIST,3 tahun 1 bulan,MIDDLE,37,82.0345763308,64.0,34.49197861,6.239432544,1.2,71.75887324,71.75887324
Manage cloud-based data processing,Data Engineer,a20ce132,Data Analyst,4.15,1,22,DATA ANALYST,2 tahun 9 bulan,MIDDLE,33,84.2864145654,95.0,98.61111111,10.2440888,1.2,95.23244671,95.23244671
Manage cloud-based data processing,Data Engineer,a77b4e68,Data Scientist,1.9,2,80,MGT,2 tahun 5 bulan,-,29,80.6774626521,90.0,100.0,29.57650728,1.0,78.85832029,78.85832029
Manage cloud-based data processing,Data Engineer,a9fcd0c5,Data Analyst,2.0,2,23,DATA ANALYST,2 tahun 1 bulan,MIDDLE,25,86.9994864617,91.5,100.0,7.075545771,1.1,85.847875,85.847875
Manage cloud-based data processing,Data Engineer,ae73e946,Data Analyst,1.5,2,72,DATA SCIENTIST,3 tahun 5 bulan,JUNIOR,41,83.7572654062,85.0,97.91666667,10.90515878,1.0,74.34235311,74.34235311
Manage cloud-based data processing,Data Engineer,afb96c1d,Data Analyst,2.45,0,19,DATA ANALYST,2 tahun 8 bulan,JUNIOR,32,77.4700746967,84.5,100.0,6.630101873,1.0,71.7649257,71.7649257
Manage cloud-based data processing,Data Engineer,aff5a1f7,Data Engineer,4.6,3,96,DATA ENGINEER,2 tahun 7 bulan,JUNIOR,31,69.9306139125,90.0,98.61111111,7.174163182,1.2,86.72069722,86.72069722
Manage cloud-based data processing,Data Engineer,b0519d51,Data Scientist,2.25,0,43,DATA SCIENTIST,4 tahun 1 bulan,JUNIOR,49,66.8638392858,92.0,99.30555556,4.723839233,1.1,79.24054742,79.24054742
Manage cloud-based data processing,Data Engineer,b7ddf289,Artificial Intelligence Engineer,3.1,1,44,DATA SCIENTIST,1 tahun 2 bulan,JUNIOR,14,78.282819795,95.0,100.0,11.82325385,1.0,77.94660283,77.94660283
Manage cloud-based data processing,Data Engineer,be2d891b,Data Scientist,4.3,1,14,AI ENGINEER,2 tahun 3 bulan,JUNIOR,27,70.2197654063,95.0,0.0,0.33375087,1.3,92.33751534,92.33751534
Manage cloud-based data processing,Data Engineer,beb45f59,Data Analyst,1.95,2,68,DATA ANALYST,3 tahun 4 bulan,MIDDLE,40,86.1330823996,80.0,98.61111111,6.436879162,1.0,71.94756403,71.94756403
Manage cloud-based data processing,Data Engineer,c0b0190c,Data Analyst,4.3,1,17,DATA SCIENTIST,6 tahun 5 bulan,MIDDLE,77,29.2835988563,84.0,22.19251337,4.068139436,1.0,53.16264673,53.16264673
Manage cloud-based data processing,Data Engineer,c13b7f6c,Data Analyst,1.45,2,34,DATA ANALYST,3 tahun 1 bulan,MIDDLE,37,87.4991246496,90.0,100.0,12.60600857,1.0,78.2842696,78.2842696
Manage cloud-based data processing,Data Engineer,c4acf473,Data Analyst,3.0,3,107,DATA ANALYST,2 tahun 9 bulan,JUNIOR,33,79.9589169,86.5,93.31597222,0.0,1.0,72.02498398,72.02498398
Manage cloud-based data processing,Data Engineer,c5c364b3,Data Analyst,2.75,0,60,DATA ANALYST,1 tahun 1 bulan,JUNIOR,13,40.932846055,100.0,16.57754011,1.742317797,1.0,64.65542017,64.65542017
Manage cloud-based data processing,Data Engineer,c615b19e,Data Engineer,3.85,3,63,DATA SCIENTIST,4 tahun 4 bulan,JUNIOR,52,71.0338060221,88.0,96.52777778,3.953496176,1.0,70.97960925,70.97960925
Manage cloud-based data processing,Data Engineer,ccc8525a,Data Scientist,3.25,1,47,DATA SCIENTIST,1 tahun 0 bulan,BASIC,12,75.7084500467,90.0,0.0,0.0,1.0,70.11863666,70.11863666
Manage cloud-based data processing,Data Engineer,cdb6bf28,Artificial Intelligence Engineer,3.85,1,6,AI ENGINEER,7 tahun 1 bulan,MIDDLE,85,81.6822187204,91.0,0.0,3.667866596,1.3,95.09100733,95.09100733
Manage cloud-based data processing,Data Engineer,cf9338b5,Data Scientist,2.15,0,74,DATA SCIENTIST,1 tahun 0 bulan,BASIC,12,82.0043154762,90.0,35.29411765,3.321482848,1.0,72.67275856,72.67275856
Manage cloud-based data processing,Data Engineer,d08b974d,Data Analyst,2.35,0,86,DATA ANALYST,2 tahun 9 bulan,MIDDLE,33,58.8772058825,93.5,97.91666667,0.871158899,1.0,69.7799626,69.7799626
Manage cloud-based data processing,Data Engineer,d8c9672c,Data Analyst,4.1,1,82,DATA ANALYST,2 tahun 4 bulan,MIDDLE,28,73.7417775442,90.5,95.05208333,9.595209262,1.0,73.7469197,73.7469197
Manage cloud-based data processing,Data Engineer,ecc200ca,Data Engineer,3.75,3,56,DATA ENGINEER,1 tahun 9 bulan,MIDDLE,21,71.0850840338,89.0,99.30555556,5.758942974,1.2,86.333236,86.333236
Manage cloud-based data processing,Data Engineer,eed0f189,Data Analyst,3.2,3,45,DATA ANALYST,2 tahun 10 bulan,MIDDLE,34,69.240079365,96.0,70.49910873,48.01347408,1.0,79.53001534,79.53001534
Manage cloud-based data processing,Data Engineer,f007ee36,Artificial Intelligence Engineer,1.7,0,70,AI ENGINEER,2 tahun 0 bulan,MIDDLE,24,40.1500350142,90.0,99.30555556,2.332863117,1.3,81.80872206,81.80872206
Manage cloud-based data processing,Data Engineer,f2f08a05,Data Engineer,3.3,3,94,DATA ENGINEER,2 tahun 5 bulan,JUNIOR,29,59.4675711954,87.0,99.30555556,7.027424482,1.2,81.33092925,81.33092925
Manage cloud-based data processing,Data Engineer,f6f88029,Data Analyst,1.25,2,100,MGT,4 tahun 3 bulan,-,51,4.3391106446,90.0,78.20855615,6.010278684,1.0,48.76020407,48.76020407
Manage cloud-based data processing,Data Engineer,fbc7621c,Data Scientist,2.7,0,93,DATA SCIENTIST,8 tahun 6 bulan,MIDDLE,102,58.3732609713,75.0,100.0,12.17940809,1.0,62.37965806,62.37965806
Manage cloud-based data processing,Data Engineer,ff56a859,Data Scientist,2.6,0,97,DATA SCIENTIST,4 tahun 3 bulan,JUNIOR,51,71.9907037817,89.5,95.83333333,11.98196147,1.0,73.15820762,73.15820762
Optimize AI model inference,AI Engineer,006bac9a,Data Analyst,2.739130434782609,3,7,DATA ANALYST,2 tahun 5 bulan,JUNIOR,29,24.3446545288,90.0,100.0,10.68886874,1.0,59.64183706,59.64183706
Optimize AI model inference,AI Engineer,00c74be4,Data Scientist,2.3043478260869565,3,106,DATA SCIENTIST,5 tahun 10 bulan,MIDDLE,70,65.8296276846,90.0,70.58823529,2.714292537,1.0,67.48966658,67.48966658
Optimize AI model inference,AI Engineer,01c8c0ef,Data Scientist,3.1739130434782608,1,67,DATA SCIENTIST,2 tahun 2 bulan,SENIOR,26,77.0315563725,92.0,96.35416667,6.32783673,1.1,82.53917202,82.53917202
Optimize AI model inference,AI Engineer,01d1846b,Data Analyst,2.217391304347826,0,77,DATA ANALYST,4 tahun 3 bulan,JUNIOR,51,76.130287115,84.0,91.92708333,7.89858338,1.0,70.77981892,70.77981892
Optimize AI model inference,AI Engineer,03ad7f49,Data Scientist,1.6521739130434783,2,91,DATA SCIENTIST,3 tahun 4 bulan,JUNIOR,40,75.1958741829,90.0,0.0,4.519739335,1.0,70.74391915,70.74391915
Optimize AI model inference,AI Engineer,0514ff91,Data Scientist,2.0434782608695654,0,37,DATA SCIENTIST,3 tahun 4 bulan,MIDDLE,40,75.6379551821,90.0,100.0,11.44256681,1.0,74.661971,74.661971
Optimize AI model inference,AI Engineer,056cd3f9,Data Engineer,3.0434782608695654,3,48,DATA ENGINEER,7 tahun 7 bulan,SENIOR,91,80.4681314192,90.0,34.22459893,5.168397654,1.3,94.26532683,94.26532683
Optimize AI model inference,AI Engineer,05eed8dc,Data Engineer,2.652173913043478,3,49,DATA ENGINEER,2 tahun 5 bulan,MIDDLE,29,62.7957662233,95.0,99.21875,8.595362988,1.2,87.48866032,87.48866032
Optimize AI model inference,AI Engineer,106760ca,Data Engineer,4.3478260869565215,1,21,DATA ENGINEER,1 tahun 11 bulan,MIDDLE,23,71.4513888888,91.25,100.0,8.016044212,1.2,88.25251765,88.25251765
Optimize AI model inference,AI Engineer,123117c9,Data Analyst,1.3043478260869565,2,32,DATA ANALYST,4 tahun 2 bulan,MIDDLE,50,70.4449813258,95.0,100.0,3.648580437,1.0,74.43733436,74.43733436
Optimize AI model inference,AI Engineer,14d4dbd6,Data Analyst,1.391304347826087,2,108,DATA ANALYST,4 tahun 2 bulan,JUNIOR,50,79.6974498133,80.5,98.4375,3.111615146,1.0,69.81056917,69.81056917
Optimize AI model inference,AI Engineer,1551c5ff,Data Analyst,1.3043478260869565,2,66,DATA ANALYST,2 tahun 5 bulan,JUNIOR,29,79.0374358075,90.0,100.0,15.2788331,1.0,76.22782609,76.22782609
Optimize AI model inference,AI Engineer,1667415a,Data Analyst,2.4347826086956523,0,50,DATA ANALYST,4 tahun 1 bulan,JUNIOR,49,73.4773576096,90.0,100.0,10.26693491,1.0,73.85696587,73.85696587
Optimize AI model inference,AI Engineer,1672e04a,Data Analyst,2.5652173913043477,3,41,DATA ANALYST,4 tahun 3 bulan,JUNIOR,51,69.8277310925,86.0,100.0,7.456011595,1.0,70.40596081,70.40596081
Optimize AI model inference,AI Engineer,17466c54,Data Analyst,1.608695652173913,2,11,DATA ANALYST,3 tahun 1 bulan,JUNIOR,37,49.8728816529,90.0,100.0,7.676082801,1.0,66.60685575,66.60685575
Optimize AI model inference,AI Engineer,1893af41,Data Analyst,1.608695652173913,2,103,DATA SCIENTIST,1 tahun 1 bulan,JUNIOR,13,37.5269607842,98.0,29.01069519,0.0,1.0,62.25313576,62.25313576
Optimize AI model inference,AI Engineer,1dbecdbe,Data Scientist,2.4347826086956523,0,4,DATA SCIENTIST,2 tahun 3 bulan,JUNIOR,27,85.3527602713,90.0,99.30555556,6.414697312,1.0,76.68127695,76.68127695
Optimize AI model inference,AI Engineer,29e9efd9,Data Engineer,2.6956521739130435,3,61,DATA ENGINEER,3 tahun 1 bulan,MIDDLE,37,72.8804563492,94.0,99.30555556,9.72908414,1.2,90.62742563,90.62742563
Optimize AI model inference,AI Engineer,2d801262,Data Analyst,2.4782608695652173,0,9,DATA ANALYST,2 tahun 10 bulan,MIDDLE,34,80.3460259104,90.0,95.74652778,10.27336667,1.1,83.12594823,83.12594823
Optimize AI model inference,AI Engineer,31e8a51f,Data Scientist,2.347826086956522,0,98,DATA SCIENTIST,2 tahun 9 bulan,JUNIOR,33,52.8933765175,90.0,65.10695187,6.407601293,1.0,64.07121964,64.07121964
Optimize AI model inference,AI Engineer,3350383a,Artificial Intelligence Engineer,4.478260869565218,1,30,AI ENGINEER,3 tahun 9 bulan,MIDDLE,45,54.1797239725,95.5,96.44097222,11.49637749,1.3,92.17002068,92.17002068
Optimize AI model inference,AI Engineer,365fc87a,Data Analyst,2.1739130434782608,0,110,DATA ANALYST,2 tahun 5 bulan,BASIC,29,80.8585434175,90.0,8.155080214,6.607477284,1.0,72.88466719,72.88466719
Optimize AI model inference,AI Engineer,36cf70f2,Artificial Intelligence Engineer,3.347826086956522,1,58,AI ENGINEER,2 tahun 5 bulan,MIDDLE,29,43.5532358775,89.5,100.0,11.83988942,1.3,84.69716654,84.69716654
Optimize AI model inference,AI Engineer,3951d86b,Data Scientist,3.782608695652174,1,78,DATA SCIENTIST,3 tahun 1 bulan,JUNIOR,37,55.4426062092,95.0,100.0,4.279280813,1.0,70.17243405,70.17243405
Optimize AI model inference,AI Engineer,39c4596a,Data Scientist,2.3043478260869565,0,42,DATA SCIENTIST,3 tahun 5 bulan,JUNIOR,41,60.7098506071,80.0,97.91666667,4.694561364,1.0,64.25018915,64.25018915
Optimize AI model inference,AI Engineer,3cac7e99,Data Scientist,2.130434782608696,0,88,DATA SCIENTIST,10 tahun 2 bulan,SENIOR,122,88.3660831,98.0,34.22459893,51.7318368,1.0,87.21080158,87.21080158
Optimize AI model inference,AI Engineer,42e7a026,Data Analyst,2.3043478260869565,0,64,DATA ANALYST,2 tahun 6 bulan,JUNIOR,30,73.5210696779,89.0,99.21875,4.472503523,1.0,72.45268383,72.45268383
Optimize AI model inference,AI Engineer,46fd6e1c,Data Analyst,2.0,2,5,DATA SCIENTIST,1 tahun 2 bulan,JUNIOR,14,67.4580357142,90.0,100.0,11.7055718,1.0,72.32438573,72.32438573
Optimize AI model inference,AI Engineer,47d42365,Data Engineer,3.0434782608695654,3,53,DATA ENGINEER,4 tahun 4 bulan,JUNIOR,52,71.9768703312,91.5,97.82986111,3.794124597,1.2,87.64556985,87.64556985
Optimize AI model inference,AI Engineer,4cba2f2d,Artificial Intelligence Engineer,2.4347826086956523,0,36,AI ENGINEER,1 tahun 7 bulan,JUNIOR,19,66.0502450979,95.0,100.0,5.817498712,1.2,84.80862745,84.80862745
Optimize AI model inference,AI Engineer,4d57b04b,Data Scientist,2.608695652173913,0,20,DATA SCIENTIST,3 tahun 11 bulan,MIDDLE,47,60.9976657327,96.5,91.31944444,1.268481508,1.1,78.63807432,78.63807432
Optimize AI model inference,AI Engineer,516J6855,Data Scientist,1.9130434782608696,0,46,DATA SCIENTIST,2 tahun 5 bulan,JUNIOR,29,54.7360673438,80.0,96.96180556,11.10881594,1.0,63.41641108,63.41641108
Optimize AI model inference,AI Engineer,528f3560,Data Analyst,1.0434782608695652,2,55,DATA SCIENTIST,7 tahun 0 bulan,SENIOR,84,32.3536327033,90.0,94.11764706,44.61622935,1.0,64.269703,64.269703
Optimize AI model inference,AI Engineer,528f3560,Data Analyst,1.0434782608695652,2,55,DATA SCIENTIST,7 tahun 0 bulan,SENIOR,84,32.3536327033,90.0,94.11764706,44.61622935,1.0,64.269703,64.269703
Optimize AI model inference,AI Engineer,5312eea4,Data Analyst,2.5217391304347827,3,84,DATA ANALYST,2 tahun 2 bulan,MIDDLE,26,49.7969187675,86.0,92.79513889,46.9198146,1.0,70.0469465,70.0469465
Optimize AI model inference,AI Engineer,544a3d1a,Data Scientist,2.391304347826087,0,62,DATA SCIENTIST,4 tahun 2 bulan,MIDDLE,50,59.509354575,90.5,100.0,7.234474611,1.0,69.58669591,69.58669591
Optimize AI model inference,AI Engineer,54b0fc4f,Data Analyst,2.8260869565217392,1,89,DATA ANALYST,2 tahun 2 bulan,MIDDLE,26,71.3084967321,88.5,98.61111111,6.180876807,1.0,71.78045298,71.78045298
Optimize AI model inference,AI Engineer,557e30ab,Data Analyst,1.434782608695652,2,29,DATA ANALYST,3 tahun 5 bulan,MIDDLE,41,53.7861081933,85.0,100.0,4.549017204,1.0,64.81437318,64.81437318
Optimize AI model inference,AI Engineer,55b2e646,Data Scientist,3.217391304347826,1,57,AI ENGINEER,3 tahun 0 bulan,JUNIOR,36,50.15589986,90.0,100.0,0.871158899,1.3,85.36316737,85.36316737
Optimize AI model inference,AI Engineer,57635c17,Data Analyst,1.2608695652173914,2,12,DATA ANALYST,3 tahun 3 bulan,MIDDLE,39,67.5095967558,90.0,99.21875,6.039999292,1.0,71.43352597,71.43352597
Optimize AI model inference,AI Engineer,57ecf7ad,Data Analyst,1.0,2,27,MGT,5 tahun 1 bulan,-,61,3.4722222221,90.0,77.54010695,4.326516624,1.0,48.19519238,48.19519238
Optimize AI model inference,AI Engineer,5b749bf9,Data Engineer,2.0,3,101,DATA ENGINEER,2 tahun 3 bulan,BASIC,27,34.81372549,90.0,86.63101604,10.06283501,1.2,70.83787239,70.83787239
Optimize AI model inference,AI Engineer,5d16d190,Data Scientist,2.739130434782609,0,99,DATA SCIENTIST,3 tahun 1 bulan,JUNIOR,37,62.2739437442,90.0,97.74305556,28.26078997,1.0,73.16053928,73.16053928
Optimize AI model inference,AI Engineer,5dc773ce,Artificial Intelligence Engineer,2.652173913043478,0,35,DATA SCIENTIST,4 tahun 4 bulan,MIDDLE,52,72.0571603642,91.0,95.57291667,5.121161842,1.1,80.15052819,80.15052819
Optimize AI model inference,AI Engineer,6131e4d7,Data Engineer,3.5652173913043477,1,38,DATA ENGINEER,2 tahun 3 bulan,MIDDLE,27,58.5518732492,93.5,99.30555556,10.46636816,1.2,85.46875202,85.46875202
Optimize AI model inference,AI Engineer,64S57577,Data Scientist,3.9130434782608696,1,40,DATA SCIENTIST,3 tahun 9 bulan,MIDDLE,45,73.6180643087,84.5,89.32291667,3.982774045,1.0,69.5311892,69.5311892
Optimize AI model inference,AI Engineer,65054asd,Data Analyst,1.565217391304348,2,10,DATA ANALYST,3 tahun 4 bulan,JUNIOR,40,70.5590744629,99.0,0.0,4.917061944,1.0,73.99273476,73.99273476
Optimize AI model inference,AI Engineer,66d21701,Data Analyst,2.608695652173913,0,33,DATA ANALYST,4 tahun 3 bulan,JUNIOR,51,63.8499212188,81.5,83.07291667,3.823402466,1.0,64.77440963,64.77440963
Optimize AI model inference,AI Engineer,6de6b041,Data Scientist,2.6956521739130435,3,16,DATA SCIENTIST,4 tahun 0 bulan,MIDDLE,48,59.6452497667,90.0,100.0,7.186353322,1.1,76.3103827,76.3103827
Optimize AI model inference,AI Engineer,6e0778a1,Data Scientist,2.5217391304347827,0,92,DATA SCIENTIST,3 tahun 1 bulan,JUNIOR,37,54.5927141687,70.0,97.91666667,4.665283496,1.0,57.55075558,57.55075558
Optimize AI model inference,AI Engineer,6fb8c1a0,Data Scientist,2.3043478260869565,3,75,DATA SCIENTIST,3 tahun 0 bulan,BASIC,36,61.1916404063,98.0,0.0,3.823402466,1.0,70.34689224,70.34689224
Optimize AI model inference,AI Engineer,7176fcb0,Data Engineer,2.130434782608696,3,104,DATA ENGINEER,7 tahun 0 bulan,SENIOR,84,75.0633578433,80.0,33.82352941,7.122781583,1.2,79.20577781,79.20577781
Optimize AI model inference,AI Engineer,77571f19,Data Analyst,1.2608695652173914,2,54,DATA ANALYST,3 tahun 1 bulan,JUNIOR,37,77.8103933242,100.0,100.0,5.536442394,1.0,79.32087607,79.32087607
Optimize AI model inference,AI Engineer,7L762383,Data Analyst,2.739130434782609,0,59,DATA ANALYST,1 tahun 10 bulan,MIDDLE,22,63.2588118579,88.5,94.96527778,2.554920958,1.0,68.65055253,68.65055253
Optimize AI model inference,AI Engineer,7b6d04c9,Data Analyst,2.391304347826087,3,2,DATA ANALYST,4 tahun 5 bulan,MIDDLE,53,73.2388159429,86.0,100.0,4.742239915,1.0,70.9884555,70.9884555
Optimize AI model inference,AI Engineer,7ba9df08,Data Analyst,2.347826086956522,0,25,DATA ANALYST,3 tahun 1 bulan,MIDDLE,37,56.631039916,92.5,96.35416667,0.0,1.2,82.079429,82.079429
Optimize AI model inference,AI Engineer,7d317bd2,Data Scientist,1.2173913043478262,2,90,DATA ANALYST,4 tahun 4 bulan,JUNIOR,52,63.7458566762,86.5,86.37152778,3.794124597,1.0,67.4194445,67.4194445
Optimize AI model inference,AI Engineer,7dc30989,Data Scientist,3.3043478260869565,1,73,DATA SCIENTIST,3 tahun 4 bulan,JUNIOR,40,92.1873832863,90.0,0.0,8.045322081,1.0,76.69106422,76.69106422
Optimize AI model inference,AI Engineer,7fe7bd2c,Data Scientist,2.6956521739130435,0,65,DATA SCIENTIST,2 tahun 2 bulan,JUNIOR,26,39.5228291321,89.5,99.30555556,6.121971713,1.0,63.07245784,63.07245784
Optimize AI model inference,AI Engineer,8126543f,Data Scientist,2.1739130434782608,0,85,DATA SCIENTIST,3 tahun 1 bulan,JUNIOR,37,63.1813433708,90.0,99.30555556,6.700326893,1.0,70.28096361,70.28096361
Optimize AI model inference,AI Engineer,8387045b,Data Scientist,3.6956521739130435,1,69,DATA SCIENTIST,4 tahun 4 bulan,MIDDLE,52,85.768554505,94.0,98.61111111,53.90204421,1.2,99.0,99.0
Optimize AI model inference,AI Engineer,859bd42e,Data Scientist,2.8260869565217392,0,95,DATA SCIENTIST,3 tahun 5 bulan,JUNIOR,41,91.9510387488,95.0,100.0,9.232623263,1.0,81.52852324,81.52852324
Optimize AI model inference,AI Engineer,85e8c8f1,Data Scientist,2.4782608695652173,0,105,DATA SCIENTIST,2 tahun 9 bulan,JUNIOR,33,86.9119456117,93.0,100.0,3.409887033,1.1,86.02380765,86.02380765
Optimize AI model inference,AI Engineer,8K760816,Data Analyst,1.8695652173913044,0,15,DATA ANALYST,2 tahun 8 bulan,MIDDLE,32,52.4918446546,98.5,100.0,3.455357726,1.0,70.91183125,70.91183125
Optimize AI model inference,AI Engineer,9ab9d681,Data Scientist,3.608695652173913,1,18,DATA SCIENTIST,3 tahun 0 bulan,MIDDLE,36,31.3339898458,92.0,100.0,52.63227356,1.0,68.97507879,68.97507879
Optimize AI model inference,AI Engineer,a016ffe0,Data Scientist,3.130434782608696,1,26,DATA SCIENTIST,3 tahun 1 bulan,MIDDLE,37,82.0345763308,64.0,34.49197861,6.239432544,1.2,71.75887324,71.75887324
Optimize AI model inference,AI Engineer,a20ce132,Data Analyst,3.739130434782609,1,22,DATA ANALYST,2 tahun 9 bulan,MIDDLE,33,84.2864145654,95.0,98.61111111,10.2440888,1.2,95.23244671,95.23244671
Optimize AI model inference,AI Engineer,a77b4e68,Data Scientist,1.4782608695652173,2,80,MGT,2 tahun 5 bulan,-,29,80.6774626521,90.0,100.0,29.57650728,1.0,78.85832029,78.85832029
Optimize AI model inference,AI Engineer,a9fcd0c5,Data Analyst,1.391304347826087,2,23,DATA ANALYST,2 tahun 1 bulan,MIDDLE,25,86.9994864617,91.5,100.0,7.075545771,1.1,85.847875,85.847875
Optimize AI model inference,AI Engineer,ae73e946,Data Analyst,1.3043478260869565,2,72,DATA SCIENTIST,3 tahun 5 bulan,JUNIOR,41,83.7572654062,85.0,97.91666667,10.90515878,1.0,74.34235311,74.34235311
Optimize AI model inference,AI Engineer,afb96c1d,Data Analyst,2.347826086956522,0,19,DATA ANALYST,2 tahun 8 bulan,JUNIOR,32,77.4700746967,84.5,100.0,6.630101873,1.0,71.7649257,71.7649257
Optimize AI model inference,AI Engineer,aff5a1f7,Data Engineer,3.0434782608695654,3,96,DATA ENGINEER,2 tahun 7 bulan,JUNIOR,31,69.9306139125,90.0,98.61111111,7.174163182,1.2,86.72069722,86.72069722
Optimize AI model inference,AI Engineer,b0519d51,Data Scientist,2.260869565217391,0,43,DATA SCIENTIST,4 tahun 1 bulan,JUNIOR,49,66.8638392858,92.0,99.30555556,4.723839233,1.1,79.24054742,79.24054742
Optimize AI model inference,AI Engineer,b7ddf289,Artificial Intelligence Engineer,2.9565217391304346,1,44,DATA SCIENTIST,1 tahun 2 bulan,JUNIOR,14,78.282819795,95.0,100.0,11.82325385,1.0,77.94660283,77.94660283
Optimize AI model inference,AI Engineer,be2d891b,Data Scientist,3.739130434782609,1,14,AI ENGINEER,2 tahun 3 bulan,JUNIOR,27,70.2197654063,95.0,0.0,0.33375087,1.3,92.33751534,92.33751534
Optimize AI model inference,AI Engineer,beb45f59,Data Analyst,1.1304347826086956,2,68,DATA ANALYST,3 tahun 4 bulan,MIDDLE,40,86.1330823996,80.0,98.61111111,6.436879162,1.0,71.94756403,71.94756403
Optimize AI model inference,AI Engineer,c0b0190c,Data Analyst,3.739130434782609,1,17,DATA SCIENTIST,6 tahun 5 bulan,MIDDLE,77,29.2835988563,84.0,22.19251337,4.068139436,1.0,53.16264673,53.16264673
Optimize AI model inference,AI Engineer,c13b7f6c,Data Analyst,1.391304347826087,2,34,DATA ANALYST,3 tahun 1 bulan,MIDDLE,37,87.4991246496,90.0,100.0,12.60600857,1.0,78.2842696,78.2842696
Optimize AI model inference,AI Engineer,c4acf473,Data Analyst,1.826086956521739,3,107,DATA ANALYST,2 tahun 9 bulan,JUNIOR,33,79.9589169,86.5,93.31597222,0.0,1.0,72.02498398,72.02498398
Optimize AI model inference,AI Engineer,c5c364b3,Data Analyst,2.1739130434782608,0,60,DATA ANALYST,1 tahun 1 bulan,JUNIOR,13,40.932846055,100.0,16.57754011,1.742317797,1.0,64.65542017,64.65542017
Optimize AI model inference,AI Engineer,c615b19e,Data Engineer,2.8260869565217392,3,63,DATA SCIENTIST,4 tahun 4 bulan,JUNIOR,52,71.0338060221,88.0,96.52777778,3.953496176,1.0,70.97960925,70.97960925
Optimize AI model inference,AI Engineer,ccc8525a,Data Scientist,3.391304347826087,1,47,DATA SCIENTIST,1 tahun 0 bulan,BASIC,12,75.7084500467,90.0,0.0,0.0,1.0,70.11863666,70.11863666
Optimize AI model inference,AI Engineer,cdb6bf28,Artificial Intelligence Engineer,4.260869565217392,1,6,AI ENGINEER,7 tahun 1 bulan,MIDDLE,85,81.6822187204,91.0,0.0,3.667866596,1.3,95.09100733,95.09100733
Optimize AI model inference,AI Engineer,cf9338b5,Data Scientist,2.391304347826087,0,74,DATA SCIENTIST,1 tahun 0 bulan,BASIC,12,82.0043154762,90.0,35.29411765,3.321482848,1.0,72.67275856,72.67275856
Optimize AI model inference,AI Engineer,d08b974d,Data Analyst,1.826086956521739,0,86,DATA ANALYST,2 tahun 9 bulan,MIDDLE,33,58.8772058825,93.5,97.91666667,0.871158899,1.0,69.7799626,69.7799626
Optimize AI model inference,AI Engineer,d8c9672c,Data Analyst,3.5217391304347827,1,82,DATA ANALYST,2 tahun 4 bulan,MIDDLE,28,73.7417775442,90.5,95.05208333,9.595209262,1.0,73.7469197,73.7469197
Optimize AI model inference,AI Engineer,ecc200ca,Data Engineer,2.4347826086956523,3,56,DATA ENGINEER,1 tahun 9 bulan,MIDDLE,21,71.0850840338,89.0,99.30555556,5.758942974,1.2,86.333236,86.333236
Optimize AI model inference,AI Engineer,eed0f189,Data Analyst,2.347826086956522,3,45,DATA ANALYST,2 tahun 10 bulan,MIDDLE,34,69.240079365,96.0,70.49910873,48.01347408,1.0,79.53001534,79.53001534
Optimize AI model inference,AI Engineer,f007ee36,Artificial Intelligence Engineer,2.260869565217391,0,70,AI ENGINEER,2 tahun 0 bulan,MIDDLE,24,40.1500350142,90.0,99.30555556,2.332863117,1.3,81.80872206,81.80872206
Optimize AI model inference,AI Engineer,f2f08a05,Data Engineer,1.6956521739130435,3,94,DATA ENGINEER,2 tahun 5 bulan,JUNIOR,29,59.4675711954,87.0,99.30555556,7.027424482,1.2,81.33092925,81.33092925
Optimize AI model inference,AI Engineer,f6f88029,Data Analyst,1.173913043478261,2,100,MGT,4 tahun 3 bulan,-,51,4.3391106446,90.0,78.20855615,6.010278684,1.0,48.76020407,48.76020407
Optimize AI model inference,AI Engineer,fbc7621c,Data Scientist,2.1739130434782608,0,93,DATA SCIENTIST,8 tahun 6 bulan,MIDDLE,102,58.3732609713,75.0,100.0,12.17940809,1.0,62.37965806,62.37965806
Optimize AI model inference,AI Engineer,ff56a859,Data Scientist,2.869565217391304,0,97,DATA SCIENTIST,4 tahun 3 bulan,JUNIOR,51,71.9907037817,89.5,95.83333333,11.98196147,1.0,73.15820762,73.15820762
Optimize business processes with AI,Data Scientist,006bac9a,Data Analyst,3.0555555555555554,3,7,DATA ANALYST,2 tahun 5 bulan,JUNIOR,29,24.3446545288,90.0,100.0,10.68886874,1.0,59.64183706,59.64183706
Optimize business processes with AI,Data Scientist,00c74be4,Data Scientist,2.3333333333333335,3,106,DATA SCIENTIST,5 tahun 10 bulan,MIDDLE,70,65.8296276846,90.0,70.58823529,2.714292537,1.0,67.48966658,67.48966658
Optimize business processes with AI,Data Scientist,01c8c0ef,Data Scientist,3.7222222222222223,1,67,DATA SCIENTIST,2 tahun 2 bulan,SENIOR,26,77.0315563725,92.0,96.35416667,6.32783673,1.1,82.53917202,82.53917202
Optimize business processes with AI,Data Scientist,01d1846b,Data Analyst,2.888888888888889,0,77,DATA ANALYST,4 tahun 3 bulan,JUNIOR,51,76.130287115,84.0,91.92708333,7.89858338,1.0,70.77981892,70.77981892
Optimize business processes with AI,Data Scientist,03ad7f49,Data Scientist,2.4444444444444446,2,91,DATA SCIENTIST,3 tahun 4 bulan,JUNIOR,40,75.1958741829,90.0,0.0,4.519739335,1.0,70.74391915,70.74391915
Optimize business processes with AI,Data Scientist,0514ff91,Data Scientist,2.9444444444444446,0,37,DATA SCIENTIST,3 tahun 4 bulan,MIDDLE,40,75.6379551821,90.0,100.0,11.44256681,1.0,74.661971,74.661971
Optimize business processes with AI,Data Scientist,056cd3f9,Data Engineer,3.4444444444444446,3,48,DATA ENGINEER,7 tahun 7 bulan,SENIOR,91,80.4681314192,90.0,34.22459893,5.168397654,1.3,94.26532683,94.26532683
Optimize business processes with AI,Data Scientist,05eed8dc,Data Engineer,2.5,3,49,DATA ENGINEER,2 tahun 5 bulan,MIDDLE,29,62.7957662233,95.0,99.21875,8.595362988,1.2,87.48866032,87.48866032
Optimize business processes with AI,Data Scientist,106760ca,Data Engineer,4.722222222222222,1,21,DATA ENGINEER,1 tahun 11 bulan,MIDDLE,23,71.4513888888,91.25,100.0,8.016044212,1.2,88.25251765,88.25251765
Optimize business processes with AI,Data Scientist,123117c9,Data Analyst,2.0,2,32,DATA ANALYST,4 tahun 2 bulan,MIDDLE,50,70.4449813258,95.0,100.0,3.648580437,1.0,74.43733436,74.43733436
Optimize business processes with AI,Data Scientist,14d4dbd6,Data Analyst,1.3333333333333333,2,108,DATA ANALYST,4 tahun 2 bulan,JUNIOR,50,79.6974498133,80.5,98.4375,3.111615146,1.0,69.81056917,69.81056917
Optimize business processes with AI,Data Scientist,1551c5ff,Data Analyst,2.0,2,66,DATA ANALYST,2 tahun 5 bulan,JUNIOR,29,79.0374358075,90.0,100.0,15.2788331,1.0,76.22782609,76.22782609
Optimize business processes with AI,Data Scientist,1667415a,Data Analyst,3.0,0,50,DATA ANALYST,4 tahun 1 bulan,JUNIOR,49,73.4773576096,90.0,100.0,10.26693491,1.0,73.85696587,73.85696587
Optimize business processes with AI,Data Scientist,1672e04a,Data Analyst,3.3333333333333335,3,41,DATA ANALYST,4 tahun 3 bulan,JUNIOR,51,69.8277310925,86.0,100.0,7.456011595,1.0,70.40596081,70.40596081
Optimize business processes with AI,Data Scientist,17466c54,Data Analyst,2.3333333333333335,2,11,DATA ANALYST,3 tahun 1 bulan,JUNIOR,37,49.8728816529,90.0,100.0,7.676082801,1.0,66.60685575,66.60685575
Optimize business processes with AI,Data Scientist,1893af41,Data Analyst,2.2777777777777777,2,103,DATA SCIENTIST,1 tahun 1 bulan,JUNIOR,13,37.5269607842,98.0,29.01069519,0.0,1.0,62.25313576,62.25313576
Optimize business processes with AI,Data Scientist,1dbecdbe,Data Scientist,2.5,0,4,DATA SCIENTIST,2 tahun 3 bulan,JUNIOR,27,85.3527602713,90.0,99.30555556,6.414697312,1.0,76.68127695,76.68127695
Optimize business processes with AI,Data Scientist,29e9efd9,Data Engineer,2.9444444444444446,3,61,DATA ENGINEER,3 tahun 1 bulan,MIDDLE,37,72.8804563492,94.0,99.30555556,9.72908414,1.2,90.62742563,90.62742563
Optimize business processes with AI,Data Scientist,2d801262,Data Analyst,3.0555555555555554,0,9,DATA ANALYST,2 tahun 10 bulan,MIDDLE,34,80.3460259104,90.0,95.74652778,10.27336667,1.1,83.12594823,83.12594823
Optimize business processes with AI,Data Scientist,31e8a51f,Data Scientist,2.4444444444444446,0,98,DATA SCIENTIST,2 tahun 9 bulan,JUNIOR,33,52.8933765175,90.0,65.10695187,6.407601293,1.0,64.07121964,64.07121964
Optimize business processes with AI,Data Scientist,3350383a,Artificial Intelligence Engineer,4.5,1,30,AI ENGINEER,3 tahun 9 bulan,MIDDLE,45,54.1797239725,95.5,96.44097222,11.49637749,1.3,92.17002068,92.17002068
Optimize business processes with AI,Data Scientist,365fc87a,Data Analyst,2.611111111111111,0,110,DATA ANALYST,2 tahun 5 bulan,BASIC,29,80.8585434175,90.0,8.155080214,6.607477284,1.0,72.88466719,72.88466719
Optimize business processes with AI,Data Scientist,36cf70f2,Artificial Intelligence Engineer,3.3333333333333335,1,58,AI ENGINEER,2 tahun 5 bulan,MIDDLE,29,43.5532358775,89.5,100.0,11.83988942,1.3,84.69716654,84.69716654
Optimize business processes with AI,Data Scientist,3951d86b,Data Scientist,4.222222222222222,1,78,DATA SCIENTIST,3 tahun 1 bulan,JUNIOR,37,55.4426062092,95.0,100.0,4.279280813,1.0,70.17243405,70.17243405
Optimize business processes with AI,Data Scientist,39c4596a,Data Scientist,3.0555555555555554,0,42,DATA SCIENTIST,3 tahun 5 bulan,JUNIOR,41,60.7098506071,80.0,97.91666667,4.694561364,1.0,64.25018915,64.25018915
Optimize business processes with AI,Data Scientist,3cac7e99,Data Scientist,3.0555555555555554,0,88,DATA SCIENTIST,10 tahun 2 bulan,SENIOR,122,88.3660831,98.0,34.22459893,51.7318368,1.0,87.21080158,87.21080158
Optimize business processes with AI,Data Scientist,42e7a026,Data Analyst,3.1666666666666665,0,64,DATA ANALYST,2 tahun 6 bulan,JUNIOR,30,73.5210696779,89.0,99.21875,4.472503523,1.0,72.45268383,72.45268383
Optimize business processes with AI,Data Scientist,46fd6e1c,Data Analyst,2.2777777777777777,2,5,DATA SCIENTIST,1 tahun 2 bulan,JUNIOR,14,67.4580357142,90.0,100.0,11.7055718,1.0,72.32438573,72.32438573
Optimize business processes with AI,Data Scientist,47d42365,Data Engineer,3.5,3,53,DATA ENGINEER,4 tahun 4 bulan,JUNIOR,52,71.9768703312,91.5,97.82986111,3.794124597,1.2,87.64556985,87.64556985
Optimize business processes with AI,Data Scientist,4cba2f2d,Artificial Intelligence Engineer,2.4444444444444446,0,36,AI ENGINEER,1 tahun 7 bulan,JUNIOR,19,66.0502450979,95.0,100.0,5.817498712,1.2,84.80862745,84.80862745
Optimize business processes with AI,Data Scientist,4d57b04b,Data Scientist,2.7777777777777777,0,20,DATA SCIENTIST,3 tahun 11 bulan,MIDDLE,47,60.9976657327,96.5,91.31944444,1.268481508,1.1,78.63807432,78.63807432
Optimize business processes with AI,Data Scientist,516J6855,Data Scientist,2.7222222222222223,0,46,DATA SCIENTIST,2 tahun 5 bulan,JUNIOR,29,54.7360673438,80.0,96.96180556,11.10881594,1.0,63.41641108,63.41641108
Optimize business processes with AI,Data Scientist,528f3560,Data Analyst,1.6111111111111112,2,55,DATA SCIENTIST,7 tahun 0 bulan,SENIOR,84,32.3536327033,90.0,94.11764706,44.61622935,1.0,64.269703,64.269703
Optimize business processes with AI,Data Scientist,528f3560,Data Analyst,1.6111111111111112,2,55,DATA SCIENTIST,7 tahun 0 bulan,SENIOR,84,32.3536327033,90.0,94.11764706,44.61622935,1.0,64.269703,64.269703
Optimize business processes with AI,Data Scientist,5312eea4,Data Analyst,2.6666666666666665,3,84,DATA ANALYST,2 tahun 2 bulan,MIDDLE,26,49.7969187675,86.0,92.79513889,46.9198146,1.0,70.0469465,70.0469465
Optimize business processes with AI,Data Scientist,544a3d1a,Data Scientist,2.7777777777777777,0,62,DATA SCIENTIST,4 tahun 2 bulan,MIDDLE,50,59.509354575,90.5,100.0,7.234474611,1.0,69.58669591,69.58669591
Optimize business processes with AI,Data Scientist,54b0fc4f,Data Analyst,3.2777777777777777,1,89,DATA ANALYST,2 tahun 2 bulan,MIDDLE,26,71.3084967321,88.5,98.61111111,6.180876807,1.0,71.78045298,71.78045298
Optimize business processes with AI,Data Scientist,557e30ab,Data Analyst,2.0,2,29,DATA ANALYST,3 tahun 5 bulan,MIDDLE,41,53.7861081933,85.0,100.0,4.549017204,1.0,64.81437318,64.81437318
Optimize business processes with AI,Data Scientist,55b2e646,Data Scientist,3.0,1,57,AI ENGINEER,3 tahun 0 bulan,JUNIOR,36,50.15589986,90.0,100.0,0.871158899,1.3,85.36316737,85.36316737
Optimize business processes with AI,Data Scientist,57635c17,Data Analyst,1.7222222222222223,2,12,DATA ANALYST,3 tahun 3 bulan,MIDDLE,39,67.5095967558,90.0,99.21875,6.039999292,1.0,71.43352597,71.43352597
Optimize business processes with AI,Data Scientist,57ecf7ad,Data Analyst,1.0,2,27,MGT,5 tahun 1 bulan,-,61,3.4722222221,90.0,77.54010695,4.326516624,1.0,48.19519238,48.19519238
Optimize business processes with AI,Data Scientist,5b749bf9,Data Engineer,2.5,3,101,DATA ENGINEER,2 tahun 3 bulan,BASIC,27,34.81372549,90.0,86.63101604,10.06283501,1.2,70.83787239,70.83787239
Optimize business processes with AI,Data Scientist,5d16d190,Data Scientist,3.0555555555555554,0,99,DATA SCIENTIST,3 tahun 1 bulan,JUNIOR,37,62.2739437442,90.0,97.74305556,28.26078997,1.0,73.16053928,73.16053928
Optimize business processes with AI,Data Scientist,5dc773ce,Artificial Intelligence Engineer,3.2222222222222223,0,35,DATA SCIENTIST,4 tahun 4 bulan,MIDDLE,52,72.0571603642,91.0,95.57291667,5.121161842,1.1,80.15052819,80.15052819
Optimize business processes with AI,Data Scientist,6131e4d7,Data Engineer,4.111111111111111,1,38,DATA ENGINEER,2 tahun 3 bulan,MIDDLE,27,58.5518732492,93.5,99.30555556,10.46636816,1.2,85.46875202,85.46875202
Optimize business processes with AI,Data Scientist,64S57577,Data Scientist,4.277777777777778,1,40,DATA SCIENTIST,3 tahun 9 bulan,MIDDLE,45,73.6180643087,84.5,89.32291667,3.982774045,1.0,69.5311892,69.5311892
Optimize business processes with AI,Data Scientist,65054asd,Data Analyst,2.0,2,10,DATA ANALYST,3 tahun 4 bulan,JUNIOR,40,70.5590744629,99.0,0.0,4.917061944,1.0,73.99273476,73.99273476
Optimize business processes with AI,Data Scientist,66d21701,Data Analyst,3.388888888888889,0,33,DATA ANALYST,4 tahun 3 bulan,JUNIOR,51,63.8499212188,81.5,83.07291667,3.823402466,1.0,64.77440963,64.77440963
Optimize business processes with AI,Data Scientist,6de6b041,Data Scientist,2.9411764705882355,3,16,DATA SCIENTIST,4 tahun 0 bulan,MIDDLE,48,59.6452497667,90.0,100.0,7.186353322,1.1,76.3103827,76.3103827
Optimize business processes with AI,Data Scientist,6e0778a1,Data Scientist,2.9444444444444446,0,92,DATA SCIENTIST,3 tahun 1 bulan,JUNIOR,37,54.5927141687,70.0,97.91666667,4.665283496,1.0,57.55075558,57.55075558
Optimize business processes with AI,Data Scientist,6fb8c1a0,Data Scientist,3.0,3,75,DATA SCIENTIST,3 tahun 0 bulan,BASIC,36,61.1916404063,98.0,0.0,3.823402466,1.0,70.34689224,70.34689224
Optimize business processes with AI,Data Scientist,7176fcb0,Data Engineer,3.2777777777777777,3,104,DATA ENGINEER,7 tahun 0 bulan,SENIOR,84,75.0633578433,80.0,33.82352941,7.122781583,1.2,79.20577781,79.20577781
Optimize business processes with AI,Data Scientist,77571f19,Data Analyst,1.8333333333333333,2,54,DATA ANALYST,3 tahun 1 bulan,JUNIOR,37,77.8103933242,100.0,100.0,5.536442394,1.0,79.32087607,79.32087607
Optimize business processes with AI,Data Scientist,7L762383,Data Analyst,3.5,0,59,DATA ANALYST,1 tahun 10 bulan,MIDDLE,22,63.2588118579,88.5,94.96527778,2.554920958,1.0,68.65055253,68.65055253
Optimize business processes with AI,Data Scientist,7b6d04c9,Data Analyst,2.9444444444444446,3,2,DATA ANALYST,4 tahun 5 bulan,MIDDLE,53,73.2388159429,86.0,100.0,4.742239915,1.0,70.9884555,70.9884555
Optimize business processes with AI,Data Scientist,7ba9df08,Data Analyst,3.5555555555555554,0,25,DATA ANALYST,3 tahun 1 bulan,MIDDLE,37,56.631039916,92.5,96.35416667,0.0,1.2,82.079429,82.079429
Optimize business processes with AI,Data Scientist,7d317bd2,Data Scientist,1.2222222222222223,2,90,DATA ANALYST,4 tahun 4 bulan,JUNIOR,52,63.7458566762,86.5,86.37152778,3.794124597,1.0,67.4194445,67.4194445
Optimize business processes with AI,Data Scientist,7dc30989,Data Scientist,3.4444444444444446,1,73,DATA SCIENTIST,3 tahun 4 bulan,JUNIOR,40,92.1873832863,90.0,0.0,8.045322081,1.0,76.69106422,76.69106422
Optimize business processes with AI,Data Scientist,7fe7bd2c,Data Scientist,2.9444444444444446,0,65,DATA SCIENTIST,2 tahun 2 bulan,JUNIOR,26,39.5228291321,89.5,99.30555556,6.121971713,1.0,63.07245784,63.07245784
Optimize business processes with AI,Data Scientist,8126543f,Data Scientist,2.5555555555555554,0,85,DATA SCIENTIST,3 tahun 1 bulan,JUNIOR,37,63.1813433708,90.0,99.30555556,6.700326893,1.0,70.28096361,70.28096361
Optimize business processes with AI,Data Scientist,8387045b,Data Scientist,3.8333333333333335,1,69,DATA SCIENTIST,4 tahun 4 bulan,MIDDLE,52,85.768554505,94.0,98.61111111,53.90204421,1.2,99.0,99.0
Optimize business processes with AI,Data Scientist,859bd42e,Data Scientist,3.111111111111111,0,95,DATA SCIENTIST,3 tahun 5 bulan,JUNIOR,41,91.9510387488,95.0,100.0,9.232623263,1.0,81.52852324,81.52852324
Optimize business processes with AI,Data Scientist,85e8c8f1,Data Scientist,3.2222222222222223,0,105,DATA SCIENTIST,2 tahun 9 bulan,JUNIOR,33,86.9119456117,93.0,100.0,3.409887033,1.1,86.02380765,86.02380765
Optimize business processes with AI,Data Scientist,8K760816,Data Analyst,2.5,0,15,DATA ANALYST,2 tahun 8 bulan,MIDDLE,32,52.4918446546,98.5,100.0,3.455357726,1.0,70.91183125,70.91183125
Optimize business processes with AI,Data Scientist,9ab9d681,Data Scientist,3.7222222222222223,1,18,DATA SCIENTIST,3 tahun 0 bulan,MIDDLE,36,31.3339898458,92.0,100.0,52.63227356,1.0,68.97507879,68.97507879
Optimize business processes with AI,Data Scientist,a016ffe0,Data Scientist,3.5,1,26,DATA SCIENTIST,3 tahun 1 bulan,MIDDLE,37,82.0345763308,64.0,34.49197861,6.239432544,1.2,71.75887324,71.75887324
Optimize business processes with AI,Data Scientist,a20ce132,Data Analyst,4.055555555555555,1,22,DATA ANALYST,2 tahun 9 bulan,MIDDLE,33,84.2864145654,95.0,98.61111111,10.2440888,1.2,95.23244671,95.23244671
Optimize business processes with AI,Data Scientist,a77b4e68,Data Scientist,2.0555555555555554,2,80,MGT,2 tahun 5 bulan,-,29,80.6774626521,90.0,100.0,29.57650728,1.0,78.85832029,78.85832029
Optimize business processes with AI,Data Scientist,a9fcd0c5,Data Analyst,2.3333333333333335,2,23,DATA ANALYST,2 tahun 1 bulan,MIDDLE,25,86.9994864617,91.5,100.0,7.075545771,1.1,85.847875,85.847875
Optimize business processes with AI,Data Scientist,ae73e946,Data Analyst,1.4444444444444444,2,72,DATA SCIENTIST,3 tahun 5 bulan,JUNIOR,41,83.7572654062,85.0,97.91666667,10.90515878,1.0,74.34235311,74.34235311
Optimize business processes with AI,Data Scientist,afb96c1d,Data Analyst,2.888888888888889,0,19,DATA ANALYST,2 tahun 8 bulan,JUNIOR,32,77.4700746967,84.5,100.0,6.630101873,1.0,71.7649257,71.7649257
Optimize business processes with AI,Data Scientist,aff5a1f7,Data Engineer,3.888888888888889,3,96,DATA ENGINEER,2 tahun 7 bulan,JUNIOR,31,69.9306139125,90.0,98.61111111,7.174163182,1.2,86.72069722,86.72069722
Optimize business processes with AI,Data Scientist,b0519d51,Data Scientist,2.9444444444444446,0,43,DATA SCIENTIST,4 tahun 1 bulan,JUNIOR,49,66.8638392858,92.0,99.30555556,4.723839233,1.1,79.24054742,79.24054742
Optimize business processes with AI,Data Scientist,b7ddf289,Artificial Intelligence Engineer,2.8333333333333335,1,44,DATA SCIENTIST,1 tahun 2 bulan,JUNIOR,14,78.282819795,95.0,100.0,11.82325385,1.0,77.94660283,77.94660283
Optimize business processes with AI,Data Scientist,be2d891b,Data Scientist,4.055555555555555,1,14,AI ENGINEER,2 tahun 3 bulan,JUNIOR,27,70.2197654063,95.0,0.0,0.33375087,1.3,92.33751534,92.33751534
Optimize business processes with AI,Data Scientist,beb45f59,Data Analyst,2.111111111111111,2,68,DATA ANALYST,3 tahun 4 bulan,MIDDLE,40,86.1330823996,80.0,98.61111111,6.436879162,1.0,71.94756403,71.94756403
Optimize business processes with AI,Data Scientist,c0b0190c,Data Analyst,3.8333333333333335,1,17,DATA SCIENTIST,6 tahun 5 bulan,MIDDLE,77,29.2835988563,84.0,22.19251337,4.068139436,1.0,53.16264673,53.16264673
Optimize business processes with AI,Data Scientist,c13b7f6c,Data Analyst,1.9444444444444444,2,34,DATA ANALYST,3 tahun 1 bulan,MIDDLE,37,87.4991246496,90.0,100.0,12.60600857,1.0,78.2842696,78.2842696
Optimize business processes with AI,Data Scientist,c4acf473,Data Analyst,3.7222222222222223,3,107,DATA ANALYST,2 tahun 9 bulan,JUNIOR,33,79.9589169,86.5,93.31597222,0.0,1.0,72.02498398,72.02498398
Optimize business processes with AI,Data Scientist,c5c364b3,Data Analyst,3.0555555555555554,0,60,DATA ANALYST,1 tahun 1 bulan,JUNIOR,13,40.932846055,100.0,16.57754011,1.742317797,1.0,64.65542017,64.65542017
Optimize business processes with AI,Data Scientist,c615b19e,Data Engineer,3.2222222222222223,3,63,DATA SCIENTIST,4 tahun 4 bulan,JUNIOR,52,71.0338060221,88.0,96.52777778,3.953496176,1.0,70.97960925,70.97960925
Optimize business processes with AI,Data Scientist,ccc8525a,Data Scientist,3.5,1,47,DATA SCIENTIST,1 tahun 0 bulan,BASIC,12,75.7084500467,90.0,0.0,0.0,1.0,70.11863666,70.11863666
Optimize business processes with AI,Data Scientist,cdb6bf28,Artificial Intelligence Engineer,3.9444444444444446,1,6,AI ENGINEER,7 tahun 1 bulan,MIDDLE,85,81.6822187204,91.0,0.0,3.667866596,1.3,95.09100733,95.09100733
Optimize business processes with AI,Data Scientist,cf9338b5,Data Scientist,2.6666666666666665,0,74,DATA SCIENTIST,1 tahun 0 bulan,BASIC,12,82.0043154762,90.0,35.29411765,3.321482848,1.0,72.67275856,72.67275856
Optimize business processes with AI,Data Scientist,d08b974d,Data Analyst,2.5,0,86,DATA ANALYST,2 tahun 9 bulan,MIDDLE,33,58.8772058825,93.5,97.91666667,0.871158899,1.0,69.7799626,69.7799626
Optimize business processes with AI,Data Scientist,d8c9672c,Data Analyst,3.888888888888889,1,82,DATA ANALYST,2 tahun 4 bulan,MIDDLE,28,73.7417775442,90.5,95.05208333,9.595209262,1.0,73.7469197,73.7469197
Optimize business processes with AI,Data Scientist,ecc200ca,Data Engineer,3.111111111111111,3,56,DATA ENGINEER,1 tahun 9 bulan,MIDDLE,21,71.0850840338,89.0,99.30555556,5.758942974,1.2,86.333236,86.333236
Optimize business processes with AI,Data Scientist,eed0f189,Data Analyst,2.9444444444444446,3,45,DATA ANALYST,2 tahun 10 bulan,MIDDLE,34,69.240079365,96.0,70.49910873,48.01347408,1.0,79.53001534,79.53001534
Optimize business processes with AI,Data Scientist,f007ee36,Artificial Intelligence Engineer,2.4444444444444446,0,70,AI ENGINEER,2 tahun 0 bulan,MIDDLE,24,40.1500350142,90.0,99.30555556,2.332863117,1.3,81.80872206,81.80872206
Optimize business processes with AI,Data Scientist,f2f08a05,Data Engineer,2.0555555555555554,3,94,DATA ENGINEER,2 tahun 5 bulan,JUNIOR,29,59.4675711954,87.0,99.30555556,7.027424482,1.2,81.33092925,81.33092925
Optimize business processes with AI,Data Scientist,f6f88029,Data Analyst,1.2222222222222223,2,100,MGT,4 tahun 3 bulan,-,51,4.3391106446,90.0,78.20855615,6.010278684,1.0,48.76020407,48.76020407
Optimize business processes with AI,Data Scientist,fbc7621c,Data Scientist,2.8333333333333335,0,93,DATA SCIENTIST,8 tahun 6 bulan,MIDDLE,102,58.3732609713,75.0,100.0,12.17940809,1.0,62.37965806,62.37965806
Optimize business processes with AI,Data Scientist,ff56a859,Data Scientist,3.5555555555555554,0,97,DATA SCIENTIST,4 tahun 3 bulan,JUNIOR,51,71.9907037817,89.5,95.83333333,11.98196147,1.0,73.15820762,73.15820762
Optimize database performance,Data Engineer,006bac9a,Data Analyst,3.0588235294117645,3,7,DATA ANALYST,2 tahun 5 bulan,JUNIOR,29,24.3446545288,90.0,100.0,10.68886874,1.0,59.64183706,59.64183706
Optimize database performance,Data Engineer,00c74be4,Data Scientist,2.7058823529411766,3,106,DATA SCIENTIST,5 tahun 10 bulan,MIDDLE,70,65.8296276846,90.0,70.58823529,2.714292537,1.0,67.48966658,67.48966658
Optimize database performance,Data Engineer,01c8c0ef,Data Scientist,3.6470588235294117,1,67,DATA SCIENTIST,2 tahun 2 bulan,SENIOR,26,77.0315563725,92.0,96.35416667,6.32783673,1.1,82.53917202,82.53917202
Optimize database performance,Data Engineer,01d1846b,Data Analyst,2.411764705882353,0,77,DATA ANALYST,4 tahun 3 bulan,JUNIOR,51,76.130287115,84.0,91.92708333,7.89858338,1.0,70.77981892,70.77981892
Optimize database performance,Data Engineer,03ad7f49,Data Scientist,1.6470588235294117,2,91,DATA SCIENTIST,3 tahun 4 bulan,JUNIOR,40,75.1958741829,90.0,0.0,4.519739335,1.0,70.74391915,70.74391915
Optimize database performance,Data Engineer,0514ff91,Data Scientist,1.8235294117647058,0,37,DATA SCIENTIST,3 tahun 4 bulan,MIDDLE,40,75.6379551821,90.0,100.0,11.44256681,1.0,74.661971,74.661971
Optimize database performance,Data Engineer,056cd3f9,Data Engineer,3.8823529411764706,3,48,DATA ENGINEER,7 tahun 7 bulan,SENIOR,91,80.4681314192,90.0,34.22459893,5.168397654,1.3,94.26532683,94.26532683
Optimize database performance,Data Engineer,05eed8dc,Data Engineer,3.823529411764706,3,49,DATA ENGINEER,2 tahun 5 bulan,MIDDLE,29,62.7957662233,95.0,99.21875,8.595362988,1.2,87.48866032,87.48866032
Optimize database performance,Data Engineer,106760ca,Data Engineer,5.0,1,21,DATA ENGINEER,1 tahun 11 bulan,MIDDLE,23,71.4513888888,91.25,100.0,8.016044212,1.2,88.25251765,88.25251765
Optimize database performance,Data Engineer,123117c9,Data Analyst,1.6470588235294117,2,32,DATA ANALYST,4 tahun 2 bulan,MIDDLE,50,70.4449813258,95.0,100.0,3.648580437,1.0,74.43733436,74.43733436
Optimize database performance,Data Engineer,14d4dbd6,Data Analyst,1.4705882352941178,2,108,DATA ANALYST,4 tahun 2 bulan,JUNIOR,50,79.6974498133,80.5,98.4375,3.111615146,1.0,69.81056917,69.81056917
Optimize database performance,Data Engineer,1551c5ff,Data Analyst,1.5294117647058822,2,66,DATA ANALYST,2 tahun 5 bulan,JUNIOR,29,79.0374358075,90.0,100.0,15.2788331,1.0,76.22782609,76.22782609
Optimize database performance,Data Engineer,1667415a,Data Analyst,2.823529411764706,0,50,DATA ANALYST,4 tahun 1 bulan,JUNIOR,49,73.4773576096,90.0,100.0,10.26693491,1.0,73.85696587,73.85696587
Optimize database performance,Data Engineer,1672e04a,Data Analyst,3.6470588235294117,3,41,DATA ANALYST,4 tahun 3 bulan,JUNIOR,51,69.8277310925,86.0,100.0,7.456011595,1.0,70.40596081,70.40596081
Optimize database performance,Data Engineer,17466c54,Data Analyst,1.8235294117647058,2,11,DATA ANALYST,3 tahun 1 bulan,JUNIOR,37,49.8728816529,90.0,100.0,7.676082801,1.0,66.60685575,66.60685575
Optimize database performance,Data Engineer,1893af41,Data Analyst,1.9411764705882353,2,103,DATA SCIENTIST,1 tahun 1 bulan,JUNIOR,13,37.5269607842,98.0,29.01069519,0.0,1.0,62.25313576,62.25313576
Optimize database performance,Data Engineer,1dbecdbe,Data Scientist,1.9411764705882353,0,4,DATA SCIENTIST,2 tahun 3 bulan,JUNIOR,27,85.3527602713,90.0,99.30555556,6.414697312,1.0,76.68127695,76.68127695
Optimize database performance,Data Engineer,29e9efd9,Data Engineer,4.0588235294117645,3,61,DATA ENGINEER,3 tahun 1 bulan,MIDDLE,37,72.8804563492,94.0,99.30555556,9.72908414,1.2,90.62742563,90.62742563
Optimize database performance,Data Engineer,2d801262,Data Analyst,3.0588235294117645,0,9,DATA ANALYST,2 tahun 10 bulan,MIDDLE,34,80.3460259104,90.0,95.74652778,10.27336667,1.1,83.12594823,83.12594823
Optimize database performance,Data Engineer,31e8a51f,Data Scientist,2.2941176470588234,0,98,DATA SCIENTIST,2 tahun 9 bulan,JUNIOR,33,52.8933765175,90.0,65.10695187,6.407601293,1.0,64.07121964,64.07121964
Optimize database performance,Data Engineer,3350383a,Artificial Intelligence Engineer,4.176470588235294,1,30,AI ENGINEER,3 tahun 9 bulan,MIDDLE,45,54.1797239725,95.5,96.44097222,11.49637749,1.3,92.17002068,92.17002068
Optimize database performance,Data Engineer,365fc87a,Data Analyst,2.235294117647059,0,110,DATA ANALYST,2 tahun 5 bulan,BASIC,29,80.8585434175,90.0,8.155080214,6.607477284,1.0,72.88466719,72.88466719
Optimize database performance,Data Engineer,36cf70f2,Artificial Intelligence Engineer,3.235294117647059,1,58,AI ENGINEER,2 tahun 5 bulan,MIDDLE,29,43.5532358775,89.5,100.0,11.83988942,1.3,84.69716654,84.69716654
Optimize database performance,Data Engineer,3951d86b,Data Scientist,4.529411764705882,1,78,DATA SCIENTIST,3 tahun 1 bulan,JUNIOR,37,55.4426062092,95.0,100.0,4.279280813,1.0,70.17243405,70.17243405
Optimize database performance,Data Engineer,39c4596a,Data Scientist,2.4705882352941178,0,42,DATA SCIENTIST,3 tahun 5 bulan,JUNIOR,41,60.7098506071,80.0,97.91666667,4.694561364,1.0,64.25018915,64.25018915
Optimize database performance,Data Engineer,3cac7e99,Data Scientist,2.3529411764705883,0,88,DATA SCIENTIST,10 tahun 2 bulan,SENIOR,122,88.3660831,98.0,34.22459893,51.7318368,1.0,87.21080158,87.21080158
Optimize database performance,Data Engineer,42e7a026,Data Analyst,3.0588235294117645,0,64,DATA ANALYST,2 tahun 6 bulan,JUNIOR,30,73.5210696779,89.0,99.21875,4.472503523,1.0,72.45268383,72.45268383
Optimize database performance,Data Engineer,46fd6e1c,Data Analyst,2.0588235294117645,2,5,DATA SCIENTIST,1 tahun 2 bulan,JUNIOR,14,67.4580357142,90.0,100.0,11.7055718,1.0,72.32438573,72.32438573
Optimize database performance,Data Engineer,47d42365,Data Engineer,4.411764705882353,3,53,DATA ENGINEER,4 tahun 4 bulan,JUNIOR,52,71.9768703312,91.5,97.82986111,3.794124597,1.2,87.64556985,87.64556985
Optimize database performance,Data Engineer,4cba2f2d,Artificial Intelligence Engineer,2.4705882352941178,0,36,AI ENGINEER,1 tahun 7 bulan,JUNIOR,19,66.0502450979,95.0,100.0,5.817498712,1.2,84.80862745,84.80862745
Optimize database performance,Data Engineer,4d57b04b,Data Scientist,2.5294117647058822,0,20,DATA SCIENTIST,3 tahun 11 bulan,MIDDLE,47,60.9976657327,96.5,91.31944444,1.268481508,1.1,78.63807432,78.63807432
Optimize database performance,Data Engineer,516J6855,Data Scientist,2.176470588235294,0,46,DATA SCIENTIST,2 tahun 5 bulan,JUNIOR,29,54.7360673438,80.0,96.96180556,11.10881594,1.0,63.41641108,63.41641108
Optimize database performance,Data Engineer,528f3560,Data Analyst,1.5294117647058822,2,55,DATA SCIENTIST,7 tahun 0 bulan,SENIOR,84,32.3536327033,90.0,94.11764706,44.61622935,1.0,64.269703,64.269703
Optimize database performance,Data Engineer,528f3560,Data Analyst,1.5294117647058822,2,55,DATA SCIENTIST,7 tahun 0 bulan,SENIOR,84,32.3536327033,90.0,94.11764706,44.61622935,1.0,64.269703,64.269703
Optimize database performance,Data Engineer,5312eea4,Data Analyst,3.0,3,84,DATA ANALYST,2 tahun 2 bulan,MIDDLE,26,49.7969187675,86.0,92.79513889,46.9198146,1.0,70.0469465,70.0469465
Optimize database performance,Data Engineer,544a3d1a,Data Scientist,2.3529411764705883,0,62,DATA SCIENTIST,4 tahun 2 bulan,MIDDLE,50,59.509354575,90.5,100.0,7.234474611,1.0,69.58669591,69.58669591
Optimize database performance,Data Engineer,54b0fc4f,Data Analyst,3.764705882352941,1,89,DATA ANALYST,2 tahun 2 bulan,MIDDLE,26,71.3084967321,88.5,98.61111111,6.180876807,1.0,71.78045298,71.78045298
Optimize database performance,Data Engineer,557e30ab,Data Analyst,1.6470588235294117,2,29,DATA ANALYST,3 tahun 5 bulan,MIDDLE,41,53.7861081933,85.0,100.0,4.549017204,1.0,64.81437318,64.81437318
Optimize database performance,Data Engineer,55b2e646,Data Scientist,3.6470588235294117,1,57,AI ENGINEER,3 tahun 0 bulan,JUNIOR,36,50.15589986,90.0,100.0,0.871158899,1.3,85.36316737,85.36316737
Optimize database performance,Data Engineer,57635c17,Data Analyst,1.3529411764705883,2,12,DATA ANALYST,3 tahun 3 bulan,MIDDLE,39,67.5095967558,90.0,99.21875,6.039999292,1.0,71.43352597,71.43352597
Optimize database performance,Data Engineer,57ecf7ad,Data Analyst,1.0,2,27,MGT,5 tahun 1 bulan,-,61,3.4722222221,90.0,77.54010695,4.326516624,1.0,48.19519238,48.19519238
Optimize database performance,Data Engineer,5b749bf9,Data Engineer,3.411764705882353,3,101,DATA ENGINEER,2 tahun 3 bulan,BASIC,27,34.81372549,90.0,86.63101604,10.06283501,1.2,70.83787239,70.83787239
Optimize database performance,Data Engineer,5d16d190,Data Scientist,2.5294117647058822,0,99,DATA SCIENTIST,3 tahun 1 bulan,JUNIOR,37,62.2739437442,90.0,97.74305556,28.26078997,1.0,73.16053928,73.16053928
Optimize database performance,Data Engineer,5dc773ce,Artificial Intelligence Engineer,3.2941176470588234,0,35,DATA SCIENTIST,4 tahun 4 bulan,MIDDLE,52,72.0571603642,91.0,95.57291667,5.121161842,1.1,80.15052819,80.15052819
Optimize database performance,Data Engineer,6131e4d7,Data Engineer,4.9411764705882355,1,38,DATA ENGINEER,2 tahun 3 bulan,MIDDLE,27,58.5518732492,93.5,99.30555556,10.46636816,1.2,85.46875202,85.46875202
Optimize database performance,Data Engineer,64S57577,Data Scientist,3.764705882352941,1,40,DATA SCIENTIST,3 tahun 9 bulan,MIDDLE,45,73.6180643087,84.5,89.32291667,3.982774045,1.0,69.5311892,69.5311892
Optimize database performance,Data Engineer,65054asd,Data Analyst,1.7058823529411764,2,10,DATA ANALYST,3 tahun 4 bulan,JUNIOR,40,70.5590744629,99.0,0.0,4.917061944,1.0,73.99273476,73.99273476
Optimize database performance,Data Engineer,66d21701,Data Analyst,2.9411764705882355,0,33,DATA ANALYST,4 tahun 3 bulan,JUNIOR,51,63.8499212188,81.5,83.07291667,3.823402466,1.0,64.77440963,64.77440963
Optimize database performance,Data Engineer,6de6b041,Data Scientist,3.235294117647059,3,16,DATA SCIENTIST,4 tahun 0 bulan,MIDDLE,48,59.6452497667,90.0,100.0,7.186353322,1.1,76.3103827,76.3103827
Optimize database performance,Data Engineer,6e0778a1,Data Scientist,2.176470588235294,0,92,DATA SCIENTIST,3 tahun 1 bulan,JUNIOR,37,54.5927141687,70.0,97.91666667,4.665283496,1.0,57.55075558,57.55075558
Optimize database performance,Data Engineer,6fb8c1a0,Data Scientist,3.411764705882353,3,75,DATA SCIENTIST,3 tahun 0 bulan,BASIC,36,61.1916404063,98.0,0.0,3.823402466,1.0,70.34689224,70.34689224
Optimize database performance,Data Engineer,7176fcb0,Data Engineer,3.764705882352941,3,104,DATA ENGINEER,7 tahun 0 bulan,SENIOR,84,75.0633578433,80.0,33.82352941,7.122781583,1.2,79.20577781,79.20577781
Optimize database performance,Data Engineer,77571f19,Data Analyst,1.8823529411764706,2,54,DATA ANALYST,3 tahun 1 bulan,JUNIOR,37,77.8103933242,100.0,100.0,5.536442394,1.0,79.32087607,79.32087607
Optimize database performance,Data Engineer,7L762383,Data Analyst,2.8823529411764706,0,59,DATA ANALYST,1 tahun 10 bulan,MIDDLE,22,63.2588118579,88.5,94.96527778,2.554920958,1.0,68.65055253,68.65055253
Optimize database performance,Data Engineer,7b6d04c9,Data Analyst,2.8823529411764706,3,2,DATA ANALYST,4 tahun 5 bulan,MIDDLE,53,73.2388159429,86.0,100.0,4.742239915,1.0,70.9884555,70.9884555
Optimize database performance,Data Engineer,7ba9df08,Data Analyst,3.0588235294117645,0,25,DATA ANALYST,3 tahun 1 bulan,MIDDLE,37,56.631039916,92.5,96.35416667,0.0,1.2,82.079429,82.079429
Optimize database performance,Data Engineer,7d317bd2,Data Scientist,1.2352941176470589,2,90,DATA ANALYST,4 tahun 4 bulan,JUNIOR,52,63.7458566762,86.5,86.37152778,3.794124597,1.0,67.4194445,67.4194445
Optimize database performance,Data Engineer,7dc30989,Data Scientist,2.9411764705882355,1,73,DATA SCIENTIST,3 tahun 4 bulan,JUNIOR,40,92.1873832863,90.0,0.0,8.045322081,1.0,76.69106422,76.69106422
Optimize database performance,Data Engineer,7fe7bd2c,Data Scientist,2.235294117647059,0,65,DATA SCIENTIST,2 tahun 2 bulan,JUNIOR,26,39.5228291321,89.5,99.30555556,6.121971713,1.0,63.07245784,63.07245784
Optimize database performance,Data Engineer,8126543f,Data Scientist,2.0,0,85,DATA SCIENTIST,3 tahun 1 bulan,JUNIOR,37,63.1813433708,90.0,99.30555556,6.700326893,1.0,70.28096361,70.28096361
Optimize database performance,Data Engineer,8387045b,Data Scientist,3.588235294117647,1,69,DATA SCIENTIST,4 tahun 4 bulan,MIDDLE,52,85.768554505,94.0,98.61111111,53.90204421,1.2,99.0,99.0
Optimize database performance,Data Engineer,859bd42e,Data Scientist,2.5294117647058822,0,95,DATA SCIENTIST,3 tahun 5 bulan,JUNIOR,41,91.9510387488,95.0,100.0,9.232623263,1.0,81.52852324,81.52852324
Optimize database performance,Data Engineer,85e8c8f1,Data Scientist,2.588235294117647,0,105,DATA SCIENTIST,2 tahun 9 bulan,JUNIOR,33,86.9119456117,93.0,100.0,3.409887033,1.1,86.02380765,86.02380765
Optimize database performance,Data Engineer,8K760816,Data Analyst,2.4705882352941178,0,15,DATA ANALYST,2 tahun 8 bulan,MIDDLE,32,52.4918446546,98.5,100.0,3.455357726,1.0,70.91183125,70.91183125
Optimize database performance,Data Engineer,9ab9d681,Data Scientist,3.176470588235294,1,18,DATA SCIENTIST,3 tahun 0 bulan,MIDDLE,36,31.3339898458,92.0,100.0,52.63227356,1.0,68.97507879,68.97507879
Optimize database performance,Data Engineer,a016ffe0,Data Scientist,2.7058823529411766,1,26,DATA SCIENTIST,3 tahun 1 bulan,MIDDLE,37,82.0345763308,64.0,34.49197861,6.239432544,1.2,71.75887324,71.75887324
Optimize database performance,Data Engineer,a20ce132,Data Analyst,4.117647058823529,1,22,DATA ANALYST,2 tahun 9 bulan,MIDDLE,33,84.2864145654,95.0,98.61111111,10.2440888,1.2,95.23244671,95.23244671
Optimize database performance,Data Engineer,a77b4e68,Data Scientist,1.9411764705882353,2,80,MGT,2 tahun 5 bulan,-,29,80.6774626521,90.0,100.0,29.57650728,1.0,78.85832029,78.85832029
Optimize database performance,Data Engineer,a9fcd0c5,Data Analyst,2.0588235294117645,2,23,DATA ANALYST,2 tahun 1 bulan,MIDDLE,25,86.9994864617,91.5,100.0,7.075545771,1.1,85.847875,85.847875
Optimize database performance,Data Engineer,ae73e946,Data Analyst,1.411764705882353,2,72,DATA SCIENTIST,3 tahun 5 bulan,JUNIOR,41,83.7572654062,85.0,97.91666667,10.90515878,1.0,74.34235311,74.34235311
Optimize database performance,Data Engineer,afb96c1d,Data Analyst,2.5294117647058822,0,19,DATA ANALYST,2 tahun 8 bulan,JUNIOR,32,77.4700746967,84.5,100.0,6.630101873,1.0,71.7649257,71.7649257
Optimize database performance,Data Engineer,aff5a1f7,Data Engineer,4.705882352941177,3,96,DATA ENGINEER,2 tahun 7 bulan,JUNIOR,31,69.9306139125,90.0,98.61111111,7.174163182,1.2,86.72069722,86.72069722
Optimize database performance,Data Engineer,b0519d51,Data Scientist,2.176470588235294,0,43,DATA SCIENTIST,4 tahun 1 bulan,JUNIOR,49,66.8638392858,92.0,99.30555556,4.723839233,1.1,79.24054742,79.24054742
Optimize database performance,Data Engineer,b7ddf289,Artificial Intelligence Engineer,2.823529411764706,1,44,DATA SCIENTIST,1 tahun 2 bulan,JUNIOR,14,78.282819795,95.0,100.0,11.82325385,1.0,77.94660283,77.94660283
Optimize database performance,Data Engineer,be2d891b,Data Scientist,4.352941176470588,1,14,AI ENGINEER,2 tahun 3 bulan,JUNIOR,27,70.2197654063,95.0,0.0,0.33375087,1.3,92.33751534,92.33751534
Optimize database performance,Data Engineer,beb45f59,Data Analyst,1.7058823529411764,2,68,DATA ANALYST,3 tahun 4 bulan,MIDDLE,40,86.1330823996,80.0,98.61111111,6.436879162,1.0,71.94756403,71.94756403
Optimize database performance,Data Engineer,c0b0190c,Data Analyst,4.176470588235294,1,17,DATA SCIENTIST,6 tahun 5 bulan,MIDDLE,77,29.2835988563,84.0,22.19251337,4.068139436,1.0,53.16264673,53.16264673
Optimize database performance,Data Engineer,c13b7f6c,Data Analyst,1.3529411764705883,2,34,DATA ANALYST,3 tahun 1 bulan,MIDDLE,37,87.4991246496,90.0,100.0,12.60600857,1.0,78.2842696,78.2842696
Optimize database performance,Data Engineer,c4acf473,Data Analyst,3.1176470588235294,3,107,DATA ANALYST,2 tahun 9 bulan,JUNIOR,33,79.9589169,86.5,93.31597222,0.0,1.0,72.02498398,72.02498398
Optimize database performance,Data Engineer,c5c364b3,Data Analyst,2.764705882352941,0,60,DATA ANALYST,1 tahun 1 bulan,JUNIOR,13,40.932846055,100.0,16.57754011,1.742317797,1.0,64.65542017,64.65542017
Optimize database performance,Data Engineer,c615b19e,Data Engineer,3.823529411764706,3,63,DATA SCIENTIST,4 tahun 4 bulan,JUNIOR,52,71.0338060221,88.0,96.52777778,3.953496176,1.0,70.97960925,70.97960925
Optimize database performance,Data Engineer,ccc8525a,Data Scientist,3.235294117647059,1,47,DATA SCIENTIST,1 tahun 0 bulan,BASIC,12,75.7084500467,90.0,0.0,0.0,1.0,70.11863666,70.11863666
Optimize database performance,Data Engineer,cdb6bf28,Artificial Intelligence Engineer,3.9411764705882355,1,6,AI ENGINEER,7 tahun 1 bulan,MIDDLE,85,81.6822187204,91.0,0.0,3.667866596,1.3,95.09100733,95.09100733
Optimize database performance,Data Engineer,cf9338b5,Data Scientist,2.1176470588235294,0,74,DATA SCIENTIST,1 tahun 0 bulan,BASIC,12,82.0043154762,90.0,35.29411765,3.321482848,1.0,72.67275856,72.67275856
Optimize database performance,Data Engineer,d08b974d,Data Analyst,2.411764705882353,0,86,DATA ANALYST,2 tahun 9 bulan,MIDDLE,33,58.8772058825,93.5,97.91666667,0.871158899,1.0,69.7799626,69.7799626
Optimize database performance,Data Engineer,d8c9672c,Data Analyst,4.117647058823529,1,82,DATA ANALYST,2 tahun 4 bulan,MIDDLE,28,73.7417775442,90.5,95.05208333,9.595209262,1.0,73.7469197,73.7469197
Optimize database performance,Data Engineer,ecc200ca,Data Engineer,3.764705882352941,3,56,DATA ENGINEER,1 tahun 9 bulan,MIDDLE,21,71.0850840338,89.0,99.30555556,5.758942974,1.2,86.333236,86.333236
Optimize database performance,Data Engineer,eed0f189,Data Analyst,3.1176470588235294,3,45,DATA ANALYST,2 tahun 10 bulan,MIDDLE,34,69.240079365,96.0,70.49910873,48.01347408,1.0,79.53001534,79.53001534
Optimize database performance,Data Engineer,f007ee36,Artificial Intelligence Engineer,1.5294117647058822,0,70,AI ENGINEER,2 tahun 0 bulan,MIDDLE,24,40.1500350142,90.0,99.30555556,2.332863117,1.3,81.80872206,81.80872206
Optimize database performance,Data Engineer,f2f08a05,Data Engineer,3.235294117647059,3,94,DATA ENGINEER,2 tahun 5 bulan,JUNIOR,29,59.4675711954,87.0,99.30555556,7.027424482,1.2,81.33092925,81.33092925
Optimize database performance,Data Engineer,f6f88029,Data Analyst,1.2352941176470589,2,100,MGT,4 tahun 3 bulan,-,51,4.3391106446,90.0,78.20855615,6.010278684,1.0,48.76020407,48.76020407
Optimize database performance,Data Engineer,fbc7621c,Data Scientist,2.7058823529411766,0,93,DATA SCIENTIST,8 tahun 6 bulan,MIDDLE,102,58.3732609713,75.0,100.0,12.17940809,1.0,62.37965806,62.37965806
Optimize database performance,Data Engineer,ff56a859,Data Scientist,2.4705882352941178,0,97,DATA SCIENTIST,4 tahun 3 bulan,JUNIOR,51,71.9907037817,89.5,95.83333333,11.98196147,1.0,73.15820762,73.15820762
Perform machine learning analysis,Data Scientist,006bac9a,Data Analyst,2.6923076923076925,3,7,DATA ANALYST,2 tahun 5 bulan,JUNIOR,29,24.3446545288,90.0,100.0,10.68886874,1.0,59.64183706,59.64183706
Perform machine learning analysis,Data Scientist,00c74be4,Data Scientist,2.1538461538461537,3,106,DATA SCIENTIST,5 tahun 10 bulan,MIDDLE,70,65.8296276846,90.0,70.58823529,2.714292537,1.0,67.48966658,67.48966658
Perform machine learning analysis,Data Scientist,01c8c0ef,Data Scientist,2.8461538461538463,1,67,DATA SCIENTIST,2 tahun 2 bulan,SENIOR,26,77.0315563725,92.0,96.35416667,6.32783673,1.1,82.53917202,82.53917202
Perform machine learning analysis,Data Scientist,01d1846b,Data Analyst,2.1538461538461537,0,77,DATA ANALYST,4 tahun 3 bulan,JUNIOR,51,76.130287115,84.0,91.92708333,7.89858338,1.0,70.77981892,70.77981892
Perform machine learning analysis,Data Scientist,03ad7f49,Data Scientist,2.1538461538461537,2,91,DATA SCIENTIST,3 tahun 4 bulan,JUNIOR,40,75.1958741829,90.0,0.0,4.519739335,1.0,70.74391915,70.74391915
Perform machine learning analysis,Data Scientist,0514ff91,Data Scientist,2.769230769230769,0,37,DATA SCIENTIST,3 tahun 4 bulan,MIDDLE,40,75.6379551821,90.0,100.0,11.44256681,1.0,74.661971,74.661971
Perform machine learning analysis,Data Scientist,056cd3f9,Data Engineer,2.3076923076923075,3,48,DATA ENGINEER,7 tahun 7 bulan,SENIOR,91,80.4681314192,90.0,34.22459893,5.168397654,1.3,94.26532683,94.26532683
Perform machine learning analysis,Data Scientist,05eed8dc,Data Engineer,2.0,3,49,DATA ENGINEER,2 tahun 5 bulan,MIDDLE,29,62.7957662233,95.0,99.21875,8.595362988,1.2,87.48866032,87.48866032
Perform machine learning analysis,Data Scientist,106760ca,Data Engineer,4.0,1,21,DATA ENGINEER,1 tahun 11 bulan,MIDDLE,23,71.4513888888,91.25,100.0,8.016044212,1.2,88.25251765,88.25251765
Perform machine learning analysis,Data Scientist,123117c9,Data Analyst,1.3076923076923077,2,32,DATA ANALYST,4 tahun 2 bulan,MIDDLE,50,70.4449813258,95.0,100.0,3.648580437,1.0,74.43733436,74.43733436
Perform machine learning analysis,Data Scientist,14d4dbd6,Data Analyst,1.0769230769230769,2,108,DATA ANALYST,4 tahun 2 bulan,JUNIOR,50,79.6974498133,80.5,98.4375,3.111615146,1.0,69.81056917,69.81056917
Perform machine learning analysis,Data Scientist,1551c5ff,Data Analyst,1.5384615384615385,2,66,DATA ANALYST,2 tahun 5 bulan,JUNIOR,29,79.0374358075,90.0,100.0,15.2788331,1.0,76.22782609,76.22782609
Perform machine learning analysis,Data Scientist,1667415a,Data Analyst,2.230769230769231,0,50,DATA ANALYST,4 tahun 1 bulan,JUNIOR,49,73.4773576096,90.0,100.0,10.26693491,1.0,73.85696587,73.85696587
Perform machine learning analysis,Data Scientist,1672e04a,Data Analyst,2.3076923076923075,3,41,DATA ANALYST,4 tahun 3 bulan,JUNIOR,51,69.8277310925,86.0,100.0,7.456011595,1.0,70.40596081,70.40596081
Perform machine learning analysis,Data Scientist,17466c54,Data Analyst,1.6153846153846154,2,11,DATA ANALYST,3 tahun 1 bulan,JUNIOR,37,49.8728816529,90.0,100.0,7.676082801,1.0,66.60685575,66.60685575
Perform machine learning analysis,Data Scientist,1893af41,Data Analyst,1.6923076923076923,2,103,DATA SCIENTIST,1 tahun 1 bulan,JUNIOR,13,37.5269607842,98.0,29.01069519,0.0,1.0,62.25313576,62.25313576
Perform machine learning analysis,Data Scientist,1dbecdbe,Data Scientist,3.0,0,4,DATA SCIENTIST,2 tahun 3 bulan,JUNIOR,27,85.3527602713,90.0,99.30555556,6.414697312,1.0,76.68127695,76.68127695
Perform machine learning analysis,Data Scientist,29e9efd9,Data Engineer,2.0,3,61,DATA ENGINEER,3 tahun 1 bulan,MIDDLE,37,72.8804563492,94.0,99.30555556,9.72908414,1.2,90.62742563,90.62742563
Perform machine learning analysis,Data Scientist,2d801262,Data Analyst,2.3076923076923075,0,9,DATA ANALYST,2 tahun 10 bulan,MIDDLE,34,80.3460259104,90.0,95.74652778,10.27336667,1.1,83.12594823,83.12594823
Perform machine learning analysis,Data Scientist,31e8a51f,Data Scientist,2.4615384615384617,0,98,DATA SCIENTIST,2 tahun 9 bulan,JUNIOR,33,52.8933765175,90.0,65.10695187,6.407601293,1.0,64.07121964,64.07121964
Perform machine learning analysis,Data Scientist,3350383a,Artificial Intelligence Engineer,4.6923076923076925,1,30,AI ENGINEER,3 tahun 9 bulan,MIDDLE,45,54.1797239725,95.5,96.44097222,11.49637749,1.3,92.17002068,92.17002068
Perform machine learning analysis,Data Scientist,365fc87a,Data Analyst,2.3076923076923075,0,110,DATA ANALYST,2 tahun 5 bulan,BASIC,29,80.8585434175,90.0,8.155080214,6.607477284,1.0,72.88466719,72.88466719
Perform machine learning analysis,Data Scientist,36cf70f2,Artificial Intelligence Engineer,3.769230769230769,1,58,AI ENGINEER,2 tahun 5 bulan,MIDDLE,29,43.5532358775,89.5,100.0,11.83988942,1.3,84.69716654,84.69716654
Perform machine learning analysis,Data Scientist,3951d86b,Data Scientist,3.769230769230769,1,78,DATA SCIENTIST,3 tahun 1 bulan,JUNIOR,37,55.4426062092,95.0,100.0,4.279280813,1.0,70.17243405,70.17243405
Perform machine learning analysis,Data Scientist,39c4596a,Data Scientist,2.6153846153846154,0,42,DATA SCIENTIST,3 tahun 5 bulan,JUNIOR,41,60.7098506071,80.0,97.91666667,4.694561364,1.0,64.25018915,64.25018915
Perform machine learning analysis,Data Scientist,3cac7e99,Data Scientist,2.0,0,88,DATA SCIENTIST,10 tahun 2 bulan,SENIOR,122,88.3660831,98.0,34.22459893,51.7318368,1.0,87.21080158,87.21080158
Perform machine learning analysis,Data Scientist,42e7a026,Data Analyst,2.0,0,64,DATA ANALYST,2 tahun 6 bulan,JUNIOR,30,73.5210696779,89.0,99.21875,4.472503523,1.0,72.45268383,72.45268383
Perform machine learning analysis,Data Scientist,46fd6e1c,Data Analyst,2.1538461538461537,2,5,DATA SCIENTIST,1 tahun 2 bulan,JUNIOR,14,67.4580357142,90.0,100.0,11.7055718,1.0,72.32438573,72.32438573
Perform machine learning analysis,Data Scientist,47d42365,Data Engineer,2.0,3,53,DATA ENGINEER,4 tahun 4 bulan,JUNIOR,52,71.9768703312,91.5,97.82986111,3.794124597,1.2,87.64556985,87.64556985
Perform machine learning analysis,Data Scientist,4cba2f2d,Artificial Intelligence Engineer,2.6923076923076925,0,36,AI ENGINEER,1 tahun 7 bulan,JUNIOR,19,66.0502450979,95.0,100.0,5.817498712,1.2,84.80862745,84.80862745
Perform machine learning analysis,Data Scientist,4d57b04b,Data Scientist,2.6153846153846154,0,20,DATA SCIENTIST,3 tahun 11 bulan,MIDDLE,47,60.9976657327,96.5,91.31944444,1.268481508,1.1,78.63807432,78.63807432
Perform machine learning analysis,Data Scientist,516J6855,Data Scientist,2.1538461538461537,0,46,DATA SCIENTIST,2 tahun 5 bulan,JUNIOR,29,54.7360673438,80.0,96.96180556,11.10881594,1.0,63.41641108,63.41641108
Perform machine learning analysis,Data Scientist,528f3560,Data Analyst,1.0,2,55,DATA SCIENTIST,7 tahun 0 bulan,SENIOR,84,32.3536327033,90.0,94.11764706,44.61622935,1.0,64.269703,64.269703
Perform machine learning analysis,Data Scientist,528f3560,Data Analyst,1.0,2,55,DATA SCIENTIST,7 tahun 0 bulan,SENIOR,84,32.3536327033,90.0,94.11764706,44.61622935,1.0,64.269703,64.269703
Perform machine learning analysis,Data Scientist,5312eea4,Data Analyst,2.076923076923077,3,84,DATA ANALYST,2 tahun 2 bulan,MIDDLE,26,49.7969187675,86.0,92.79513889,46.9198146,1.0,70.0469465,70.0469465
Perform machine learning analysis,Data Scientist,544a3d1a,Data Scientist,2.6153846153846154,0,62,DATA SCIENTIST,4 tahun 2 bulan,MIDDLE,50,59.509354575,90.5,100.0,7.234474611,1.0,69.58669591,69.58669591
Perform machine learning analysis,Data Scientist,54b0fc4f,Data Analyst,2.8461538461538463,1,89,DATA ANALYST,2 tahun 2 bulan,MIDDLE,26,71.3084967321,88.5,98.61111111,6.180876807,1.0,71.78045298,71.78045298
Perform machine learning analysis,Data Scientist,557e30ab,Data Analyst,1.4615384615384615,2,29,DATA ANALYST,3 tahun 5 bulan,MIDDLE,41,53.7861081933,85.0,100.0,4.549017204,1.0,64.81437318,64.81437318
Perform machine learning analysis,Data Scientist,55b2e646,Data Scientist,3.6153846153846154,1,57,AI ENGINEER,3 tahun 0 bulan,JUNIOR,36,50.15589986,90.0,100.0,0.871158899,1.3,85.36316737,85.36316737
Perform machine learning analysis,Data Scientist,57635c17,Data Analyst,1.3076923076923077,2,12,DATA ANALYST,3 tahun 3 bulan,MIDDLE,39,67.5095967558,90.0,99.21875,6.039999292,1.0,71.43352597,71.43352597
Perform machine learning analysis,Data Scientist,57ecf7ad,Data Analyst,1.0,2,27,MGT,5 tahun 1 bulan,-,61,3.4722222221,90.0,77.54010695,4.326516624,1.0,48.19519238,48.19519238
Perform machine learning analysis,Data Scientist,5b749bf9,Data Engineer,1.0,3,101,DATA ENGINEER,2 tahun 3 bulan,BASIC,27,34.81372549,90.0,86.63101604,10.06283501,1.2,70.83787239,70.83787239
Perform machine learning analysis,Data Scientist,5d16d190,Data Scientist,3.076923076923077,0,99,DATA SCIENTIST,3 tahun 1 bulan,JUNIOR,37,62.2739437442,90.0,97.74305556,28.26078997,1.0,73.16053928,73.16053928
Perform machine learning analysis,Data Scientist,5dc773ce,Artificial Intelligence Engineer,3.230769230769231,0,35,DATA SCIENTIST,4 tahun 4 bulan,MIDDLE,52,72.0571603642,91.0,95.57291667,5.121161842,1.1,80.15052819,80.15052819
Perform machine learning analysis,Data Scientist,6131e4d7,Data Engineer,2.6153846153846154,1,38,DATA ENGINEER,2 tahun 3 bulan,MIDDLE,27,58.5518732492,93.5,99.30555556,10.46636816,1.2,85.46875202,85.46875202
Perform machine learning analysis,Data Scientist,64S57577,Data Scientist,4.0,1,40,DATA SCIENTIST,3 tahun 9 bulan,MIDDLE,45,73.6180643087,84.5,89.32291667,3.982774045,1.0,69.5311892,69.5311892
Perform machine learning analysis,Data Scientist,65054asd,Data Analyst,1.9230769230769231,2,10,DATA ANALYST,3 tahun 4 bulan,JUNIOR,40,70.5590744629,99.0,0.0,4.917061944,1.0,73.99273476,73.99273476
Perform machine learning analysis,Data Scientist,66d21701,Data Analyst,3.3076923076923075,0,33,DATA ANALYST,4 tahun 3 bulan,JUNIOR,51,63.8499212188,81.5,83.07291667,3.823402466,1.0,64.77440963,64.77440963
Perform machine learning analysis,Data Scientist,6de6b041,Data Scientist,2.5384615384615383,3,16,DATA SCIENTIST,4 tahun 0 bulan,MIDDLE,48,59.6452497667,90.0,100.0,7.186353322,1.1,76.3103827,76.3103827
Perform machine learning analysis,Data Scientist,6e0778a1,Data Scientist,3.076923076923077,0,92,DATA SCIENTIST,3 tahun 1 bulan,JUNIOR,37,54.5927141687,70.0,97.91666667,4.665283496,1.0,57.55075558,57.55075558
Perform machine learning analysis,Data Scientist,6fb8c1a0,Data Scientist,2.230769230769231,3,75,DATA SCIENTIST,3 tahun 0 bulan,BASIC,36,61.1916404063,98.0,0.0,3.823402466,1.0,70.34689224,70.34689224
Perform machine learning analysis,Data Scientist,7176fcb0,Data Engineer,1.3076923076923077,3,104,DATA ENGINEER,7 tahun 0 bulan,SENIOR,84,75.0633578433,80.0,33.82352941,7.122781583,1.2,79.20577781,79.20577781
Perform machine learning analysis,Data Scientist,77571f19,Data Analyst,1.0,2,54,DATA ANALYST,3 tahun 1 bulan,JUNIOR,37,77.8103933242,100.0,100.0,5.536442394,1.0,79.32087607,79.32087607
Perform machine learning analysis,Data Scientist,7L762383,Data Analyst,2.4615384615384617,0,59,DATA ANALYST,1 tahun 10 bulan,MIDDLE,22,63.2588118579,88.5,94.96527778,2.554920958,1.0,68.65055253,68.65055253
Perform machine learning analysis,Data Scientist,7b6d04c9,Data Analyst,2.230769230769231,3,2,DATA ANALYST,4 tahun 5 bulan,MIDDLE,53,73.2388159429,86.0,100.0,4.742239915,1.0,70.9884555,70.9884555
Perform machine learning analysis,Data Scientist,7ba9df08,Data Analyst,1.7692307692307692,0,25,DATA ANALYST,3 tahun 1 bulan,MIDDLE,37,56.631039916,92.5,96.35416667,0.0,1.2,82.079429,82.079429
Perform machine learning analysis,Data Scientist,7d317bd2,Data Scientist,1.0769230769230769,2,90,DATA ANALYST,4 tahun 4 bulan,JUNIOR,52,63.7458566762,86.5,86.37152778,3.794124597,1.0,67.4194445,67.4194445
Perform machine learning analysis,Data Scientist,7dc30989,Data Scientist,4.0,1,73,DATA SCIENTIST,3 tahun 4 bulan,JUNIOR,40,92.1873832863,90.0,0.0,8.045322081,1.0,76.69106422,76.69106422
Perform machine learning analysis,Data Scientist,7fe7bd2c,Data Scientist,3.0,0,65,DATA SCIENTIST,2 tahun 2 bulan,JUNIOR,26,39.5228291321,89.5,99.30555556,6.121971713,1.0,63.07245784,63.07245784
Perform machine learning analysis,Data Scientist,8126543f,Data Scientist,2.8461538461538463,0,85,DATA SCIENTIST,3 tahun 1 bulan,JUNIOR,37,63.1813433708,90.0,99.30555556,6.700326893,1.0,70.28096361,70.28096361
Perform machine learning analysis,Data Scientist,8387045b,Data Scientist,4.153846153846154,1,69,DATA SCIENTIST,4 tahun 4 bulan,MIDDLE,52,85.768554505,94.0,98.61111111,53.90204421,1.2,99.0,99.0
Perform machine learning analysis,Data Scientist,859bd42e,Data Scientist,3.076923076923077,0,95,DATA SCIENTIST,3 tahun 5 bulan,JUNIOR,41,91.9510387488,95.0,100.0,9.232623263,1.0,81.52852324,81.52852324
Perform machine learning analysis,Data Scientist,85e8c8f1,Data Scientist,3.1538461538461537,0,105,DATA SCIENTIST,2 tahun 9 bulan,JUNIOR,33,86.9119456117,93.0,100.0,3.409887033,1.1,86.02380765,86.02380765
Perform machine learning analysis,Data Scientist,8K760816,Data Analyst,2.076923076923077,0,15,DATA ANALYST,2 tahun 8 bulan,MIDDLE,32,52.4918446546,98.5,100.0,3.455357726,1.0,70.91183125,70.91183125
Perform machine learning analysis,Data Scientist,9ab9d681,Data Scientist,3.923076923076923,1,18,DATA SCIENTIST,3 tahun 0 bulan,MIDDLE,36,31.3339898458,92.0,100.0,52.63227356,1.0,68.97507879,68.97507879
Perform machine learning analysis,Data Scientist,a016ffe0,Data Scientist,3.6923076923076925,1,26,DATA SCIENTIST,3 tahun 1 bulan,MIDDLE,37,82.0345763308,64.0,34.49197861,6.239432544,1.2,71.75887324,71.75887324
Perform machine learning analysis,Data Scientist,a20ce132,Data Analyst,3.6923076923076925,1,22,DATA ANALYST,2 tahun 9 bulan,MIDDLE,33,84.2864145654,95.0,98.61111111,10.2440888,1.2,95.23244671,95.23244671
Perform machine learning analysis,Data Scientist,a77b4e68,Data Scientist,1.4615384615384615,2,80,MGT,2 tahun 5 bulan,-,29,80.6774626521,90.0,100.0,29.57650728,1.0,78.85832029,78.85832029
Perform machine learning analysis,Data Scientist,a9fcd0c5,Data Analyst,1.3076923076923077,2,23,DATA ANALYST,2 tahun 1 bulan,MIDDLE,25,86.9994864617,91.5,100.0,7.075545771,1.1,85.847875,85.847875
Perform machine learning analysis,Data Scientist,ae73e946,Data Analyst,1.5384615384615385,2,72,DATA SCIENTIST,3 tahun 5 bulan,JUNIOR,41,83.7572654062,85.0,97.91666667,10.90515878,1.0,74.34235311,74.34235311
Perform machine learning analysis,Data Scientist,afb96c1d,Data Analyst,2.3076923076923075,0,19,DATA ANALYST,2 tahun 8 bulan,JUNIOR,32,77.4700746967,84.5,100.0,6.630101873,1.0,71.7649257,71.7649257
Perform machine learning analysis,Data Scientist,aff5a1f7,Data Engineer,2.0,3,96,DATA ENGINEER,2 tahun 7 bulan,JUNIOR,31,69.9306139125,90.0,98.61111111,7.174163182,1.2,86.72069722,86.72069722
Perform machine learning analysis,Data Scientist,b0519d51,Data Scientist,2.4615384615384617,0,43,DATA SCIENTIST,4 tahun 1 bulan,JUNIOR,49,66.8638392858,92.0,99.30555556,4.723839233,1.1,79.24054742,79.24054742
Perform machine learning analysis,Data Scientist,b7ddf289,Artificial Intelligence Engineer,3.1538461538461537,1,44,DATA SCIENTIST,1 tahun 2 bulan,JUNIOR,14,78.282819795,95.0,100.0,11.82325385,1.0,77.94660283,77.94660283
Perform machine learning analysis,Data Scientist,be2d891b,Data Scientist,3.6923076923076925,1,14,AI ENGINEER,2 tahun 3 bulan,JUNIOR,27,70.2197654063,95.0,0.0,0.33375087,1.3,92.33751534,92.33751534
Perform machine learning analysis,Data Scientist,beb45f59,Data Analyst,1.3076923076923077,2,68,DATA ANALYST,3 tahun 4 bulan,MIDDLE,40,86.1330823996,80.0,98.61111111,6.436879162,1.0,71.94756403,71.94756403
Perform machine learning analysis,Data Scientist,c0b0190c,Data Analyst,3.5384615384615383,1,17,DATA SCIENTIST,6 tahun 5 bulan,MIDDLE,77,29.2835988563,84.0,22.19251337,4.068139436,1.0,53.16264673,53.16264673
Perform machine learning analysis,Data Scientist,c13b7f6c,Data Analyst,1.6153846153846154,2,34,DATA ANALYST,3 tahun 1 bulan,MIDDLE,37,87.4991246496,90.0,100.0,12.60600857,1.0,78.2842696,78.2842696
Perform machine learning analysis,Data Scientist,c4acf473,Data Analyst,1.0769230769230769,3,107,DATA ANALYST,2 tahun 9 bulan,JUNIOR,33,79.9589169,86.5,93.31597222,0.0,1.0,72.02498398,72.02498398
Perform machine learning analysis,Data Scientist,c5c364b3,Data Analyst,1.9230769230769231,0,60,DATA ANALYST,1 tahun 1 bulan,JUNIOR,13,40.932846055,100.0,16.57754011,1.742317797,1.0,64.65542017,64.65542017
Perform machine learning analysis,Data Scientist,c615b19e,Data Engineer,2.6153846153846154,3,63,DATA SCIENTIST,4 tahun 4 bulan,JUNIOR,52,71.0338060221,88.0,96.52777778,3.953496176,1.0,70.97960925,70.97960925
Perform machine learning analysis,Data Scientist,ccc8525a,Data Scientist,3.6153846153846154,1,47,DATA SCIENTIST,1 tahun 0 bulan,BASIC,12,75.7084500467,90.0,0.0,0.0,1.0,70.11863666,70.11863666
Perform machine learning analysis,Data Scientist,cdb6bf28,Artificial Intelligence Engineer,4.615384615384615,1,6,AI ENGINEER,7 tahun 1 bulan,MIDDLE,85,81.6822187204,91.0,0.0,3.667866596,1.3,95.09100733,95.09100733
Perform machine learning analysis,Data Scientist,cf9338b5,Data Scientist,2.4615384615384617,0,74,DATA SCIENTIST,1 tahun 0 bulan,BASIC,12,82.0043154762,90.0,35.29411765,3.321482848,1.0,72.67275856,72.67275856
Perform machine learning analysis,Data Scientist,d08b974d,Data Analyst,1.8461538461538463,0,86,DATA ANALYST,2 tahun 9 bulan,MIDDLE,33,58.8772058825,93.5,97.91666667,0.871158899,1.0,69.7799626,69.7799626
Perform machine learning analysis,Data Scientist,d8c9672c,Data Analyst,3.5384615384615383,1,82,DATA ANALYST,2 tahun 4 bulan,MIDDLE,28,73.7417775442,90.5,95.05208333,9.595209262,1.0,73.7469197,73.7469197
Perform machine learning analysis,Data Scientist,ecc200ca,Data Engineer,1.6153846153846154,3,56,DATA ENGINEER,1 tahun 9 bulan,MIDDLE,21,71.0850840338,89.0,99.30555556,5.758942974,1.2,86.333236,86.333236
Perform machine learning analysis,Data Scientist,eed0f189,Data Analyst,1.9230769230769231,3,45,DATA ANALYST,2 tahun 10 bulan,MIDDLE,34,69.240079365,96.0,70.49910873,48.01347408,1.0,79.53001534,79.53001534
Perform machine learning analysis,Data Scientist,f007ee36,Artificial Intelligence Engineer,3.4615384615384617,0,70,AI ENGINEER,2 tahun 0 bulan,MIDDLE,24,40.1500350142,90.0,99.30555556,2.332863117,1.3,81.80872206,81.80872206
Perform machine learning analysis,Data Scientist,f2f08a05,Data Engineer,1.0,3,94,DATA ENGINEER,2 tahun 5 bulan,JUNIOR,29,59.4675711954,87.0,99.30555556,7.027424482,1.2,81.33092925,81.33092925
Perform machine learning analysis,Data Scientist,f6f88029,Data Analyst,1.3076923076923077,2,100,MGT,4 tahun 3 bulan,-,51,4.3391106446,90.0,78.20855615,6.010278684,1.0,48.76020407,48.76020407
Perform machine learning analysis,Data Scientist,fbc7621c,Data Scientist,2.1538461538461537,0,93,DATA SCIENTIST,8 tahun 6 bulan,MIDDLE,102,58.3732609713,75.0,100.0,12.17940809,1.0,62.37965806,62.37965806
Perform machine learning analysis,Data Scientist,ff56a859,Data Scientist,3.4615384615384617,0,97,DATA SCIENTIST,4 tahun 3 bulan,JUNIOR,51,71.9907037817,89.5,95.83333333,11.98196147,1.0,73.15820762,73.15820762
Product performance evaluation,Data Analyst,006bac9a,Data Analyst,3.103896103896104,3,7,DATA ANALYST,2 tahun 5 bulan,JUNIOR,29,24.3446545288,90.0,100.0,10.68886874,1.0,59.64183706,59.64183706
Product performance evaluation,Data Analyst,00c74be4,Data Scientist,2.5194805194805197,3,106,DATA SCIENTIST,5 tahun 10 bulan,MIDDLE,70,65.8296276846,90.0,70.58823529,2.714292537,1.0,67.48966658,67.48966658
Product performance evaluation,Data Analyst,01c8c0ef,Data Scientist,3.883116883116883,1,67,DATA SCIENTIST,2 tahun 2 bulan,SENIOR,26,77.0315563725,92.0,96.35416667,6.32783673,1.1,82.53917202,82.53917202
Product performance evaluation,Data Analyst,01d1846b,Data Analyst,3.116883116883117,0,77,DATA ANALYST,4 tahun 3 bulan,JUNIOR,51,76.130287115,84.0,91.92708333,7.89858338,1.0,70.77981892,70.77981892
Product performance evaluation,Data Analyst,03ad7f49,Data Scientist,2.675324675324675,2,91,DATA SCIENTIST,3 tahun 4 bulan,JUNIOR,40,75.1958741829,90.0,0.0,4.519739335,1.0,70.74391915,70.74391915
Product performance evaluation,Data Analyst,0514ff91,Data Scientist,3.3506493506493507,0,37,DATA SCIENTIST,3 tahun 4 bulan,MIDDLE,40,75.6379551821,90.0,100.0,11.44256681,1.0,74.661971,74.661971
Product performance evaluation,Data Analyst,056cd3f9,Data Engineer,3.4285714285714284,3,48,DATA ENGINEER,7 tahun 7 bulan,SENIOR,91,80.4681314192,90.0,34.22459893,5.168397654,1.3,94.26532683,94.26532683
Product performance evaluation,Data Analyst,05eed8dc,Data Engineer,2.5974025974025974,3,49,DATA ENGINEER,2 tahun 5 bulan,MIDDLE,29,62.7957662233,95.0,99.21875,8.595362988,1.2,87.48866032,87.48866032
Product performance evaluation,Data Analyst,106760ca,Data Engineer,4.805194805194805,1,21,DATA ENGINEER,1 tahun 11 bulan,MIDDLE,23,71.4513888888,91.25,100.0,8.016044212,1.2,88.25251765,88.25251765
Product performance evaluation,Data Analyst,123117c9,Data Analyst,2.25974025974026,2,32,DATA ANALYST,4 tahun 2 bulan,MIDDLE,50,70.4449813258,95.0,100.0,3.648580437,1.0,74.43733436,74.43733436
Product performance evaluation,Data Analyst,14d4dbd6,Data Analyst,1.5064935064935066,2,108,DATA ANALYST,4 tahun 2 bulan,JUNIOR,50,79.6974498133,80.5,98.4375,3.111615146,1.0,69.81056917,69.81056917
Product performance evaluation,Data Analyst,1551c5ff,Data Analyst,2.2857142857142856,2,66,DATA ANALYST,2 tahun 5 bulan,JUNIOR,29,79.0374358075,90.0,100.0,15.2788331,1.0,76.22782609,76.22782609
Product performance evaluation,Data Analyst,1667415a,Data Analyst,3.207792207792208,0,50,DATA ANALYST,4 tahun 1 bulan,JUNIOR,49,73.4773576096,90.0,100.0,10.26693491,1.0,73.85696587,73.85696587
Product performance evaluation,Data Analyst,1672e04a,Data Analyst,3.5064935064935066,3,41,DATA ANALYST,4 tahun 3 bulan,JUNIOR,51,69.8277310925,86.0,100.0,7.456011595,1.0,70.40596081,70.40596081
Product performance evaluation,Data Analyst,17466c54,Data Analyst,2.6623376623376624,2,11,DATA ANALYST,3 tahun 1 bulan,JUNIOR,37,49.8728816529,90.0,100.0,7.676082801,1.0,66.60685575,66.60685575
Product performance evaluation,Data Analyst,1893af41,Data Analyst,2.5844155844155843,2,103,DATA SCIENTIST,1 tahun 1 bulan,JUNIOR,13,37.5269607842,98.0,29.01069519,0.0,1.0,62.25313576,62.25313576
Product performance evaluation,Data Analyst,1dbecdbe,Data Scientist,2.5454545454545454,0,4,DATA SCIENTIST,2 tahun 3 bulan,JUNIOR,27,85.3527602713,90.0,99.30555556,6.414697312,1.0,76.68127695,76.68127695
Product performance evaluation,Data Analyst,29e9efd9,Data Engineer,3.051948051948052,3,61,DATA ENGINEER,3 tahun 1 bulan,MIDDLE,37,72.8804563492,94.0,99.30555556,9.72908414,1.2,90.62742563,90.62742563
Product performance evaluation,Data Analyst,2d801262,Data Analyst,3.311688311688312,0,9,DATA ANALYST,2 tahun 10 bulan,MIDDLE,34,80.3460259104,90.0,95.74652778,10.27336667,1.1,83.12594823,83.12594823
Product performance evaluation,Data Analyst,31e8a51f,Data Scientist,2.5844155844155843,0,98,DATA SCIENTIST,2 tahun 9 bulan,JUNIOR,33,52.8933765175,90.0,65.10695187,6.407601293,1.0,64.07121964,64.07121964
Product performance evaluation,Data Analyst,3350383a,Artificial Intelligence Engineer,4.363636363636363,1,30,AI ENGINEER,3 tahun 9 bulan,MIDDLE,45,54.1797239725,95.5,96.44097222,11.49637749,1.3,92.17002068,92.17002068
Product performance evaluation,Data Analyst,365fc87a,Data Analyst,2.779220779220779,0,110,DATA ANALYST,2 tahun 5 bulan,BASIC,29,80.8585434175,90.0,8.155080214,6.607477284,1.0,72.88466719,72.88466719
Product performance evaluation,Data Analyst,36cf70f2,Artificial Intelligence Engineer,3.272727272727273,1,58,AI ENGINEER,2 tahun 5 bulan,MIDDLE,29,43.5532358775,89.5,100.0,11.83988942,1.3,84.69716654,84.69716654
Product performance evaluation,Data Analyst,3951d86b,Data Scientist,4.3896103896103895,1,78,DATA SCIENTIST,3 tahun 1 bulan,JUNIOR,37,55.4426062092,95.0,100.0,4.279280813,1.0,70.17243405,70.17243405
Product performance evaluation,Data Analyst,39c4596a,Data Scientist,3.311688311688312,0,42,DATA SCIENTIST,3 tahun 5 bulan,JUNIOR,41,60.7098506071,80.0,97.91666667,4.694561364,1.0,64.25018915,64.25018915
Product performance evaluation,Data Analyst,3cac7e99,Data Scientist,3.2857142857142856,0,88,DATA SCIENTIST,10 tahun 2 bulan,SENIOR,122,88.3660831,98.0,34.22459893,51.7318368,1.0,87.21080158,87.21080158
Product performance evaluation,Data Analyst,42e7a026,Data Analyst,3.2987012987012987,0,64,DATA ANALYST,2 tahun 6 bulan,JUNIOR,30,73.5210696779,89.0,99.21875,4.472503523,1.0,72.45268383,72.45268383
Product performance evaluation,Data Analyst,46fd6e1c,Data Analyst,2.3506493506493507,2,5,DATA SCIENTIST,1 tahun 2 bulan,JUNIOR,14,67.4580357142,90.0,100.0,11.7055718,1.0,72.32438573,72.32438573
Product performance evaluation,Data Analyst,47d42365,Data Engineer,3.5714285714285716,3,53,DATA ENGINEER,4 tahun 4 bulan,JUNIOR,52,71.9768703312,91.5,97.82986111,3.794124597,1.2,87.64556985,87.64556985
Product performance evaluation,Data Analyst,4cba2f2d,Artificial Intelligence Engineer,2.5194805194805197,0,36,AI ENGINEER,1 tahun 7 bulan,JUNIOR,19,66.0502450979,95.0,100.0,5.817498712,1.2,84.80862745,84.80862745
Product performance evaluation,Data Analyst,4d57b04b,Data Scientist,2.8701298701298703,0,20,DATA SCIENTIST,3 tahun 11 bulan,MIDDLE,47,60.9976657327,96.5,91.31944444,1.268481508,1.1,78.63807432,78.63807432
Product performance evaluation,Data Analyst,516J6855,Data Scientist,3.0,0,46,DATA SCIENTIST,2 tahun 5 bulan,JUNIOR,29,54.7360673438,80.0,96.96180556,11.10881594,1.0,63.41641108,63.41641108
Product performance evaluation,Data Analyst,528f3560,Data Analyst,1.87012987012987,2,55,DATA SCIENTIST,7 tahun 0 bulan,SENIOR,84,32.3536327033,90.0,94.11764706,44.61622935,1.0,64.269703,64.269703
Product performance evaluation,Data Analyst,528f3560,Data Analyst,1.87012987012987,2,55,DATA SCIENTIST,7 tahun 0 bulan,SENIOR,84,32.3536327033,90.0,94.11764706,44.61622935,1.0,64.269703,64.269703
Product performance evaluation,Data Analyst,5312eea4,Data Analyst,2.727272727272727,3,84,DATA ANALYST,2 tahun 2 bulan,MIDDLE,26,49.7969187675,86.0,92.79513889,46.9198146,1.0,70.0469465,70.0469465
Product performance evaluation,Data Analyst,544a3d1a,Data Scientist,2.948051948051948,0,62,DATA SCIENTIST,4 tahun 2 bulan,MIDDLE,50,59.509354575,90.5,100.0,7.234474611,1.0,69.58669591,69.58669591
Product performance evaluation,Data Analyst,54b0fc4f,Data Analyst,3.5974025974025974,1,89,DATA ANALYST,2 tahun 2 bulan,MIDDLE,26,71.3084967321,88.5,98.61111111,6.180876807,1.0,71.78045298,71.78045298
Product performance evaluation,Data Analyst,557e30ab,Data Analyst,2.2337662337662336,2,29,DATA ANALYST,3 tahun 5 bulan,MIDDLE,41,53.7861081933,85.0,100.0,4.549017204,1.0,64.81437318,64.81437318
Product performance evaluation,Data Analyst,55b2e646,Data Scientist,3.155844155844156,1,57,AI ENGINEER,3 tahun 0 bulan,JUNIOR,36,50.15589986,90.0,100.0,0.871158899,1.3,85.36316737,85.36316737
Product performance evaluation,Data Analyst,57635c17,Data Analyst,1.896103896103896,2,12,DATA ANALYST,3 tahun 3 bulan,MIDDLE,39,67.5095967558,90.0,99.21875,6.039999292,1.0,71.43352597,71.43352597
Product performance evaluation,Data Analyst,57ecf7ad,Data Analyst,1.0,2,27,MGT,5 tahun 1 bulan,-,61,3.4722222221,90.0,77.54010695,4.326516624,1.0,48.19519238,48.19519238
Product performance evaluation,Data Analyst,5b749bf9,Data Engineer,2.4805194805194803,3,101,DATA ENGINEER,2 tahun 3 bulan,BASIC,27,34.81372549,90.0,86.63101604,10.06283501,1.2,70.83787239,70.83787239
Product performance evaluation,Data Analyst,5d16d190,Data Scientist,3.2987012987012987,0,99,DATA SCIENTIST,3 tahun 1 bulan,JUNIOR,37,62.2739437442,90.0,97.74305556,28.26078997,1.0,73.16053928,73.16053928
Product performance evaluation,Data Analyst,5dc773ce,Artificial Intelligence Engineer,3.675324675324675,0,35,DATA SCIENTIST,4 tahun 4 bulan,MIDDLE,52,72.0571603642,91.0,95.57291667,5.121161842,1.1,80.15052819,80.15052819
Product performance evaluation,Data Analyst,6131e4d7,Data Engineer,4.194805194805195,1,38,DATA ENGINEER,2 tahun 3 bulan,MIDDLE,27,58.5518732492,93.5,99.30555556,10.46636816,1.2,85.46875202,85.46875202
Product performance evaluation,Data Analyst,64S57577,Data Scientist,4.3896103896103895,1,40,DATA SCIENTIST,3 tahun 9 bulan,MIDDLE,45,73.6180643087,84.5,89.32291667,3.982774045,1.0,69.5311892,69.5311892
Product performance evaluation,Data Analyst,65054asd,Data Analyst,2.3506493506493507,2,10,DATA ANALYST,3 tahun 4 bulan,JUNIOR,40,70.5590744629,99.0,0.0,4.917061944,1.0,73.99273476,73.99273476
Product performance evaluation,Data Analyst,66d21701,Data Analyst,3.7532467532467533,0,33,DATA ANALYST,4 tahun 3 bulan,JUNIOR,51,63.8499212188,81.5,83.07291667,3.823402466,1.0,64.77440963,64.77440963
Product performance evaluation,Data Analyst,6de6b041,Data Scientist,3.0,3,16,DATA SCIENTIST,4 tahun 0 bulan,MIDDLE,48,59.6452497667,90.0,100.0,7.186353322,1.1,76.3103827,76.3103827
Product performance evaluation,Data Analyst,6e0778a1,Data Scientist,3.142857142857143,0,92,DATA SCIENTIST,3 tahun 1 bulan,JUNIOR,37,54.5927141687,70.0,97.91666667,4.665283496,1.0,57.55075558,57.55075558
Product performance evaluation,Data Analyst,6fb8c1a0,Data Scientist,3.272727272727273,3,75,DATA SCIENTIST,3 tahun 0 bulan,BASIC,36,61.1916404063,98.0,0.0,3.823402466,1.0,70.34689224,70.34689224
Product performance evaluation,Data Analyst,7176fcb0,Data Engineer,3.6103896103896105,3,104,DATA ENGINEER,7 tahun 0 bulan,SENIOR,84,75.0633578433,80.0,33.82352941,7.122781583,1.2,79.20577781,79.20577781
Product performance evaluation,Data Analyst,77571f19,Data Analyst,2.0,2,54,DATA ANALYST,3 tahun 1 bulan,JUNIOR,37,77.8103933242,100.0,100.0,5.536442394,1.0,79.32087607,79.32087607
Product performance evaluation,Data Analyst,7L762383,Data Analyst,3.7662337662337664,0,59,DATA ANALYST,1 tahun 10 bulan,MIDDLE,22,63.2588118579,88.5,94.96527778,2.554920958,1.0,68.65055253,68.65055253
Product performance evaluation,Data Analyst,7b6d04c9,Data Analyst,3.155844155844156,3,2,DATA ANALYST,4 tahun 5 bulan,MIDDLE,53,73.2388159429,86.0,100.0,4.742239915,1.0,70.9884555,70.9884555
Product performance evaluation,Data Analyst,7ba9df08,Data Analyst,4.025974025974026,0,25,DATA ANALYST,3 tahun 1 bulan,MIDDLE,37,56.631039916,92.5,96.35416667,0.0,1.2,82.079429,82.079429
Product performance evaluation,Data Analyst,7d317bd2,Data Scientist,1.2987012987012987,2,90,DATA ANALYST,4 tahun 4 bulan,JUNIOR,52,63.7458566762,86.5,86.37152778,3.794124597,1.0,67.4194445,67.4194445
Product performance evaluation,Data Analyst,7dc30989,Data Scientist,3.6363636363636362,1,73,DATA SCIENTIST,3 tahun 4 bulan,JUNIOR,40,92.1873832863,90.0,0.0,8.045322081,1.0,76.69106422,76.69106422
Product performance evaluation,Data Analyst,7fe7bd2c,Data Scientist,3.1298701298701297,0,65,DATA SCIENTIST,2 tahun 2 bulan,JUNIOR,26,39.5228291321,89.5,99.30555556,6.121971713,1.0,63.07245784,63.07245784
Product performance evaluation,Data Analyst,8126543f,Data Scientist,2.883116883116883,0,85,DATA SCIENTIST,3 tahun 1 bulan,JUNIOR,37,63.1813433708,90.0,99.30555556,6.700326893,1.0,70.28096361,70.28096361
Product performance evaluation,Data Analyst,8387045b,Data Scientist,3.948051948051948,1,69,DATA SCIENTIST,4 tahun 4 bulan,MIDDLE,52,85.768554505,94.0,98.61111111,53.90204421,1.2,99.0,99.0
Product performance evaluation,Data Analyst,859bd42e,Data Scientist,3.324675324675325,0,95,DATA SCIENTIST,3 tahun 5 bulan,JUNIOR,41,91.9510387488,95.0,100.0,9.232623263,1.0,81.52852324,81.52852324
Product performance evaluation,Data Analyst,85e8c8f1,Data Scientist,3.727272727272727,0,105,DATA SCIENTIST,2 tahun 9 bulan,JUNIOR,33,86.9119456117,93.0,100.0,3.409887033,1.1,86.02380765,86.02380765
Product performance evaluation,Data Analyst,8K760816,Data Analyst,2.857142857142857,0,15,DATA ANALYST,2 tahun 8 bulan,MIDDLE,32,52.4918446546,98.5,100.0,3.455357726,1.0,70.91183125,70.91183125
Product performance evaluation,Data Analyst,9ab9d681,Data Scientist,3.844155844155844,1,18,DATA SCIENTIST,3 tahun 0 bulan,MIDDLE,36,31.3339898458,92.0,100.0,52.63227356,1.0,68.97507879,68.97507879
Product performance evaluation,Data Analyst,a016ffe0,Data Scientist,3.792207792207792,1,26,DATA SCIENTIST,3 tahun 1 bulan,MIDDLE,37,82.0345763308,64.0,34.49197861,6.239432544,1.2,71.75887324,71.75887324
Product performance evaluation,Data Analyst,a20ce132,Data Analyst,4.376623376623376,1,22,DATA ANALYST,2 tahun 9 bulan,MIDDLE,33,84.2864145654,95.0,98.61111111,10.2440888,1.2,95.23244671,95.23244671
Product performance evaluation,Data Analyst,a77b4e68,Data Scientist,2.1948051948051948,2,80,MGT,2 tahun 5 bulan,-,29,80.6774626521,90.0,100.0,29.57650728,1.0,78.85832029,78.85832029
Product performance evaluation,Data Analyst,a9fcd0c5,Data Analyst,2.688311688311688,2,23,DATA ANALYST,2 tahun 1 bulan,MIDDLE,25,86.9994864617,91.5,100.0,7.075545771,1.1,85.847875,85.847875
Product performance evaluation,Data Analyst,ae73e946,Data Analyst,1.6623376623376624,2,72,DATA SCIENTIST,3 tahun 5 bulan,JUNIOR,41,83.7572654062,85.0,97.91666667,10.90515878,1.0,74.34235311,74.34235311
Product performance evaluation,Data Analyst,afb96c1d,Data Analyst,3.220779220779221,0,19,DATA ANALYST,2 tahun 8 bulan,JUNIOR,32,77.4700746967,84.5,100.0,6.630101873,1.0,71.7649257,71.7649257
Product performance evaluation,Data Analyst,aff5a1f7,Data Engineer,4.090909090909091,3,96,DATA ENGINEER,2 tahun 7 bulan,JUNIOR,31,69.9306139125,90.0,98.61111111,7.174163182,1.2,86.72069722,86.72069722
Product performance evaluation,Data Analyst,b0519d51,Data Scientist,3.220779220779221,0,43,DATA SCIENTIST,4 tahun 1 bulan,JUNIOR,49,66.8638392858,92.0,99.30555556,4.723839233,1.1,79.24054742,79.24054742
Product performance evaluation,Data Analyst,b7ddf289,Artificial Intelligence Engineer,2.9740259740259742,1,44,DATA SCIENTIST,1 tahun 2 bulan,JUNIOR,14,78.282819795,95.0,100.0,11.82325385,1.0,77.94660283,77.94660283
Product performance evaluation,Data Analyst,be2d891b,Data Scientist,4.1688311688311686,1,14,AI ENGINEER,2 tahun 3 bulan,JUNIOR,27,70.2197654063,95.0,0.0,0.33375087,1.3,92.33751534,92.33751534
Product performance evaluation,Data Analyst,beb45f59,Data Analyst,2.5454545454545454,2,68,DATA ANALYST,3 tahun 4 bulan,MIDDLE,40,86.1330823996,80.0,98.61111111,6.436879162,1.0,71.94756403,71.94756403
Product performance evaluation,Data Analyst,c0b0190c,Data Analyst,3.987012987012987,1,17,DATA SCIENTIST,6 tahun 5 bulan,MIDDLE,77,29.2835988563,84.0,22.19251337,4.068139436,1.0,53.16264673,53.16264673
Product performance evaluation,Data Analyst,c13b7f6c,Data Analyst,2.1818181818181817,2,34,DATA ANALYST,3 tahun 1 bulan,MIDDLE,37,87.4991246496,90.0,100.0,12.60600857,1.0,78.2842696,78.2842696
Product performance evaluation,Data Analyst,c4acf473,Data Analyst,4.12987012987013,3,107,DATA ANALYST,2 tahun 9 bulan,JUNIOR,33,79.9589169,86.5,93.31597222,0.0,1.0,72.02498398,72.02498398
Product performance evaluation,Data Analyst,c5c364b3,Data Analyst,3.4025974025974026,0,60,DATA ANALYST,1 tahun 1 bulan,JUNIOR,13,40.932846055,100.0,16.57754011,1.742317797,1.0,64.65542017,64.65542017
Product performance evaluation,Data Analyst,c615b19e,Data Engineer,3.4025974025974026,3,63,DATA SCIENTIST,4 tahun 4 bulan,JUNIOR,52,71.0338060221,88.0,96.52777778,3.953496176,1.0,70.97960925,70.97960925
Product performance evaluation,Data Analyst,ccc8525a,Data Scientist,3.5324675324675323,1,47,DATA SCIENTIST,1 tahun 0 bulan,BASIC,12,75.7084500467,90.0,0.0,0.0,1.0,70.11863666,70.11863666
Product performance evaluation,Data Analyst,cdb6bf28,Artificial Intelligence Engineer,3.948051948051948,1,6,AI ENGINEER,7 tahun 1 bulan,MIDDLE,85,81.6822187204,91.0,0.0,3.667866596,1.3,95.09100733,95.09100733
Product performance evaluation,Data Analyst,cf9338b5,Data Scientist,2.6493506493506493,0,74,DATA SCIENTIST,1 tahun 0 bulan,BASIC,12,82.0043154762,90.0,35.29411765,3.321482848,1.0,72.67275856,72.67275856
Product performance evaluation,Data Analyst,d08b974d,Data Analyst,2.7662337662337664,0,86,DATA ANALYST,2 tahun 9 bulan,MIDDLE,33,58.8772058825,93.5,97.91666667,0.871158899,1.0,69.7799626,69.7799626
Product performance evaluation,Data Analyst,d8c9672c,Data Analyst,3.987012987012987,1,82,DATA ANALYST,2 tahun 4 bulan,MIDDLE,28,73.7417775442,90.5,95.05208333,9.595209262,1.0,73.7469197,73.7469197
Product performance evaluation,Data Analyst,ecc200ca,Data Engineer,3.2467532467532467,3,56,DATA ENGINEER,1 tahun 9 bulan,MIDDLE,21,71.0850840338,89.0,99.30555556,5.758942974,1.2,86.333236,86.333236
Product performance evaluation,Data Analyst,eed0f189,Data Analyst,3.090909090909091,3,45,DATA ANALYST,2 tahun 10 bulan,MIDDLE,34,69.240079365,96.0,70.49910873,48.01347408,1.0,79.53001534,79.53001534
Product performance evaluation,Data Analyst,f007ee36,Artificial Intelligence Engineer,2.6493506493506493,0,70,AI ENGINEER,2 tahun 0 bulan,MIDDLE,24,40.1500350142,90.0,99.30555556,2.332863117,1.3,81.80872206,81.80872206
Product performance evaluation,Data Analyst,f2f08a05,Data Engineer,2.2467532467532467,3,94,DATA ENGINEER,2 tahun 5 bulan,JUNIOR,29,59.4675711954,87.0,99.30555556,7.027424482,1.2,81.33092925,81.33092925
Product performance evaluation,Data Analyst,f6f88029,Data Analyst,1.2857142857142858,2,100,MGT,4 tahun 3 bulan,-,51,4.3391106446,90.0,78.20855615,6.010278684,1.0,48.76020407,48.76020407
Product performance evaluation,Data Analyst,fbc7621c,Data Scientist,3.064935064935065,0,93,DATA SCIENTIST,8 tahun 6 bulan,MIDDLE,102,58.3732609713,75.0,100.0,12.17940809,1.0,62.37965806,62.37965806
Product performance evaluation,Data Analyst,ff56a859,Data Scientist,3.935064935064935,0,97,DATA SCIENTIST,4 tahun 3 bulan,JUNIOR,51,71.9907037817,89.5,95.83333333,11.98196147,1.0,73.15820762,73.15820762
Work on computer vision and NLP,AI Engineer,006bac9a,Data Analyst,2.5714285714285716,3,7,DATA ANALYST,2 tahun 5 bulan,JUNIOR,29,24.3446545288,90.0,100.0,10.68886874,1.0,59.64183706,59.64183706
Work on computer vision and NLP,AI Engineer,00c74be4,Data Scientist,2.4285714285714284,3,106,DATA SCIENTIST,5 tahun 10 bulan,MIDDLE,70,65.8296276846,90.0,70.58823529,2.714292537,1.0,67.48966658,67.48966658
Work on computer vision and NLP,AI Engineer,01c8c0ef,Data Scientist,2.5714285714285716,1,67,DATA SCIENTIST,2 tahun 2 bulan,SENIOR,26,77.0315563725,92.0,96.35416667,6.32783673,1.1,82.53917202,82.53917202
Work on computer vision and NLP,AI Engineer,01d1846b,Data Analyst,2.142857142857143,0,77,DATA ANALYST,4 tahun 3 bulan,JUNIOR,51,76.130287115,84.0,91.92708333,7.89858338,1.0,70.77981892,70.77981892
Work on computer vision and NLP,AI Engineer,03ad7f49,Data Scientist,2.0,2,91,DATA SCIENTIST,3 tahun 4 bulan,JUNIOR,40,75.1958741829,90.0,0.0,4.519739335,1.0,70.74391915,70.74391915
Work on computer vision and NLP,AI Engineer,0514ff91,Data Scientist,2.5714285714285716,0,37,DATA SCIENTIST,3 tahun 4 bulan,MIDDLE,40,75.6379551821,90.0,100.0,11.44256681,1.0,74.661971,74.661971
Work on computer vision and NLP,AI Engineer,056cd3f9,Data Engineer,2.2857142857142856,3,48,DATA ENGINEER,7 tahun 7 bulan,SENIOR,91,80.4681314192,90.0,34.22459893,5.168397654,1.3,94.26532683,94.26532683
Work on computer vision and NLP,AI Engineer,05eed8dc,Data Engineer,2.0,3,49,DATA ENGINEER,2 tahun 5 bulan,MIDDLE,29,62.7957662233,95.0,99.21875,8.595362988,1.2,87.48866032,87.48866032
Work on computer vision and NLP,AI Engineer,106760ca,Data Engineer,4.0,1,21,DATA ENGINEER,1 tahun 11 bulan,MIDDLE,23,71.4513888888,91.25,100.0,8.016044212,1.2,88.25251765,88.25251765
Work on computer vision and NLP,AI Engineer,123117c9,Data Analyst,1.2857142857142858,2,32,DATA ANALYST,4 tahun 2 bulan,MIDDLE,50,70.4449813258,95.0,100.0,3.648580437,1.0,74.43733436,74.43733436
Work on computer vision and NLP,AI Engineer,14d4dbd6,Data Analyst,1.0,2,108,DATA ANALYST,4 tahun 2 bulan,JUNIOR,50,79.6974498133,80.5,98.4375,3.111615146,1.0,69.81056917,69.81056917
Work on computer vision and NLP,AI Engineer,1551c5ff,Data Analyst,1.5714285714285714,2,66,DATA ANALYST,2 tahun 5 bulan,JUNIOR,29,79.0374358075,90.0,100.0,15.2788331,1.0,76.22782609,76.22782609
Work on computer vision and NLP,AI Engineer,1667415a,Data Analyst,2.142857142857143,0,50,DATA ANALYST,4 tahun 1 bulan,JUNIOR,49,73.4773576096,90.0,100.0,10.26693491,1.0,73.85696587,73.85696587
Work on computer vision and NLP,AI Engineer,1672e04a,Data Analyst,2.2857142857142856,3,41,DATA ANALYST,4 tahun 3 bulan,JUNIOR,51,69.8277310925,86.0,100.0,7.456011595,1.0,70.40596081,70.40596081
Work on computer vision and NLP,AI Engineer,17466c54,Data Analyst,1.5714285714285714,2,11,DATA ANALYST,3 tahun 1 bulan,JUNIOR,37,49.8728816529,90.0,100.0,7.676082801,1.0,66.60685575,66.60685575
Work on computer vision and NLP,AI Engineer,1893af41,Data Analyst,1.8571428571428572,2,103,DATA SCIENTIST,1 tahun 1 bulan,JUNIOR,13,37.5269607842,98.0,29.01069519,0.0,1.0,62.25313576,62.25313576
Work on computer vision and NLP,AI Engineer,1dbecdbe,Data Scientist,3.142857142857143,0,4,DATA SCIENTIST,2 tahun 3 bulan,JUNIOR,27,85.3527602713,90.0,99.30555556,6.414697312,1.0,76.68127695,76.68127695
Work on computer vision and NLP,AI Engineer,29e9efd9,Data Engineer,2.0,3,61,DATA ENGINEER,3 tahun 1 bulan,MIDDLE,37,72.8804563492,94.0,99.30555556,9.72908414,1.2,90.62742563,90.62742563
Work on computer vision and NLP,AI Engineer,2d801262,Data Analyst,2.142857142857143,0,9,DATA ANALYST,2 tahun 10 bulan,MIDDLE,34,80.3460259104,90.0,95.74652778,10.27336667,1.1,83.12594823,83.12594823
Work on computer vision and NLP,AI Engineer,31e8a51f,Data Scientist,2.7142857142857144,0,98,DATA SCIENTIST,2 tahun 9 bulan,JUNIOR,33,52.8933765175,90.0,65.10695187,6.407601293,1.0,64.07121964,64.07121964
Work on computer vision and NLP,AI Engineer,3350383a,Artificial Intelligence Engineer,5.0,1,30,AI ENGINEER,3 tahun 9 bulan,MIDDLE,45,54.1797239725,95.5,96.44097222,11.49637749,1.3,92.17002068,92.17002068
Work on computer vision and NLP,AI Engineer,365fc87a,Data Analyst,2.2857142857142856,0,110,DATA ANALYST,2 tahun 5 bulan,BASIC,29,80.8585434175,90.0,8.155080214,6.607477284,1.0,72.88466719,72.88466719
Work on computer vision and NLP,AI Engineer,36cf70f2,Artificial Intelligence Engineer,4.142857142857143,1,58,AI ENGINEER,2 tahun 5 bulan,MIDDLE,29,43.5532358775,89.5,100.0,11.83988942,1.3,84.69716654,84.69716654
Work on computer vision and NLP,AI Engineer,3951d86b,Data Scientist,3.7142857142857144,1,78,DATA SCIENTIST,3 tahun 1 bulan,JUNIOR,37,55.4426062092,95.0,100.0,4.279280813,1.0,70.17243405,70.17243405
Work on computer vision and NLP,AI Engineer,39c4596a,Data Scientist,2.857142857142857,0,42,DATA SCIENTIST,3 tahun 5 bulan,JUNIOR,41,60.7098506071,80.0,97.91666667,4.694561364,1.0,64.25018915,64.25018915
Work on computer vision and NLP,AI Engineer,3cac7e99,Data Scientist,1.7142857142857142,0,88,DATA SCIENTIST,10 tahun 2 bulan,SENIOR,122,88.3660831,98.0,34.22459893,51.7318368,1.0,87.21080158,87.21080158
Work on computer vision and NLP,AI Engineer,42e7a026,Data Analyst,2.0,0,64,DATA ANALYST,2 tahun 6 bulan,JUNIOR,30,73.5210696779,89.0,99.21875,4.472503523,1.0,72.45268383,72.45268383
Work on computer vision and NLP,AI Engineer,46fd6e1c,Data Analyst,2.142857142857143,2,5,DATA SCIENTIST,1 tahun 2 bulan,JUNIOR,14,67.4580357142,90.0,100.0,11.7055718,1.0,72.32438573,72.32438573
Work on computer vision and NLP,AI Engineer,47d42365,Data Engineer,2.0,3,53,DATA ENGINEER,4 tahun 4 bulan,JUNIOR,52,71.9768703312,91.5,97.82986111,3.794124597,1.2,87.64556985,87.64556985
Work on computer vision and NLP,AI Engineer,4cba2f2d,Artificial Intelligence Engineer,3.0,0,36,AI ENGINEER,1 tahun 7 bulan,JUNIOR,19,66.0502450979,95.0,100.0,5.817498712,1.2,84.80862745,84.80862745
Work on computer vision and NLP,AI Engineer,4d57b04b,Data Scientist,2.5714285714285716,0,20,DATA SCIENTIST,3 tahun 11 bulan,MIDDLE,47,60.9976657327,96.5,91.31944444,1.268481508,1.1,78.63807432,78.63807432
Work on computer vision and NLP,AI Engineer,516J6855,Data Scientist,2.5714285714285716,0,46,DATA SCIENTIST,2 tahun 5 bulan,JUNIOR,29,54.7360673438,80.0,96.96180556,11.10881594,1.0,63.41641108,63.41641108
Work on computer vision and NLP,AI Engineer,528f3560,Data Analyst,1.0,2,55,DATA SCIENTIST,7 tahun 0 bulan,SENIOR,84,32.3536327033,90.0,94.11764706,44.61622935,1.0,64.269703,64.269703
Work on computer vision and NLP,AI Engineer,528f3560,Data Analyst,1.0,2,55,DATA SCIENTIST,7 tahun 0 bulan,SENIOR,84,32.3536327033,90.0,94.11764706,44.61622935,1.0,64.269703,64.269703
Work on computer vision and NLP,AI Engineer,5312eea4,Data Analyst,2.0,3,84,DATA ANALYST,2 tahun 2 bulan,MIDDLE,26,49.7969187675,86.0,92.79513889,46.9198146,1.0,70.0469465,70.0469465
Work on computer vision and NLP,AI Engineer,544a3d1a,Data Scientist,2.7142857142857144,0,62,DATA SCIENTIST,4 tahun 2 bulan,MIDDLE,50,59.509354575,90.5,100.0,7.234474611,1.0,69.58669591,69.58669591
Work on computer vision and NLP,AI Engineer,54b0fc4f,Data Analyst,3.4285714285714284,1,89,DATA ANALYST,2 tahun 2 bulan,MIDDLE,26,71.3084967321,88.5,98.61111111,6.180876807,1.0,71.78045298,71.78045298
Work on computer vision and NLP,AI Engineer,557e30ab,Data Analyst,1.2857142857142858,2,29,DATA ANALYST,3 tahun 5 bulan,MIDDLE,41,53.7861081933,85.0,100.0,4.549017204,1.0,64.81437318,64.81437318
Work on computer vision and NLP,AI Engineer,55b2e646,Data Scientist,4.0,1,57,AI ENGINEER,3 tahun 0 bulan,JUNIOR,36,50.15589986,90.0,100.0,0.871158899,1.3,85.36316737,85.36316737
Work on computer vision and NLP,AI Engineer,57635c17,Data Analyst,1.2857142857142858,2,12,DATA ANALYST,3 tahun 3 bulan,MIDDLE,39,67.5095967558,90.0,99.21875,6.039999292,1.0,71.43352597,71.43352597
Work on computer vision and NLP,AI Engineer,57ecf7ad,Data Analyst,1.0,2,27,MGT,5 tahun 1 bulan,-,61,3.4722222221,90.0,77.54010695,4.326516624,1.0,48.19519238,48.19519238
Work on computer vision and NLP,AI Engineer,5b749bf9,Data Engineer,1.1428571428571428,3,101,DATA ENGINEER,2 tahun 3 bulan,BASIC,27,34.81372549,90.0,86.63101604,10.06283501,1.2,70.83787239,70.83787239
Work on computer vision and NLP,AI Engineer,5d16d190,Data Scientist,3.4285714285714284,0,99,DATA SCIENTIST,3 tahun 1 bulan,JUNIOR,37,62.2739437442,90.0,97.74305556,28.26078997,1.0,73.16053928,73.16053928
Work on computer vision and NLP,AI Engineer,5dc773ce,Artificial Intelligence Engineer,4.0,0,35,DATA SCIENTIST,4 tahun 4 bulan,MIDDLE,52,72.0571603642,91.0,95.57291667,5.121161842,1.1,80.15052819,80.15052819
Work on computer vision and NLP,AI Engineer,6131e4d7,Data Engineer,2.0,1,38,DATA ENGINEER,2 tahun 3 bulan,MIDDLE,27,58.5518732492,93.5,99.30555556,10.46636816,1.2,85.46875202,85.46875202
Work on computer vision and NLP,AI Engineer,64S57577,Data Scientist,4.0,1,40,DATA SCIENTIST,3 tahun 9 bulan,MIDDLE,45,73.6180643087,84.5,89.32291667,3.982774045,1.0,69.5311892,69.5311892
Work on computer vision and NLP,AI Engineer,65054asd,Data Analyst,2.2857142857142856,2,10,DATA ANALYST,3 tahun 4 bulan,JUNIOR,40,70.5590744629,99.0,0.0,4.917061944,1.0,73.99273476,73.99273476
Work on computer vision and NLP,AI Engineer,66d21701,Data Analyst,3.4285714285714284,0,33,DATA ANALYST,4 tahun 3 bulan,JUNIOR,51,63.8499212188,81.5,83.07291667,3.823402466,1.0,64.77440963,64.77440963
Work on computer vision and NLP,AI Engineer,6de6b041,Data Scientist,2.5714285714285716,3,16,DATA SCIENTIST,4 tahun 0 bulan,MIDDLE,48,59.6452497667,90.0,100.0,7.186353322,1.1,76.3103827,76.3103827
Work on computer vision and NLP,AI Engineer,6e0778a1,Data Scientist,2.7142857142857144,0,92,DATA SCIENTIST,3 tahun 1 bulan,JUNIOR,37,54.5927141687,70.0,97.91666667,4.665283496,1.0,57.55075558,57.55075558
Work on computer vision and NLP,AI Engineer,6fb8c1a0,Data Scientist,3.142857142857143,3,75,DATA SCIENTIST,3 tahun 0 bulan,BASIC,36,61.1916404063,98.0,0.0,3.823402466,1.0,70.34689224,70.34689224
Work on computer vision and NLP,AI Engineer,7176fcb0,Data Engineer,1.4285714285714286,3,104,DATA ENGINEER,7 tahun 0 bulan,SENIOR,84,75.0633578433,80.0,33.82352941,7.122781583,1.2,79.20577781,79.20577781
Work on computer vision and NLP,AI Engineer,77571f19,Data Analyst,1.0,2,54,DATA ANALYST,3 tahun 1 bulan,JUNIOR,37,77.8103933242,100.0,100.0,5.536442394,1.0,79.32087607,79.32087607
Work on computer vision and NLP,AI Engineer,7L762383,Data Analyst,2.2857142857142856,0,59,DATA ANALYST,1 tahun 10 bulan,MIDDLE,22,63.2588118579,88.5,94.96527778,2.554920958,1.0,68.65055253,68.65055253
Work on computer vision and NLP,AI Engineer,7b6d04c9,Data Analyst,2.142857142857143,3,2,DATA ANALYST,4 tahun 5 bulan,MIDDLE,53,73.2388159429,86.0,100.0,4.742239915,1.0,70.9884555,70.9884555
Work on computer vision and NLP,AI Engineer,7ba9df08,Data Analyst,1.4285714285714286,0,25,DATA ANALYST,3 tahun 1 bulan,MIDDLE,37,56.631039916,92.5,96.35416667,0.0,1.2,82.079429,82.079429
Work on computer vision and NLP,AI Engineer,7d317bd2,Data Scientist,1.2857142857142858,2,90,DATA ANALYST,4 tahun 4 bulan,JUNIOR,52,63.7458566762,86.5,86.37152778,3.794124597,1.0,67.4194445,67.4194445
Work on computer vision and NLP,AI Engineer,7dc30989,Data Scientist,4.428571428571429,1,73,DATA SCIENTIST,3 tahun 4 bulan,JUNIOR,40,92.1873832863,90.0,0.0,8.045322081,1.0,76.69106422,76.69106422
Work on computer vision and NLP,AI Engineer,7fe7bd2c,Data Scientist,3.142857142857143,0,65,DATA SCIENTIST,2 tahun 2 bulan,JUNIOR,26,39.5228291321,89.5,99.30555556,6.121971713,1.0,63.07245784,63.07245784
Work on computer vision and NLP,AI Engineer,8126543f,Data Scientist,2.857142857142857,0,85,DATA SCIENTIST,3 tahun 1 bulan,JUNIOR,37,63.1813433708,90.0,99.30555556,6.700326893,1.0,70.28096361,70.28096361
Work on computer vision and NLP,AI Engineer,8387045b,Data Scientist,4.142857142857143,1,69,DATA SCIENTIST,4 tahun 4 bulan,MIDDLE,52,85.768554505,94.0,98.61111111,53.90204421,1.2,99.0,99.0
Work on computer vision and NLP,AI Engineer,859bd42e,Data Scientist,3.0,0,95,DATA SCIENTIST,3 tahun 5 bulan,JUNIOR,41,91.9510387488,95.0,100.0,9.232623263,1.0,81.52852324,81.52852324
Work on computer vision and NLP,AI Engineer,85e8c8f1,Data Scientist,3.2857142857142856,0,105,DATA SCIENTIST,2 tahun 9 bulan,JUNIOR,33,86.9119456117,93.0,100.0,3.409887033,1.1,86.02380765,86.02380765
Work on computer vision and NLP,AI Engineer,8K760816,Data Analyst,2.142857142857143,0,15,DATA ANALYST,2 tahun 8 bulan,MIDDLE,32,52.4918446546,98.5,100.0,3.455357726,1.0,70.91183125,70.91183125
Work on computer vision and NLP,AI Engineer,9ab9d681,Data Scientist,4.0,1,18,DATA SCIENTIST,3 tahun 0 bulan,MIDDLE,36,31.3339898458,92.0,100.0,52.63227356,1.0,68.97507879,68.97507879
Work on computer vision and NLP,AI Engineer,a016ffe0,Data Scientist,3.7142857142857144,1,26,DATA SCIENTIST,3 tahun 1 bulan,MIDDLE,37,82.0345763308,64.0,34.49197861,6.239432544,1.2,71.75887324,71.75887324
Work on computer vision and NLP,AI Engineer,a20ce132,Data Analyst,2.857142857142857,1,22,DATA ANALYST,2 tahun 9 bulan,MIDDLE,33,84.2864145654,95.0,98.61111111,10.2440888,1.2,95.23244671,95.23244671
Work on computer vision and NLP,AI Engineer,a77b4e68,Data Scientist,1.4285714285714286,2,80,MGT,2 tahun 5 bulan,-,29,80.6774626521,90.0,100.0,29.57650728,1.0,78.85832029,78.85832029
Work on computer vision and NLP,AI Engineer,a9fcd0c5,Data Analyst,1.1428571428571428,2,23,DATA ANALYST,2 tahun 1 bulan,MIDDLE,25,86.9994864617,91.5,100.0,7.075545771,1.1,85.847875,85.847875
Work on computer vision and NLP,AI Engineer,ae73e946,Data Analyst,1.7142857142857142,2,72,DATA SCIENTIST,3 tahun 5 bulan,JUNIOR,41,83.7572654062,85.0,97.91666667,10.90515878,1.0,74.34235311,74.34235311
Work on computer vision and NLP,AI Engineer,afb96c1d,Data Analyst,2.2857142857142856,0,19,DATA ANALYST,2 tahun 8 bulan,JUNIOR,32,77.4700746967,84.5,100.0,6.630101873,1.0,71.7649257,71.7649257
Work on computer vision and NLP,AI Engineer,aff5a1f7,Data Engineer,1.4285714285714286,3,96,DATA ENGINEER,2 tahun 7 bulan,JUNIOR,31,69.9306139125,90.0,98.61111111,7.174163182,1.2,86.72069722,86.72069722
Work on computer vision and NLP,AI Engineer,b0519d51,Data Scientist,2.2857142857142856,0,43,DATA SCIENTIST,4 tahun 1 bulan,JUNIOR,49,66.8638392858,92.0,99.30555556,4.723839233,1.1,79.24054742,79.24054742
Work on computer vision and NLP,AI Engineer,b7ddf289,Artificial Intelligence Engineer,4.0,1,44,DATA SCIENTIST,1 tahun 2 bulan,JUNIOR,14,78.282819795,95.0,100.0,11.82325385,1.0,77.94660283,77.94660283
Work on computer vision and NLP,AI Engineer,be2d891b,Data Scientist,4.0,1,14,AI ENGINEER,2 tahun 3 bulan,JUNIOR,27,70.2197654063,95.0,0.0,0.33375087,1.3,92.33751534,92.33751534
Work on computer vision and NLP,AI Engineer,beb45f59,Data Analyst,1.1428571428571428,2,68,DATA ANALYST,3 tahun 4 bulan,MIDDLE,40,86.1330823996,80.0,98.61111111,6.436879162,1.0,71.94756403,71.94756403
Work on computer vision and NLP,AI Engineer,c0b0190c,Data Analyst,3.5714285714285716,1,17,DATA SCIENTIST,6 tahun 5 bulan,MIDDLE,77,29.2835988563,84.0,22.19251337,4.068139436,1.0,53.16264673,53.16264673
Work on computer vision and NLP,AI Engineer,c13b7f6c,Data Analyst,1.5714285714285714,2,34,DATA ANALYST,3 tahun 1 bulan,MIDDLE,37,87.4991246496,90.0,100.0,12.60600857,1.0,78.2842696,78.2842696
Work on computer vision and NLP,AI Engineer,c4acf473,Data Analyst,1.1428571428571428,3,107,DATA ANALYST,2 tahun 9 bulan,JUNIOR,33,79.9589169,86.5,93.31597222,0.0,1.0,72.02498398,72.02498398
Work on computer vision and NLP,AI Engineer,c5c364b3,Data Analyst,1.4285714285714286,0,60,DATA ANALYST,1 tahun 1 bulan,JUNIOR,13,40.932846055,100.0,16.57754011,1.742317797,1.0,64.65542017,64.65542017
Work on computer vision and NLP,AI Engineer,c615b19e,Data Engineer,2.5714285714285716,3,63,DATA SCIENTIST,4 tahun 4 bulan,JUNIOR,52,71.0338060221,88.0,96.52777778,3.953496176,1.0,70.97960925,70.97960925
Work on computer vision and NLP,AI Engineer,ccc8525a,Data Scientist,3.5714285714285716,1,47,DATA SCIENTIST,1 tahun 0 bulan,BASIC,12,75.7084500467,90.0,0.0,0.0,1.0,70.11863666,70.11863666
Work on computer vision and NLP,AI Engineer,cdb6bf28,Artificial Intelligence Engineer,4.571428571428571,1,6,AI ENGINEER,7 tahun 1 bulan,MIDDLE,85,81.6822187204,91.0,0.0,3.667866596,1.3,95.09100733,95.09100733
Work on computer vision and NLP,AI Engineer,cf9338b5,Data Scientist,2.7142857142857144,0,74,DATA SCIENTIST,1 tahun 0 bulan,BASIC,12,82.0043154762,90.0,35.29411765,3.321482848,1.0,72.67275856,72.67275856
Work on computer vision and NLP,AI Engineer,d08b974d,Data Analyst,2.0,0,86,DATA ANALYST,2 tahun 9 bulan,MIDDLE,33,58.8772058825,93.5,97.91666667,0.871158899,1.0,69.7799626,69.7799626
Work on computer vision and NLP,AI Engineer,d8c9672c,Data Analyst,3.4285714285714284,1,82,DATA ANALYST,2 tahun 4 bulan,MIDDLE,28,73.7417775442,90.5,95.05208333,9.595209262,1.0,73.7469197,73.7469197
Work on computer vision and NLP,AI Engineer,ecc200ca,Data Engineer,1.4285714285714286,3,56,DATA ENGINEER,1 tahun 9 bulan,MIDDLE,21,71.0850840338,89.0,99.30555556,5.758942974,1.2,86.333236,86.333236
Work on computer vision and NLP,AI Engineer,eed0f189,Data Analyst,1.4285714285714286,3,45,DATA ANALYST,2 tahun 10 bulan,MIDDLE,34,69.240079365,96.0,70.49910873,48.01347408,1.0,79.53001534,79.53001534
Work on computer vision and NLP,AI Engineer,f007ee36,Artificial Intelligence Engineer,3.4285714285714284,0,70,AI ENGINEER,2 tahun 0 bulan,MIDDLE,24,40.1500350142,90.0,99.30555556,2.332863117,1.3,81.80872206,81.80872206
Work on computer vision and NLP,AI Engineer,f2f08a05,Data Engineer,1.0,3,94,DATA ENGINEER,2 tahun 5 bulan,JUNIOR,29,59.4675711954,87.0,99.30555556,7.027424482,1.2,81.33092925,81.33092925
Work on computer vision and NLP,AI Engineer,f6f88029,Data Analyst,1.4285714285714286,2,100,MGT,4 tahun 3 bulan,-,51,4.3391106446,90.0,78.20855615,6.010278684,1.0,48.76020407,48.76020407
Work on computer vision and NLP,AI Engineer,fbc7621c,Data Scientist,2.2857142857142856,0,93,DATA SCIENTIST,8 tahun 6 bulan,MIDDLE,102,58.3732609713,75.0,100.0,12.17940809,1.0,62.37965806,62.37965806
Work on computer vision and NLP,AI Engineer,ff56a859,Data Scientist,3.4285714285714284,0,97,DATA SCIENTIST,4 tahun 3 bulan,JUNIOR,51,71.9907037817,89.5,95.83333333,11.98196147,1.0,73.15820762,73.15820762
